"sweep","rep","N","slope_condition","merge_max","dataset_id","seed","intercept","sigma","slope","K","alpha_conc","t_min","t_max","time_ref_min","time_ref_range"
"core",1,50,"random",3,1,1,11.0827551214024,3.36239572416525,0.0178956262674183,6,1.341419982838,100,900,100,800
"core",2,50,"random",3,2,2,9.2348965764977,1.21284860174637,-0.00485980030149221,10,0.699302492548254,100,900,100,800
"core",3,50,"random",3,3,3,3.82181944954209,2.53771955391858,0.0185551993176341,7,4.75666833660151,100,900,100,800
"core",4,50,"random",3,4,4,5.71440298110247,2.1663780901581,0.00933446323033423,6,0.477793404990319,100,900,100,800
"core",5,50,"random",3,5,5,9.21979712950997,2.97834980092011,-0.0237476426688954,7,2.16894506904446,100,900,100,800
"core",6,50,"random",3,6,6,2.32670495496131,1.30180182226468,0.0217590306932107,7,3.05610957038223,100,900,100,800
"core",7,50,"random",3,7,7,8.06099721463397,1.94296442728955,-0.022417902094312,10,0.513099381684554,100,900,100,800
"core",8,50,"random",3,8,8,13.1931389062665,3.02754986460786,0.00492008797824383,10,1.0508234564716,100,900,100,800
"core",9,50,"random",3,9,9,5.2825153239537,1.36689261812717,-0.0185974019626155,6,0.253034130357845,100,900,100,800
"core",10,50,"random",3,10,10,9.55048238486052,2.17375493783038,-0.0280038313055411,6,2.41959205946127,100,900,100,800
"core",11,50,"random",3,11,11,2.07713233865798,3.7474236212438,0.00931367411278188,5,1.25046017769811,100,900,100,800
"core",12,50,"random",3,12,12,10.9942572184373,2.63129491289146,0.00582076845690608,5,0.142317627221145,100,900,100,800
"core",13,50,"random",3,13,13,5.00462561054155,1.17971415095963,-0.0250565798487514,8,0.61316164813898,100,900,100,800
"core",14,50,"random",3,14,14,13.0309220093768,3.97252774401568,-0.00735936137381941,10,0.965309756089844,100,900,100,800
"core",15,50,"random",3,15,15,3.99985812976956,1.24110476102214,0.0174858674034476,5,1.57855239887666,100,900,100,800
"core",16,50,"random",3,16,16,6.63852109247819,2.58920752431732,0.0172473095823079,6,0.559993813742538,100,900,100,800
"core",17,50,"random",3,17,17,9.08765855408274,1.36319509625901,-0.0259481582650915,7,0.197379181602617,100,900,100,800
"core",18,50,"random",3,18,18,2.01556897908449,2.16547253425233,0.00807362913619727,7,0.478281280701175,100,900,100,800
"core",19,50,"random",3,19,19,6.13171836873516,3.88002380472608,0.00965517730917782,6,4.57391233007468,100,900,100,800
"core",20,50,"random",3,20,20,2.22476159897633,0.702608396997675,-0.00216843587346375,7,0.209102489208292,100,900,100,800
"core",21,50,"random",3,21,21,6.4402543369215,2.10401285917033,-0.00240659127943218,7,0.211937565598655,100,900,100,800
"core",22,50,"random",3,22,22,6.46470439946279,1.03739441954531,0.00148783317301422,5,0.352638877162268,100,900,100,800
"core",23,50,"random",3,23,23,5.02331501292065,3.53386274119839,0.00211998104117811,7,0.175599937478129,100,900,100,800
"core",24,50,"random",3,24,24,2.79779476020485,2.48422583192587,0.0245506673958153,8,0.138893537041419,100,900,100,800
"core",25,50,"random",3,25,25,7.36089127301238,1.03230568475556,0.0283320111874491,9,2.08476125176837,100,900,100,800
"core",26,50,"random",3,26,26,4.41165830334648,3.00149076210801,0.0268972843699157,9,1.73310930308988,100,900,100,800
"core",27,50,"random",3,27,27,7.33873682818376,1.6750824515475,-0.00226068642921746,9,0.194463403231979,100,900,100,800
"core",28,50,"random",3,28,28,3.82105112401769,2.52652566274628,0.00959881990682334,8,0.940241811144728,100,900,100,800
"core",29,50,"random",3,29,29,2.07064871862531,2.028714512242,-5.44083165004844e-05,7,0.36779552266598,100,900,100,800
"core",30,50,"random",3,30,30,9.82260460359976,2.63116198766511,0.00899250901769846,9,0.57815083923001,100,900,100,800
"core",31,50,"random",3,31,31,13.843131654663,3.10675036965404,-0.0079932465730235,8,3.33440278812994,100,900,100,800
"core",32,50,"random",3,32,32,4.27971619134769,2.92475912859663,-0.0208267567679286,7,0.392852835609164,100,900,100,800
"core",33,50,"random",3,33,33,11.5054363717791,1.8326877609361,0.0166212558187544,5,0.788302500886304,100,900,100,800
"core",34,50,"random",3,34,34,2.21004372532479,0.824550254503265,0.0148952379310504,10,0.125663635084321,100,900,100,800
"core",35,50,"random",3,35,35,9.61950431135483,3.14936622965615,0.0251668387837708,8,0.580324787001512,100,900,100,800
"core",36,50,"random",3,36,36,7.53563956916332,1.08475517481565,0.000938356155529618,5,1.586663544958,100,900,100,800
"core",37,50,"random",3,37,37,4.73638270911761,2.40713055175729,-0.0206456976709887,5,0.439374946967274,100,900,100,800
"core",38,50,"random",3,38,38,8.20360140851699,1.89205962733831,0.00679561147000641,6,0.575857251139131,100,900,100,800
"core",39,50,"random",3,39,39,11.8127025738358,2.50033548567444,0.0062925650831312,6,0.551540432099383,100,900,100,800
"core",40,50,"random",3,40,40,7.80878063850105,1.96113249275368,-0.0286045153671876,8,0.694544904231567,100,900,100,800
"core",41,50,"random",3,41,41,6.82562342658639,3.94066693622153,-0.0269380767317489,10,1.10307240194297,100,900,100,800
"core",42,50,"random",3,42,42,13.3721192597877,2.72826590645127,-0.0114879471296445,10,0.454989368850374,100,900,100,800
"core",43,50,"random",3,43,43,7.64976499555632,1.3719382386189,0.0265147620951757,10,0.126564682305477,100,900,100,800
"core",44,50,"random",3,44,44,7.72177809500135,3.00261559162755,-0.0286260054912418,10,3.26255575571261,100,900,100,800
"core",45,50,"random",3,45,45,3.06543883378617,3.42351223772857,0.0108854016847909,5,0.253671938037651,100,900,100,800
"core",46,50,"random",3,46,46,2.45005094446242,3.16224562528078,-0.0293892727838829,10,0.322311807802496,100,900,100,800
"core",47,50,"random",3,47,47,14.072475762805,3.52313653915189,0.0261513912817463,6,0.335446006830181,100,900,100,800
"core",48,50,"random",3,48,48,5.82936186366715,3.36632950557396,0.00301770323887467,8,0.685752783508498,100,900,100,800
"core",49,50,"random",3,49,49,8.74991573719308,3.83298401453067,-0.0109763294365257,8,0.47119407060849,100,900,100,800
"core",50,50,"random",3,50,50,5.07315352419391,1.80648072017357,-0.0252027125889435,8,0.840528396091624,100,900,100,800
"core",51,50,"random",3,51,51,14.6335275121965,2.6947672450915,0.00683571144472808,6,0.331447362108772,100,900,100,800
"core",52,50,"random",3,52,52,10.2226495156065,1.20645548647735,-0.0284157764352858,5,0.56804972365454,100,900,100,800
"core",53,50,"random",3,53,53,14.4574991557747,2.59653435379732,0.0232758282730356,7,0.727648816590479,100,900,100,800
"core",54,50,"random",3,54,54,13.5226017255336,0.940629721386358,0.0102470380067825,8,1.30051821208016,100,900,100,800
"core",55,50,"random",3,55,55,8.80138892843388,2.46322964061983,0.0127435128344223,6,0.306610722342791,100,900,100,800
"core",56,50,"random",3,56,56,11.3069032458588,3.0873721644748,-0.0252931902883574,7,0.736286611096128,100,900,100,800
"core",57,50,"random",3,57,57,11.628355528228,3.16968212986831,0.0187694027228281,6,0.887746284488314,100,900,100,800
"core",58,50,"random",3,58,58,2.59665221022442,1.37519422825426,0.0290958383912221,7,0.512670080511463,100,900,100,800
"core",59,50,"random",3,59,59,14.4513078790624,3.0523696129676,0.0239493653923273,9,0.406564309672545,100,900,100,800
"core",60,50,"random",3,60,60,4.61477688048035,1.50405470945407,-0.0198012595530599,7,1.93860976621304,100,900,100,800
"core",61,50,"random",3,61,61,5.87938457680866,1.86164684698451,-0.00711324198637158,8,0.735793165317922,100,900,100,800
"core",62,50,"random",3,62,62,13.6424446862657,3.50185192364734,-0.0218249347480014,9,0.446300868742873,100,900,100,800
"core",63,50,"random",3,63,63,9.35898503661156,3.34266756358556,0.0031863020081073,10,0.342339739941805,100,900,100,800
"core",64,50,"random",3,64,64,7.92160380003043,3.93286076118238,-0.0073691992694512,8,0.673489985500335,100,900,100,800
"core",65,50,"random",3,65,65,7.19308796874247,3.0332523524994,0.00197036221157759,9,0.824352775044168,100,900,100,800
"core",66,50,"random",3,66,66,3.07906539528631,2.87637602572795,-0.0285302759427577,10,0.842264710108844,100,900,100,800
"core",67,50,"random",3,67,67,10.1945592346601,3.1532564884983,-0.0101475076563656,8,1.25007432146981,100,900,100,800
"core",68,50,"random",3,68,68,8.04623486823402,1.61298873787746,0.00991630224511027,9,0.19852920793624,100,900,100,800
"core",69,50,"random",3,69,69,9.44091996899806,3.99146166339051,-0.0287736604828387,9,0.14947968805002,100,900,100,800
"core",70,50,"random",3,70,70,10.6090120126028,2.90819246589672,-0.0146864997502416,7,0.456772644639043,100,900,100,800
"core",71,50,"random",3,71,71,13.412807459943,2.63198975659907,-0.0127577388938516,10,0.394851037457936,100,900,100,800
"core",72,50,"random",3,72,72,6.92618083278649,2.49158800230362,-0.0255089914659038,7,2.4484771491782,100,900,100,800
"core",73,50,"random",3,73,73,11.4064660642762,1.56300758558791,0.0260197907779366,6,0.468782696363464,100,900,100,800
"core",74,50,"random",3,74,74,13.1521532656625,2.81854858458973,-0.0232841284247115,9,0.138116233518867,100,900,100,800
"core",75,50,"random",3,75,75,4.42132153874263,2.82247976236977,0.029362544878386,8,2.71076678461102,100,900,100,800
"core",76,50,"random",3,76,76,10.2250755883288,0.874207413522527,-0.0236341413063928,7,0.859119976583218,100,900,100,800
"core",77,50,"random",3,77,77,11.3355057185981,1.88350580341648,-0.0205006766645238,9,0.438575801891576,100,900,100,800
"core",78,50,"random",3,78,78,9.04348585219122,2.18784298759419,-0.00587473422288895,8,1.20948556592007,100,900,100,800
"core",79,50,"random",3,79,79,4.6612637785729,1.27190713956952,-0.014267745455727,9,0.548634793269441,100,900,100,800
"core",80,50,"random",3,80,80,13.6998568524141,2.01240595267154,-0.0147563150525093,7,0.299347731205519,100,900,100,800
"core",81,50,"random",3,81,81,3.60659627895802,1.73645329196006,-0.0288775393087417,7,0.601862409135401,100,900,100,800
"core",82,50,"random",3,82,82,14.3701103019994,2.50123531930149,0.000233286484144626,5,0.195640915061551,100,900,100,800
"core",83,50,"random",3,83,83,12.1622966381256,2.40359299292322,0.00640712305437773,7,0.160561789382438,100,900,100,800
"core",84,50,"random",3,84,84,14.5077675420325,0.703040297841653,0.00789388890378177,10,1.29152878155566,100,900,100,800
"core",85,50,"random",3,85,85,3.48527506017126,3.42115017853212,-0.0117483713664114,6,0.162811223286497,100,900,100,800
"core",86,50,"random",3,86,86,14.7081778096035,1.81814490247052,0.0246870220871642,9,0.857933120429041,100,900,100,800
"core",87,50,"random",3,87,87,10.0661035222001,2.73808150750119,-0.0233444157941267,7,0.214285913828921,100,900,100,800
"core",88,50,"random",3,88,88,14.0565544522833,2.22997446916997,0.00860068996902555,6,0.845529980843999,100,900,100,800
"core",89,50,"random",3,89,89,4.62907726783305,1.21722785790917,-0.00702351325191557,8,0.119073519250834,100,900,100,800
"core",90,50,"random",3,90,90,4.80187936290167,2.22004663501866,0.0206832933286205,6,2.32494347423072,100,900,100,800
"core",91,50,"random",3,91,91,13.9850278955419,2.03356725152116,-0.0200892617600039,8,4.80059174372002,100,900,100,800
"core",92,50,"random",3,92,92,11.3875021615531,2.65190285060089,-0.00381587601732463,6,0.635349700781081,100,900,100,800
"core",93,50,"random",3,93,93,11.9021180476993,0.720652075018734,0.0198142693424597,9,2.66254560121825,100,900,100,800
"core",94,50,"random",3,94,94,5.7086068589706,0.920373564469628,0.0278274238994345,6,0.25837746141665,100,900,100,800
"core",95,50,"random",3,95,95,6.46756545035169,1.96954302990343,0.00983623911626637,7,0.432504541683479,100,900,100,800
"core",96,50,"random",3,96,96,6.43811441469006,1.94597382191569,-0.0129018877912313,10,1.3789691720772,100,900,100,800
"core",97,50,"random",3,97,97,12.2434773589484,0.831945373211056,0.00253776429221034,9,0.557023203500774,100,900,100,800
"core",98,50,"random",3,98,98,6.73849988379516,3.39735290408134,-0.00638951312284917,7,0.176043111847575,100,900,100,800
"core",99,50,"random",3,99,99,10.646593216341,0.787883581710048,0.0192182131391019,8,0.442274910589477,100,900,100,800
"core",100,50,"random",3,100,100,6.84655288071372,2.24749736033846,-0.00389768274966627,7,0.359893556109736,100,900,100,800
"core",1,100,"random",3,101,101,3.57327130157501,3.41203462192789,0.0116825868794695,6,0.336151007533464,100,900,100,800
"core",2,100,"random",3,102,102,12.80100476183,1.60647143237293,-0.0221741148596629,10,0.679735200572396,100,900,100,800
"core",3,100,"random",3,103,103,7.43812467041425,2.00257999170572,-0.0294437306793407,10,0.798043520325683,100,900,100,800
"core",4,100,"random",3,104,104,3.066407360835,1.01020784233697,-0.011369811356999,10,1.20559961796976,100,900,100,800
"core",5,100,"random",3,105,105,4.28835874493234,2.25459323695395,0.00665848571341485,8,0.534839263885677,100,900,100,800
"core",6,100,"random",3,106,106,4.35249478323385,3.27654139872175,0.0251189497299492,10,0.736211499653377,100,900,100,800
"core",7,100,"random",3,107,107,10.7545581848826,2.93438934313599,0.0115717894071713,9,0.759397808132242,100,900,100,800
"core",8,100,"random",3,108,108,9.89094123872928,3.08105925563723,-0.0252031101845205,8,0.116229035685201,100,900,100,800
"core",9,100,"random",3,109,109,5.37384198186919,1.63460610120092,0.00764298529364169,7,0.905387199484309,100,900,100,800
"core",10,100,"random",3,110,110,9.67471839534119,1.3003241403494,0.02640595712699,8,0.355534396596829,100,900,100,800
"core",11,100,"random",3,111,111,7.31041180389002,1.95768364635296,-0.0135800003958866,6,0.307541174735979,100,900,100,800
"core",12,100,"random",3,112,112,13.2635757036041,2.60373099369463,0.0032645999500528,10,0.453424516105398,100,900,100,800
"core",13,100,"random",3,113,113,3.40609176596627,1.49215573037509,0.00310769519302994,7,7.48835563019964,100,900,100,800
"core",14,100,"random",3,114,114,6.18456917395815,1.89423135109246,-0.00199614891316742,8,0.879780885941863,100,900,100,800
"core",15,100,"random",3,115,115,4.18773525767028,1.76671371073462,-0.00377566422801465,6,0.374612985897131,100,900,100,800
"core",16,100,"random",3,116,116,2.67053891299292,0.623209253419191,0.0274140218133107,7,0.183224767819701,100,900,100,800
"core",17,100,"random",3,117,117,9.19265862833709,1.01428349176422,-0.0227152369916439,6,0.218578052098728,100,900,100,800
"core",18,100,"random",3,118,118,3.84497504122555,3.7203707100125,-0.0262890668353066,8,0.854104322765722,100,900,100,800
"core",19,100,"random",3,119,119,4.06549947056919,3.24667533230968,0.0285247460380197,8,1.35686996047292,100,900,100,800
"core",20,100,"random",3,120,120,12.1245171760675,1.45463950536214,-0.00921785329934209,5,1.24002815047949,100,900,100,800
"core",21,100,"random",3,121,121,7.76873775478452,3.06241333833896,-0.0264735279232264,6,0.277254124778775,100,900,100,800
"core",22,100,"random",3,122,122,3.70979249640368,1.59065680927597,0.0245195870054886,10,0.237735475777578,100,900,100,800
"core",23,100,"random",3,123,123,9.3637818582356,1.25600547215436,-0.015022674263455,5,0.19689370304006,100,900,100,800
"core",24,100,"random",3,124,124,12.0604547888506,1.22459359676577,0.0137542291497812,6,0.765676137369708,100,900,100,800
"core",25,100,"random",3,125,125,7.47578272456303,3.8690758110024,0.0229342278605327,10,0.736110120279432,100,900,100,800
"core",26,100,"random",3,126,126,2.79079757118598,1.59475597692654,0.0186932956986129,6,0.43759856046695,100,900,100,800
"core",27,100,"random",3,127,127,7.01080362871289,1.90462454536464,-0.0269138637604192,6,0.17621568746529,100,900,100,800
"core",28,100,"random",3,128,128,8.01126649673097,3.88504576112609,0.0146308783069253,8,0.153495800151765,100,900,100,800
"core",29,100,"random",3,129,129,2.53850980778225,1.83584538882133,0.0151449081860483,6,2.1556232150892,100,900,100,800
"core",30,100,"random",3,130,130,7.33943349123001,1.9877031785436,-0.00114153772126883,8,0.512473936695771,100,900,100,800
"core",31,100,"random",3,131,131,7.10290329460986,0.734128112322651,-0.00753564943559468,7,0.606199529042863,100,900,100,800
"core",32,100,"random",3,132,132,10.3506394189317,3.61776507773902,-0.00106992927845568,7,1.54041755945893,100,900,100,800
"core",33,100,"random",3,133,133,2.46716654486954,2.29775154567324,-0.00828502850141376,9,0.9197729819411,100,900,100,800
"core",34,100,"random",3,134,134,3.20958196395077,2.55566884612199,0.0118550819763914,8,0.222605866169252,100,900,100,800
"core",35,100,"random",3,135,135,13.3813914116472,1.13397337670904,-0.0283831420121714,10,0.186939488147255,100,900,100,800
"core",36,100,"random",3,136,136,2.05457367701456,1.36639226181433,-0.0111051029479131,10,0.147191064693827,100,900,100,800
"core",37,100,"random",3,137,137,4.0520938381087,2.73072658083402,-0.0156107323989272,7,0.204668403367016,100,900,100,800
"core",38,100,"random",3,138,138,8.60709255747497,3.20010782079771,0.000758903170935809,8,0.610333979500714,100,900,100,800
"core",39,100,"random",3,139,139,9.26584952767007,2.52113000454847,0.0096234570024535,5,0.765106425955024,100,900,100,800
"core",40,100,"random",3,140,140,6.37373711937107,0.505600425647572,-0.00205775257665664,9,0.211093269646686,100,900,100,800
"core",41,100,"random",3,141,141,11.077806224348,3.31751211255323,-0.00938595852814615,8,3.23351765725936,100,900,100,800
"core",42,100,"random",3,142,142,5.70148813794367,3.69237056036945,-0.0287351551651955,7,0.828106956871822,100,900,100,800
"core",43,100,"random",3,143,143,8.52819379139692,1.37537221296225,0.0231951797381043,9,1.35337296341275,100,900,100,800
"core",44,100,"random",3,144,144,10.339788364945,1.24723145703319,-0.0112232088670135,9,0.475697177847553,100,900,100,800
"core",45,100,"random",3,145,145,13.8431721501984,0.668691957951523,0.00158483382314444,5,1.7158107292551,100,900,100,800
"core",46,100,"random",3,146,146,2.97133137146011,0.992519831401296,-0.0156912430655211,5,0.811591162404659,100,900,100,800
"core",47,100,"random",3,147,147,4.58034717920236,2.78112028480973,-0.000274506881833076,9,0.94740411696607,100,900,100,800
"core",48,100,"random",3,148,148,10.2916780253872,1.93444384913892,0.00692833167035133,10,2.61470679504459,100,900,100,800
"core",49,100,"random",3,149,149,10.7263938533142,2.846840517479,-0.00207134819123894,9,3.44396364734672,100,900,100,800
"core",50,100,"random",3,150,150,2.72848026640713,1.69660882314201,-0.0251238689152524,9,0.575444852470439,100,900,100,800
"core",51,100,"random",3,151,151,4.13521856558509,3.65148071793374,0.0096414590254426,6,0.579557169471497,100,900,100,800
"core",52,100,"random",3,152,152,2.63066392275505,2.05682391894516,0.00747103326022625,5,0.924543844682848,100,900,100,800
"core",53,100,"random",3,153,153,14.781410854077,2.02315125451423,0.0240622939355671,5,0.29481712233431,100,900,100,800
"core",54,100,"random",3,154,154,8.96108797402121,3.66910521744285,-0.0275322559615597,10,3.32055681626496,100,900,100,800
"core",55,100,"random",3,155,155,11.8043245654553,2.91958751855418,0.0181955994805321,9,1.54262957189049,100,900,100,800
"core",56,100,"random",3,156,156,11.606367956847,1.1111769892741,-0.0233811676176265,9,0.207842997416588,100,900,100,800
"core",57,100,"random",3,157,157,6.75358953303657,2.87052758468781,0.0174919360410422,7,0.405043725533147,100,900,100,800
"core",58,100,"random",3,158,158,11.0627267996315,1.01939944201149,0.023040688438341,5,0.60825671533989,100,900,100,800
"core",59,100,"random",3,159,159,12.1896976747084,1.60927854420152,0.0263064658921212,7,2.10468993987327,100,900,100,800
"core",60,100,"random",3,160,160,2.34964179084636,3.08286335761659,0.0195201061153784,10,1.74488758986414,100,900,100,800
"core",61,100,"random",3,161,161,3.61105120251887,0.709221961791627,-0.00987418781965971,9,0.775336709954242,100,900,100,800
"core",62,100,"random",3,162,162,8.5700995514635,3.939526827191,0.00602525504305958,8,0.54971652993356,100,900,100,800
"core",63,100,"random",3,163,163,14.1464189940598,1.35891591070686,-0.00122981765773147,6,0.463008174091299,100,900,100,800
"core",64,100,"random",3,164,164,3.46660254732706,0.709749158704653,-0.0177216768404469,8,0.432850288526464,100,900,100,800
"core",65,100,"random",3,165,165,3.61126750055701,2.45646278443746,0.0281313737528399,7,2.50768113418561,100,900,100,800
"core",66,100,"random",3,166,166,6.92131259385496,2.64764675626066,0.0288261931668967,5,1.30534554995364,100,900,100,800
"core",67,100,"random",3,167,167,2.77684864355251,2.43852345854975,-0.0112648412073031,5,0.462602538469451,100,900,100,800
"core",68,100,"random",3,168,168,7.82895530294627,3.9811155552743,-0.0229597614007071,6,0.158732079592155,100,900,100,800
"core",69,100,"random",3,169,169,8.2136162458919,0.797424831194803,0.0160136264702305,5,0.118968705855501,100,900,100,800
"core",70,100,"random",3,170,170,3.28106926917098,1.55833400855772,0.00249764137901366,5,0.357117672622309,100,900,100,800
"core",71,100,"random",3,171,171,12.4274701299146,2.12018707883544,0.00722897660918534,6,0.336828908246092,100,900,100,800
"core",72,100,"random",3,172,172,11.4479251899756,3.05998667166568,0.0278102779900655,5,0.373227695099615,100,900,100,800
"core",73,100,"random",3,173,173,8.44245080463588,0.961086840135977,0.0287560409540311,9,0.370115834015235,100,900,100,800
"core",74,100,"random",3,174,174,12.1920766504481,2.06084007280879,-0.0206328384904191,5,0.370533095474985,100,900,100,800
"core",75,100,"random",3,175,175,4.90593560575508,3.20134183811024,0.0267009897669777,6,0.186211301002905,100,900,100,800
"core",76,100,"random",3,176,176,9.42148980614729,3.17703316127881,0.0264971768343821,6,2.21268120349599,100,900,100,800
"core",77,100,"random",3,177,177,13.4421117443126,2.35835905023851,0.00567471164278686,7,0.301853201118303,100,900,100,800
"core",78,100,"random",3,178,178,14.221538517857,1.11227799335029,-0.011135501540266,10,0.405753106444007,100,900,100,800
"core",79,100,"random",3,179,179,14.8975665448233,1.57996913604438,0.0135683956509456,8,0.229183490912171,100,900,100,800
"core",80,100,"random",3,180,180,8.82354113040492,1.58046491176356,0.000988037344068288,6,1.24987683384603,100,900,100,800
"core",81,100,"random",3,181,181,2.32610418996774,3.05376189912204,-0.0299157581711188,10,0.278371317721347,100,900,100,800
"core",82,100,"random",3,182,182,5.52060471219011,2.46102161111776,0.0134197022113949,10,0.980633811688586,100,900,100,800
"core",83,100,"random",3,183,183,14.0861517186277,1.17344920430332,-0.00150429129134864,10,2.2413625606659,100,900,100,800
"core",84,100,"random",3,184,184,10.1862269218545,1.56269743025769,0.0217861385364085,8,0.241967966998883,100,900,100,800
"core",85,100,"random",3,185,185,6.1266529369168,3.5737864850089,0.0152230811538175,6,0.214393694874863,100,900,100,800
"core",86,100,"random",3,186,186,5.40837307786569,2.77648037404288,0.000109890829771756,7,0.561430103466327,100,900,100,800
"core",87,100,"random",3,187,187,12.877695266623,1.27255343191791,0.029583696029149,5,0.703533315425265,100,900,100,800
"core",88,100,"random",3,188,188,3.86006877967156,2.52688489586581,0.0138957715546712,6,0.395627527740904,100,900,100,800
"core",89,100,"random",3,189,189,2.44263956532814,0.62376732879784,0.00308812877163291,9,0.437277707927954,100,900,100,800
"core",90,100,"random",3,190,190,7.34590283082798,3.24432497762609,0.00347299272660166,10,0.40934969534983,100,900,100,800
"core",91,100,"random",3,191,191,7.16355225536972,1.12807259417605,0.0140826842235401,8,1.04377723658224,100,900,100,800
"core",92,100,"random",3,192,192,3.29935010825284,3.45715816016309,-0.00263943716883659,9,0.994873938979683,100,900,100,800
"core",93,100,"random",3,193,193,4.1946383616887,1.76262254873291,0.00200651474297046,8,0.758737430265626,100,900,100,800
"core",94,100,"random",3,194,194,13.8860433106311,2.01896871696226,0.00885310004465282,7,0.719912372790592,100,900,100,800
"core",95,100,"random",3,195,195,6.05551029625349,2.00475316110533,-0.0236917018890381,7,0.493011145988425,100,900,100,800
"core",96,100,"random",3,196,196,5.95683184475638,3.87006994243711,0.0144102023821324,5,0.682633682202476,100,900,100,800
"core",97,100,"random",3,197,197,3.8287602129858,1.24219238921069,0.00212766439653933,8,2.81648848952826,100,900,100,800
"core",98,100,"random",3,198,198,9.17115096189082,1.95016484998632,0.0116143865743652,8,2.00615767750498,100,900,100,800
"core",99,100,"random",3,199,199,10.3732331369538,1.71532221965026,0.0141248287959024,8,0.195699795838572,100,900,100,800
"core",100,100,"random",3,200,200,4.51351727521978,1.76476645073853,0.0162414456065744,7,1.3951872780131,100,900,100,800
"core",1,200,"random",3,201,201,13.5447577231098,2.6274821908446,0.00689383406192064,9,0.199418977696717,100,900,100,800
"core",2,200,"random",3,202,202,10.1953702925239,0.711942915921099,-0.00283086132723838,6,0.338398778007835,100,900,100,800
"core",3,200,"random",3,203,203,6.03920976119116,2.60647965385579,0.0161432280857116,8,1.86948040847442,100,900,100,800
"core",4,200,"random",3,204,204,14.5217984959017,2.77341218141373,-0.00818381963297725,9,0.677476016613878,100,900,100,800
"core",5,200,"random",3,205,205,7.32878838363104,2.40385547373444,-0.000102730141952632,8,0.390856090484659,100,900,100,800
"core",6,200,"random",3,206,206,11.7256893669255,3.18409983650781,0.00894938518758863,9,0.540584621091013,100,900,100,800
"core",7,200,"random",3,207,207,3.7308793773409,1.13018735835794,-0.010334911881946,6,0.616352736585986,100,900,100,800
"core",8,200,"random",3,208,208,14.6011816435494,0.888398402370512,-0.0232061972049996,7,0.808337986737355,100,900,100,800
"core",9,200,"random",3,209,209,12.9243468437344,2.54509133694228,0.0206868085172027,9,3.06557754128613,100,900,100,800
"core",10,200,"random",3,210,210,9.47050741943531,3.62198415084276,-0.00213039445225149,6,0.578451308347064,100,900,100,800
"core",11,200,"random",3,211,211,11.2674880535342,3.71909548691474,-0.0240973206656054,10,0.257990443479465,100,900,100,800
"core",12,200,"random",3,212,212,3.9177703531459,2.56641397275962,0.0268608951754868,10,0.637553155175619,100,900,100,800
"core",13,200,"random",3,213,213,2.76538916374557,1.23297056218144,0.0164819628791884,9,0.185239283934892,100,900,100,800
"core",14,200,"random",3,214,214,2.96097336476669,0.842677680542693,-0.0109526288229972,7,0.638340217589726,100,900,100,800
"core",15,200,"random",3,215,215,14.0991906484123,3.90389552828856,0.00324417858850211,6,0.478426769204904,100,900,100,800
"core",16,200,"random",3,216,216,9.2233426484745,0.685564823681489,-0.00667497019283473,5,1.18619723179229,100,900,100,800
"core",17,200,"random",3,217,217,3.57508643926121,3.32332438312005,-0.0297283931309357,10,0.438322872636849,100,900,100,800
"core",18,200,"random",3,218,218,3.8418758448679,3.63026101794094,0.00310358653776348,5,0.796602217635089,100,900,100,800
"core",19,200,"random",3,219,219,3.90315671940334,0.860960519989021,-0.0115657688258216,7,3.30988634266478,100,900,100,800
"core",20,200,"random",3,220,220,6.51048282091506,2.92469969333615,-0.0174678252870217,6,0.432484168549508,100,900,100,800
"core",21,200,"random",3,221,221,2.91690690349787,1.09282320318744,0.0241159616690129,10,0.353961870699685,100,900,100,800
"core",22,200,"random",3,222,222,10.1750616044737,2.49689966719598,-0.00508569742552936,8,0.138760804008802,100,900,100,800
"core",23,200,"random",3,223,223,3.51253892830573,1.83281375619117,-0.0288576604519039,8,0.489834137490848,100,900,100,800
"core",24,200,"random",3,224,224,11.6622632551007,1.29799607908353,0.0195717589650303,6,0.131726300940865,100,900,100,800
"core",25,200,"random",3,225,225,6.73106158734299,2.24692311638501,0.0256195620959625,6,0.279144379028805,100,900,100,800
"core",26,200,"random",3,226,226,13.284322429914,3.27334038598929,0.00737259211018682,7,1.47636035457693,100,900,100,800
"core",27,200,"random",3,227,227,11.1379832315724,1.13210878660902,0.0254954834841192,8,0.159039781481433,100,900,100,800
"core",28,200,"random",3,228,228,3.70811571064405,1.2070217524888,-0.00667594436556101,7,0.665923946762855,100,900,100,800
"core",29,200,"random",3,229,229,5.10109358211048,1.40286477073096,0.0229131941171363,5,0.201611183513398,100,900,100,800
"core",30,200,"random",3,230,230,4.39291316550225,3.18462171696592,0.00633235348854214,8,2.15907775303641,100,900,100,800
"core",31,200,"random",3,231,231,7.47476314450614,2.76330013177358,-0.00166345636826009,5,0.728951686451798,100,900,100,800
"core",32,200,"random",3,232,232,4.64413885260001,1.09578629070893,-0.0141050660284236,8,0.555327741163522,100,900,100,800
"core",33,200,"random",3,233,233,7.05975652299821,2.63322351314127,-0.0127253562910482,6,1.94564270882949,100,900,100,800
"core",34,200,"random",3,234,234,8.45512838312425,2.19528985128272,0.0100133040826768,6,0.886804292105775,100,900,100,800
"core",35,200,"random",3,235,235,13.4294153088704,1.28822880773805,-0.0263965208362788,5,0.14300749320872,100,900,100,800
"core",36,200,"random",3,236,236,11.3828506504651,2.53250887233298,-0.00100185408722609,10,0.490760130234593,100,900,100,800
"core",37,200,"random",3,237,237,14.8563834147062,1.61326728621498,-0.00186463885009289,6,0.204795206183783,100,900,100,800
"core",38,200,"random",3,238,238,2.93244019965641,2.83052719233092,-0.0116655949456617,6,3.03590538447765,100,900,100,800
"core",39,200,"random",3,239,239,3.85337284486741,1.13130004657432,-0.00533939304761588,6,0.184879952755446,100,900,100,800
"core",40,200,"random",3,240,240,13.6015062697697,3.4965483964188,0.0140653258748352,9,0.503900813122372,100,900,100,800
"core",41,200,"random",3,241,241,14.6319457860664,0.516157958190888,0.0283178275963291,7,0.416432548445153,100,900,100,800
"core",42,200,"random",3,242,242,9.02782111428678,1.16363990493119,-0.0193882647436112,9,1.68694385416286,100,900,100,800
"core",43,200,"random",3,243,243,14.7853473566938,1.46751957084052,0.00620145007967949,7,0.435415651835367,100,900,100,800
"core",44,200,"random",3,244,244,12.6521399866324,2.05798231856897,-0.00130317601840943,6,0.682025645316212,100,900,100,800
"core",45,200,"random",3,245,245,9.68975812662393,1.41496301745065,-0.012150304033421,10,0.589681647961509,100,900,100,800
"core",46,200,"random",3,246,246,8.77727212850004,3.23383156280033,-0.0134207421680912,5,0.141153084749184,100,900,100,800
"core",47,200,"random",3,247,247,12.5966388168745,2.1023844324518,0.0204915788630024,6,0.277813669210635,100,900,100,800
"core",48,200,"random",3,248,248,6.11918548634276,1.36415189108811,0.0125683529349044,10,0.24311483212747,100,900,100,800
"core",49,200,"random",3,249,249,2.53346300590783,1.07214923028369,0.0178166080126539,6,0.169478860984599,100,900,100,800
"core",50,200,"random",3,250,250,2.9872956473846,1.84163499763235,0.0227585354726762,7,0.372201378493595,100,900,100,800
"core",51,200,"random",3,251,251,10.8453408484347,2.89066337817349,-0.0112879502121359,5,0.180592186418576,100,900,100,800
"core",52,200,"random",3,252,252,6.78559508663602,2.33341476123314,-0.0164329678751528,9,0.495837740059165,100,900,100,800
"core",53,200,"random",3,253,253,5.81120902788825,0.776210859185085,0.0108827353315428,9,0.516511256658183,100,900,100,800
"core",54,200,"random",3,254,254,11.1378035880625,3.55586470733397,0.0079054991248995,10,0.917363901981399,100,900,100,800
"core",55,200,"random",3,255,255,7.64601708366536,3.81994312466122,-0.0139837263850495,6,0.360456591339939,100,900,100,800
"core",56,200,"random",3,256,256,4.20749518414959,1.12937456497457,-0.00609565844759345,8,1.13522353442626,100,900,100,800
"core",57,200,"random",3,257,257,11.2245773843024,0.95382029179018,-0.0151349821407348,5,2.53251781468591,100,900,100,800
"core",58,200,"random",3,258,258,13.7781602018513,1.58169194858056,0.00289575115777552,10,0.316962854959002,100,900,100,800
"core",59,200,"random",3,259,259,13.0405789702199,2.84314620390069,-0.0188004667265341,7,0.234374752315267,100,900,100,800
"core",60,200,"random",3,260,260,10.4024300486781,0.90205700090155,-0.0173818539502099,9,0.459239016127654,100,900,100,800
"core",61,200,"random",3,261,261,8.2605903041549,3.89964127319399,-0.00930922578088939,5,0.880668457551974,100,900,100,800
"core",62,200,"random",3,262,262,9.66719175572507,2.37932710116729,0.00960599871352315,9,2.16193454632519,100,900,100,800
"core",63,200,"random",3,263,263,14.9459051624872,1.34604193584528,-0.0204148548329249,10,0.687245051782967,100,900,100,800
"core",64,200,"random",3,264,264,5.3246594958473,3.14263890543953,0.00777296219486743,8,0.166622966968761,100,900,100,800
"core",65,200,"random",3,265,265,11.3869268277194,1.74265208852012,0.017926232800819,9,0.228277955697811,100,900,100,800
"core",66,200,"random",3,266,266,4.66732078650966,1.00928332272451,-0.0280734843760729,10,0.194429722892968,100,900,100,800
"core",67,200,"random",3,267,267,7.45754138822667,1.37054216314573,0.0146527708601207,10,0.218658361253259,100,900,100,800
"core",68,200,"random",3,268,268,9.72329109953716,1.37599819211755,0.00632842413615435,7,4.62971622595747,100,900,100,800
"core",69,200,"random",3,269,269,10.7177509940229,2.39141360507347,-0.00280179665889591,7,0.358712824128436,100,900,100,800
"core",70,200,"random",3,270,270,11.7335058799945,3.3930019895779,-0.00920388150494546,6,0.376117207296765,100,900,100,800
"core",71,200,"random",3,271,271,7.98090832354501,2.98487432324328,0.0269154758239165,8,0.729658060873985,100,900,100,800
"core",72,200,"random",3,272,272,8.20388744096272,3.84848585992586,-0.0293917303858325,5,0.180579744023231,100,900,100,800
"core",73,200,"random",3,273,273,3.78240697830915,0.723919001524337,0.0115764465462416,7,0.281565450976747,100,900,100,800
"core",74,200,"random",3,274,274,4.957458257908,2.33588341763243,0.0119725245796144,5,0.490799759389823,100,900,100,800
"core",75,200,"random",3,275,275,11.0038624815643,1.03723995957989,0.0154023304441944,9,0.21364230168658,100,900,100,800
"core",76,200,"random",3,276,276,9.65817295596935,1.44527684280183,-0.0201750384550542,9,0.225308873646377,100,900,100,800
"core",77,200,"random",3,277,277,12.7737596416846,0.7875631992938,-0.0091955062514171,10,0.121273913244028,100,900,100,800
"core",78,200,"random",3,278,278,11.18010826502,3.22913870750926,0.00856096741743386,5,0.13935447289143,100,900,100,800
"core",79,200,"random",3,279,279,10.4378675254993,2.8366561277071,0.0253302633622661,6,1.12350297870267,100,900,100,800
"core",80,200,"random",3,280,280,2.36095124739222,1.65428052435163,0.00144408306106925,10,0.369758783545749,100,900,100,800
"core",81,200,"random",3,281,281,10.3836550454143,2.75468761660159,0.00289238963741809,9,0.811882051309094,100,900,100,800
"core",82,200,"random",3,282,282,11.9037919035181,1.15190043172333,0.0217883755266666,8,1.74491631667832,100,900,100,800
"core",83,200,"random",3,283,283,9.3120170077309,1.33653182559647,-0.0108400176744908,8,0.23588602593629,100,900,100,800
"core",84,200,"random",3,284,284,10.4581328395288,3.75139981531538,-0.029627931592986,6,0.455492141576542,100,900,100,800
"core",85,200,"random",3,285,285,12.4229356045835,1.03939724725205,0.0187588805984706,6,0.601175616905808,100,900,100,800
"core",86,200,"random",3,286,286,8.94179640221409,0.590592423570342,0.0230228114174679,5,0.508936902101711,100,900,100,800
"core",87,200,"random",3,287,287,3.29580454691313,0.676487660617568,-0.0173728717491031,8,0.671741780199363,100,900,100,800
"core",88,200,"random",3,288,288,2.92237761756405,2.58099452394526,-0.0270240051392466,6,0.789744255743523,100,900,100,800
"core",89,200,"random",3,289,289,13.3961226516403,3.1341178790899,-0.0215240643359721,10,0.240623428357211,100,900,100,800
"core",90,200,"random",3,290,290,11.9699262038339,2.43418763368391,0.0111460364749655,10,0.815834229321958,100,900,100,800
"core",91,200,"random",3,291,291,4.3614113710355,1.29121910908725,0.0244657996622845,5,0.182914984842034,100,900,100,800
"core",92,200,"random",3,292,292,13.4862978428137,3.1841705761617,0.0225517758680508,7,1.78623127637885,100,900,100,800
"core",93,200,"random",3,293,293,10.2053913651034,3.17077111324761,0.0204526088107377,9,0.956861118133426,100,900,100,800
"core",94,200,"random",3,294,294,13.3113676512148,1.65337664063554,0.00643556635826826,9,0.193694212532704,100,900,100,800
"core",95,200,"random",3,295,295,12.1540715042502,3.91942521987949,0.0211138161504641,5,0.288373021004709,100,900,100,800
"core",96,200,"random",3,296,296,10.392072111601,3.81018603802659,0.015737988227047,5,0.134326576098848,100,900,100,800
"core",97,200,"random",3,297,297,9.71843756479211,3.68804754992016,0.0150497990939766,6,2.07773921347349,100,900,100,800
"core",98,200,"random",3,298,298,8.58792635262944,3.95564312569331,0.0226786232879385,10,0.358536297307111,100,900,100,800
"core",99,200,"random",3,299,299,2.77213877276517,1.2145069942344,0.00483580813743174,7,0.855221171154039,100,900,100,800
"core",100,200,"random",3,300,300,7.6435881536454,2.21883845923003,-0.0120821721386164,5,0.382706810338822,100,900,100,800
"core",1,500,"random",3,301,301,8.62615214940161,3.55387898208573,-0.0197270826715976,8,0.235542742878175,100,900,100,800
"core",2,500,"random",3,302,302,8.56386826955713,3.61179354740307,0.0167225228436291,10,0.269203860808199,100,900,100,800
"core",3,500,"random",3,303,303,10.2036480624229,1.37917192257009,-0.012214876092039,5,0.634244580342574,100,900,100,800
"core",4,500,"random",3,304,304,6.45837836968713,1.86134028376546,0.0137040296383202,5,0.338317471183054,100,900,100,800
"core",5,500,"random",3,305,305,12.903996428242,2.64705221296754,-0.00580019035376608,6,0.540246408371239,100,900,100,800
"core",6,500,"random",3,306,306,3.39781700470485,1.76251307979692,-0.0285725800925866,6,0.300692843138003,100,900,100,800
"core",7,500,"random",3,307,307,10.990728673758,2.47775041835848,0.0199051528796554,6,0.401561471681069,100,900,100,800
"core",8,500,"random",3,308,308,5.64315527724102,1.38264230045024,-0.0188051471114159,9,3.95270993111822,100,900,100,800
"core",9,500,"random",3,309,309,11.333988902159,2.97337314032484,-0.0044150730734691,8,0.591270289970398,100,900,100,800
"core",10,500,"random",3,310,310,12.7148671108298,1.34917643829249,0.0256743927486241,8,0.72878794438109,100,900,100,800
"core",11,500,"random",3,311,311,13.3544149349909,2.26251175510697,0.0150844790786505,5,0.657742690983514,100,900,100,800
"core",12,500,"random",3,312,312,11.6702280873433,3.37649638624862,-0.00793224403169006,10,0.725071364710786,100,900,100,800
"core",13,500,"random",3,313,313,5.11537344474345,2.6512486935826,0.013592302291654,8,1.76413909223988,100,900,100,800
"core",14,500,"random",3,314,314,12.1442448338494,2.79920422250871,0.0115090103074908,10,0.995146928027478,100,900,100,800
"core",15,500,"random",3,315,315,5.48534222063608,3.07718756201211,-0.00815563390497118,8,0.144870142272372,100,900,100,800
"core",16,500,"random",3,316,316,12.8955929826479,2.55660485429689,0.0204654726013541,10,1.48075332445312,100,900,100,800
"core",17,500,"random",3,317,317,8.4568809568882,0.559172741370276,-0.0244793473742902,8,0.339050289963198,100,900,100,800
"core",18,500,"random",3,318,318,7.7836109243799,3.17538635106757,0.000617324262857436,8,0.93682131029678,100,900,100,800
"core",19,500,"random",3,319,319,10.2246436732821,1.87333686184138,-0.00400748630985618,6,0.359150838752139,100,900,100,800
"core",20,500,"random",3,320,320,9.93401091778651,0.707276158849709,0.0289861226035282,6,0.221998891304063,100,900,100,800
"core",21,500,"random",3,321,321,13.960646789521,2.76714665454347,-0.00845635806676,6,0.319627550266987,100,900,100,800
"core",22,500,"random",3,322,322,7.75508814724162,1.05271792574786,-0.0170987509656697,7,0.262021429277245,100,900,100,800
"core",23,500,"random",3,323,323,4.51478944160044,2.5375452330336,-0.0266932365763932,5,0.464562938902442,100,900,100,800
"core",24,500,"random",3,324,324,14.3179392006714,1.53383255808149,0.0163596441736445,6,0.419156718586661,100,900,100,800
"core",25,500,"random",3,325,325,4.48393163480796,2.43111326405779,-0.00833715240005404,9,0.195587190365797,100,900,100,800
"core",26,500,"random",3,326,326,10.8650016684551,1.56322227371857,-0.0211371246026829,10,1.20981604831316,100,900,100,800
"core",27,500,"random",3,327,327,12.1481728311628,3.85333884286229,0.0239579243352637,8,0.405237353860079,100,900,100,800
"core",28,500,"random",3,328,328,10.309860705398,3.1471603034297,-0.00750934777781367,10,0.144437603249585,100,900,100,800
"core",29,500,"random",3,329,329,6.47047124034725,2.06653064920101,-0.0158150097867474,6,0.22760571694061,100,900,100,800
"core",30,500,"random",3,330,330,11.7335256964434,3.69504170573782,-0.015843788520433,9,1.09445546135225,100,900,100,800
"core",31,500,"random",3,331,331,7.39278906048276,2.37574773270171,-0.014931441731751,5,0.443832462048852,100,900,100,800
"core",32,500,"random",3,332,332,11.1514900831971,3.00631934672128,0.0200476955808699,10,1.60045918001662,100,900,100,800
"core",33,500,"random",3,333,333,11.4574425942264,2.07916422071867,0.0275765109574422,8,0.315928079156867,100,900,100,800
"core",34,500,"random",3,334,334,13.179779045051,2.53197821124922,-0.00281847443897277,8,0.438637051530321,100,900,100,800
"core",35,500,"random",3,335,335,5.50246164388955,3.9669683505781,0.00206794505473226,8,0.159247490842176,100,900,100,800
"core",36,500,"random",3,336,336,12.9436406493187,2.64522055571433,0.00247998040169477,8,2.13733493199692,100,900,100,800
"core",37,500,"random",3,337,337,5.04723978973925,1.43398154375609,-0.0269855799246579,6,0.526733867073312,100,900,100,800
"core",38,500,"random",3,338,338,9.03304129419848,1.35001290799119,-0.0220838619070128,9,0.535588975342058,100,900,100,800
"core",39,500,"random",3,339,339,7.18194984714501,3.52217349968851,-0.0234611399983987,5,0.144116436379937,100,900,100,800
"core",40,500,"random",3,340,340,9.91635274561122,3.44303182361182,0.00797226467169821,5,1.0446861227832,100,900,100,800
"core",41,500,"random",3,341,341,6.51752905617468,3.55350897670723,0.029021437978372,7,0.145614793082022,100,900,100,800
"core",42,500,"random",3,342,342,9.09459642390721,3.6556739625521,0.0065500316536054,10,0.965230276537163,100,900,100,800
"core",43,500,"random",3,343,343,5.19975867029279,1.30301607889123,0.0224567420454696,7,0.180708307860259,100,900,100,800
"core",44,500,"random",3,344,344,3.248211823171,1.35858829843346,0.0257273259339854,8,0.338535440568326,100,900,100,800
"core",45,500,"random",3,345,345,12.5227406122722,3.62229078984819,-0.00411209489218891,7,0.492552657092147,100,900,100,800
"core",46,500,"random",3,346,346,2.79262462840416,2.83061544597149,-0.00612060607876629,9,0.569730446136827,100,900,100,800
"core",47,500,"random",3,347,347,6.09808934642933,3.0279699973762,-0.0284965401655063,6,0.660769987094109,100,900,100,800
"core",48,500,"random",3,348,348,6.0012678084895,1.87153374345507,-0.0143505530850962,8,0.504009161984039,100,900,100,800
"core",49,500,"random",3,349,349,8.85424365033396,3.45096591464244,-0.0282414334500209,7,0.332991462484982,100,900,100,800
"core",50,500,"random",3,350,350,5.81998865306377,0.786101999692619,-0.00369761802256107,7,0.745735987303861,100,900,100,800
"core",51,500,"random",3,351,351,9.20842769998126,0.63930156105198,-0.0247177181113511,8,0.576062922791156,100,900,100,800
"core",52,500,"random",3,352,352,14.8412041752599,1.61268847144675,0.0123601723043248,8,0.268647268995307,100,900,100,800
"core",53,500,"random",3,353,353,2.4098897522781,1.26871707593091,-0.0253047689236701,5,0.411020209995839,100,900,100,800
"core",54,500,"random",3,354,354,2.60763170034625,3.62589572684374,0.0160382051020861,5,0.595068097042099,100,900,100,800
"core",55,500,"random",3,355,355,10.2606232617982,1.72316634003073,-0.0076535151572898,10,0.375389994882322,100,900,100,800
"core",56,500,"random",3,356,356,13.6601417195052,0.522392000304535,-0.0082600899785757,10,0.266314026884038,100,900,100,800
"core",57,500,"random",3,357,357,14.1342539705802,2.51144259085413,0.0230226406222209,9,1.64370024193968,100,900,100,800
"core",58,500,"random",3,358,358,2.62397714401595,2.58546083420515,0.0147513464977965,7,0.670578134844825,100,900,100,800
"core",59,500,"random",3,359,359,8.42875288636424,2.16356327827089,-0.01084550247062,5,1.01517014145486,100,900,100,800
"core",60,500,"random",3,360,360,11.7246707251761,3.93882670858875,0.0229231602139771,5,1.08010929176652,100,900,100,800
"core",61,500,"random",3,361,361,4.84826612845063,2.04356369271409,-0.0171980194095522,6,1.31815521101195,100,900,100,800
"core",62,500,"random",3,362,362,5.43041288875975,1.31746086245403,-0.0235727138025686,5,0.169870929361079,100,900,100,800
"core",63,500,"random",3,363,363,13.7662718065549,3.03907044965308,-0.023056718185544,7,0.159055124363799,100,900,100,800
"core",64,500,"random",3,364,364,4.12414673087187,1.51874115213286,0.00908479405101389,9,0.411448018665922,100,900,100,800
"core",65,500,"random",3,365,365,9.83601535437629,3.36860560427886,-0.0234666126407683,9,1.35025343603443,100,900,100,800
"core",66,500,"random",3,366,366,4.8933075487148,0.689283824875019,0.00615462299901992,9,1.00377286536415,100,900,100,800
"core",67,500,"random",3,367,367,12.9812648578081,3.83271059032995,-0.00983010195661336,6,0.366306191410843,100,900,100,800
"core",68,500,"random",3,368,368,14.103727791924,1.00270793633536,-0.000518633611500265,8,0.210935492581686,100,900,100,800
"core",69,500,"random",3,369,369,9.60952350730076,3.04435235087294,-0.0238731043646112,5,0.174121899136726,100,900,100,800
"core",70,500,"random",3,370,370,13.8394007624593,3.54951263568364,-0.0200536557706073,10,2.88042547565219,100,900,100,800
"core",71,500,"random",3,371,371,11.4925426465925,0.929153946461156,0.027468032296747,9,0.236155682158929,100,900,100,800
"core",72,500,"random",3,372,372,9.16177497268654,2.07108996401075,0.0263096973532811,7,0.270691429575005,100,900,100,800
"core",73,500,"random",3,373,373,14.0368272000924,0.797484660055488,-0.0067605277011171,10,0.222669339044367,100,900,100,800
"core",74,500,"random",3,374,374,8.44083743332885,1.79563780629542,-0.0242735665244982,5,0.223027930897079,100,900,100,800
"core",75,500,"random",3,375,375,11.6818609633483,3.68116698809899,0.0201135611627251,5,0.196317992234024,100,900,100,800
"core",76,500,"random",3,376,376,3.71445515216328,2.17981065867934,-0.0126721087424085,6,0.176392401961907,100,900,100,800
"core",77,500,"random",3,377,377,10.4013405465521,1.71435789670795,-0.014644786035642,9,0.281228283035849,100,900,100,800
"core",78,500,"random",3,378,378,3.08963156095706,1.25295214424841,0.0177258772635832,5,0.334993663872726,100,900,100,800
"core",79,500,"random",3,379,379,5.2491799283307,2.73361283564009,0.00176537760067731,5,0.141104032372773,100,900,100,800
"core",80,500,"random",3,380,380,4.54745745845139,0.773525206022896,0.0153908744780347,10,0.968535785296142,100,900,100,800
"core",81,500,"random",3,381,381,11.3496612040326,2.79404762305785,-0.0204599049361423,10,0.124741096197181,100,900,100,800
"core",82,500,"random",3,382,382,13.7047158202622,1.83043300139252,0.0154690488148481,7,0.257098401507984,100,900,100,800
"core",83,500,"random",3,383,383,6.41159008722752,3.11635818809737,-0.0173994604730979,9,2.28804114359302,100,900,100,800
"core",84,500,"random",3,384,384,8.87782770348713,2.55448827368673,-0.0078356150072068,5,0.431359772787461,100,900,100,800
"core",85,500,"random",3,385,385,14.8100691863801,1.68004114017822,-0.0105004205787554,9,0.156641400138856,100,900,100,800
"core",86,500,"random",3,386,386,10.9701384510845,2.8462835047394,-0.0157745408406481,6,0.446279323541268,100,900,100,800
"core",87,500,"random",3,387,387,10.2439138516784,1.79986433906015,-0.00447789791040122,10,0.795505532255235,100,900,100,800
"core",88,500,"random",3,388,388,4.94359531253576,3.84786803310271,0.0240579348430037,5,0.157978303839261,100,900,100,800
"core",89,500,"random",3,389,389,4.76156514487229,2.84247692464851,0.00440095889847725,6,0.243491676115644,100,900,100,800
"core",90,500,"random",3,390,390,8.71492566051893,0.866694370401092,0.0220058318087831,10,0.445767842214481,100,900,100,800
"core",91,500,"random",3,391,391,14.3448656110559,1.25777467899024,0.00389947724528611,8,0.331221902330427,100,900,100,800
"core",92,500,"random",3,392,392,12.0486871839967,1.9477864021901,-0.0170042598294094,8,0.732445655026201,100,900,100,800
"core",93,500,"random",3,393,393,6.19583163037896,1.93596303835511,0.016852126987651,5,0.524349239110999,100,900,100,800
"core",94,500,"random",3,394,394,2.34175852476619,1.33374418923631,0.0260243048099801,6,0.154023088805893,100,900,100,800
"core",95,500,"random",3,395,395,2.73211126821116,1.4807437757263,-0.0172506966535002,9,0.16919208882383,100,900,100,800
"core",96,500,"random",3,396,396,10.7354262918234,3.53067212586757,0.0296517122955993,7,0.303809858292091,100,900,100,800
"core",97,500,"random",3,397,397,3.924402610166,0.97627353889402,0.0199502134043723,7,0.670080572765198,100,900,100,800
"core",98,500,"random",3,398,398,12.3293237895705,2.69739809900057,0.0263676266558468,6,3.46243166147175,100,900,100,800
"core",99,500,"random",3,399,399,8.71596390986815,2.47570041567087,0.0115155069809407,5,0.522611219213471,100,900,100,800
"core",100,500,"random",3,400,400,2.29243844351731,3.97147561318707,-0.0236685408605263,5,1.46253721918211,100,900,100,800
"core",1,50,"zero",3,401,401,6.32719460083172,2.85853830981068,0,8,2.04329274004284,100,900,100,800
"core",2,50,"zero",3,402,402,7.30160709866323,2.30538886378054,0,8,0.357632489504131,100,900,100,800
"core",3,50,"zero",3,403,403,10.7975693589542,2.38703471398912,0,7,0.739959894047183,100,900,100,800
"core",4,50,"zero",3,404,404,3.9481836988125,0.731659689801745,0,7,0.246212052958938,100,900,100,800
"core",5,50,"zero",3,405,405,7.3208698190283,2.70790913782548,0,10,0.497783347366224,100,900,100,800
"core",6,50,"zero",3,406,406,3.13249328988604,1.3712876085192,0,5,0.769310015865142,100,900,100,800
"core",7,50,"zero",3,407,407,2.41155745764263,2.12398496468086,0,9,1.45707354397277,100,900,100,800
"core",8,50,"zero",3,408,408,7.86021594936028,0.977073826710694,0,10,0.981108506362297,100,900,100,800
"core",9,50,"zero",3,409,409,7.01842583646066,2.00628761353437,0,8,0.791982799003763,100,900,100,800
"core",10,50,"zero",3,410,410,11.7307995711453,2.36760065588169,0,10,0.176373540282014,100,900,100,800
"core",11,50,"zero",3,411,411,14.49817019701,0.703432924230583,0,9,2.73812366335481,100,900,100,800
"core",12,50,"zero",3,412,412,8.35798067436554,3.96148339728825,0,9,0.233036105843939,100,900,100,800
"core",13,50,"zero",3,413,413,6.27696818416007,3.60508066171315,0,10,2.1745246159138,100,900,100,800
"core",14,50,"zero",3,414,414,10.6604177455883,0.934013178921305,0,5,0.264766516824966,100,900,100,800
"core",15,50,"zero",3,415,415,5.61368957371451,3.74649928091094,0,10,0.356459499468882,100,900,100,800
"core",16,50,"zero",3,416,416,4.85182518023066,1.16430747613776,0,9,1.66082637236683,100,900,100,800
"core",17,50,"zero",3,417,417,7.87611159868538,3.32275460485835,0,9,0.163685320196464,100,900,100,800
"core",18,50,"zero",3,418,418,5.61494260164909,2.59361332037952,0,7,0.32331737058624,100,900,100,800
"core",19,50,"zero",3,419,419,14.3609304584097,3.02827025973238,0,9,0.229462138273378,100,900,100,800
"core",20,50,"zero",3,420,420,7.07984113413841,1.96000897604972,0,8,0.591452190002423,100,900,100,800
"core",21,50,"zero",3,421,421,4.49314381065778,2.36550980596803,0,5,0.167899617517877,100,900,100,800
"core",22,50,"zero",3,422,422,2.68494895822369,1.21743023849558,0,9,0.392667252977623,100,900,100,800
"core",23,50,"zero",3,423,423,12.1725154211745,1.70127793529537,0,5,2.9941882990226,100,900,100,800
"core",24,50,"zero",3,424,424,7.53870735038072,2.53965310391504,0,10,1.16789981782858,100,900,100,800
"core",25,50,"zero",3,425,425,5.50542424689047,2.51888789073564,0,6,0.95694519576177,100,900,100,800
"core",26,50,"zero",3,426,426,5.8156368676573,3.12761818210129,0,6,0.306798135738062,100,900,100,800
"core",27,50,"zero",3,427,427,6.83093450125307,1.51528998324648,0,7,0.384285575422814,100,900,100,800
"core",28,50,"zero",3,428,428,6.71604768070392,3.96804121753667,0,8,0.841217207039317,100,900,100,800
"core",29,50,"zero",3,429,429,6.69578048703261,3.15690875286236,0,7,0.166455551092599,100,900,100,800
"core",30,50,"zero",3,430,430,12.0835565640591,2.86147736734711,0,9,0.109095011640695,100,900,100,800
"core",31,50,"zero",3,431,431,12.1735317443963,2.79096982430201,0,10,0.373636949584939,100,900,100,800
"core",32,50,"zero",3,432,432,6.61769472202286,2.18330371705815,0,7,0.36778401361056,100,900,100,800
"core",33,50,"zero",3,433,433,11.4721699568909,2.26397049776278,0,8,1.37750017263112,100,900,100,800
"core",34,50,"zero",3,434,434,6.24038265785202,2.34523721889127,0,10,0.305301534432755,100,900,100,800
"core",35,50,"zero",3,435,435,13.1679931553081,1.89703872043174,0,5,0.255908068279136,100,900,100,800
"core",36,50,"zero",3,436,436,7.97182573704049,0.740402688737959,0,7,0.958659738365694,100,900,100,800
"core",37,50,"zero",3,437,437,13.1369462704752,2.66509102517739,0,10,0.267829735133557,100,900,100,800
"core",38,50,"zero",3,438,438,7.05864814273082,1.15861674002372,0,8,3.49292071378794,100,900,100,800
"core",39,50,"zero",3,439,439,14.8008046681061,3.17868803499732,0,8,0.207021167890597,100,900,100,800
"core",40,50,"zero",3,440,440,5.42904290836304,3.90381213475484,0,9,1.45477897668218,100,900,100,800
"core",41,50,"zero",3,441,441,8.86510280403309,3.72521743772086,0,9,3.27294888726188,100,900,100,800
"core",42,50,"zero",3,442,442,5.82065239665098,1.37558646104299,0,6,0.462500766160784,100,900,100,800
"core",43,50,"zero",3,443,443,2.07304379995912,0.79686020151712,0,8,0.122455828711135,100,900,100,800
"core",44,50,"zero",3,444,444,4.66471613268368,3.00963245565072,0,9,0.158254509100934,100,900,100,800
"core",45,50,"zero",3,445,445,5.82380240387283,1.46041306050029,0,9,0.446871596466029,100,900,100,800
"core",46,50,"zero",3,446,446,10.2774309914093,2.24979276012164,0,10,0.292788231452408,100,900,100,800
"core",47,50,"zero",3,447,447,4.84560034237802,3.84733525488991,0,6,0.446490892135234,100,900,100,800
"core",48,50,"zero",3,448,448,9.24171195481904,1.47284930222668,0,9,1.51836702703179,100,900,100,800
"core",49,50,"zero",3,449,449,6.98721686960198,2.02211556525435,0,9,0.506887096438286,100,900,100,800
"core",50,50,"zero",3,450,450,2.28700369689614,1.87593641190324,0,5,0.397467326596914,100,900,100,800
"core",51,50,"zero",3,451,451,13.3777374122292,3.80998229084071,0,7,0.491537005292375,100,900,100,800
"core",52,50,"zero",3,452,452,8.82092778664082,3.70835097064264,0,10,0.37087545672044,100,900,100,800
"core",53,50,"zero",3,453,453,5.70130955986679,1.24283830425702,0,6,0.652235795298326,100,900,100,800
"core",54,50,"zero",3,454,454,11.2345827780664,1.96617777668871,0,8,0.865702643455896,100,900,100,800
"core",55,50,"zero",3,455,455,4.73237932031043,3.58376003056765,0,10,0.145039844419625,100,900,100,800
"core",56,50,"zero",3,456,456,8.00578028545715,3.29870146175381,0,7,0.373585464922572,100,900,100,800
"core",57,50,"zero",3,457,457,10.9550527003594,1.18252656538971,0,5,0.238154945411382,100,900,100,800
"core",58,50,"zero",3,458,458,11.2852427321486,3.39903616998345,0,9,0.961465980253976,100,900,100,800
"core",59,50,"zero",3,459,459,11.8575499490835,1.17276515322737,0,6,0.482352144476107,100,900,100,800
"core",60,50,"zero",3,460,460,12.8005965829361,0.976122996187769,0,8,0.169517880913238,100,900,100,800
"core",61,50,"zero",3,461,461,7.2514041941613,2.6567921115784,0,6,0.820465985064864,100,900,100,800
"core",62,50,"zero",3,462,462,13.091801766539,2.07119367644191,0,10,0.117901626369297,100,900,100,800
"core",63,50,"zero",3,463,463,10.5800860386807,1.87102131999563,0,9,1.56988911804925,100,900,100,800
"core",64,50,"zero",3,464,464,2.38318993709981,3.32448766974267,0,9,0.147082532688708,100,900,100,800
"core",65,50,"zero",3,465,465,10.9806110523641,0.965455334633589,0,5,4.2413543892197,100,900,100,800
"core",66,50,"zero",3,466,466,7.65865550446324,1.18006475747097,0,10,0.290597467506569,100,900,100,800
"core",67,50,"zero",3,467,467,10.3647687104531,0.970186671474949,0,6,0.340665964387689,100,900,100,800
"core",68,50,"zero",3,468,468,4.39761344739236,0.929544233251363,0,7,0.181221734433569,100,900,100,800
"core",69,50,"zero",3,469,469,5.69374771858566,2.67339397093747,0,9,0.133733668457521,100,900,100,800
"core",70,50,"zero",3,470,470,8.82061033602804,3.08562481834088,0,9,0.682907700745299,100,900,100,800
"core",71,50,"zero",3,471,471,12.0098802358843,0.985829904908314,0,9,0.152447269647772,100,900,100,800
"core",72,50,"zero",3,472,472,7.04907740629278,1.4410845907405,0,9,1.24749911064744,100,900,100,800
"core",73,50,"zero",3,473,473,2.15152445016429,3.45884780108463,0,6,0.123461419058986,100,900,100,800
"core",74,50,"zero",3,474,474,6.53566983318888,3.89800015510991,0,7,0.265535061220648,100,900,100,800
"core",75,50,"zero",3,475,475,11.4952766234055,3.65757499448955,0,8,1.00082291665426,100,900,100,800
"core",76,50,"zero",3,476,476,13.5295088612475,0.50284490804188,0,9,0.42091315931275,100,900,100,800
"core",77,50,"zero",3,477,477,10.5378764970228,0.898053998826072,0,7,1.09355823597056,100,900,100,800
"core",78,50,"zero",3,478,478,2.45587497972883,2.65923020732589,0,6,0.639733765131609,100,900,100,800
"core",79,50,"zero",3,479,479,14.7386312815361,0.640215818537399,0,8,0.518604291305497,100,900,100,800
"core",80,50,"zero",3,480,480,12.3364781208802,3.7356399865821,0,5,4.49046718836854,100,900,100,800
"core",81,50,"zero",3,481,481,9.84964855061844,0.549257725710049,0,6,0.203604007003015,100,900,100,800
"core",82,50,"zero",3,482,482,8.71434992412105,3.66477478889283,0,8,0.458229188546853,100,900,100,800
"core",83,50,"zero",3,483,483,9.07151021249592,3.23815861844923,0,8,0.23935267063344,100,900,100,800
"core",84,50,"zero",3,484,484,7.68298765807413,3.27084035647567,0,5,0.235030397100402,100,900,100,800
"core",85,50,"zero",3,485,485,13.4933726510499,0.986002745921724,0,7,0.377025449909564,100,900,100,800
"core",86,50,"zero",3,486,486,13.3278130397666,3.68560442293528,0,10,0.216103971061929,100,900,100,800
"core",87,50,"zero",3,487,487,11.9880971368402,3.45825573103502,0,7,1.23815365309636,100,900,100,800
"core",88,50,"zero",3,488,488,9.49833852471784,1.36513602361083,0,10,1.41662297621965,100,900,100,800
"core",89,50,"zero",3,489,489,8.47660132311285,1.95836309320293,0,6,0.830865880171425,100,900,100,800
"core",90,50,"zero",3,490,490,11.4294113388751,1.17966735246591,0,5,0.31939319540807,100,900,100,800
"core",91,50,"zero",3,491,491,8.38997935713269,0.816188621567562,0,5,0.788954114561072,100,900,100,800
"core",92,50,"zero",3,492,492,9.83333979779854,2.76724668848328,0,5,0.418068009719851,100,900,100,800
"core",93,50,"zero",3,493,493,9.21601457893848,1.16666969098151,0,8,2.76672717068194,100,900,100,800
"core",94,50,"zero",3,494,494,11.4543488945346,1.03894502506591,0,6,0.334552457097847,100,900,100,800
"core",95,50,"zero",3,495,495,3.8496537359897,2.31584297074005,0,8,0.435912125985385,100,900,100,800
"core",96,50,"zero",3,496,496,6.35197916999459,3.21987913886551,0,7,0.678958293857595,100,900,100,800
"core",97,50,"zero",3,497,497,13.5931692412123,3.92352416424546,0,6,0.851975607242364,100,900,100,800
"core",98,50,"zero",3,498,498,13.6462552226149,1.10546210908797,0,9,0.805520293912777,100,900,100,800
"core",99,50,"zero",3,499,499,5.8306319960393,2.75859814789146,0,6,0.303356692092308,100,900,100,800
"core",100,50,"zero",3,500,500,13.9039765703492,3.00476920651272,0,5,2.82391316802537,100,900,100,800
"core",1,100,"zero",3,501,501,6.9858592657838,0.689763374975882,0,6,0.831642821175519,100,900,100,800
"core",2,100,"zero",3,502,502,11.0595286935568,3.64040614303667,0,6,0.768731790152589,100,900,100,800
"core",3,100,"zero",3,503,503,11.8064524773508,1.57680497993715,0,9,0.205783410314401,100,900,100,800
"core",4,100,"zero",3,504,504,4.27664958452806,1.32435559225269,0,6,0.211746358948377,100,900,100,800
"core",5,100,"zero",3,505,505,6.48427090747282,0.905566289788112,0,9,0.269633880513991,100,900,100,800
"core",6,100,"zero",3,506,506,2.83668928872794,3.09820296801627,0,6,0.2714222407454,100,900,100,800
"core",7,100,"zero",3,507,507,7.96425809944049,0.997243310906924,0,9,1.28891945807897,100,900,100,800
"core",8,100,"zero",3,508,508,10.6021714240778,1.60385086177848,0,9,0.462489453006301,100,900,100,800
"core",9,100,"zero",3,509,509,14.1801412992645,3.20277937932406,0,7,0.258822632095298,100,900,100,800
"core",10,100,"zero",3,510,510,9.6806227103807,1.19860371330287,0,6,0.146950972521763,100,900,100,800
"core",11,100,"zero",3,511,511,5.4168260328006,1.65883898187894,0,5,0.170878597729068,100,900,100,800
"core",12,100,"zero",3,512,512,8.69829980516806,1.97712963144295,0,6,3.19868114564726,100,900,100,800
"core",13,100,"zero",3,513,513,7.33348927088082,3.50769669597503,0,5,0.238508932292779,100,900,100,800
"core",14,100,"zero",3,514,514,8.0389164572116,3.54210796381813,0,7,0.214857619671497,100,900,100,800
"core",15,100,"zero",3,515,515,14.1333302219864,2.58570199052338,0,5,0.292227146099524,100,900,100,800
"core",16,100,"zero",3,516,516,5.92515800404362,1.94147795578465,0,10,0.213328971177207,100,900,100,800
"core",17,100,"zero",3,517,517,6.75801377091557,2.32008922100067,0,5,0.238214699240137,100,900,100,800
"core",18,100,"zero",3,518,518,12.3885384988971,3.64493367727846,0,8,0.256576244877753,100,900,100,800
"core",19,100,"zero",3,519,519,5.76847450924106,3.82817151129711,0,8,0.31870717299371,100,900,100,800
"core",20,100,"zero",3,520,520,9.60705886106007,3.83685231162235,0,7,0.476699642225179,100,900,100,800
"core",21,100,"zero",3,521,521,9.82148315967061,1.54035172890872,0,10,0.343524529057674,100,900,100,800
"core",22,100,"zero",3,522,522,14.9338906949852,0.528719298774377,0,9,0.692606371161584,100,900,100,800
"core",23,100,"zero",3,523,523,11.4913270026445,2.70018491882365,0,10,0.754478821926798,100,900,100,800
"core",24,100,"zero",3,524,524,12.2057821811177,2.11402403959073,0,8,0.376810147794108,100,900,100,800
"core",25,100,"zero",3,525,525,5.3424027482979,3.9988898485899,0,9,0.116966647824087,100,900,100,800
"core",26,100,"zero",3,526,526,11.6416812501848,2.4125483216485,0,8,2.75456528515713,100,900,100,800
"core",27,100,"zero",3,527,527,7.7851190478541,1.76392149704043,0,9,0.42904409677157,100,900,100,800
"core",28,100,"zero",3,528,528,5.43531739478931,1.42244639794808,0,7,0.87727207458673,100,900,100,800
"core",29,100,"zero",3,529,529,7.86041237949394,3.8708561649546,0,10,0.258761529091219,100,900,100,800
"core",30,100,"zero",3,530,530,7.66008584527299,3.87013493129052,0,6,1.03193240335777,100,900,100,800
"core",31,100,"zero",3,531,531,4.17550115962513,0.697506268392317,0,8,1.46444939706412,100,900,100,800
"core",32,100,"zero",3,532,532,5.13018922321498,3.70515637693461,0,8,3.14695256984571,100,900,100,800
"core",33,100,"zero",3,533,533,8.59875677293167,2.62953465618193,0,6,0.223281082674411,100,900,100,800
"core",34,100,"zero",3,534,534,2.91891707899049,0.908766851061955,0,10,0.681774568885314,100,900,100,800
"core",35,100,"zero",3,535,535,14.4104198254645,1.5224066383671,0,9,0.415178263765182,100,900,100,800
"core",36,100,"zero",3,536,536,4.17824146850035,2.05254071101081,0,5,0.348496907584775,100,900,100,800
"core",37,100,"zero",3,537,537,12.5578173038084,0.723745200550184,0,5,0.22010307661969,100,900,100,800
"core",38,100,"zero",3,538,538,7.0126714205835,3.95499251433648,0,10,1.03950531978423,100,900,100,800
"core",39,100,"zero",3,539,539,5.02531375316903,1.4383464542916,0,5,0.854648669030446,100,900,100,800
"core",40,100,"zero",3,540,540,3.99959110561758,3.5411724364385,0,9,4.89179992869003,100,900,100,800
"core",41,100,"zero",3,541,541,10.287989096716,3.96490737842396,0,10,0.120675930868984,100,900,100,800
"core",42,100,"zero",3,542,542,12.0064282873645,2.56530452053994,0,7,5.25260021476028,100,900,100,800
"core",43,100,"zero",3,543,543,7.23023894638754,1.9832933943253,0,10,0.29315395986531,100,900,100,800
"core",44,100,"zero",3,544,544,12.8289553741924,3.27049751277082,0,10,2.0694469779407,100,900,100,800
"core",45,100,"zero",3,545,545,7.65534112090245,1.50105343700852,0,8,0.633741850023993,100,900,100,800
"core",46,100,"zero",3,546,546,5.19067371985875,3.0065673335921,0,7,0.973439310944977,100,900,100,800
"core",47,100,"zero",3,547,547,12.5104238644708,3.48887722787913,0,6,0.695044087240302,100,900,100,800
"core",48,100,"zero",3,548,548,5.78564519132487,2.30581366922706,0,10,2.42369394758108,100,900,100,800
"core",49,100,"zero",3,549,549,11.4603874934837,1.35279224696569,0,5,0.279761008921258,100,900,100,800
"core",50,100,"zero",3,550,550,2.60268346616067,1.05119849939365,0,6,1.27093769843863,100,900,100,800
"core",51,100,"zero",3,551,551,12.7002901770175,2.57660302217118,0,6,0.155356640383471,100,900,100,800
"core",52,100,"zero",3,552,552,3.42343803867698,2.82759085902944,0,7,0.235392083582264,100,900,100,800
"core",53,100,"zero",3,553,553,10.7950166903902,2.63614695542492,0,7,1.01081743584359,100,900,100,800
"core",54,100,"zero",3,554,554,2.4828038206324,1.72262262983713,0,6,0.767503936446791,100,900,100,800
"core",55,100,"zero",3,555,555,4.74992670561187,1.68160200293642,0,6,0.413617331092376,100,900,100,800
"core",56,100,"zero",3,556,556,6.74695973680355,2.21653975418303,0,7,0.467289156595945,100,900,100,800
"core",57,100,"zero",3,557,557,6.02416428504512,1.73679117613938,0,5,0.65949018454183,100,900,100,800
"core",58,100,"zero",3,558,558,13.777394651901,3.44851948076393,0,6,1.52546438603057,100,900,100,800
"core",59,100,"zero",3,559,559,3.46342379460111,3.83224311063532,0,5,0.682549947905806,100,900,100,800
"core",60,100,"zero",3,560,560,6.12413469818421,3.89786206744611,0,7,0.14808133515142,100,900,100,800
"core",61,100,"zero",3,561,561,11.5195943028666,2.02709995524492,0,10,2.82149422718952,100,900,100,800
"core",62,100,"zero",3,562,562,12.5569423199631,1.07007470540702,0,7,1.49218817035,100,900,100,800
"core",63,100,"zero",3,563,563,13.8694127183408,3.94816189818084,0,9,0.385748991946995,100,900,100,800
"core",64,100,"zero",3,564,564,7.12198276352137,2.8482464394765,0,9,2.20234836240993,100,900,100,800
"core",65,100,"zero",3,565,565,2.68252439587377,1.96827760280576,0,7,0.328044032327361,100,900,100,800
"core",66,100,"zero",3,566,566,7.0349232708104,2.9368528224295,0,10,0.116792674265641,100,900,100,800
"core",67,100,"zero",3,567,567,8.91218054830097,1.90739383327309,0,8,0.159447091162751,100,900,100,800
"core",68,100,"zero",3,568,568,9.76996883423999,1.05749252275564,0,6,0.483353251398042,100,900,100,800
"core",69,100,"zero",3,569,569,11.0464663302992,1.44607595389243,0,7,0.224374165295073,100,900,100,800
"core",70,100,"zero",3,570,570,2.45060527231544,1.41268831060734,0,6,0.698196806274919,100,900,100,800
"core",71,100,"zero",3,571,571,7.37270911363885,0.506827807170339,0,7,4.32579644632391,100,900,100,800
"core",72,100,"zero",3,572,572,11.5557133359835,0.841935347300023,0,9,0.382425354813634,100,900,100,800
"core",73,100,"zero",3,573,573,4.65745264594443,0.600606721825898,0,10,0.566916793135117,100,900,100,800
"core",74,100,"zero",3,574,574,2.77846370683983,1.4185957639711,0,6,1.65256976307036,100,900,100,800
"core",75,100,"zero",3,575,575,4.02009632065892,2.11588500579819,0,7,0.110872674844131,100,900,100,800
"core",76,100,"zero",3,576,576,3.14677691482939,1.61877027992159,0,9,1.43809768960233,100,900,100,800
"core",77,100,"zero",3,577,577,13.7011738759466,1.30455357581377,0,9,0.253184843638303,100,900,100,800
"core",78,100,"zero",3,578,578,8.42776840203442,1.55104161787312,0,9,0.519869428517291,100,900,100,800
"core",79,100,"zero",3,579,579,7.40796300908551,3.79293655883521,0,5,0.124485158431801,100,900,100,800
"core",80,100,"zero",3,580,580,10.0696341644507,1.2794248732971,0,7,0.273151752764613,100,900,100,800
"core",81,100,"zero",3,581,581,13.4655710540246,2.70892131130677,0,5,2.41268645037396,100,900,100,800
"core",82,100,"zero",3,582,582,10.5965384342708,2.99342553538736,0,5,1.26139095972797,100,900,100,800
"core",83,100,"zero",3,583,583,5.34942855872214,1.57698688679375,0,5,0.208211090629162,100,900,100,800
"core",84,100,"zero",3,584,584,4.13872366165742,0.920474621118046,0,8,0.647806455796034,100,900,100,800
"core",85,100,"zero",3,585,585,13.71321909572,3.47327207587659,0,5,0.359793686283578,100,900,100,800
"core",86,100,"zero",3,586,586,2.60991123365238,0.663975531468168,0,10,0.143672810588446,100,900,100,800
"core",87,100,"zero",3,587,587,11.1654359174427,1.32208204094786,0,5,0.267697502702931,100,900,100,800
"core",88,100,"zero",3,588,588,11.7968799036462,2.24686468590517,0,10,2.75339453250739,100,900,100,800
"core",89,100,"zero",3,589,589,8.63244532630779,2.48453186138067,0,8,0.324161302488688,100,900,100,800
"core",90,100,"zero",3,590,590,8.70655502844602,3.50461552676279,0,7,0.188220039004392,100,900,100,800
"core",91,100,"zero",3,591,591,13.4111057727132,3.0887005594559,0,8,1.18010661442552,100,900,100,800
"core",92,100,"zero",3,592,592,5.66911228885874,0.677719935658388,0,8,0.49820412401257,100,900,100,800
"core",93,100,"zero",3,593,593,6.63549007475376,2.30813771300018,0,5,0.250140895517292,100,900,100,800
"core",94,100,"zero",3,594,594,7.08618155634031,3.8808761194814,0,8,0.616634868076106,100,900,100,800
"core",95,100,"zero",3,595,595,6.65613745851442,1.93088534311391,0,8,0.10492417088967,100,900,100,800
"core",96,100,"zero",3,596,596,2.85157712316141,2.16374062735122,0,7,1.16319769119818,100,900,100,800
"core",97,100,"zero",3,597,597,8.46497560548596,1.87672315025702,0,10,0.227016952386104,100,900,100,800
"core",98,100,"zero",3,598,598,14.7301522870548,3.22242572891992,0,5,1.28450358886994,100,900,100,800
"core",99,100,"zero",3,599,599,7.97979984944686,1.7335912398994,0,5,4.00957841751738,100,900,100,800
"core",100,100,"zero",3,600,600,14.1946031784173,1.96291982394177,0,7,1.10345190273058,100,900,100,800
"core",1,200,"zero",3,601,601,7.73219088069163,3.75044828315731,0,9,0.512346845653951,100,900,100,800
"core",2,200,"zero",3,602,602,10.0103974926751,0.723956127068959,0,9,0.158915090600255,100,900,100,800
"core",3,200,"zero",3,603,603,7.55642809253186,2.26945526525378,0,8,0.1516759631639,100,900,100,800
"core",4,200,"zero",3,604,604,11.0942469879519,2.51758011372294,0,9,0.466911423287485,100,900,100,800
"core",5,200,"zero",3,605,605,4.54027048917487,1.12653298908845,0,6,0.18996665876928,100,900,100,800
"core",6,200,"zero",3,606,606,4.25690378411673,2.05166696908418,0,9,0.339365870035087,100,900,100,800
"core",7,200,"zero",3,607,607,12.8031137350481,1.54224760329816,0,5,0.180572033271134,100,900,100,800
"core",8,200,"zero",3,608,608,10.0928215708118,0.577038315706886,0,9,3.67826768651568,100,900,100,800
"core",9,200,"zero",3,609,609,4.60926984483376,1.04013624996878,0,6,0.304496368713049,100,900,100,800
"core",10,200,"zero",3,610,610,13.2022055415437,3.74498769559432,0,9,0.669046063573044,100,900,100,800
"core",11,200,"zero",3,611,611,4.90822621411644,2.83952016325202,0,5,0.647523677069757,100,900,100,800
"core",12,200,"zero",3,612,612,8.77824675454758,3.23528379679192,0,5,0.613939201296546,100,900,100,800
"core",13,200,"zero",3,613,613,4.5103513863869,1.84838596230838,0,7,0.199260711907695,100,900,100,800
"core",14,200,"zero",3,614,614,10.3503213054501,2.30018658551853,0,7,0.64807204386957,100,900,100,800
"core",15,200,"zero",3,615,615,14.3687809503172,2.64383461279795,0,6,1.13896741429886,100,900,100,800
"core",16,200,"zero",3,616,616,9.92541654477827,3.96692552883178,0,10,0.227394053284483,100,900,100,800
"core",17,200,"zero",3,617,617,11.2458153176121,2.67302572738845,0,9,0.417692870563812,100,900,100,800
"core",18,200,"zero",3,618,618,9.79172177123837,0.969143959344365,0,6,0.36605671866815,100,900,100,800
"core",19,200,"zero",3,619,619,11.4407116211951,0.504030889831483,0,9,0.254011813621503,100,900,100,800
"core",20,200,"zero",3,620,620,2.11906244023703,0.595736981136724,0,9,2.63920185312766,100,900,100,800
"core",21,200,"zero",3,621,621,2.31760820909403,1.15982863749377,0,8,0.280441126555077,100,900,100,800
"core",22,200,"zero",3,622,622,8.63560123578645,1.87354157469235,0,7,0.250062528401153,100,900,100,800
"core",23,200,"zero",3,623,623,6.575125339441,3.94538452965207,0,8,0.319930802494332,100,900,100,800
"core",24,200,"zero",3,624,624,10.8039975038264,2.80576244939584,0,7,0.167968381369855,100,900,100,800
"core",25,200,"zero",3,625,625,13.3947830027901,2.52626424538903,0,7,3.71590169789066,100,900,100,800
"core",26,200,"zero",3,626,626,6.56309129460715,2.26549297838937,0,8,0.259755812841783,100,900,100,800
"core",27,200,"zero",3,627,627,13.9298409952316,2.05274646694306,0,7,0.156364120806421,100,900,100,800
"core",28,200,"zero",3,628,628,13.6576285567135,1.53000865143258,0,9,0.176320197474118,100,900,100,800
"core",29,200,"zero",3,629,629,2.28776654996909,2.94988177635241,0,8,0.361477955612207,100,900,100,800
"core",30,200,"zero",3,630,630,14.3970991401002,1.09858140139841,0,9,0.159323039040771,100,900,100,800
"core",31,200,"zero",3,631,631,2.12658859556541,2.99465022527147,0,7,0.741669512104851,100,900,100,800
"core",32,200,"zero",3,632,632,7.92068410431966,0.680292555480264,0,8,0.249978935245854,100,900,100,800
"core",33,200,"zero",3,633,633,3.11259333766066,0.826439679716714,0,5,1.58174695767125,100,900,100,800
"core",34,200,"zero",3,634,634,13.4132409670856,1.96298750606366,0,6,0.658310138408895,100,900,100,800
"core",35,200,"zero",3,635,635,3.10319974157028,2.26055098720826,0,5,0.767260748722483,100,900,100,800
"core",36,200,"zero",3,636,636,11.8179307233077,3.83085023611784,0,7,0.684347304771558,100,900,100,800
"core",37,200,"zero",3,637,637,12.0042403873522,3.18405182217248,0,9,0.389013258996992,100,900,100,800
"core",38,200,"zero",3,638,638,10.2644185340032,2.25522451708093,0,10,0.353594644631164,100,900,100,800
"core",39,200,"zero",3,639,639,10.7794306674041,2.5726483555045,0,8,0.758826413481253,100,900,100,800
"core",40,200,"zero",3,640,640,8.93539331317879,3.31346549256705,0,9,0.284688652977882,100,900,100,800
"core",41,200,"zero",3,641,641,14.5084655489773,1.9086838477524,0,6,0.361463262953779,100,900,100,800
"core",42,200,"zero",3,642,642,10.6151655693538,2.89717315963935,0,5,0.346124931693024,100,900,100,800
"core",43,200,"zero",3,643,643,9.50487252580933,1.94511272327509,0,8,0.422557321273304,100,900,100,800
"core",44,200,"zero",3,644,644,8.54274629894644,3.73416017123964,0,6,0.177886212489559,100,900,100,800
"core",45,200,"zero",3,645,645,6.74750648555346,1.01998353737872,0,6,0.673644583502203,100,900,100,800
"core",46,200,"zero",3,646,646,14.0698266332038,1.26700409362093,0,5,1.18947083698383,100,900,100,800
"core",47,200,"zero",3,647,647,14.3057039070409,1.80452714627609,0,10,1.59785356935836,100,900,100,800
"core",48,200,"zero",3,648,648,8.55289846216328,0.642103477031924,0,8,0.137355406487321,100,900,100,800
"core",49,200,"zero",3,649,649,12.1535160746425,2.79500882572029,0,10,0.225928072754466,100,900,100,800
"core",50,200,"zero",3,650,650,6.49760603369214,1.9637798917247,0,9,2.66345157692401,100,900,100,800
"core",51,200,"zero",3,651,651,11.8718166965991,1.37881423532963,0,5,5.12565554482461,100,900,100,800
"core",52,200,"zero",3,652,652,10.8455433927011,2.99565960280597,0,8,0.280560955094377,100,900,100,800
"core",53,200,"zero",3,653,653,13.1562700080685,2.2901355936192,0,7,0.556079424819565,100,900,100,800
"core",54,200,"zero",3,654,654,2.07306306553073,0.718977528624237,0,8,0.252569316740125,100,900,100,800
"core",55,200,"zero",3,655,655,7.39789307792671,2.59043913602363,0,6,1.03217588446918,100,900,100,800
"core",56,200,"zero",3,656,656,2.4444605386816,2.86255582619924,0,5,0.22885591656966,100,900,100,800
"core",57,200,"zero",3,657,657,10.3451320836321,3.40204038424417,0,8,0.903031137749465,100,900,100,800
"core",58,200,"zero",3,658,658,8.9913417045027,3.28547274065204,0,6,0.313267613130588,100,900,100,800
"core",59,200,"zero",3,659,659,13.1893713292666,0.689607303938828,0,6,0.320787966824735,100,900,100,800
"core",60,200,"zero",3,660,660,14.7162653210107,3.86578599130735,0,8,4.00234593006244,100,900,100,800
"core",61,200,"zero",3,661,661,2.33088533277623,2.43008266715333,0,8,1.4424497798165,100,900,100,800
"core",62,200,"zero",3,662,662,6.57688583433628,3.34826436045114,0,10,0.61353589088223,100,900,100,800
"core",63,200,"zero",3,663,663,8.58043645229191,3.447262429283,0,9,0.931476935993995,100,900,100,800
"core",64,200,"zero",3,664,664,4.32481025671586,3.13667397992685,0,8,0.508236026782949,100,900,100,800
"core",65,200,"zero",3,665,665,4.49446970270947,2.69833321485203,0,10,0.635550990510966,100,900,100,800
"core",66,200,"zero",3,666,666,7.32177236489952,3.75870060524903,0,5,0.470147360679164,100,900,100,800
"core",67,200,"zero",3,667,667,4.38955134898424,0.60874472791329,0,9,0.265594281840692,100,900,100,800
"core",68,200,"zero",3,668,668,13.8972699902952,2.2821062252624,0,7,3.52007648247279,100,900,100,800
"core",69,200,"zero",3,669,669,4.84493827261031,2.11784493189771,0,9,0.196645712291422,100,900,100,800
"core",70,200,"zero",3,670,670,12.085910647409,2.45791251992341,0,8,1.41025618216419,100,900,100,800
"core",71,200,"zero",3,671,671,10.3344464078546,3.64925220166333,0,5,0.15099534546609,100,900,100,800
"core",72,200,"zero",3,672,672,12.7695842308458,3.04041430912912,0,5,0.203633844196257,100,900,100,800
"core",73,200,"zero",3,673,673,8.41002667509019,1.0601639036322,0,8,0.188276495514178,100,900,100,800
"core",74,200,"zero",3,674,674,8.26024559116922,1.26951115904376,0,6,0.542849756682032,100,900,100,800
"core",75,200,"zero",3,675,675,3.71264317142777,2.46082576608751,0,8,0.313369678701981,100,900,100,800
"core",76,200,"zero",3,676,676,12.0669128838927,1.76832157408353,0,7,1.49619758598678,100,900,100,800
"core",77,200,"zero",3,677,677,11.376828490058,1.32200142950751,0,7,2.25627614852013,100,900,100,800
"core",78,200,"zero",3,678,678,13.750390549656,3.88197973778006,0,6,0.341059540037675,100,900,100,800
"core",79,200,"zero",3,679,679,10.9256120133214,3.48253197781742,0,5,0.484286943996947,100,900,100,800
"core",80,200,"zero",3,680,680,14.912662014598,1.17929428059142,0,9,0.520158471059313,100,900,100,800
"core",81,200,"zero",3,681,681,10.8687614484224,3.57041563093662,0,9,0.190265580789489,100,900,100,800
"core",82,200,"zero",3,682,682,3.99379947222769,1.43005638895556,0,7,0.168654761284318,100,900,100,800
"core",83,200,"zero",3,683,683,10.3344304475468,2.65810753894038,0,10,0.182307646793725,100,900,100,800
"core",84,200,"zero",3,684,684,7.0572494592052,3.34557586244773,0,9,0.434041462004707,100,900,100,800
"core",85,200,"zero",3,685,685,13.5482626012526,2.91960742673837,0,5,0.372891987316257,100,900,100,800
"core",86,200,"zero",3,686,686,7.8682765585836,2.8757626368897,0,8,0.596950137510472,100,900,100,800
"core",87,200,"zero",3,687,687,5.25567380618304,2.08784633304458,0,8,0.406455112397076,100,900,100,800
"core",88,200,"zero",3,688,688,6.01565659651533,2.30180664558429,0,8,0.186457364109916,100,900,100,800
"core",89,200,"zero",3,689,689,5.57028162269853,3.94871385523584,0,7,0.128028642816205,100,900,100,800
"core",90,200,"zero",3,690,690,3.72287316876464,3.17866154643707,0,8,0.194408211826243,100,900,100,800
"core",91,200,"zero",3,691,691,11.9982486190274,3.46378927968908,0,10,1.18064655442853,100,900,100,800
"core",92,200,"zero",3,692,692,6.97288995538838,2.42279276275076,0,10,0.158638174597004,100,900,100,800
"core",93,200,"zero",3,693,693,11.4422415981535,0.824044426903129,0,10,0.747075139480437,100,900,100,800
"core",94,200,"zero",3,694,694,6.01883256458677,1.63565606111661,0,8,0.301759168549691,100,900,100,800
"core",95,200,"zero",3,695,695,13.2614007885568,0.796744114719331,0,5,0.339164685541321,100,900,100,800
"core",96,200,"zero",3,696,696,11.2322329927702,1.37722028326243,0,7,1.07598393377274,100,900,100,800
"core",97,200,"zero",3,697,697,8.44092686008662,2.23260399152059,0,6,0.325235913370639,100,900,100,800
"core",98,200,"zero",3,698,698,4.04601749801077,0.588797449367121,0,8,1.13325448860523,100,900,100,800
"core",99,200,"zero",3,699,699,11.4564918919932,1.78935732587706,0,5,2.20530257191706,100,900,100,800
"core",100,200,"zero",3,700,700,6.27382963034324,3.88992757059168,0,9,0.217825759399539,100,900,100,800
"core",1,500,"zero",3,701,701,13.3021138568874,2.58464510960039,0,5,0.660462703854437,100,900,100,800
"core",2,500,"zero",3,702,702,8.34129274846055,1.17539414262865,0,8,0.694207622947761,100,900,100,800
"core",3,500,"zero",3,703,703,5.12380217318423,1.67979331873357,0,9,0.181681201128858,100,900,100,800
"core",4,500,"zero",3,704,704,4.68511994997971,1.14505864074454,0,7,0.357133649315977,100,900,100,800
"core",5,500,"zero",3,705,705,14.4930678200908,1.51164141041227,0,10,1.3471575268038,100,900,100,800
"core",6,500,"zero",3,706,706,8.30778870265931,1.05603330256417,0,8,0.682064740099087,100,900,100,800
"core",7,500,"zero",3,707,707,5.0249539243523,3.41743845201563,0,6,0.74787170266154,100,900,100,800
"core",8,500,"zero",3,708,708,10.7077875910327,3.93233088240959,0,10,0.298657052958105,100,900,100,800
"core",9,500,"zero",3,709,709,2.66446743695997,3.37161482125521,0,7,0.985227888494246,100,900,100,800
"core",10,500,"zero",3,710,710,7.73585357307456,3.32777878025081,0,6,0.819172954275353,100,900,100,800
"core",11,500,"zero",3,711,711,7.85858131782152,3.15531017049216,0,5,0.635812618019495,100,900,100,800
"core",12,500,"zero",3,712,712,11.3542152824812,2.30055180168711,0,8,2.36890151689794,100,900,100,800
"core",13,500,"zero",3,713,713,9.5514107523486,2.21271638292819,0,7,0.31508255183039,100,900,100,800
"core",14,500,"zero",3,714,714,3.5753152531106,2.12802782549988,0,8,0.230661933308188,100,900,100,800
"core",15,500,"zero",3,715,715,5.21396199730225,3.2957919902401,0,6,0.576763569884879,100,900,100,800
"core",16,500,"zero",3,716,716,13.9101227992214,0.802787250955589,0,10,0.293826320482108,100,900,100,800
"core",17,500,"zero",3,717,717,4.01146991201676,0.707885970245115,0,10,0.188523701550018,100,900,100,800
"core",18,500,"zero",3,718,718,6.44741615955718,1.59865132160485,0,5,0.141941963256366,100,900,100,800
"core",19,500,"zero",3,719,719,5.26263585104607,0.803081615827978,0,6,0.448928823558456,100,900,100,800
"core",20,500,"zero",3,720,720,10.9160435530357,3.80047292460222,0,6,2.58757602913127,100,900,100,800
"core",21,500,"zero",3,721,721,13.2975149333943,3.58012646588031,0,9,1.02193863955494,100,900,100,800
"core",22,500,"zero",3,722,722,8.09593507903628,1.89939962083008,0,5,1.1606341591781,100,900,100,800
"core",23,500,"zero",3,723,723,2.23185820621438,1.6461821089033,0,6,1.04701389924074,100,900,100,800
"core",24,500,"zero",3,724,724,9.38227200345136,3.46473406930454,0,8,0.178850786847222,100,900,100,800
"core",25,500,"zero",3,725,725,2.23750701406971,2.64552646211814,0,5,0.172790062329297,100,900,100,800
"core",26,500,"zero",3,726,726,12.9763274111319,3.24800823046826,0,5,0.994289644207228,100,900,100,800
"core",27,500,"zero",3,727,727,3.27834851038642,3.88184258074034,0,10,0.371658712363866,100,900,100,800
"core",28,500,"zero",3,728,728,4.76108689256944,0.995567873003893,0,5,0.223215114545011,100,900,100,800
"core",29,500,"zero",3,729,729,13.1557950580027,1.69153856718913,0,10,0.299811742927873,100,900,100,800
"core",30,500,"zero",3,730,730,6.2375296219252,3.46553732908797,0,9,3.71128702159588,100,900,100,800
"core",31,500,"zero",3,731,731,12.5894327787682,1.01914354157634,0,5,0.179420965064111,100,900,100,800
"core",32,500,"zero",3,732,732,5.99859173735604,3.5478560164338,0,8,0.786650102035082,100,900,100,800
"core",33,500,"zero",3,733,733,4.59632180980407,0.505320030730218,0,8,0.427511348181637,100,900,100,800
"core",34,500,"zero",3,734,734,3.61261838790961,2.94790801149793,0,10,0.17154976394163,100,900,100,800
"core",35,500,"zero",3,735,735,8.74002453242429,1.99137111194432,0,5,0.19091740238509,100,900,100,800
"core",36,500,"zero",3,736,736,11.841050274903,1.16637441993225,0,6,0.263925013740267,100,900,100,800
"core",37,500,"zero",3,737,737,11.5352229855489,1.99319288029801,0,7,0.131534524044147,100,900,100,800
"core",38,500,"zero",3,738,738,2.70702118612826,0.756842512753792,0,9,0.344375502893628,100,900,100,800
"core",39,500,"zero",3,739,739,10.9205277396832,3.40676314744633,0,7,0.254728493121603,100,900,100,800
"core",40,500,"zero",3,740,740,10.4800957667176,1.17651503614616,0,8,2.76221790757147,100,900,100,800
"core",41,500,"zero",3,741,741,11.1340311076492,1.54254761955235,0,5,0.570333965807178,100,900,100,800
"core",42,500,"zero",3,742,742,4.08155379071832,1.30132047447842,0,6,1.99025121711183,100,900,100,800
"core",43,500,"zero",3,743,743,9.51727092149667,1.83729932352435,0,7,0.504962599796187,100,900,100,800
"core",44,500,"zero",3,744,744,4.06642597354949,2.08188141405117,0,6,0.244013413775797,100,900,100,800
"core",45,500,"zero",3,745,745,10.1640287821647,2.06183968123514,0,6,0.627588193539279,100,900,100,800
"core",46,500,"zero",3,746,746,8.70645479299128,3.04226299549919,0,8,0.398088253689198,100,900,100,800
"core",47,500,"zero",3,747,747,2.97371153370477,2.7188635856146,0,7,1.15916885775037,100,900,100,800
"core",48,500,"zero",3,748,748,14.2988092084415,3.49932540149894,0,10,0.242347641306622,100,900,100,800
"core",49,500,"zero",3,749,749,14.7760441347491,3.07888559810817,0,6,0.762529900398519,100,900,100,800
"core",50,500,"zero",3,750,750,13.2713903945405,1.46218297141604,0,6,0.222743144718067,100,900,100,800
"core",51,500,"zero",3,751,751,7.54765942436643,1.36084579688031,0,6,0.987587406666546,100,900,100,800
"core",52,500,"zero",3,752,752,4.07693657022901,2.96157017769292,0,9,0.376392726729148,100,900,100,800
"core",53,500,"zero",3,753,753,10.9528036378324,2.64111727115232,0,5,0.491171787881567,100,900,100,800
"core",54,500,"zero",3,754,754,9.39490422536619,3.58505196333863,0,8,0.929036922204595,100,900,100,800
"core",55,500,"zero",3,755,755,3.12716741114855,2.73181125172414,0,10,2.43269908962989,100,900,100,800
"core",56,500,"zero",3,756,756,8.74970063171349,1.06972284067888,0,7,1.17760277172423,100,900,100,800
"core",57,500,"zero",3,757,757,6.64716863422655,2.3505073756678,0,9,0.633296808045602,100,900,100,800
"core",58,500,"zero",3,758,758,2.95436002826318,1.29306156060193,0,8,0.186019774523742,100,900,100,800
"core",59,500,"zero",3,759,759,12.0777734359726,3.72282296232879,0,6,0.16418480536984,100,900,100,800
"core",60,500,"zero",3,760,760,5.16302960715257,3.18567293509841,0,7,1.67456608813475,100,900,100,800
"core",61,500,"zero",3,761,761,9.25709092360921,0.632050931919366,0,10,0.288736861776525,100,900,100,800
"core",62,500,"zero",3,762,762,5.93987384065986,1.5520398800727,0,8,0.718690787224021,100,900,100,800
"core",63,500,"zero",3,763,763,9.84314621891826,3.05868359422311,0,10,0.221815978778157,100,900,100,800
"core",64,500,"zero",3,764,764,14.0145660787821,3.48659127450082,0,10,0.618769861613649,100,900,100,800
"core",65,500,"zero",3,765,765,3.24474015808664,3.61659958271775,0,8,0.562878811910758,100,900,100,800
"core",66,500,"zero",3,766,766,5.66677874233574,1.46774240967352,0,9,0.477288211384809,100,900,100,800
"core",67,500,"zero",3,767,767,10.9530779202469,0.873562350869179,0,7,0.334011906075257,100,900,100,800
"core",68,500,"zero",3,768,768,13.1740602515638,1.1239162045531,0,6,0.159473828747603,100,900,100,800
"core",69,500,"zero",3,769,769,5.960308594862,2.45197701256257,0,5,1.12130257477517,100,900,100,800
"core",70,500,"zero",3,770,770,4.4852689045947,2.09225639922079,0,6,0.231749681286431,100,900,100,800
"core",71,500,"zero",3,771,771,2.62919299560599,1.07752260973211,0,8,0.175034131643022,100,900,100,800
"core",72,500,"zero",3,772,772,14.1144064727705,3.73285297607072,0,9,3.14229932071462,100,900,100,800
"core",73,500,"zero",3,773,773,11.5309863244183,1.7608141049277,0,6,0.32585707806239,100,900,100,800
"core",74,500,"zero",3,774,774,3.95611928007565,3.65718219126575,0,9,0.452867024817064,100,900,100,800
"core",75,500,"zero",3,775,775,8.58158165053464,2.29900863952935,0,8,1.2712513942655,100,900,100,800
"core",76,500,"zero",3,776,776,5.24129740078934,3.49855972768273,0,9,0.773591041949896,100,900,100,800
"core",77,500,"zero",3,777,777,5.00961392256431,2.01902118558064,0,9,0.323008271283045,100,900,100,800
"core",78,500,"zero",3,778,778,11.3535506248008,1.48976710357238,0,8,0.408308867396015,100,900,100,800
"core",79,500,"zero",3,779,779,9.90949879982509,3.91223923652433,0,10,0.408905770020335,100,900,100,800
"core",80,500,"zero",3,780,780,10.8769359227736,0.90974433964584,0,6,0.355842381445805,100,900,100,800
"core",81,500,"zero",3,781,781,2.40991725679487,2.12266286241356,0,6,0.526563020603464,100,900,100,800
"core",82,500,"zero",3,782,782,13.1745060626417,3.48628917860333,0,9,0.254654514259363,100,900,100,800
"core",83,500,"zero",3,783,783,14.755421722075,0.807543955859728,0,10,1.62357717864659,100,900,100,800
"core",84,500,"zero",3,784,784,2.37925264448859,1.79244646488223,0,9,0.612928921069903,100,900,100,800
"core",85,500,"zero",3,785,785,2.11850549420342,1.28785232710652,0,9,0.132204888122072,100,900,100,800
"core",86,500,"zero",3,786,786,12.8255961001851,2.20944286463782,0,9,0.225667460900568,100,900,100,800
"core",87,500,"zero",3,787,787,10.1668244299944,1.81081216735765,0,6,0.301482860188417,100,900,100,800
"core",88,500,"zero",3,788,788,6.05949152889661,3.67495446361136,0,9,0.86535645721061,100,900,100,800
"core",89,500,"zero",3,789,789,7.33011240512133,1.6434962291969,0,8,0.250856457539018,100,900,100,800
"core",90,500,"zero",3,790,790,7.64055673335679,3.47783115028869,0,7,0.518947559678339,100,900,100,800
"core",91,500,"zero",3,791,791,3.5454629487358,3.06722031813115,0,5,0.206330425013235,100,900,100,800
"core",92,500,"zero",3,792,792,3.71610556542873,3.3210892326897,0,10,2.14349086196638,100,900,100,800
"core",93,500,"zero",3,793,793,10.1829704651609,1.36221956752706,0,8,0.473971309506979,100,900,100,800
"core",94,500,"zero",3,794,794,3.52505666157231,3.6077172330115,0,7,0.480375630839948,100,900,100,800
"core",95,500,"zero",3,795,795,6.44636329077184,2.97846218803898,0,5,0.205855048695831,100,900,100,800
"core",96,500,"zero",3,796,796,11.3817012722138,2.28218529326841,0,8,0.377822947143114,100,900,100,800
"core",97,500,"zero",3,797,797,14.1731776804663,1.80315074592363,0,5,1.43700400684916,100,900,100,800
"core",98,500,"zero",3,798,798,9.74034221097827,3.65143720759079,0,6,0.245061608610615,100,900,100,800
"core",99,500,"zero",3,799,799,3.75465764501132,0.939136803150177,0,8,0.326732063619484,100,900,100,800
"core",100,500,"zero",3,800,800,6.4505515715573,1.27560814353637,0,5,0.398348702376135,100,900,100,800
"merge",1,200,"random",2,801,801,13.821824943414,2.15597232675646,-0.0276055815769359,7,0.121691267355352,100,900,100,800
"merge",2,200,"random",2,802,802,6.25970688275993,2.59431362478063,0.0274961161008105,5,0.551182645801691,100,900,100,800
"merge",3,200,"random",2,803,803,11.2269987745676,1.42480702942703,-0.0110331543255597,9,0.118646021918812,100,900,100,800
"merge",4,200,"random",2,804,804,12.3265274274163,2.96338979143184,-0.0077841912349686,6,3.79636062332027,100,900,100,800
"merge",5,200,"random",2,805,805,3.88973047444597,2.26914159196895,-0.0205960283149034,7,0.490657808379591,100,900,100,800
"merge",6,200,"random",2,806,806,13.9861618038267,2.3788147950545,0.014987075496465,10,0.326488740548773,100,900,100,800
"merge",7,200,"random",2,807,807,7.51957726129331,3.81899559614249,0.00124508565757424,7,0.417191585017646,100,900,100,800
"merge",8,200,"random",2,808,808,13.7847849463578,3.36810308601707,0.0246373513620347,10,1.15598556446143,100,900,100,800
"merge",9,200,"random",2,809,809,4.36100668809377,2.11925018485636,0.00917996570002288,10,0.436126818189827,100,900,100,800
"merge",10,200,"random",2,810,810,12.5894846944138,3.28117460361682,0.00313872990198433,10,0.668848887583852,100,900,100,800
"merge",11,200,"random",2,811,811,2.29510973230936,2.03175948571879,0.0023903385316953,8,0.948135702098671,100,900,100,800
"merge",12,200,"random",2,812,812,12.8563390853815,1.78810531867202,0.00727987478021532,7,0.290481479838931,100,900,100,800
"merge",13,200,"random",2,813,813,14.6342719653621,0.748499449109659,-0.000140458596870303,10,0.292697153370149,100,900,100,800
"merge",14,200,"random",2,814,814,11.2642232701182,2.91854343656451,0.00499319890514016,7,0.976010229360314,100,900,100,800
"merge",15,200,"random",2,815,815,14.2417583784554,2.55743484792765,0.015268289912492,10,0.670567687910564,100,900,100,800
"merge",16,200,"random",2,816,816,12.2783958730288,2.48236788902432,-0.0110854138573632,10,0.744375094925636,100,900,100,800
"merge",17,200,"random",2,817,817,9.22525708028115,2.00091695017181,-0.0111060501867905,6,0.854173371659669,100,900,100,800
"merge",18,200,"random",2,818,818,3.03396521578543,3.54454201599583,0.00824923876672983,7,0.138481390071207,100,900,100,800
"merge",19,200,"random",2,819,819,3.0103916565422,3.75546664255671,-0.0297896100813523,5,2.98058644973587,100,900,100,800
"merge",20,200,"random",2,820,820,10.1372896458488,2.04921334283426,0.0280188130773604,8,0.115333673719337,100,900,100,800
"merge",21,200,"random",2,821,821,11.0486201425083,0.590152242453769,0.0221996610425413,7,0.627704614998594,100,900,100,800
"merge",22,200,"random",2,822,822,5.07055143709294,1.70788003515918,0.0142456425726414,9,0.774464406239338,100,900,100,800
"merge",23,200,"random",2,823,823,4.10220792726614,1.20549814647529,-0.00274555936921388,8,0.409511736985619,100,900,100,800
"merge",24,200,"random",2,824,824,6.15177655289881,2.80836155777797,-0.0191253033326939,7,0.205329505658802,100,900,100,800
"merge",25,200,"random",2,825,825,11.4226736463606,1.54230602644384,0.0161692060902715,5,0.474133787660649,100,900,100,800
"merge",26,200,"random",2,826,826,14.67720920383,0.723423904622905,0.00730864172335714,10,0.510792981580811,100,900,100,800
"merge",27,200,"random",2,827,827,12.4944401292596,2.34539214579854,0.0123290623398498,6,0.395164828596613,100,900,100,800
"merge",28,200,"random",2,828,828,4.92594753741287,3.47667052026372,0.0171720917522907,7,0.35310199780556,100,900,100,800
"merge",29,200,"random",2,829,829,9.47570985928178,1.43835957348347,-0.00337730355095118,6,0.463317158024677,100,900,100,800
"merge",30,200,"random",2,830,830,3.58268389082514,2.75003269687295,0.000548690138384701,6,0.15012725920249,100,900,100,800
"merge",31,200,"random",2,831,831,8.14084723987617,2.52291059156414,0.0148009284026921,10,2.83520529358606,100,900,100,800
"merge",32,200,"random",2,832,832,7.74978190939873,2.0588716667844,-0.0134426036663353,6,1.3423159388013,100,900,100,800
"merge",33,200,"random",2,833,833,13.1682265819982,3.97659885277972,-0.0240459977136925,9,0.325745865693925,100,900,100,800
"merge",34,200,"random",2,834,834,9.881812233245,2.87638124846853,0.0069657476618886,9,0.303491841754452,100,900,100,800
"merge",35,200,"random",2,835,835,13.1525810370222,1.72330525727011,0.0111333716427907,9,0.496577636355633,100,900,100,800
"merge",36,200,"random",2,836,836,14.0611743605696,1.26816837443039,-0.0120832594810054,10,0.649259454292654,100,900,100,800
"merge",37,200,"random",2,837,837,10.6235978240147,2.388316297438,0.0238823325466365,10,0.600739342449601,100,900,100,800
"merge",38,200,"random",2,838,838,12.4356350849848,1.93390539672691,-0.0143458938784897,6,0.199284872678008,100,900,100,800
"merge",39,200,"random",2,839,839,7.85571987647563,1.30224529886618,0.0262263122107834,9,1.33486134342503,100,900,100,800
"merge",40,200,"random",2,840,840,9.68732434464619,1.46059523464646,0.0244813798321411,8,1.09537280321852,100,900,100,800
"merge",41,200,"random",2,841,841,12.7337114731781,3.51225151820108,-0.0109039819473401,7,0.479712662599862,100,900,100,800
"merge",42,200,"random",2,842,842,13.3669904468115,2.83254215645138,0.0192020878801122,9,0.569342801376552,100,900,100,800
"merge",43,200,"random",2,843,843,9.53352334862575,0.881202987278812,-0.00692829488776624,9,0.502020445487204,100,900,100,800
"merge",44,200,"random",2,844,844,13.3400089244824,1.90463774604723,0.0165734175732359,5,0.6968911789537,100,900,100,800
"merge",45,200,"random",2,845,845,14.0408142472152,1.67232529760804,0.0214340748544782,5,0.454165787224124,100,900,100,800
"merge",46,200,"random",2,846,846,9.57316147675738,0.524793132673949,-0.0191373473452404,7,0.152213010513056,100,900,100,800
"merge",47,200,"random",2,847,847,3.29856091900729,2.61644603963941,-0.0123718279972672,9,1.00782379388928,100,900,100,800
"merge",48,200,"random",2,848,848,10.0077457691077,1.8703602810856,0.0225361071294174,8,0.295193550158503,100,900,100,800
"merge",49,200,"random",2,849,849,8.06200274429284,3.31774278508965,0.0124235508497804,6,0.228811582790983,100,900,100,800
"merge",50,200,"random",2,850,850,3.42765802517533,1.07179689698387,0.00963799225632101,7,0.535793294297356,100,900,100,800
"merge",51,200,"random",2,851,851,13.2409080197103,2.59977888339199,-0.00562916273251176,10,0.811401088090223,100,900,100,800
"merge",52,200,"random",2,852,852,2.40235247346573,1.38912252930459,-0.0100581214623526,6,1.80454963130935,100,900,100,800
"merge",53,200,"random",2,853,853,5.18340328056365,3.09144315426238,-0.0151766551751643,6,0.431813288328139,100,900,100,800
"merge",54,200,"random",2,854,854,8.37692801747471,0.69647323328536,0.025183754931204,7,1.18018174108768,100,900,100,800
"merge",55,200,"random",2,855,855,2.548942101188,0.783376878942363,0.0013913249457255,6,0.166455778069219,100,900,100,800
"merge",56,200,"random",2,856,856,11.4383749812841,1.86808082577772,0.0195002695452422,8,0.213180715330818,100,900,100,800
"merge",57,200,"random",2,857,857,11.2854353485163,1.48727254616097,-0.00363106536213309,5,0.296322186137376,100,900,100,800
"merge",58,200,"random",2,858,858,9.88722875551321,3.8758542551659,0.0189619928319007,7,0.408747168350388,100,900,100,800
"merge",59,200,"random",2,859,859,5.581951119937,2.12304670980666,-0.00969784276094288,10,0.480178517120532,100,900,100,800
"merge",60,200,"random",2,860,860,9.05330739822239,3.92760210763663,-0.0202616981556639,7,0.286277900324876,100,900,100,800
"merge",61,200,"random",2,861,861,6.05988340242766,3.48744465759955,-0.0132743535982445,5,0.815877984167897,100,900,100,800
"merge",62,200,"random",2,862,862,6.44271713378839,2.75204676133581,-0.0237327030021697,7,2.46119787833938,100,900,100,800
"merge",63,200,"random",2,863,863,12.1272820353042,2.22897565364838,0.0155125996330753,10,0.267590207755476,100,900,100,800
"merge",64,200,"random",2,864,864,6.64423756441101,1.96618278021924,-0.000944835520349442,10,0.323953654125331,100,900,100,800
"merge",65,200,"random",2,865,865,14.7759902547114,1.90780740848277,0.0277520008385181,10,0.129084329872071,100,900,100,800
"merge",66,200,"random",2,866,866,9.47511153994128,1.27584005636163,-0.0123950115730986,8,0.357888626695354,100,900,100,800
"merge",67,200,"random",2,867,867,8.73216782649979,2.35952478647232,-0.00919329904485494,8,1.07693979819899,100,900,100,800
"merge",68,200,"random",2,868,868,5.48874387587421,0.900124925887212,-0.016741752717644,8,0.282006192977165,100,900,100,800
"merge",69,200,"random",2,869,869,12.7671463112347,0.984393750666641,-0.0229220838937908,8,0.161238854827151,100,900,100,800
"merge",70,200,"random",2,870,870,11.0670297779143,0.900515785557218,-0.0284027722617611,10,0.172341023162943,100,900,100,800
"merge",71,200,"random",2,871,871,2.21857953583822,0.77210156142246,-0.0189945172425359,6,1.11471444916228,100,900,100,800
"merge",72,200,"random",2,872,872,14.4459154561628,0.942599061294459,0.0282720336830243,6,2.08450278916719,100,900,100,800
"merge",73,200,"random",2,873,873,8.96834553428926,2.83126146288123,0.00469698169268667,10,0.247997502245302,100,900,100,800
"merge",74,200,"random",2,874,874,4.6307707130909,3.6110690003261,0.0118585652299225,8,1.46029476961776,100,900,100,800
"merge",75,200,"random",2,875,875,2.53305589850061,1.13717605429702,0.00037620009854436,6,0.27314373668112,100,900,100,800
"merge",76,200,"random",2,876,876,9.56933634215966,1.06974775891285,-0.0146935428539291,5,0.22527043925472,100,900,100,800
"merge",77,200,"random",2,877,877,2.57655862462707,2.64826859813184,-0.0216191988671198,6,2.61477113446581,100,900,100,800
"merge",78,200,"random",2,878,878,9.54002635530196,0.724699865211733,0.0267712157405913,9,0.440388411805002,100,900,100,800
"merge",79,200,"random",2,879,879,13.9662184049375,0.854244100046344,0.00537631850223988,10,0.169117407680278,100,900,100,800
"merge",80,200,"random",2,880,880,5.80302371457219,3.98996890569106,-0.00484129488933831,5,0.63212093356916,100,900,100,800
"merge",81,200,"random",2,881,881,11.8470315281302,1.31082629261073,-0.00238811736926436,10,0.679544829570376,100,900,100,800
"merge",82,200,"random",2,882,882,11.3172673485242,3.13694053853396,0.00328697629272938,7,2.30328032506152,100,900,100,800
"merge",83,200,"random",2,883,883,11.3303767754696,2.33388644421939,0.00737927247304469,10,0.428094250965075,100,900,100,800
"merge",84,200,"random",2,884,884,2.20054653403349,0.872412427910604,0.00988602372352034,8,0.460293321397408,100,900,100,800
"merge",85,200,"random",2,885,885,5.85520884511061,0.946245711762458,-0.0026801288081333,6,0.128972408731858,100,900,100,800
"merge",86,200,"random",2,886,886,7.36446441151202,3.21010419842787,0.00814951159525663,7,0.297759531790758,100,900,100,800
"merge",87,200,"random",2,887,887,3.29900833428837,2.02348415146116,-0.0256998160388321,5,3.07086870196701,100,900,100,800
"merge",88,200,"random",2,888,888,5.79945192299783,2.25764790049288,0.0136886813258752,6,0.161505445867325,100,900,100,800
"merge",89,200,"random",2,889,889,10.6614041125868,2.56867671106011,0.0249701552186161,6,0.780670374930857,100,900,100,800
"merge",90,200,"random",2,890,890,5.45816410775296,2.67891807970591,0.00553430386818946,5,0.237523658788052,100,900,100,800
"merge",91,200,"random",2,891,891,3.68163618887775,3.81024224055,0.024860698976554,6,0.209176255478332,100,900,100,800
"merge",92,200,"random",2,892,892,2.14487615716644,0.89076649188064,0.000554358763620259,6,3.87635992743792,100,900,100,800
"merge",93,200,"random",2,893,893,14.8990511198062,1.38946130743716,0.000992481457069518,7,0.174068528208857,100,900,100,800
"merge",94,200,"random",2,894,894,6.06406199443154,0.55407662759535,-0.0135940666403621,5,0.157691895804515,100,900,100,800
"merge",95,200,"random",2,895,895,8.90554521302693,2.85636386589613,0.0263885598862544,5,0.745300570048742,100,900,100,800
"merge",96,200,"random",2,896,896,11.3854463449679,0.68042096530553,-0.0277164980163798,9,0.614062799872576,100,900,100,800
"merge",97,200,"random",2,897,897,10.113094860455,3.1579079766525,0.0192528776451945,9,0.2289114230451,100,900,100,800
"merge",98,200,"random",2,898,898,6.93859406886622,2.09732269798405,-0.0134266865998507,10,0.175284974391618,100,900,100,800
"merge",99,200,"random",2,899,899,2.74258792842738,3.96556360449176,-0.0204739016247913,5,0.21153191288079,100,900,100,800
"merge",100,200,"random",2,900,900,8.36902589141391,3.9653907797765,0.0121945163793862,10,2.06615896221604,100,900,100,800
"merge",1,200,"random",3,901,901,11.0751273746137,3.86589204415213,0.0179776822775602,8,0.45235667497073,100,900,100,800
"merge",2,200,"random",3,902,902,9.90523832384497,1.37573949084617,0.0147182846115902,6,1.21244703361553,100,900,100,800
"merge",3,200,"random",3,903,903,13.3346288600005,3.35614068270661,-0.0220587611943483,5,0.910359569159141,100,900,100,800
"merge",4,200,"random",3,904,904,5.38556334329769,2.40324550587684,0.00647875574883074,5,2.00921684709536,100,900,100,800
"merge",5,200,"random",3,905,905,10.0942345317453,3.67908133403398,-0.00792683236766607,7,0.283065477906515,100,900,100,800
"merge",6,200,"random",3,906,906,3.58980326564051,0.527901884051971,-0.0175280854012817,8,1.22539455629492,100,900,100,800
"merge",7,200,"random",3,907,907,8.78791762050241,1.77201596589293,0.0112141096685082,8,1.39385243770725,100,900,100,800
"merge",8,200,"random",3,908,908,13.8506890647113,1.59899698651861,0.0223478093929589,10,0.271859216025336,100,900,100,800
"merge",9,200,"random",3,909,909,14.2364010270685,3.49573453550693,0.0245788868330419,6,1.26781505753622,100,900,100,800
"merge",10,200,"random",3,910,910,6.64759726822376,2.69082442554645,0.0264969888143241,5,0.684221872107849,100,900,100,800
"merge",11,200,"random",3,911,911,11.9304062721785,1.43675367406104,-0.0167058877972886,6,0.835014435759516,100,900,100,800
"merge",12,200,"random",3,912,912,4.38594892318361,3.50869200495072,-0.0146329315938056,9,0.670556718366055,100,900,100,800
"merge",13,200,"random",3,913,913,11.5818562111817,3.1038716690382,0.00558466545771807,9,0.346394764441,100,900,100,800
"merge",14,200,"random",3,914,914,3.12466215738095,1.82038666668814,0.0253932308452204,6,1.1594835006734,100,900,100,800
"merge",15,200,"random",3,915,915,13.1379720796831,2.41300646413583,0.0230347810685635,9,0.227693213690038,100,900,100,800
"merge",16,200,"random",3,916,916,14.0626089177094,3.79131112445612,0.0122278456203639,9,0.179206889055602,100,900,100,800
"merge",17,200,"random",3,917,917,10.2391740700696,1.5692974512931,0.000900002815760671,8,2.68244478719095,100,900,100,800
"merge",18,200,"random",3,918,918,2.81342384847812,0.859595902380534,-0.0288508269097656,6,1.95561726778297,100,900,100,800
"merge",19,200,"random",3,919,919,14.989143921528,2.80433243792504,-0.0278346026781946,5,0.411585356687185,100,900,100,800
"merge",20,200,"random",3,920,920,6.10392676619813,3.37344587221742,0.00255817552562803,5,0.735685414676501,100,900,100,800
"merge",21,200,"random",3,921,921,10.2785586251412,3.31405192182865,0.0194382852315903,6,0.152383335072557,100,900,100,800
"merge",22,200,"random",3,922,922,12.839619477978,0.943393276422285,-0.0262805313058197,6,0.518499756252273,100,900,100,800
"merge",23,200,"random",3,923,923,13.1597158000804,3.07735018164385,0.0139473470952362,9,0.597353938372457,100,900,100,800
"merge",24,200,"random",3,924,924,13.4336745862383,1.96688915241975,-0.000627648448571563,10,0.241162239122734,100,900,100,800
"merge",25,200,"random",3,925,925,12.663657641504,0.968319368548691,0.0195087062940002,5,0.666686259583332,100,900,100,800
"merge",26,200,"random",3,926,926,8.83130363025703,2.50188343785703,-0.012302893800661,6,0.32128373981302,100,900,100,800
"merge",27,200,"random",3,927,927,11.9257023097016,0.693440331029706,-0.00124402209185064,6,0.453781834304472,100,900,100,800
"merge",28,200,"random",3,928,928,14.3897225752007,1.41934896318708,-0.0179077570186928,10,0.264974923765987,100,900,100,800
"merge",29,200,"random",3,929,929,13.1071769124828,1.95423979207408,0.0233348702592775,6,0.610487957065353,100,900,100,800
"merge",30,200,"random",3,930,930,7.10030876542442,3.21690114994999,0.0216417521657422,7,1.8721012185036,100,900,100,800
"merge",31,200,"random",3,931,931,10.2816869392991,0.889459741651081,0.00405463103670627,9,1.05607203817904,100,900,100,800
"merge",32,200,"random",3,932,932,8.6044289113488,2.16346003196668,0.00375357511918992,7,0.362012279671528,100,900,100,800
"merge",33,200,"random",3,933,933,2.34360947250389,2.26419218920637,0.00115046247839928,5,0.765278377106662,100,900,100,800
"merge",34,200,"random",3,934,934,3.18133182567544,2.3558967851568,-0.0295447979215533,5,0.327165490571524,100,900,100,800
"merge",35,200,"random",3,935,935,4.75132687529549,2.22421049978584,-0.00198262601159513,7,0.138145282840322,100,900,100,800
"merge",36,200,"random",3,936,936,13.2177374544553,1.04830261075404,-0.00968728272244334,10,0.155892251572262,100,900,100,800
"merge",37,200,"random",3,937,937,14.8756387890317,1.57894170342479,0.0293737398320809,5,0.92868363253118,100,900,100,800
"merge",38,200,"random",3,938,938,14.111529158894,1.5561479277676,0.0124844668898731,7,2.5260730359844,100,900,100,800
"merge",39,200,"random",3,939,939,14.6441442496143,0.662521915393881,0.0177999166958034,6,0.481704221210995,100,900,100,800
"merge",40,200,"random",3,940,940,5.68749203765765,1.59684643812943,0.0109310927521437,8,0.256664374740606,100,900,100,800
"merge",41,200,"random",3,941,941,7.93303923797794,1.63811351172626,-0.0295336834760383,6,1.64849802990225,100,900,100,800
"merge",42,200,"random",3,942,942,13.084398369072,3.6090291000437,-0.00762319581583142,6,0.783797119022144,100,900,100,800
"merge",43,200,"random",3,943,943,2.07785059791058,1.66620141628664,-0.0105096748704091,9,0.977839834767085,100,900,100,800
"merge",44,200,"random",3,944,944,14.2506203809753,2.51132370973937,0.015306568373926,5,1.13563058985799,100,900,100,800
"merge",45,200,"random",3,945,945,4.90861724922433,0.669257085537538,0.0166493233898655,6,2.06141234278953,100,900,100,800
"merge",46,200,"random",3,946,946,12.9575253028888,1.81906151585281,0.0214668378420174,8,1.52721486432738,100,900,100,800
"merge",47,200,"random",3,947,947,2.85933330911212,3.0362452151021,-0.0140788839245215,10,0.211040898638224,100,900,100,800
"merge",48,200,"random",3,948,948,5.49899785150774,3.15479700139258,-0.000853596995584668,6,2.43075042029652,100,900,100,800
"merge",49,200,"random",3,949,949,2.6064444265794,2.01863691443577,-0.0177813744870946,6,0.449720258705516,100,900,100,800
"merge",50,200,"random",3,950,950,7.58323001372628,1.97705056099221,0.0050077080912888,8,2.12237348380847,100,900,100,800
"merge",51,200,"random",3,951,951,12.7765960695688,2.327517837286,-0.0168980827415362,7,1.11354564593541,100,900,100,800
"merge",52,200,"random",3,952,952,5.7878472507,1.87310516333673,0.0106103073852137,9,0.409245470290453,100,900,100,800
"merge",53,200,"random",3,953,953,9.1463581265416,3.03747277101502,0.00832683169282973,10,0.791271531383509,100,900,100,800
"merge",54,200,"random",3,954,954,2.12954222713597,2.75948098825756,0.0237141256313771,6,0.440751712811928,100,900,100,800
"merge",55,200,"random",3,955,955,14.0229013790376,3.57000475388486,-0.0120851420005783,7,2.25981161622228,100,900,100,800
"merge",56,200,"random",3,956,956,2.23535643145442,1.58074133074842,0.00155064093880355,9,0.296634914507096,100,900,100,800
"merge",57,200,"random",3,957,957,3.20285538583994,0.833706053672358,-0.00023249559570104,8,1.28999008629815,100,900,100,800
"merge",58,200,"random",3,958,958,14.7283854752313,3.91293601726647,0.0177583182463422,6,0.246296955811046,100,900,100,800
"merge",59,200,"random",3,959,959,4.0501659582369,3.96513880556449,-0.00318858359009027,8,0.401714200029912,100,900,100,800
"merge",60,200,"random",3,960,960,5.41070656687953,3.64814437599853,0.0224367955885828,8,2.65697304794742,100,900,100,800
"merge",61,200,"random",3,961,961,11.6152044252958,1.37570956582204,-0.00361197429243475,5,0.286512481812887,100,900,100,800
"merge",62,200,"random",3,962,962,10.7971765319817,2.88408028276172,0.0182259755814448,8,0.137455157747709,100,900,100,800
"merge",63,200,"random",3,963,963,13.3915371731855,2.37490167154465,-0.0120687363808975,5,0.266895705297763,100,900,100,800
"merge",64,200,"random",3,964,964,3.5126455987338,0.888179805129766,0.0223281398741528,10,1.77349267745469,100,900,100,800
"merge",65,200,"random",3,965,965,7.60430432134308,2.97655998996925,-0.0170750280702487,9,0.303724330011623,100,900,100,800
"merge",66,200,"random",3,966,966,13.3516850897577,2.86350307846442,0.00221967918332666,5,1.00933112894521,100,900,100,800
"merge",67,200,"random",3,967,967,4.17594448267482,1.6105976117542,0.0262251974176615,8,0.168114664834484,100,900,100,800
"merge",68,200,"random",3,968,968,4.15829019993544,1.99664440122433,-0.00505340660456568,5,0.728865798494539,100,900,100,800
"merge",69,200,"random",3,969,969,14.585508557735,3.54324032226577,0.0187402791716158,7,0.731352773497543,100,900,100,800
"merge",70,200,"random",3,970,970,6.90572773013264,2.60619748081081,0.00255553265567869,9,0.794151966118802,100,900,100,800
"merge",71,200,"random",3,971,971,14.4012776291929,1.80751785915345,0.0032209197152406,6,2.62767413737756,100,900,100,800
"merge",72,200,"random",3,972,972,11.8930827428121,2.39364777109586,0.0132736794557422,10,0.353332171217439,100,900,100,800
"merge",73,200,"random",3,973,973,13.1126004992984,1.96077024447732,0.00331624953076243,10,0.349515116763115,100,900,100,800
"merge",74,200,"random",3,974,974,13.941422436852,1.4928426083643,-0.0235899366717786,7,0.263630016027115,100,900,100,800
"merge",75,200,"random",3,975,975,12.3003987025004,3.97232937277295,0.00542762897908688,5,2.71175937717307,100,900,100,800
"merge",76,200,"random",3,976,976,5.50976950046606,3.13451164308935,-0.0189438035013154,9,0.268026669453517,100,900,100,800
"merge",77,200,"random",3,977,977,3.5095894918777,2.31240561371669,0.0280577688664198,6,1.34854794585831,100,900,100,800
"merge",78,200,"random",3,978,978,11.9516537580639,1.77681697893422,0.01616101982072,7,0.717013889291664,100,900,100,800
"merge",79,200,"random",3,979,979,2.27607390377671,2.84647648781538,-0.00846990685444325,5,0.610898962991891,100,900,100,800
"merge",80,200,"random",3,980,980,2.69662144593894,2.45188501931261,0.0217790544731542,10,0.903505153608756,100,900,100,800
"merge",81,200,"random",3,981,981,14.7811911357567,0.557200703304261,-0.0225335883256048,6,0.322960919089248,100,900,100,800
"merge",82,200,"random",3,982,982,8.45320089068264,0.880327036953531,0.0283948367228731,5,0.135127293465107,100,900,100,800
"merge",83,200,"random",3,983,983,10.0289761566091,2.45345596654806,0.00179017188493162,5,0.458009023881912,100,900,100,800
"merge",84,200,"random",3,984,984,3.48201874876395,1.8419382335851,-0.0171835989737883,8,0.131999279237035,100,900,100,800
"merge",85,200,"random",3,985,985,4.66223281715065,2.27147515059914,0.0128143425146118,6,1.29319854661649,100,900,100,800
"merge",86,200,"random",3,986,986,3.7129677713383,1.45453452412039,0.0260812702775002,7,0.189919847419548,100,900,100,800
"merge",87,200,"random",3,987,987,14.1717544586863,0.728572886320762,0.00314312576316297,9,0.856791687320459,100,900,100,800
"merge",88,200,"random",3,988,988,10.8058805295732,3.88873702124692,0.000950077255256473,7,0.870751015004703,100,900,100,800
"merge",89,200,"random",3,989,989,5.50137664866634,1.91261587303597,-0.00964479618240148,8,0.431184205061852,100,900,100,800
"merge",90,200,"random",3,990,990,6.65461136191152,1.47941260517109,-0.0276045979466289,6,0.388237269297912,100,900,100,800
"merge",91,200,"random",3,991,991,6.19697210681625,1.13693028723355,0.0183449025917798,5,1.82364823455522,100,900,100,800
"merge",92,200,"random",3,992,992,9.69267393229529,3.84832997387275,-0.0140376857388765,8,0.345494107103823,100,900,100,800
"merge",93,200,"random",3,993,993,10.7275359460618,1.13333784032147,0.0261633612960577,10,2.85941020651639,100,900,100,800
"merge",94,200,"random",3,994,994,5.37730590743013,3.59902171138674,-0.00945522835012525,9,0.297261886479934,100,900,100,800
"merge",95,200,"random",3,995,995,3.05768045037985,2.14541489689145,0.00128224143292755,5,0.49906298705206,100,900,100,800
"merge",96,200,"random",3,996,996,6.02078379923478,3.37824691052083,-0.00357295630965382,7,1.80967064810733,100,900,100,800
"merge",97,200,"random",3,997,997,5.9996541980654,2.37589855736587,0.0281256974022835,10,0.481640844559585,100,900,100,800
"merge",98,200,"random",3,998,998,10.6414824884851,3.36883660359308,0.0119679356273264,8,0.147497508725806,100,900,100,800
"merge",99,200,"random",3,999,999,3.87766977865249,2.57866825873498,-0.0252229811344296,8,0.240389743033971,100,900,100,800
"merge",100,200,"random",3,1000,1000,5.88124024332501,1.12827626068611,-0.0107645222218707,7,0.847944184517232,100,900,100,800
"merge",1,200,"random",4,1001,1001,13.4390125267673,3.6868906969903,-0.017259115325287,6,0.317755446706762,100,900,100,800
"merge",2,200,"random",4,1002,1002,9.40347240143456,2.7355791432783,-0.00788568799383938,8,4.54373765506133,100,900,100,800
"merge",3,200,"random",4,1003,1003,10.1827245710883,1.54877695720643,0.0222289259266108,6,0.19183599215418,100,900,100,800
"merge",4,200,"random",4,1004,1004,7.54125637467951,1.42199635889847,0.00305847820825875,8,0.136999773187769,100,900,100,800
"merge",5,200,"random",4,1005,1005,7.02459838939831,2.25423575181048,-0.0129627243289724,8,0.253353264320581,100,900,100,800
"merge",6,200,"random",4,1006,1006,14.9123875566293,1.37715472560376,0.0285486857173964,6,0.369247417618026,100,900,100,800
"merge",7,200,"random",4,1007,1007,13.7889589588158,2.5615584285697,0.0225602194620296,9,0.142995023876247,100,900,100,800
"merge",8,200,"random",4,1008,1008,7.78612119355239,1.80061108828522,-0.00708172548562288,5,0.142320261328484,100,900,100,800
"merge",9,200,"random",4,1009,1009,8.26424162485637,3.25247924518771,-0.0147671273723245,6,0.628120982771063,100,900,100,800
"merge",10,200,"random",4,1010,1010,6.95309783890843,2.21256716363132,-0.0220920914132148,7,0.200705342638758,100,900,100,800
"merge",11,200,"random",4,1011,1011,7.39453202113509,0.945541573222727,0.0234098496101797,9,0.58945039082715,100,900,100,800
"merge",12,200,"random",4,1012,1012,12.415257894434,1.27063734293915,-0.0073708846187219,6,0.295908072202543,100,900,100,800
"merge",13,200,"random",4,1013,1013,9.19701815932058,2.31439498974942,-0.00888308663852513,10,0.86778355761188,100,900,100,800
"merge",14,200,"random",4,1014,1014,8.85870114667341,3.58403114369139,0.0291581384511665,9,1.07581276212009,100,900,100,800
"merge",15,200,"random",4,1015,1015,5.37303726212122,2.4635211272398,-0.000781134129501881,6,1.2693135560557,100,900,100,800
"merge",16,200,"random",4,1016,1016,10.4634385143872,3.59928118844982,-0.0232078717276454,5,0.229635053470922,100,900,100,800
"merge",17,200,"random",4,1017,1017,8.79582861508243,0.841094879666343,0.00837194533087313,9,0.143147171802127,100,900,100,800
"merge",18,200,"random",4,1018,1018,12.2063366421498,3.48137681337539,-0.0153099813731387,9,0.62800386280205,100,900,100,800
"merge",19,200,"random",4,1019,1019,12.7135727247223,0.81943703989964,-0.0235978615377098,7,0.234753525836446,100,900,100,800
"merge",20,200,"random",4,1020,1020,4.06844990886748,3.08321665984113,0.00704212035052478,9,0.31079667337994,100,900,100,800
"merge",21,200,"random",4,1021,1021,9.54899279447272,3.6354070456,-0.00100768282078207,6,0.298530020766742,100,900,100,800
"merge",22,200,"random",4,1022,1022,2.75168762844987,3.52398512000218,0.00569087720476091,10,2.43244483333789,100,900,100,800
"merge",23,200,"random",4,1023,1023,14.3240453002509,3.22027919150423,0.00052034613210708,7,0.232039491506393,100,900,100,800
"merge",24,200,"random",4,1024,1024,10.7249854537658,1.93543750059325,0.0138949922891334,7,1.12449821941108,100,900,100,800
"merge",25,200,"random",4,1025,1025,5.59412918891758,1.43161307368428,0.0235672663897276,5,0.881792229510315,100,900,100,800
"merge",26,200,"random",4,1026,1026,10.5695312235039,3.88348595611751,0.0103133076941594,8,1.51210194883995,100,900,100,800
"merge",27,200,"random",4,1027,1027,6.92472075368278,2.59729709965177,-0.0211668465239927,5,0.119029917614613,100,900,100,800
"merge",28,200,"random",4,1028,1028,11.1648550808895,2.47426230809651,-0.00184734789188951,9,1.40796831403322,100,900,100,800
"merge",29,200,"random",4,1029,1029,13.8208818899002,2.04702934983652,0.0239927778113633,7,0.23562018421824,100,900,100,800
"merge",30,200,"random",4,1030,1030,9.5860955552198,3.02086120366585,0.0287206266308203,6,1.32683435803739,100,900,100,800
"merge",31,200,"random",4,1031,1031,3.47965085715987,1.2703948346898,-0.00223927137907595,10,0.133372608780189,100,900,100,800
"merge",32,200,"random",4,1032,1032,9.04709083866328,3.56816539983265,-0.0176016382919624,9,0.35487857544317,100,900,100,800
"merge",33,200,"random",4,1033,1033,3.03265582886524,3.28968891431578,-0.00861885726917535,9,0.58016091285654,100,900,100,800
"merge",34,200,"random",4,1034,1034,5.36891186307184,2.85003619582858,0.0113962971093133,8,0.869459933729698,100,900,100,800
"merge",35,200,"random",4,1035,1035,11.6245492021553,1.38016597332899,0.0193786732899025,6,0.915403417610967,100,900,100,800
"merge",36,200,"random",4,1036,1036,12.1661469012033,2.19174461520743,-0.0277695488277823,9,1.62567183426744,100,900,100,800
"merge",37,200,"random",4,1037,1037,6.43714023660868,2.44648015184794,0.00714635982178152,7,0.284798308729157,100,900,100,800
"merge",38,200,"random",4,1038,1038,7.59428446250968,0.501321367220953,0.00765811993740499,6,0.178920803658604,100,900,100,800
"merge",39,200,"random",4,1039,1039,4.12851081416011,3.02268642233685,0.0186884407466277,9,1.33799338337412,100,900,100,800
"merge",40,200,"random",4,1040,1040,8.38503816025332,2.56317319744267,-0.0272820099815726,6,0.510750427806152,100,900,100,800
"merge",41,200,"random",4,1041,1041,4.29974226723425,3.56920721882489,0.026832197564654,6,0.234519129098676,100,900,100,800
"merge",42,200,"random",4,1042,1042,4.34267978719436,0.856635284028016,-0.0278486149851233,7,0.425048376748699,100,900,100,800
"merge",43,200,"random",4,1043,1043,12.2183235264383,1.38547019730322,-0.00129327073227614,5,1.04768155146457,100,900,100,800
"merge",44,200,"random",4,1044,1044,4.63867896841839,2.34645403595641,-0.0196206865087152,8,0.412643744711411,100,900,100,800
"merge",45,200,"random",4,1045,1045,5.18994613504037,3.68320394901093,-0.0276089339330792,5,1.52573761789827,100,900,100,800
"merge",46,200,"random",4,1046,1046,10.1224272092804,0.664816232165322,-0.013065734594129,8,0.282421900255796,100,900,100,800
"merge",47,200,"random",4,1047,1047,8.28404662641697,3.93691415549256,-0.0117144422465935,10,0.4853776786228,100,900,100,800
"merge",48,200,"random",4,1048,1048,6.38362467684783,3.65490015107207,0.0191891126381233,5,1.48057063794382,100,900,100,800
"merge",49,200,"random",4,1049,1049,4.80859056790359,2.42107859312091,-0.0051304737618193,7,1.22282229418155,100,900,100,800
"merge",50,200,"random",4,1050,1050,12.3590471160132,0.746749215759337,0.0187725435756147,8,0.629885947367081,100,900,100,800
"merge",51,200,"random",4,1051,1051,10.6842746797483,1.19204237835947,0.00196916070766747,9,0.391495982986517,100,900,100,800
"merge",52,200,"random",4,1052,1052,12.5499481335282,2.93574113573413,-0.018742921454832,9,1.31846384917982,100,900,100,800
"merge",53,200,"random",4,1053,1053,5.2869718123693,1.2671315720072,-0.026383807961829,6,0.203434813388845,100,900,100,800
"merge",54,200,"random",4,1054,1054,2.87835696688853,3.81759146042168,-0.02435749234166,8,0.153110770498592,100,900,100,800
"merge",55,200,"random",4,1055,1055,10.7570828464814,1.51570356579032,-0.0156401611352339,8,1.3821914934304,100,900,100,800
"merge",56,200,"random",4,1056,1056,4.06103401980363,1.67295236955397,0.00628817033953965,7,0.858436676461798,100,900,100,800
"merge",57,200,"random",4,1057,1057,5.79381678416394,2.94228599080816,-0.0108175438223407,5,1.69708041833933,100,900,100,800
"merge",58,200,"random",4,1058,1058,2.02148700552061,1.43720255105291,-0.0259791344543919,8,0.251814670099918,100,900,100,800
"merge",59,200,"random",4,1059,1059,14.5884191391524,3.70510483975522,-0.0052124004252255,5,0.629840836188449,100,900,100,800
"merge",60,200,"random",4,1060,1060,14.8852290331852,0.843706003041007,-0.028864204287529,9,0.186009157211991,100,900,100,800
"merge",61,200,"random",4,1061,1061,10.5304275280796,2.28328951215371,-0.0142267520539463,7,1.6867233811051,100,900,100,800
"merge",62,200,"random",4,1062,1062,7.84846175019629,2.10274851752911,-0.0158181884419173,5,1.48858530393354,100,900,100,800
"merge",63,200,"random",4,1063,1063,2.40454084263183,1.18654228490777,-0.011729811122641,8,0.789185342554725,100,900,100,800
"merge",64,200,"random",4,1064,1064,7.94336841139011,2.59107180312276,0.00222258316352963,5,0.463278735693634,100,900,100,800
"merge",65,200,"random",4,1065,1065,13.9005055953749,1.56328995258082,0.0276814135769382,5,0.87896979970762,100,900,100,800
"merge",66,200,"random",4,1066,1066,5.397245752858,2.01871954440139,0.0298321609385312,5,0.156788109063057,100,900,100,800
"merge",67,200,"random",4,1067,1067,8.11344621842727,3.56227690854575,-0.00430719459895045,5,0.750878799702735,100,900,100,800
"merge",68,200,"random",4,1068,1068,5.44582684128545,2.44935781834647,0.0258113656751811,9,0.25298593209517,100,900,100,800
"merge",69,200,"random",4,1069,1069,9.67125793849118,0.756105733918957,-0.0241497783875093,5,0.146949447617345,100,900,100,800
"merge",70,200,"random",4,1070,1070,3.83938578865491,0.886267166468315,0.0168207163922489,6,0.264267475632803,100,900,100,800
"merge",71,200,"random",4,1071,1071,13.9279074340593,2.20502746978309,-0.0214802855858579,6,0.642778849534557,100,900,100,800
"merge",72,200,"random",4,1072,1072,11.7540617908817,3.69306234410033,-6.50610029697407e-05,10,0.230518402792699,100,900,100,800
"merge",73,200,"random",4,1073,1073,10.548323555151,1.45404080604203,0.000602631694637239,10,0.19893744173743,100,900,100,800
"merge",74,200,"random",4,1074,1074,13.8726082213689,2.78634337743279,-0.0281356950290501,7,0.294655829190432,100,900,100,800
"merge",75,200,"random",4,1075,1075,14.9322303447407,3.32305873883888,0.028137017567642,9,2.60819125536067,100,900,100,800
"merge",76,200,"random",4,1076,1076,7.87120364210568,3.63475328544155,-0.0104313548980281,8,1.04766702579309,100,900,100,800
"merge",77,200,"random",4,1077,1077,5.8912625266239,2.71333228121512,0.0137209530500695,5,0.24490013021504,100,900,100,800
"merge",78,200,"random",4,1078,1078,8.63982005999424,1.09044457692653,0.0016185050457716,7,1.65375065683667,100,900,100,800
"merge",79,200,"random",4,1079,1079,10.2905370646622,1.85179709398653,-0.0240042303828523,6,0.255108450629906,100,900,100,800
"merge",80,200,"random",4,1080,1080,11.0258525379468,3.24768738111015,0.0221795410802588,8,0.384356179502806,100,900,100,800
"merge",81,200,"random",4,1081,1081,10.874631145969,0.625642222585157,-0.00125773408915848,7,1.38675156863766,100,900,100,800
"merge",82,200,"random",4,1082,1082,13.5759318091441,1.67461888503749,-0.0188316961470991,6,1.5824162924936,100,900,100,800
"merge",83,200,"random",4,1083,1083,12.2152959168889,2.58437286620028,-0.016827865219675,7,0.117231360713729,100,900,100,800
"merge",84,200,"random",4,1084,1084,6.93661147658713,3.83308057778049,0.0195205599116161,8,3.2786481288985,100,900,100,800
"merge",85,200,"random",4,1085,1085,12.3621664738748,0.923681224114262,-0.0224515593750402,9,1.0841854400038,100,900,100,800
"merge",86,200,"random",4,1086,1086,12.403587159235,2.10938160098158,-0.0135793875530362,9,0.443922869438192,100,900,100,800
"merge",87,200,"random",4,1087,1087,11.2091169643681,1.54997343581636,0.00211256372742355,5,0.20094761104111,100,900,100,800
"merge",88,200,"random",4,1088,1088,11.4859891317319,0.647535652853549,0.0225743446871638,5,0.373126453618644,100,900,100,800
"merge",89,200,"random",4,1089,1089,3.39187822956592,3.78091622621287,0.0295599055616185,9,0.408247739312966,100,900,100,800
"merge",90,200,"random",4,1090,1090,13.0550454591867,3.81857612344902,0.0277777816727757,7,0.215347786137029,100,900,100,800
"merge",91,200,"random",4,1091,1091,6.41567945829593,3.86181936343201,0.0252986335800961,8,0.666570070736692,100,900,100,800
"merge",92,200,"random",4,1092,1092,12.1542736883275,3.29526188329328,-0.0243291255785152,8,1.82106461003957,100,900,100,800
"merge",93,200,"random",4,1093,1093,8.86811469239183,3.50786105054431,-0.0251115277362987,7,1.74506546044809,100,900,100,800
"merge",94,200,"random",4,1094,1094,8.81295350170694,3.99201449973043,0.0147602030541748,8,0.174893878274187,100,900,100,800
"merge",95,200,"random",4,1095,1095,6.03724248753861,2.48971149907447,0.00930568754207343,7,0.375154514289368,100,900,100,800
"merge",96,200,"random",4,1096,1096,3.00381121831015,3.60470770963002,-0.00513847216498107,9,0.179019562762983,100,900,100,800
"merge",97,200,"random",4,1097,1097,10.1422629721928,1.46240057121031,0.0137288882257417,8,0.81767506481284,100,900,100,800
"merge",98,200,"random",4,1098,1098,6.54129982041195,1.70537818351295,0.0159455802664161,7,0.585673786310958,100,900,100,800
"merge",99,200,"random",4,1099,1099,4.76758719631471,2.90044539934024,0.0190457548666745,9,2.73969317587873,100,900,100,800
"merge",100,200,"random",4,1100,1100,14.2904049940407,3.75692056992557,0.0287830313388258,5,0.221037559290425,100,900,100,800
