"sweep","rep","N","slope_condition","overlap","assign_p","dataset_id","seed","intercept","sigma","slope","K","alpha_conc","period_start","period_end","time_ref_min","time_ref_range"
"core",1,50,"random",0.5,0.2,1,1,13.6432968329173,0.694567870930769,-0.0250920412084088,5,0.154695038809493,100,900,-149,1298
"core",2,50,"random",0.5,0.2,2,2,9.66386758349836,0.732890995917842,0.0282802223693579,6,1.81471743396285,100,900,-149,1298
"core",3,50,"random",0.5,0.2,3,3,9.3412407701835,3.92729983164463,0.0194441541982815,5,0.137188154920638,100,900,-149,1298
"core",4,50,"random",0.5,0.2,4,4,7.5725819459185,3.85813602991402,-0.0163503192504868,7,0.66272631622521,100,900,-149,1298
"core",5,50,"random",0.5,0.2,5,5,6.73715027980506,1.49058306938969,0.000784697039052845,7,0.459652496866225,100,900,-149,1298
"core",6,50,"random",0.5,0.2,6,6,3.34163762023672,1.93199333827943,-0.0167945477971807,7,0.972088631372056,100,900,-149,1298
"core",7,50,"random",0.5,0.2,7,7,11.7193640363403,0.712524655391462,0.0221022370643914,6,5.06036801847188,100,900,-149,1298
"core",8,50,"random",0.5,0.2,8,8,9.3205311705824,3.45761625701562,-0.0136196214146912,8,0.203720489659396,100,900,-149,1298
"core",9,50,"random",0.5,0.2,9,9,4.14528559707105,3.92605249711778,0.00872099810745567,10,1.83444911879242,100,900,-149,1298
"core",10,50,"random",0.5,0.2,10,10,10.3848137462046,3.29857168288436,0.0207330052787438,10,0.379044932366164,100,900,-149,1298
"core",11,50,"random",0.5,0.2,11,11,11.2114461462479,3.87008809449617,0.023578280992806,9,0.509684462672294,100,900,-149,1298
"core",12,50,"random",0.5,0.2,12,12,12.4484911023173,3.34644101688173,-0.013196293450892,8,1.12140569766254,100,900,-149,1298
"core",13,50,"random",0.5,0.2,13,13,7.28028018958867,1.975765501149,-0.0187848184257746,6,0.426795282259663,100,900,-149,1298
"core",14,50,"random",0.5,0.2,14,14,6.95841011218727,1.98562919150572,0.00245614277198911,8,0.399985478146063,100,900,-149,1298
"core",15,50,"random",0.5,0.2,15,15,10.6813196346629,1.54487190779764,0.0119532109843567,7,0.236592776134448,100,900,-149,1298
"core",16,50,"random",0.5,0.2,16,16,10.0311334647704,3.65311120718252,-0.0294257986592129,7,0.658244496542508,100,900,-149,1298
"core",17,50,"random",0.5,0.2,17,17,3.87396528013051,3.95728499430697,0.00669711335096508,8,0.254139701845022,100,900,-149,1298
"core",18,50,"random",0.5,0.2,18,18,3.01104806014337,0.535200911341235,-0.000717416368424893,6,0.193899379478047,100,900,-149,1298
"core",19,50,"random",0.5,0.2,19,19,5.48493320331909,2.05835879349615,-0.0033133283117786,10,0.152960001552076,100,900,-149,1298
"core",20,50,"random",0.5,0.2,20,20,2.33034216775559,1.58552157343365,-0.00398294541053474,5,0.907796434805571,100,900,-149,1298
"core",21,50,"random",0.5,0.2,21,21,6.05128232506104,1.17420838738326,0.0286411558371037,6,0.827128458174978,100,900,-149,1298
"core",22,50,"random",0.5,0.2,22,22,7.78577013034374,3.29283684235997,0.0072177273966372,7,0.341290646963723,100,900,-149,1298
"core",23,50,"random",0.5,0.2,23,23,14.8687296677381,1.51323603640776,0.0198820449505001,8,0.166889450538016,100,900,-149,1298
"core",24,50,"random",0.5,0.2,24,24,13.4014974283054,1.68859790184069,-0.0200463863555342,5,0.24013597014992,100,900,-149,1298
"core",25,50,"random",0.5,0.2,25,25,9.76801313809119,0.682952250586823,0.0277025263058022,7,0.230865838069251,100,900,-149,1298
"core",26,50,"random",0.5,0.2,26,26,13.4288382104132,1.22388623037841,-0.0140628085937351,7,1.39011434413033,100,900,-149,1298
"core",27,50,"random",0.5,0.2,27,27,3.13461647089571,3.30803044093773,-0.0140639844629914,7,0.583176896337318,100,900,-149,1298
"core",28,50,"random",0.5,0.2,28,28,7.34145522303879,2.79203680763021,0.0262247536098585,10,0.241579788887638,100,900,-149,1298
"core",29,50,"random",0.5,0.2,29,29,5.92797931609675,1.46815371292178,0.0134093384072185,5,0.856893736694929,100,900,-149,1298
"core",30,50,"random",0.5,0.2,30,30,14.7672346502077,1.56768886186182,-0.00646223043557256,7,0.455867243009471,100,900,-149,1298
"core",31,50,"random",0.5,0.2,31,31,7.99774182331748,3.19800705183297,0.0222221115930006,8,0.463337653210997,100,900,-149,1298
"core",32,50,"random",0.5,0.2,32,32,12.7088051238097,2.18729183077812,0.0282539653172716,9,2.64566902522272,100,900,-149,1298
"core",33,50,"random",0.5,0.2,33,33,6.00550652178936,1.02787202538457,-0.0106304431473836,7,0.365236632608725,100,900,-149,1298
"core",34,50,"random",0.5,0.2,34,34,14.5414610623848,2.07212741754483,-0.0273268988030031,8,0.683200217002672,100,900,-149,1298
"core",35,50,"random",0.5,0.2,35,35,14.0859632096253,0.588009513099678,-0.0116417324915528,7,0.437215114636308,100,900,-149,1298
"core",36,50,"random",0.5,0.2,36,36,8.3609133544378,1.71031659073196,-0.00661741677671671,7,0.188280028972928,100,900,-149,1298
"core",37,50,"random",0.5,0.2,37,37,11.943902753992,3.82711748825386,-0.0114338161144406,6,0.430565628077223,100,900,-149,1298
"core",38,50,"random",0.5,0.2,38,38,7.1298114079982,1.41291225689929,-0.0110654535144567,6,0.303296951661243,100,900,-149,1298
"core",39,50,"random",0.5,0.2,39,39,14.5198074104264,3.39836171851493,0.00964798763394355,7,0.704592656429438,100,900,-149,1298
"core",40,50,"random",0.5,0.2,40,40,13.4698674217798,0.502522270777263,0.0293460494885221,7,1.24116402531137,100,900,-149,1298
"core",41,50,"random",0.5,0.2,41,41,8.06463806866668,0.617231969838031,-0.00817016562446952,9,0.55399191006352,100,900,-149,1298
"core",42,50,"random",0.5,0.2,42,42,5.22521172906272,1.84809673787095,0.0207726694922894,9,0.740907440153807,100,900,-149,1298
"core",43,50,"random",0.5,0.2,43,43,11.0129849582445,0.748312916839495,-0.00971615029033273,6,0.207840706610198,100,900,-149,1298
"core",44,50,"random",0.5,0.2,44,44,13.1066403519362,2.64391706511378,0.00821891963481903,8,0.23582242387025,100,900,-149,1298
"core",45,50,"random",0.5,0.2,45,45,9.68993146228604,1.79522601573262,-0.0278019056003541,6,3.00917399472195,100,900,-149,1298
"core",46,50,"random",0.5,0.2,46,46,9.23499514115974,1.11937725101598,0.0119926765887067,5,0.438095443364404,100,900,-149,1298
"core",47,50,"random",0.5,0.2,47,47,13.1292249048129,2.51698334573302,0.0248183212894946,10,0.171985622569736,100,900,-149,1298
"core",48,50,"random",0.5,0.2,48,48,10.9720492355991,1.45879603025969,-0.0138238800689578,7,0.492543106209649,100,900,-149,1298
"core",49,50,"random",0.5,0.2,49,49,14.4273520018905,1.22602821001783,-0.00886240046471357,8,1.13191256302068,100,900,-149,1298
"core",50,50,"random",0.5,0.2,50,50,9.8841157539282,1.00813150510658,0.0219406934548169,6,0.160560861132121,100,900,-149,1298
"core",51,50,"random",0.5,0.2,51,51,7.54544779425487,3.99768976727501,0.0136246825195849,8,0.196464003762579,100,900,-149,1298
"core",52,50,"random",0.5,0.2,52,52,12.0100403262768,0.868305406998843,-0.00535296197980642,9,0.19602233794329,100,900,-149,1298
"core",53,50,"random",0.5,0.2,53,53,5.67557797511108,0.880598676507361,-0.0188377191312611,5,0.811296148595914,100,900,-149,1298
"core",54,50,"random",0.5,0.2,54,54,2.36748989764601,0.511962316115387,0.0157718747667968,6,0.186484308606353,100,900,-149,1298
"core",55,50,"random",0.5,0.2,55,55,4.37235149461776,1.43789658881724,-0.0178330145264044,6,0.259326641239056,100,900,-149,1298
"core",56,50,"random",0.5,0.2,56,56,7.08165643527173,1.07061615341809,0.00639435779303312,10,0.367351117092289,100,900,-149,1298
"core",57,50,"random",0.5,0.2,57,57,8.23588147456758,3.40909225994255,-0.0132352630561218,7,0.434768460126982,100,900,-149,1298
"core",58,50,"random",0.5,0.2,58,58,2.96954578440636,2.04239920410328,-0.0264032642869279,10,0.341974609981838,100,900,-149,1298
"core",59,50,"random",0.5,0.2,59,59,8.66871061129496,1.61046832590364,-0.00564481375738978,10,0.486888371178438,100,900,-149,1298
"core",60,50,"random",0.5,0.2,60,60,10.6154306866229,1.72276774118654,-0.0114555776584893,8,0.416665177563667,100,900,-149,1298
"core",61,50,"random",0.5,0.2,61,61,8.14134871982969,1.54878283676226,-0.013496611956507,5,0.403687573056683,100,900,-149,1298
"core",62,50,"random",0.5,0.2,62,62,12.1043730126694,2.09698875551112,-0.00532242683228105,7,0.207039617878329,100,900,-149,1298
"core",63,50,"random",0.5,0.2,63,63,14.3087185830809,2.69037547847256,-0.000254869367927311,6,0.521227068596388,100,900,-149,1298
"core",64,50,"random",0.5,0.2,64,64,7.55934647400863,2.9559274436906,-0.0218919740058482,8,0.417866281614247,100,900,-149,1298
"core",65,50,"random",0.5,0.2,65,65,12.6740602056962,1.73623938777018,0.005132438801229,8,1.64380015702083,100,900,-149,1298
"core",66,50,"random",0.5,0.2,66,66,14.4541749411728,3.93175749736838,0.0176112553663552,5,0.775644929369648,100,900,-149,1298
"core",67,50,"random",0.5,0.2,67,67,3.93334234389476,2.92927134013735,0.0184454745333642,8,0.137359047525467,100,900,-149,1298
"core",68,50,"random",0.5,0.2,68,68,3.41169696976431,2.56612550048158,0.026790103870444,9,0.510030627471733,100,900,-149,1298
"core",69,50,"random",0.5,0.2,69,69,9.84694343130104,1.68528623203747,-0.0119760509580374,6,1.30781390385668,100,900,-149,1298
"core",70,50,"random",0.5,0.2,70,70,9.4130435010884,2.69841663935222,-0.020799297625199,9,0.413401547043478,100,900,-149,1298
"core",71,50,"random",0.5,0.2,71,71,8.98197675100528,1.1561646645423,-0.0238239364558831,10,0.490145794445034,100,900,-149,1298
"core",72,50,"random",0.5,0.2,72,72,10.3625505091622,2.47538817580789,-0.0153047078009695,5,1.15351540518685,100,900,-149,1298
"core",73,50,"random",0.5,0.2,73,73,3.33815755276009,3.90533479547594,-0.0149414929468185,9,3.21390116074431,100,900,-149,1298
"core",74,50,"random",0.5,0.2,74,74,10.0504889565054,0.576340963714756,0.0199529107427225,7,0.128438164671733,100,900,-149,1298
"core",75,50,"random",0.5,0.2,75,75,9.78376550483517,1.03380463737994,-0.0293980932002887,10,0.58910996205476,100,900,-149,1298
"core",76,50,"random",0.5,0.2,76,76,12.92764410167,3.77744802739471,-0.0133400388713926,8,1.30210670437253,100,900,-149,1298
"core",77,50,"random",0.5,0.2,77,77,9.62757584429346,0.630835081334226,0.0135548935644329,10,0.32708550599713,100,900,-149,1298
"core",78,50,"random",0.5,0.2,78,78,5.3524068556726,1.21766921982635,-0.00554566226899624,8,0.611191596866462,100,900,-149,1298
"core",79,50,"random",0.5,0.2,79,79,5.71649696864188,2.98846902500372,-0.0035333815170452,8,0.471881960843029,100,900,-149,1298
"core",80,50,"random",0.5,0.2,80,80,8.74959258106537,0.531137441517785,-0.0230339733324945,6,0.669057245896454,100,900,-149,1298
"core",81,50,"random",0.5,0.2,81,81,9.4742801389657,3.67081064474769,0.0111784866359085,7,0.305970588584763,100,900,-149,1298
"core",82,50,"random",0.5,0.2,82,82,8.93878025817685,1.10427207394969,-0.0208494605915621,5,4.35609444175592,100,900,-149,1298
"core",83,50,"random",0.5,0.2,83,83,3.00639736326411,3.18373658671044,0.0226565186446533,6,0.461373775098407,100,900,-149,1298
"core",84,50,"random",0.5,0.2,84,84,11.8133575548418,1.31359323358629,0.0241837252629921,6,3.00971018337305,100,900,-149,1298
"core",85,50,"random",0.5,0.2,85,85,6.53741325694136,0.985933119431138,-0.0171857074694708,7,0.24174588958482,100,900,-149,1298
"core",86,50,"random",0.5,0.2,86,86,10.5759456721134,2.89016843447462,0.00478376635350287,9,0.207963442724377,100,900,-149,1298
"core",87,50,"random",0.5,0.2,87,87,7.44085697643459,3.39601076813415,0.0106777804484591,6,0.280297493600439,100,900,-149,1298
"core",88,50,"random",0.5,0.2,88,88,10.1969615682028,3.25021326192655,0.0134249779907986,6,0.67793929757663,100,900,-149,1298
"core",89,50,"random",0.5,0.2,89,89,13.3628229782917,1.39258456905372,-0.0129097550315782,6,0.357229932429475,100,900,-149,1298
"core",90,50,"random",0.5,0.2,90,90,10.7931929384358,1.17031624447554,-0.0156169530842453,8,0.60760665560638,100,900,-149,1298
"core",91,50,"random",0.5,0.2,91,91,2.56382837984711,1.38659679354168,-0.0125723271165043,7,0.167818612755374,100,900,-149,1298
"core",92,50,"random",0.5,0.2,92,92,5.78801869158633,1.91971233964432,-0.00293016378767788,7,2.34134471840719,100,900,-149,1298
"core",93,50,"random",0.5,0.2,93,93,12.3276293817908,1.27630339551251,0.0119109085807577,9,0.306912478730548,100,900,-149,1298
"core",94,50,"random",0.5,0.2,94,94,12.5105340701994,2.82774426694959,0.00903489797841758,6,0.631606220396574,100,900,-149,1298
"core",95,50,"random",0.5,0.2,95,95,7.74093474121764,0.642131565255113,0.0232589942682534,6,0.816042422760929,100,900,-149,1298
"core",96,50,"random",0.5,0.2,96,96,5.59088735771365,3.9724465010222,-0.00270405046641826,8,0.354721999795267,100,900,-149,1298
"core",97,50,"random",0.5,0.2,97,97,13.8177982270718,2.22686010471079,-0.02367692949716,7,0.376193462330742,100,900,-149,1298
"core",98,50,"random",0.5,0.2,98,98,9.52151699294336,2.00290393608157,0.0230223254067823,6,0.166233251395362,100,900,-149,1298
"core",99,50,"random",0.5,0.2,99,99,6.49295473750681,0.895020754309371,0.021750278128311,5,0.269056884687395,100,900,-149,1298
"core",100,50,"random",0.5,0.2,100,100,8.68927659536712,0.712078760960139,-0.0167672139639035,9,1.00066553015601,100,900,-149,1298
"core",1,100,"random",0.5,0.2,101,101,6.72135086148046,0.617355939233676,0.0169946560123935,8,1.16620581689667,100,900,-149,1298
"core",2,100,"random",0.5,0.2,102,102,6.18852392816916,3.92784248001408,-0.00840733517892659,6,0.281325937849939,100,900,-149,1298
"core",3,100,"random",0.5,0.2,103,103,7.96248545194976,3.59518139739521,0.00676723589189351,8,0.143260237363359,100,900,-149,1298
"core",4,100,"random",0.5,0.2,104,104,8.15889202803373,2.31274089834187,-0.0117051973007619,5,0.29417873275723,100,900,-149,1298
"core",5,100,"random",0.5,0.2,105,105,14.2213575032074,2.17594660155009,0.0245164969330654,9,1.24845372590325,100,900,-149,1298
"core",6,100,"random",0.5,0.2,106,106,7.57550294254906,2.03237796528265,-0.0167289292719215,9,0.213073716017027,100,900,-149,1298
"core",7,100,"random",0.5,0.2,107,107,10.836138173705,2.07168545748573,-0.0157327814167365,10,0.235762637074193,100,900,-149,1298
"core",8,100,"random",0.5,0.2,108,108,13.1924545592628,2.49550794577226,-0.0141418998409063,8,0.184205717177136,100,900,-149,1298
"core",9,100,"random",0.5,0.2,109,109,12.6666287558619,2.48894626775291,0.00897999355103821,8,1.51052317413994,100,900,-149,1298
"core",10,100,"random",0.5,0.2,110,110,7.59879833599553,0.795375580666587,-0.0237176958052441,5,0.885298247443339,100,900,-149,1298
"core",11,100,"random",0.5,0.2,111,111,10.963587742066,2.51267382770311,-0.0179894601646811,10,0.477172629481127,100,900,-149,1298
"core",12,100,"random",0.5,0.2,112,112,10.2987685457338,0.806943060364574,0.0195730820903555,8,0.18508263294127,100,900,-149,1298
"core",13,100,"random",0.5,0.2,113,113,8.99589343112893,1.50371950794943,-0.00609083671588451,5,0.399517921082466,100,900,-149,1298
"core",14,100,"random",0.5,0.2,114,114,10.4390107986983,3.07936509524006,0.0114810464065522,10,0.521878290559303,100,900,-149,1298
"core",15,100,"random",0.5,0.2,115,115,12.0730753152166,0.891720581217669,0.00680002670735121,7,4.65178087372159,100,900,-149,1298
"core",16,100,"random",0.5,0.2,116,116,7.88073568698019,3.91710020962637,-0.0275594975659624,10,0.265178612912422,100,900,-149,1298
"core",17,100,"random",0.5,0.2,117,117,4.03470172453672,3.54078455362469,0.0127567802835256,8,0.423576551355279,100,900,-149,1298
"core",18,100,"random",0.5,0.2,118,118,12.9311241055839,1.75554064614698,0.0037662548571825,7,0.548039631901278,100,900,-149,1298
"core",19,100,"random",0.5,0.2,119,119,13.1614126807544,2.96183322486468,0.00748983632773161,10,3.01512275469113,100,900,-149,1298
"core",20,100,"random",0.5,0.2,120,120,2.38046551588923,0.659922553575598,-0.0192832989105955,7,0.388322530790772,100,900,-149,1298
"core",21,100,"random",0.5,0.2,121,121,12.6527644575108,2.28792839695234,-0.012893500844948,6,0.570525147290331,100,900,-149,1298
"core",22,100,"random",0.5,0.2,122,122,14.082122111693,3.69064133206848,0.0165008563455194,7,0.145616720328732,100,900,-149,1298
"core",23,100,"random",0.5,0.2,123,123,6.45902757556178,1.87840346130542,-0.0117975307255983,8,0.736316827637677,100,900,-149,1298
"core",24,100,"random",0.5,0.2,124,124,5.97035528626293,1.35291232354939,0.0123456035368145,9,0.406036817342756,100,900,-149,1298
"core",25,100,"random",0.5,0.2,125,125,3.9431643167045,3.3891440507723,-0.0292066612327471,7,0.364526656515176,100,900,-149,1298
"core",26,100,"random",0.5,0.2,126,126,6.58295083604753,3.64180706476327,0.0118395077716559,9,1.30569333924576,100,900,-149,1298
"core",27,100,"random",0.5,0.2,127,127,11.0826197902206,3.4568357502576,-0.0122412451822311,9,0.177397611303876,100,900,-149,1298
"core",28,100,"random",0.5,0.2,128,128,6.46371944295242,2.54661608382594,0.0183512297412381,5,1.45053513179183,100,900,-149,1298
"core",29,100,"random",0.5,0.2,129,129,2.78975504799746,1.33057375671342,-0.028256303393282,8,0.863568365633477,100,900,-149,1298
"core",30,100,"random",0.5,0.2,130,130,12.9068731972948,1.73053531569894,0.0295014518871903,10,0.379010117058538,100,900,-149,1298
"core",31,100,"random",0.5,0.2,131,131,6.10853717033751,1.35904365230817,-0.00842279636766761,6,0.343093641452472,100,900,-149,1298
"core",32,100,"random",0.5,0.2,132,132,8.88489339197986,0.562167669762857,-0.0170091816829517,8,0.650674063406154,100,900,-149,1298
"core",33,100,"random",0.5,0.2,133,133,8.91447318764403,1.16263784200419,-0.00523177678696811,8,0.774891201057642,100,900,-149,1298
"core",34,100,"random",0.5,0.2,134,134,9.13000315148383,0.712922327686101,-0.0136401624418795,5,0.545696855402402,100,900,-149,1298
"core",35,100,"random",0.5,0.2,135,135,6.87194099649787,3.06733409385197,0.0130906878970563,10,0.259766177463996,100,900,-149,1298
"core",36,100,"random",0.5,0.2,136,136,10.525565354852,1.74219803034794,0.0223978273523971,10,0.436362580036636,100,900,-149,1298
"core",37,100,"random",0.5,0.2,137,137,10.5358656980097,2.40933517331723,0.0182830190565437,10,1.18188825360702,100,900,-149,1298
"core",38,100,"random",0.5,0.2,138,138,14.1232200071681,2.92938275588676,-0.0114688463509083,9,0.661301451251952,100,900,-149,1298
"core",39,100,"random",0.5,0.2,139,139,4.82617382379249,0.684441833407618,-0.0156685393676162,7,0.37524501203364,100,900,-149,1298
"core",40,100,"random",0.5,0.2,140,140,10.7833429889288,2.83668593864422,-0.0229090401995927,8,0.264524847016457,100,900,-149,1298
"core",41,100,"random",0.5,0.2,141,141,11.5189913373906,3.1901638522977,0.00319821861572564,9,0.621392277567628,100,900,-149,1298
"core",42,100,"random",0.5,0.2,142,142,10.1840246687643,2.85108392778784,-0.0109220000635833,7,0.385000560298909,100,900,-149,1298
"core",43,100,"random",0.5,0.2,143,143,12.9679438273888,0.813643902540207,-0.0175131777115166,7,0.890256679765785,100,900,-149,1298
"core",44,100,"random",0.5,0.2,144,144,9.08388482965529,2.80481786758173,-0.0159866079501808,5,0.884483148978014,100,900,-149,1298
"core",45,100,"random",0.5,0.2,145,145,11.0340942859184,3.48014885326847,-0.0178703492274508,5,0.198291005419495,100,900,-149,1298
"core",46,100,"random",0.5,0.2,146,146,2.86892756074667,3.03890758228954,0.00420695736072958,9,0.937449639197186,100,900,-149,1298
"core",47,100,"random",0.5,0.2,147,147,12.5394012727775,3.91397856071126,-0.0117468478297815,7,0.194811739565907,100,900,-149,1298
"core",48,100,"random",0.5,0.2,148,148,7.88493713131174,1.25758121267427,0.0197682841680944,7,0.585778888959898,100,900,-149,1298
"core",49,100,"random",0.5,0.2,149,149,14.6216874972451,2.83686387282796,0.0134154796181247,8,0.130697006794207,100,900,-149,1298
"core",50,100,"random",0.5,0.2,150,150,11.0328369447961,3.54087180655915,-0.00853340967558324,5,1.2272164775915,100,900,-149,1298
"core",51,100,"random",0.5,0.2,151,151,2.87901210528798,1.17618553899229,0.0012020173156634,9,0.524419720239488,100,900,-149,1298
"core",52,100,"random",0.5,0.2,152,152,11.1615939296316,2.7775733936578,0.00970969379413873,5,4.82367392101263,100,900,-149,1298
"core",53,100,"random",0.5,0.2,153,153,12.9345969723072,2.73621076892596,-0.0110707426769659,5,0.170530212838978,100,900,-149,1298
"core",54,100,"random",0.5,0.2,154,154,12.1604624830652,1.10451884742361,0.020473253717646,8,0.346153559318067,100,900,-149,1298
"core",55,100,"random",0.5,0.2,155,155,5.78540982445702,3.38852137117647,0.00126248130574822,9,0.738504753112393,100,900,-149,1298
"core",56,100,"random",0.5,0.2,156,156,8.49636491504498,3.70764365559444,-0.0124461080180481,8,1.11993521413102,100,900,-149,1298
"core",57,100,"random",0.5,0.2,157,157,7.52782613434829,1.0191867161775,-0.0211039110599086,5,3.61372407528062,100,900,-149,1298
"core",58,100,"random",0.5,0.2,158,158,6.72655296232551,1.44998730090447,0.00989517902489752,9,0.896290230019515,100,900,-149,1298
"core",59,100,"random",0.5,0.2,159,159,14.4249574260321,3.43476878874935,-0.00632161441259086,8,4.06590385300766,100,900,-149,1298
"core",60,100,"random",0.5,0.2,160,160,14.5687280753627,3.27788384025916,0.0283849246893078,8,1.31121539272912,100,900,-149,1298
"core",61,100,"random",0.5,0.2,161,161,2.45787187363021,3.96037024620455,-0.0232450156006962,6,0.353392959782758,100,900,-149,1298
"core",62,100,"random",0.5,0.2,162,162,2.58369304868393,1.08494821819477,0.0226877141743898,10,0.262823136615563,100,900,-149,1298
"core",63,100,"random",0.5,0.2,163,163,12.9831819743849,2.70163845748175,-0.0253074690559879,6,0.149606364326705,100,900,-149,1298
"core",64,100,"random",0.5,0.2,164,164,12.7027272884734,1.0497425168287,-0.00361218354664743,10,0.297022332080905,100,900,-149,1298
"core",65,100,"random",0.5,0.2,165,165,6.7315415951889,1.38850331876893,0.0156621231744066,9,0.389083474183798,100,900,-149,1298
"core",66,100,"random",0.5,0.2,166,166,6.01588597032242,1.19094508618582,0.0165246525267139,9,0.735513398133797,100,900,-149,1298
"core",67,100,"random",0.5,0.2,167,167,12.472117330879,2.672572594136,0.0110484052402899,8,2.67661156168884,100,900,-149,1298
"core",68,100,"random",0.5,0.2,168,168,12.2227402215358,1.98665197833907,-0.00822035421151668,9,0.157327831777386,100,900,-149,1298
"core",69,100,"random",0.5,0.2,169,169,14.1729001866188,1.19580558908638,0.0209898035321385,6,0.40811644722176,100,900,-149,1298
"core",70,100,"random",0.5,0.2,170,170,2.19128417689353,1.75423018727452,0.0127530131489038,5,0.868983065848412,100,900,-149,1298
"core",71,100,"random",0.5,0.2,171,171,2.19719573808834,0.626387315918691,0.0288681617612019,8,0.578629051781468,100,900,-149,1298
"core",72,100,"random",0.5,0.2,172,172,11.9007773606572,2.87960953207221,0.00124927800614387,8,0.443016747058672,100,900,-149,1298
"core",73,100,"random",0.5,0.2,173,173,3.43226125580259,0.627504712669179,0.0177424268983305,7,1.16561710640329,100,900,-149,1298
"core",74,100,"random",0.5,0.2,174,174,6.9158320245333,2.7698321333155,-0.0249916762579232,8,0.388376058799641,100,900,-149,1298
"core",75,100,"random",0.5,0.2,175,175,13.7104845468421,1.85569641459733,0.00528537964448333,8,0.373153192254656,100,900,-149,1298
"core",76,100,"random",0.5,0.2,176,176,3.96260864799842,2.49240033852402,0.00493158638477326,8,1.01533797140376,100,900,-149,1298
"core",77,100,"random",0.5,0.2,177,177,10.0764221835416,3.08889472985175,0.012881925618276,10,1.54052626467013,100,900,-149,1298
"core",78,100,"random",0.5,0.2,178,178,5.67102915723808,1.87589750741608,-0.0184889506967738,8,0.421487756791168,100,900,-149,1298
"core",79,100,"random",0.5,0.2,179,179,3.62308002007194,3.18956544226967,0.0119886764371768,10,0.835706341287196,100,900,-149,1298
"core",80,100,"random",0.5,0.2,180,180,6.20413378416561,1.03058035986032,0.0117023005429655,8,0.75866951320614,100,900,-149,1298
"core",81,100,"random",0.5,0.2,181,181,12.5227162768133,2.76425144798122,-0.00017576476559043,6,2.1780049218025,100,900,-149,1298
"core",82,100,"random",0.5,0.2,182,182,12.5165087522473,0.64126410218887,0.0103135435748845,10,0.766586982473038,100,900,-149,1298
"core",83,100,"random",0.5,0.2,183,183,11.6121023655869,1.02286370075308,-0.00653768093325198,8,0.344442922583438,100,900,-149,1298
"core",84,100,"random",0.5,0.2,184,184,6.40672525949776,1.25021456438117,0.00784635884687304,6,0.589767472186163,100,900,-149,1298
"core",85,100,"random",0.5,0.2,185,185,3.16984800435603,1.21412537561264,0.007634831154719,10,0.38140724825464,100,900,-149,1298
"core",86,100,"random",0.5,0.2,186,186,6.64126371988095,2.99829055042937,0.0195250702835619,9,0.741752077305475,100,900,-149,1298
"core",87,100,"random",0.5,0.2,187,187,11.7867403712589,2.50641191005707,-0.0103395410254598,7,1.7067924332462,100,900,-149,1298
"core",88,100,"random",0.5,0.2,188,188,6.59124195715412,1.66036060114857,-0.0205580803658813,7,0.373952689389204,100,900,-149,1298
"core",89,100,"random",0.5,0.2,189,189,13.5918905339204,2.16118770057801,-0.0139185786154121,10,0.694651312780199,100,900,-149,1298
"core",90,100,"random",0.5,0.2,190,190,6.53007722692564,3.08835112478118,-0.00124618935864419,8,2.53434969734004,100,900,-149,1298
"core",91,100,"random",0.5,0.2,191,191,3.17962761409581,0.524561677011661,0.0133051156578586,8,0.147787440107586,100,900,-149,1298
"core",92,100,"random",0.5,0.2,192,192,8.0877158716321,0.831903385929763,0.00822007929906249,7,3.83038059681054,100,900,-149,1298
"core",93,100,"random",0.5,0.2,193,193,12.9593021122273,0.634542672196403,-0.0155448592593893,8,0.306299184813381,100,900,-149,1298
"core",94,100,"random",0.5,0.2,194,194,4.90832580183633,2.871547095594,-0.00182882431894541,8,1.51031013429509,100,900,-149,1298
"core",95,100,"random",0.5,0.2,195,195,14.1689716051333,3.08300991298165,0.00471474839374423,10,1.80442416563295,100,900,-149,1298
"core",96,100,"random",0.5,0.2,196,196,3.8875774461776,3.8365913546877,-0.00376099721062928,6,1.33890122777844,100,900,-149,1298
"core",97,100,"random",0.5,0.2,197,197,5.59596623154357,3.28871556546073,0.00497003958094865,9,0.841904115401581,100,900,-149,1298
"core",98,100,"random",0.5,0.2,198,198,2.05825091316365,2.04690607229713,0.00610232989769429,6,3.10288886163959,100,900,-149,1298
"core",99,100,"random",0.5,0.2,199,199,11.2076099487022,0.930418803938664,0.0107418322842568,10,1.85816006786563,100,900,-149,1298
"core",100,100,"random",0.5,0.2,200,200,11.4996321559884,2.67013146937825,0.00774957615416497,10,0.82205586406594,100,900,-149,1298
"core",1,200,"random",0.5,0.2,201,201,5.7168918447569,1.78441957384348,-0.0133187385415658,5,0.389963129010739,100,900,-149,1298
"core",2,200,"random",0.5,0.2,202,202,11.9200721136294,2.14479815308005,0.0289516696007922,9,2.15277243308583,100,900,-149,1298
"core",3,200,"random",0.5,0.2,203,203,14.1517600128427,0.62054269190412,0.00946760893799364,7,0.59180718573319,100,900,-149,1298
"core",4,200,"random",0.5,0.2,204,204,7.79564462415874,0.716903017600998,0.0140221337461844,7,0.551737943233735,100,900,-149,1298
"core",5,200,"random",0.5,0.2,205,205,11.3725646755192,1.02552129502874,-0.0213535647746176,5,0.156966405528371,100,900,-149,1298
"core",6,200,"random",0.5,0.2,206,206,13.5361038402189,1.54086638358422,0.0296589004341513,10,0.558686326597583,100,900,-149,1298
"core",7,200,"random",0.5,0.2,207,207,7.39304729481228,3.09629134391434,-0.012743846392259,9,0.260270987570941,100,900,-149,1298
"core",8,200,"random",0.5,0.2,208,208,6.39548542839475,2.33863262785599,-0.0242342305043712,7,0.242554286066863,100,900,-149,1298
"core",9,200,"random",0.5,0.2,209,209,6.89224860095419,3.31917801604141,0.0240417140442878,5,0.539684697629307,100,900,-149,1298
"core",10,200,"random",0.5,0.2,210,210,3.56572988512926,1.18201406532899,0.0214080324489623,6,0.838738194242586,100,900,-149,1298
"core",11,200,"random",0.5,0.2,211,211,11.8443360854872,0.875623028841801,0.00762979900930077,9,0.804451525595443,100,900,-149,1298
"core",12,200,"random",0.5,0.2,212,212,9.09547597216442,1.47793782106601,0.00751785043627023,7,0.228879379495415,100,900,-149,1298
"core",13,200,"random",0.5,0.2,213,213,3.8990562974941,2.55389385670424,-0.0289993675751612,10,0.297879266581887,100,900,-149,1298
"core",14,200,"random",0.5,0.2,214,214,3.44095955695957,1.24695333000273,0.028090172088705,6,0.666696518376261,100,900,-149,1298
"core",15,200,"random",0.5,0.2,215,215,7.5911408145912,2.62244168878533,-0.0279668469401076,8,0.501981764169386,100,900,-149,1298
"core",16,200,"random",0.5,0.2,216,216,13.7276567060035,3.19879916531499,-0.0177809956669807,6,0.36832287714124,100,900,-149,1298
"core",17,200,"random",0.5,0.2,217,217,6.54052560171112,1.55223584163468,-0.00151738707907498,9,0.330145708928201,100,900,-149,1298
"core",18,200,"random",0.5,0.2,218,218,8.44072378613055,2.46389727049973,0.00200751123949885,9,1.27374514773998,100,900,-149,1298
"core",19,200,"random",0.5,0.2,219,219,6.85068834084086,3.26087362598628,0.00501280398108065,6,0.206492313627169,100,900,-149,1298
"core",20,200,"random",0.5,0.2,220,220,3.90441051614471,0.690252747153863,-0.0113686359208077,7,0.485317939945242,100,900,-149,1298
"core",21,200,"random",0.5,0.2,221,221,6.86691992846318,1.3409677707823,0.0124040791718289,6,0.248745142459302,100,900,-149,1298
"core",22,200,"random",0.5,0.2,222,222,13.4321392821148,1.82819824456237,0.00602185408584773,9,0.336938668154849,100,900,-149,1298
"core",23,200,"random",0.5,0.2,223,223,8.16527736489661,1.23936706094537,-0.00108474990818649,10,1.26953520584755,100,900,-149,1298
"core",24,200,"random",0.5,0.2,224,224,11.328723332379,3.7250281078741,-0.0110940222116187,7,2.26117527397423,100,900,-149,1298
"core",25,200,"random",0.5,0.2,225,225,14.1680188113824,3.48028687410988,0.00442798790987581,8,0.19807658755573,100,900,-149,1298
"core",26,200,"random",0.5,0.2,226,226,14.9600418878254,3.64882059581578,0.00659663970116526,8,2.16122094369349,100,900,-149,1298
"core",27,200,"random",0.5,0.2,227,227,6.85928294691257,3.3525654124096,-0.0187550827581435,8,0.855322470016187,100,900,-149,1298
"core",28,200,"random",0.5,0.2,228,228,7.01095987809822,3.03861855668947,0.0101334488438442,9,0.816526072657877,100,900,-149,1298
"core",29,200,"random",0.5,0.2,229,229,7.18297619209625,3.59617253730539,-0.0248628170695156,5,0.56968294496417,100,900,-149,1298
"core",30,200,"random",0.5,0.2,230,230,7.36204390204512,1.23970603058115,0.00581653231289238,8,0.296690461980241,100,900,-149,1298
"core",31,200,"random",0.5,0.2,231,231,6.928942843806,2.62811552779749,-0.022051539584063,8,0.342882778004505,100,900,-149,1298
"core",32,200,"random",0.5,0.2,232,232,10.2822246470023,2.12226566113532,-0.022630654159002,10,0.725214281466897,100,900,-149,1298
"core",33,200,"random",0.5,0.2,233,233,14.6749581284821,2.00006283202674,-0.024234217191115,10,0.397221874702209,100,900,-149,1298
"core",34,200,"random",0.5,0.2,234,234,14.9120246223174,3.49316872830968,-0.00920161770656705,10,0.221032786594894,100,900,-149,1298
"core",35,200,"random",0.5,0.2,235,235,9.8192577031441,2.88469253072981,0.0148912085965276,8,0.611905915639625,100,900,-149,1298
"core",36,200,"random",0.5,0.2,236,236,8.81000392604619,2.6737472837558,-0.0288418518891558,10,0.280515182253328,100,900,-149,1298
"core",37,200,"random",0.5,0.2,237,237,14.1021071563009,2.21334437245969,-0.0225033070519567,6,0.456442334891301,100,900,-149,1298
"core",38,200,"random",0.5,0.2,238,238,11.443386169849,1.75809005496558,-0.0269776386860758,8,0.273231073864704,100,900,-149,1298
"core",39,200,"random",0.5,0.2,239,239,3.57899503479712,2.96823232562747,-0.011303131445311,5,0.580298071333378,100,900,-149,1298
"core",40,200,"random",0.5,0.2,240,240,7.1789098882582,3.33026263630018,0.00246630360838026,9,0.475114707382094,100,900,-149,1298
"core",41,200,"random",0.5,0.2,241,241,9.99957195459865,1.97891803912353,-0.0246674250718206,7,0.415558721792272,100,900,-149,1298
"core",42,200,"random",0.5,0.2,242,242,6.92373702302575,2.39407607004978,-0.0298389680637047,6,1.76163151230271,100,900,-149,1298
"core",43,200,"random",0.5,0.2,243,243,4.24111598264426,2.95158211700618,-0.0277614053059369,9,0.765870640419428,100,900,-149,1298
"core",44,200,"random",0.5,0.2,244,244,9.06833590916358,1.69313355989289,0.027044084421359,8,0.121481822559723,100,900,-149,1298
"core",45,200,"random",0.5,0.2,245,245,8.90959341661073,1.28688445442822,-0.0234936116170138,8,0.124093363364824,100,900,-149,1298
"core",46,200,"random",0.5,0.2,246,246,11.8762287243735,3.45735154906288,0.0109739327710122,9,1.19563230935329,100,900,-149,1298
"core",47,200,"random",0.5,0.2,247,247,13.2810341585428,1.36301972984802,-0.0102410976961255,5,0.330929542591466,100,900,-149,1298
"core",48,200,"random",0.5,0.2,248,248,7.15492063760757,1.06027624104172,-0.0154213598789647,7,0.211879422309322,100,900,-149,1298
"core",49,200,"random",0.5,0.2,249,249,13.3060445329174,2.10102301416919,-0.00371382581535727,9,4.46301315913657,100,900,-149,1298
"core",50,200,"random",0.5,0.2,250,250,9.60553823690861,2.91798688587733,-0.0231442010728642,9,0.304693432664284,100,900,-149,1298
"core",51,200,"random",0.5,0.2,251,251,4.43426969484426,2.73608159879223,-0.0227043890627101,8,0.813616325655485,100,900,-149,1298
"core",52,200,"random",0.5,0.2,252,252,7.51332322089002,2.26791034289636,0.004072037008591,7,0.902280638657983,100,900,-149,1298
"core",53,200,"random",0.5,0.2,253,253,5.4746617146302,2.48548821208533,0.0231305528897792,8,0.375454566893779,100,900,-149,1298
"core",54,200,"random",0.5,0.2,254,254,3.48163564386778,1.20905715366825,0.0199045397853479,7,0.39150454806577,100,900,-149,1298
"core",55,200,"random",0.5,0.2,255,255,11.6695249984041,1.57211995020043,0.0257717434270307,7,0.335789982869269,100,900,-149,1298
"core",56,200,"random",0.5,0.2,256,256,10.1833825970534,2.44330168596935,-0.0156969438772649,6,1.30480258975481,100,900,-149,1298
"core",57,200,"random",0.5,0.2,257,257,12.5719386893325,0.835698254988529,-0.00750026151537895,9,1.23548173541523,100,900,-149,1298
"core",58,200,"random",0.5,0.2,258,258,14.6165480269119,1.99723754287697,0.0248446687404066,6,0.628360051154726,100,900,-149,1298
"core",59,200,"random",0.5,0.2,259,259,7.81532474607229,3.94578025350347,0.00958898604847491,10,0.164696972921631,100,900,-149,1298
"core",60,200,"random",0.5,0.2,260,260,2.3507350794971,1.74330286774784,0.00166559644974768,10,0.121193733924311,100,900,-149,1298
"core",61,200,"random",0.5,0.2,261,261,8.64586911653168,3.1847485670587,-0.0213253947207704,7,0.117946374561726,100,900,-149,1298
"core",62,200,"random",0.5,0.2,262,262,8.91151196183637,3.46392012527213,-0.0143311817105859,6,0.810670462204639,100,900,-149,1298
"core",63,200,"random",0.5,0.2,263,263,9.57659862120636,3.53387923247647,0.014440306769684,10,0.291721353450509,100,900,-149,1298
"core",64,200,"random",0.5,0.2,264,264,6.78526179678738,2.41305560222827,0.0135907078161836,9,0.550336450406681,100,900,-149,1298
"core",65,200,"random",0.5,0.2,265,265,5.43048166064546,2.041909157997,-0.00679766710381955,10,0.704171950179869,100,900,-149,1298
"core",66,200,"random",0.5,0.2,266,266,10.2442220312078,1.72559398785233,0.0206601207889617,8,0.42825346102868,100,900,-149,1298
"core",67,200,"random",0.5,0.2,267,267,6.51789240818471,2.12104009522591,0.00681773213669658,5,0.750641516466532,100,900,-149,1298
"core",68,200,"random",0.5,0.2,268,268,14.6573046054691,3.80805389105808,0.0214800497330725,8,1.06256638695867,100,900,-149,1298
"core",69,200,"random",0.5,0.2,269,269,7.22022419376299,1.96209713025019,-0.00761666381265968,10,2.19649340181405,100,900,-149,1298
"core",70,200,"random",0.5,0.2,270,270,6.19695296231657,0.642111728782766,0.0250702273473144,9,4.96402596799413,100,900,-149,1298
"core",71,200,"random",0.5,0.2,271,271,2.1974353576079,2.22460274968762,0.00374519768636674,9,0.833124834523802,100,900,-149,1298
"core",72,200,"random",0.5,0.2,272,272,5.65218531549908,3.42982143873814,0.0135127449966967,7,0.510531119605654,100,900,-149,1298
"core",73,200,"random",0.5,0.2,273,273,14.9587616005447,3.60374446562491,-0.0201212615612894,10,0.398402248809031,100,900,-149,1298
"core",74,200,"random",0.5,0.2,274,274,10.4205261955503,0.787590990075842,-0.0171009458368644,8,0.226005437624482,100,900,-149,1298
"core",75,200,"random",0.5,0.2,275,275,12.4008089790586,2.30852976650931,0.0167335324035957,5,1.21123063593225,100,900,-149,1298
"core",76,200,"random",0.5,0.2,276,276,10.0565885000397,1.9628403444076,-0.0232030300889164,7,2.11181071217802,100,900,-149,1298
"core",77,200,"random",0.5,0.2,277,277,14.7927402995992,3.14286914444529,0.00242076116614044,7,0.867392803048953,100,900,-149,1298
"core",78,200,"random",0.5,0.2,278,278,6.29560033767484,0.62590322678443,-0.00544877618551254,9,0.212500731598906,100,900,-149,1298
"core",79,200,"random",0.5,0.2,279,279,12.1716899254825,2.52236346283462,0.00202427272684872,6,0.395299598968592,100,900,-149,1298
"core",80,200,"random",0.5,0.2,280,280,7.9228052997496,2.78952101618052,0.0232563654659316,6,1.91268146278341,100,900,-149,1298
"core",81,200,"random",0.5,0.2,281,281,14.1449323880952,1.0299373898888,0.0146360954968259,10,0.281045739150225,100,900,-149,1298
"core",82,200,"random",0.5,0.2,282,282,14.8007321157493,3.91036277648527,-0.00524197231046855,7,0.950786476113461,100,900,-149,1298
"core",83,200,"random",0.5,0.2,283,283,11.5223875262309,2.21940367564093,0.0145774040557444,5,0.940944539293503,100,900,-149,1298
"core",84,200,"random",0.5,0.2,284,284,3.65274834656157,1.42391504580155,-0.029008744074963,5,0.241819853053669,100,900,-149,1298
"core",85,200,"random",0.5,0.2,285,285,10.0393872866407,3.93530554079916,0.0042722299369052,6,0.321482919072809,100,900,-149,1298
"core",86,200,"random",0.5,0.2,286,286,6.43681780085899,0.788061955128796,0.0240447360416874,9,1.93793212904867,100,900,-149,1298
"core",87,200,"random",0.5,0.2,287,287,3.42358258948661,2.14847582625225,-0.0207336047105491,10,1.1394933060258,100,900,-149,1298
"core",88,200,"random",0.5,0.2,288,288,9.56875098962337,1.65306832292117,0.0251226603426039,5,0.706646372070691,100,900,-149,1298
"core",89,200,"random",0.5,0.2,289,289,13.9721543136984,1.29488724377006,-0.0176583902165294,9,0.428525859486163,100,900,-149,1298
"core",90,200,"random",0.5,0.2,290,290,14.0698191297706,0.876087350770831,-0.0211130281537771,6,1.18614649607058,100,900,-149,1298
"core",91,200,"random",0.5,0.2,291,291,10.6504692404997,3.26483549969271,-0.0209821148822084,10,0.537223672539532,100,900,-149,1298
"core",92,200,"random",0.5,0.2,292,292,3.7107727068942,1.12076174502727,0.00118157031945884,6,0.593170659099875,100,900,-149,1298
"core",93,200,"random",0.5,0.2,293,293,3.6027844955679,1.8512010211125,0.0192464157706127,9,0.674041684613388,100,900,-149,1298
"core",94,200,"random",0.5,0.2,294,294,5.74552373192273,3.54053733765613,0.00824488069396466,10,0.258427893976071,100,900,-149,1298
"core",95,200,"random",0.5,0.2,295,295,3.1570116460789,0.745039682136849,0.0175359463971108,5,0.532395647994375,100,900,-149,1298
"core",96,200,"random",0.5,0.2,296,296,11.2798086726107,2.62931556836702,-0.00856295098084956,8,2.02940532744067,100,900,-149,1298
"core",97,200,"random",0.5,0.2,297,297,12.0599833044689,1.00339276483282,-0.0158797810133547,8,0.170293602757499,100,900,-149,1298
"core",98,200,"random",0.5,0.2,298,298,11.2998332078569,2.54836155404337,-0.0222609988600016,9,0.551420019587876,100,900,-149,1298
"core",99,200,"random",0.5,0.2,299,299,9.44213937222958,1.62688816839363,-0.0187449825787917,10,0.255545617058152,100,900,-149,1298
"core",100,200,"random",0.5,0.2,300,300,4.46548644662835,3.56600655079819,-0.0139264417625964,9,0.46290775518769,100,900,-149,1298
"core",1,500,"random",0.5,0.2,301,301,10.0005755501334,3.26613835874014,-0.0147992951190099,7,0.346687611811253,100,900,-149,1298
"core",2,500,"random",0.5,0.2,302,302,2.6783383700531,2.2534009909723,0.00678187362849712,7,0.572727614103576,100,900,-149,1298
"core",3,500,"random",0.5,0.2,303,303,4.12976804631762,2.09480343747418,-0.00675894998945296,8,0.348977711812039,100,900,-149,1298
"core",4,500,"random",0.5,0.2,304,304,13.1191541473381,3.44473672041204,-0.00973909200634807,5,0.406285574705753,100,900,-149,1298
"core",5,500,"random",0.5,0.2,305,305,13.272311624838,1.62989605870098,-0.0185199146205559,5,0.213103012792549,100,900,-149,1298
"core",6,500,"random",0.5,0.2,306,306,13.6873814852443,2.19757853541523,0.00855072308331728,8,5.51923300074001,100,900,-149,1298
"core",7,500,"random",0.5,0.2,307,307,14.6694769628812,3.74406944261864,0.011076815421693,10,0.211954636424227,100,900,-149,1298
"core",8,500,"random",0.5,0.2,308,308,2.06801422964782,3.96895913232584,0.0132720094593242,7,0.279427722135424,100,900,-149,1298
"core",9,500,"random",0.5,0.2,309,309,6.84782729600556,3.84966073534451,0.00675771951209754,8,0.137599339106617,100,900,-149,1298
"core",10,500,"random",0.5,0.2,310,310,2.90090876375325,3.83474293805193,0.0209502658853307,10,0.530372281071053,100,900,-149,1298
"core",11,500,"random",0.5,0.2,311,311,11.5999746625312,3.07472675561439,0.0294201678503305,8,0.388923318670503,100,900,-149,1298
"core",12,500,"random",0.5,0.2,312,312,7.46765318303369,1.94899314211216,-0.0161729459697381,8,3.86073778734723,100,900,-149,1298
"core",13,500,"random",0.5,0.2,313,313,7.84397921618074,3.0032275877893,-0.0298247369891033,5,0.184620639437166,100,900,-149,1298
"core",14,500,"random",0.5,0.2,314,314,3.17602210701443,0.512327727861702,-0.0028548272838816,8,1.6763289685438,100,900,-149,1298
"core",15,500,"random",0.5,0.2,315,315,7.08260934706777,3.67573365103453,0.00559432502835989,8,1.11210268028869,100,900,-149,1298
"core",16,500,"random",0.5,0.2,316,316,10.9984491404612,1.87170663906727,-0.0232598780980334,7,1.01677731081657,100,900,-149,1298
"core",17,500,"random",0.5,0.2,317,317,8.85129207093269,3.18273333646357,0.00571542925201356,8,0.573154702983667,100,900,-149,1298
"core",18,500,"random",0.5,0.2,318,318,13.1634070533328,2.08948422980029,0.0211689912574366,6,0.707265693274847,100,900,-149,1298
"core",19,500,"random",0.5,0.2,319,319,8.03316493798047,0.866790134226903,-0.0267740234127268,7,0.754925039540651,100,900,-149,1298
"core",20,500,"random",0.5,0.2,320,320,12.5149311909918,0.856668279622681,-0.0153580849338323,5,0.189155629069386,100,900,-149,1298
"core",21,500,"random",0.5,0.2,321,321,13.8039304085542,3.24577490380034,-0.0280568292131647,10,1.94817627687941,100,900,-149,1298
"core",22,500,"random",0.5,0.2,322,322,11.6064547775313,1.24890569294803,0.0283559175627306,10,0.192560984086072,100,900,-149,1298
"core",23,500,"random",0.5,0.2,323,323,14.0508750041481,2.07034470525105,-0.00482808299828321,8,0.214100010704153,100,900,-149,1298
"core",24,500,"random",0.5,0.2,324,324,11.4762892085128,0.875977546907961,-0.0205633832607418,8,0.616543871313039,100,900,-149,1298
"core",25,500,"random",0.5,0.2,325,325,6.44166453438811,3.53353823372163,0.00224018863867968,6,1.70043324319429,100,900,-149,1298
"core",26,500,"random",0.5,0.2,326,326,6.01203712075949,2.43389076949097,0.00173997512552887,7,1.24950830553955,100,900,-149,1298
"core",27,500,"random",0.5,0.2,327,327,8.28990240674466,0.578467519604601,0.0285132130282,5,0.234316672948542,100,900,-149,1298
"core",28,500,"random",0.5,0.2,328,328,14.0616929419339,1.50211540458258,-0.00714040417224169,9,0.714199306020031,100,900,-149,1298
"core",29,500,"random",0.5,0.2,329,329,12.6173519669101,2.55948332021944,-0.00452665573451668,9,0.173884667047379,100,900,-149,1298
"core",30,500,"random",0.5,0.2,330,330,4.31853509531356,3.97362796985544,-0.00568436953704804,10,1.5711777164085,100,900,-149,1298
"core",31,500,"random",0.5,0.2,331,331,7.94377625128254,3.09441285475623,-0.000385006545111536,9,0.931044615357797,100,900,-149,1298
"core",32,500,"random",0.5,0.2,332,332,4.09190906118602,2.79594368976541,-0.0121627427637577,7,0.277512798000302,100,900,-149,1298
"core",33,500,"random",0.5,0.2,333,333,8.32688788208179,3.70984264370054,-0.0130414433218539,8,0.953913322132988,100,900,-149,1298
"core",34,500,"random",0.5,0.2,334,334,7.64861333812587,1.49062211648561,0.0104729544231668,6,0.164458972469966,100,900,-149,1298
"core",35,500,"random",0.5,0.2,335,335,4.53860340733081,1.11895055416971,0.0269894300820306,8,0.394415926439741,100,900,-149,1298
"core",36,500,"random",0.5,0.2,336,336,14.8532073316164,3.78558281296864,0.00461121087893843,8,0.557250545171844,100,900,-149,1298
"core",37,500,"random",0.5,0.2,337,337,4.44396534725092,3.0026483614929,0.00402832800988108,7,1.08345864523967,100,900,-149,1298
"core",38,500,"random",0.5,0.2,338,338,3.89293303294107,3.52752876130398,-0.0255147581594065,5,0.555152689046996,100,900,-149,1298
"core",39,500,"random",0.5,0.2,339,339,5.63561526220292,3.02167193044443,0.0275852475408465,10,0.143060984733395,100,900,-149,1298
"core",40,500,"random",0.5,0.2,340,340,7.29937863349915,3.26008027873468,0.0219784457562491,10,0.310743236438972,100,900,-149,1298
"core",41,500,"random",0.5,0.2,341,341,5.5833965674974,0.819575573317707,0.0219481577770784,10,0.175814294968795,100,900,-149,1298
"core",42,500,"random",0.5,0.2,342,342,11.4325869891327,2.75347497756593,-0.0095504340576008,6,0.322868724428698,100,900,-149,1298
"core",43,500,"random",0.5,0.2,343,343,3.17141572246328,1.61804534331895,0.017164582782425,5,0.33284207804694,100,900,-149,1298
"core",44,500,"random",0.5,0.2,344,344,8.65322495694272,1.58387529128231,0.0296552978921682,7,2.4142706444236,100,900,-149,1298
"core",45,500,"random",0.5,0.2,345,345,3.76833014725707,1.76516613340937,0.0280145101994276,9,0.400404136692971,100,900,-149,1298
"core",46,500,"random",0.5,0.2,346,346,10.0982384260278,3.95658142457251,-0.00771233868319541,7,0.887472374824766,100,900,-149,1298
"core",47,500,"random",0.5,0.2,347,347,9.72741010901518,2.09228765172884,0.00829828404821455,9,2.28075507417822,100,900,-149,1298
"core",48,500,"random",0.5,0.2,348,348,4.63327570050023,3.55377061327454,-0.0183331721322611,6,0.209180030564209,100,900,-149,1298
"core",49,500,"random",0.5,0.2,349,349,14.8823032209184,0.67356419225689,0.00253150683827699,10,1.07528243434669,100,900,-149,1298
"core",50,500,"random",0.5,0.2,350,350,2.45692622312345,3.21882335399278,0.0140699038887396,8,0.294813860167993,100,900,-149,1298
"core",51,500,"random",0.5,0.2,351,351,6.067665113369,0.584363591158763,-0.0013716305186972,5,0.900150165341486,100,900,-149,1298
"core",52,500,"random",0.5,0.2,352,352,3.28151263459586,3.96212990477215,0.00513885481283068,6,0.660054221375205,100,900,-149,1298
"core",53,500,"random",0.5,0.2,353,353,2.20501402183436,3.5760850115912,-0.0284619550360367,7,0.505659570625556,100,900,-149,1298
"core",54,500,"random",0.5,0.2,354,354,10.2048232683446,1.73166692117229,0.0032084440626204,8,0.241944190633586,100,900,-149,1298
"core",55,500,"random",0.5,0.2,355,355,4.31917664641514,3.95317239046562,-0.00509663912001997,6,0.827320488744021,100,900,-149,1298
"core",56,500,"random",0.5,0.2,356,356,12.404156124685,2.29335370392073,0.0043244410213083,5,0.637801863357226,100,900,-149,1298
"core",57,500,"random",0.5,0.2,357,357,12.854010200128,1.28523266513366,0.0212539374316111,10,1.18508769121688,100,900,-149,1298
"core",58,500,"random",0.5,0.2,358,358,14.6633755639195,2.17585615743883,0.00405182818416506,6,0.167695941498685,100,900,-149,1298
"core",59,500,"random",0.5,0.2,359,359,13.38435045816,2.30494029482361,-0.0246511201467365,5,1.94479491332371,100,900,-149,1298
"core",60,500,"random",0.5,0.2,360,360,3.68321488215588,0.692058852990158,-0.00129850217141211,9,1.26770407274544,100,900,-149,1298
"core",61,500,"random",0.5,0.2,361,361,14.9479820728302,3.32232216617558,0.00525706229265779,7,1.44458454813757,100,900,-149,1298
"core",62,500,"random",0.5,0.2,362,362,11.145198631566,0.885588802630082,0.0216246457351372,7,0.174959432215872,100,900,-149,1298
"core",63,500,"random",0.5,0.2,363,363,5.10729178413749,3.50975119043142,-0.00613773451186717,10,0.531286473538153,100,900,-149,1298
"core",64,500,"random",0.5,0.2,364,364,7.1028802304063,3.52406255330425,0.000436681872233748,5,1.09322379426798,100,900,-149,1298
"core",65,500,"random",0.5,0.2,365,365,4.7962059834972,1.44950436649378,0.0202927688229829,6,1.40304656164152,100,900,-149,1298
"core",66,500,"random",0.5,0.2,366,366,13.630553382216,3.31068446103018,-0.0177398730721325,8,0.469282007361578,100,900,-149,1298
"core",67,500,"random",0.5,0.2,367,367,6.38191195088439,1.27666674065404,-0.0241840475192294,8,0.449285569595377,100,900,-149,1298
"core",68,500,"random",0.5,0.2,368,368,14.6554410178214,1.47387686441652,0.00795304720290005,6,0.184201822084459,100,900,-149,1298
"core",69,500,"random",0.5,0.2,369,369,14.0846056784503,2.31324716925155,0.000594154908321799,5,4.00858834352624,100,900,-149,1298
"core",70,500,"random",0.5,0.2,370,370,8.66306043229997,3.70424622495193,0.00558538718149066,8,0.173908374730001,100,900,-149,1298
"core",71,500,"random",0.5,0.2,371,371,7.8472982973326,3.35253170295618,0.0196425751782954,9,0.626506193404475,100,900,-149,1298
"core",72,500,"random",0.5,0.2,372,372,2.98982218862511,1.82354882790241,-0.0181748215667903,10,1.15576100871864,100,900,-149,1298
"core",73,500,"random",0.5,0.2,373,373,11.6328712571412,2.59733484126627,0.00840531240217388,9,0.145041015624469,100,900,-149,1298
"core",74,500,"random",0.5,0.2,374,374,2.75809614756145,1.00570059928577,-0.00639708681497723,10,0.391564324442633,100,900,-149,1298
"core",75,500,"random",0.5,0.2,375,375,5.20424955827184,1.7370785784442,0.0133455997891724,5,0.133181210645284,100,900,-149,1298
"core",76,500,"random",0.5,0.2,376,376,13.6430747748818,0.505873069982044,-0.0130322988331318,10,0.188627909375116,100,900,-149,1298
"core",77,500,"random",0.5,0.2,377,377,6.51168253482319,1.87270219333004,-0.00489768354222178,8,0.199454536238116,100,900,-149,1298
"core",78,500,"random",0.5,0.2,378,378,9.61249653156847,2.68319521739613,0.0144539587525651,8,0.556301171009523,100,900,-149,1298
"core",79,500,"random",0.5,0.2,379,379,11.7553213052452,2.81644427077845,0.00536255937069655,5,0.535577477175038,100,900,-149,1298
"core",80,500,"random",0.5,0.2,380,380,4.94643674674444,1.58498040330596,0.00921988702844828,9,0.172760838147416,100,900,-149,1298
"core",81,500,"random",0.5,0.2,381,381,5.11952630290762,2.47246637556236,-0.0186977669969201,8,0.202526522771106,100,900,-149,1298
"core",82,500,"random",0.5,0.2,382,382,7.64220597222447,2.29329325084109,-0.00118778784759343,7,5.73709709613857,100,900,-149,1298
"core",83,500,"random",0.5,0.2,383,383,7.97119516413659,2.27950853889342,-0.00192283486481756,10,0.340949376805923,100,900,-149,1298
"core",84,500,"random",0.5,0.2,384,384,14.8209708060604,1.89565876952838,0.0124960668571293,8,0.572352152429679,100,900,-149,1298
"core",85,500,"random",0.5,0.2,385,385,6.24576989281923,1.95507876027841,0.0261678759427741,9,0.242130369146858,100,900,-149,1298
"core",86,500,"random",0.5,0.2,386,386,13.7199793257751,1.80934172589332,0.00683990282937885,10,2.09302226945013,100,900,-149,1298
"core",87,500,"random",0.5,0.2,387,387,2.49275027657859,0.750190682359971,0.004110744218342,10,0.190030938701517,100,900,-149,1298
"core",88,500,"random",0.5,0.2,388,388,7.26721762958914,3.26685582590289,0.00367781845852733,9,0.288039449926129,100,900,-149,1298
"core",89,500,"random",0.5,0.2,389,389,4.65093850670382,3.87585262209177,0.0246000207122415,10,0.617213673315012,100,900,-149,1298
"core",90,500,"random",0.5,0.2,390,390,7.77384085510857,2.54277052264661,0.0293149669887498,7,0.855193118576722,100,900,-149,1298
"core",91,500,"random",0.5,0.2,391,391,3.2316436918918,3.46886640042067,0.01910541980993,10,3.64510547436476,100,900,-149,1298
"core",92,500,"random",0.5,0.2,392,392,12.4333164666314,2.9023902969202,-0.026129843252711,9,2.85890095985316,100,900,-149,1298
"core",93,500,"random",0.5,0.2,393,393,13.9473058276344,1.09059805329889,-0.0111820392915979,7,0.128376330559425,100,900,-149,1298
"core",94,500,"random",0.5,0.2,394,394,4.87609609868377,1.92854150279891,0.019850927805528,6,0.217307815269758,100,900,-149,1298
"core",95,500,"random",0.5,0.2,395,395,12.525957390666,1.63656677375548,-0.00694702807813883,9,1.07803363669468,100,900,-149,1298
"core",96,500,"random",0.5,0.2,396,396,7.4866390330717,0.653775551705621,-0.00147773757576942,7,0.495395822886005,100,900,-149,1298
"core",97,500,"random",0.5,0.2,397,397,4.48282426851802,1.96176755730994,-0.0227433640882373,7,0.539568425484262,100,900,-149,1298
"core",98,500,"random",0.5,0.2,398,398,10.6679957560264,1.03245880501345,0.016976116723381,6,0.35855274167788,100,900,-149,1298
"core",99,500,"random",0.5,0.2,399,399,10.8866804155987,2.97660835308488,-0.0180993005214259,6,0.166395151654145,100,900,-149,1298
"core",100,500,"random",0.5,0.2,400,400,11.2568676809315,1.05770599259995,-0.0216378873540089,9,0.882831660005131,100,900,-149,1298
"core",1,50,"zero",0.5,0.2,401,401,14.9625654870179,2.99681193055585,0,10,1.47762069920733,100,900,-149,1298
"core",2,50,"zero",0.5,0.2,402,402,13.0732032679953,0.749530524364673,0,6,0.580277875884167,100,900,-149,1298
"core",3,50,"zero",0.5,0.2,403,403,8.02912266086787,3.93347877706401,0,7,0.279388711949637,100,900,-149,1298
"core",4,50,"zero",0.5,0.2,404,404,13.3664536562283,1.95310283999424,0,10,0.330171458168081,100,900,-149,1298
"core",5,50,"zero",0.5,0.2,405,405,9.38517680973746,3.14070798270404,0,5,0.720036958117554,100,900,-149,1298
"core",6,50,"zero",0.5,0.2,406,406,5.06622662954032,3.01641950360499,0,6,1.01747378232179,100,900,-149,1298
"core",7,50,"zero",0.5,0.2,407,407,13.168781693792,3.37503209570423,0,5,0.217295594675467,100,900,-149,1298
"core",8,50,"zero",0.5,0.2,408,408,10.0350130212028,2.04978219454642,0,7,2.52829445404922,100,900,-149,1298
"core",9,50,"zero",0.5,0.2,409,409,7.75609539309517,1.39103184069972,0,10,0.85787878421387,100,900,-149,1298
"core",10,50,"zero",0.5,0.2,410,410,2.83709381730296,1.37942868191749,0,10,0.16660784607395,100,900,-149,1298
"core",11,50,"zero",0.5,0.2,411,411,10.945201585535,3.59576305537485,0,10,1.04175167446553,100,900,-149,1298
"core",12,50,"zero",0.5,0.2,412,412,7.6225600077305,3.52906901750248,0,6,0.612219825105468,100,900,-149,1298
"core",13,50,"zero",0.5,0.2,413,413,4.67922387085855,1.42539917689282,0,10,0.639382629079985,100,900,-149,1298
"core",14,50,"zero",0.5,0.2,414,414,5.79097246541642,3.41578532708809,0,6,0.367935473638259,100,900,-149,1298
"core",15,50,"zero",0.5,0.2,415,415,11.2467432643753,3.73621612845454,0,8,0.294110848488718,100,900,-149,1298
"core",16,50,"zero",0.5,0.2,416,416,5.46773287071846,1.58843235124368,0,5,3.74781030300317,100,900,-149,1298
"core",17,50,"zero",0.5,0.2,417,417,8.86832576314919,1.39719695388339,0,9,0.735271697956256,100,900,-149,1298
"core",18,50,"zero",0.5,0.2,418,418,12.3973778276704,0.60125498380512,0,9,4.3203657705493,100,900,-149,1298
"core",19,50,"zero",0.5,0.2,419,419,13.79104769486,1.9532970788423,0,7,0.172579380242843,100,900,-149,1298
"core",20,50,"zero",0.5,0.2,420,420,10.6322283067275,3.03698846348561,0,7,1.56438384772536,100,900,-149,1298
"core",21,50,"zero",0.5,0.2,421,421,3.21354365861043,3.10836089611985,0,7,0.322601113516575,100,900,-149,1298
"core",22,50,"zero",0.5,0.2,422,422,5.54665534570813,1.10776037815958,0,7,2.29363393746567,100,900,-149,1298
"core",23,50,"zero",0.5,0.2,423,423,2.12374841142446,1.11813628824893,0,5,0.361448987685311,100,900,-149,1298
"core",24,50,"zero",0.5,0.2,424,424,12.6708774999715,2.87993212288711,0,9,0.317753323675488,100,900,-149,1298
"core",25,50,"zero",0.5,0.2,425,425,9.64101974456571,0.718920213752426,0,9,0.599029386859461,100,900,-149,1298
"core",26,50,"zero",0.5,0.2,426,426,12.3265698328614,2.10126215033233,0,8,0.448120541948766,100,900,-149,1298
"core",27,50,"zero",0.5,0.2,427,427,7.9411919254344,2.39157502760645,0,10,0.223896922631642,100,900,-149,1298
"core",28,50,"zero",0.5,0.2,428,428,10.3309441024903,1.98241898335982,0,10,0.824454167788907,100,900,-149,1298
"core",29,50,"zero",0.5,0.2,429,429,3.98506108112633,2.94808894128073,0,9,0.321536310018462,100,900,-149,1298
"core",30,50,"zero",0.5,0.2,430,430,5.38124881475233,1.05469161318615,0,9,0.464117021899438,100,900,-149,1298
"core",31,50,"zero",0.5,0.2,431,431,13.3260107326787,3.14419767062645,0,6,0.244516743335543,100,900,-149,1298
"core",32,50,"zero",0.5,0.2,432,432,11.9389621564187,0.968824167735875,0,8,0.753510332048289,100,900,-149,1298
"core",33,50,"zero",0.5,0.2,433,433,8.20719193900004,3.44042935047764,0,8,0.109288057187821,100,900,-149,1298
"core",34,50,"zero",0.5,0.2,434,434,4.17181367776357,0.783599604503252,0,7,0.305184942301607,100,900,-149,1298
"core",35,50,"zero",0.5,0.2,435,435,11.949556250358,2.29886903532315,0,7,0.289273744257131,100,900,-149,1298
"core",36,50,"zero",0.5,0.2,436,436,13.0019913378637,1.9776881110156,0,5,0.384624838625301,100,900,-149,1298
"core",37,50,"zero",0.5,0.2,437,437,5.81801423011348,3.38032804103568,0,9,0.135909779936581,100,900,-149,1298
"core",38,50,"zero",0.5,0.2,438,438,12.7726619762834,1.04396168456879,0,5,0.41117113571595,100,900,-149,1298
"core",39,50,"zero",0.5,0.2,439,439,2.27886100392789,1.0110383053543,0,9,0.987707417683412,100,900,-149,1298
"core",40,50,"zero",0.5,0.2,440,440,3.99775842460804,0.686927134287544,0,6,0.142505499398901,100,900,-149,1298
"core",41,50,"zero",0.5,0.2,441,441,9.05299604055472,2.04931160027627,0,8,0.185501433250693,100,900,-149,1298
"core",42,50,"zero",0.5,0.2,442,442,7.77400362724438,3.71778432640713,0,6,0.235057495052106,100,900,-149,1298
"core",43,50,"zero",0.5,0.2,443,443,14.1133417570964,1.57615625346079,0,8,1.22430231108371,100,900,-149,1298
"core",44,50,"zero",0.5,0.2,444,444,7.21128472336568,3.78558364987839,0,5,0.615212753472498,100,900,-149,1298
"core",45,50,"zero",0.5,0.2,445,445,11.3624145372305,3.17256431665737,0,9,0.509119619538483,100,900,-149,1298
"core",46,50,"zero",0.5,0.2,446,446,14.1241189874709,0.586113282595761,0,7,0.329573476060056,100,900,-149,1298
"core",47,50,"zero",0.5,0.2,447,447,7.27604098292068,3.57425276027061,0,5,0.629448528215397,100,900,-149,1298
"core",48,50,"zero",0.5,0.2,448,448,7.59034687932581,3.82354776095599,0,5,0.942723226039041,100,900,-149,1298
"core",49,50,"zero",0.5,0.2,449,449,13.372837703675,2.83636847115122,0,8,0.208167515002802,100,900,-149,1298
"core",50,50,"zero",0.5,0.2,450,450,11.4138552539516,3.77053383027669,0,6,0.632151786648264,100,900,-149,1298
"core",51,50,"zero",0.5,0.2,451,451,2.88069302262738,2.06093110446818,0,9,0.365718260441879,100,900,-149,1298
"core",52,50,"zero",0.5,0.2,452,452,12.2664230724331,1.14604269340634,0,5,0.450616034975286,100,900,-149,1298
"core",53,50,"zero",0.5,0.2,453,453,14.3452751883306,2.90099289477803,0,10,0.295511948764781,100,900,-149,1298
"core",54,50,"zero",0.5,0.2,454,454,3.03422901942395,2.93858289415948,0,9,0.548850980208812,100,900,-149,1298
"core",55,50,"zero",0.5,0.2,455,455,5.47741557145491,1.78344670985825,0,9,0.253391235601645,100,900,-149,1298
"core",56,50,"zero",0.5,0.2,456,456,4.63391555962153,1.86836894112639,0,7,0.241813888234328,100,900,-149,1298
"core",57,50,"zero",0.5,0.2,457,457,14.0231065717526,2.14604903408326,0,7,0.343196148690259,100,900,-149,1298
"core",58,50,"zero",0.5,0.2,458,458,3.98234957223758,2.69480906694662,0,7,0.193807145604228,100,900,-149,1298
"core",59,50,"zero",0.5,0.2,459,459,14.1380830581766,3.4721463524038,0,10,1.70678695856644,100,900,-149,1298
"core",60,50,"zero",0.5,0.2,460,460,7.15635599382222,2.73545778321568,0,5,0.934212077488584,100,900,-149,1298
"core",61,50,"zero",0.5,0.2,461,461,7.77437507896684,3.80726815178059,0,5,1.1585871908068,100,900,-149,1298
"core",62,50,"zero",0.5,0.2,462,462,14.6557846411597,0.90004217857495,0,5,1.49907317733386,100,900,-149,1298
"core",63,50,"zero",0.5,0.2,463,463,6.37687532207929,1.28841214231215,0,9,0.762133417201575,100,900,-149,1298
"core",64,50,"zero",0.5,0.2,464,464,6.2884580893442,0.651317627634853,0,6,1.11649827856934,100,900,-149,1298
"core",65,50,"zero",0.5,0.2,465,465,4.66679645422846,0.906958985025994,0,5,1.30002417840429,100,900,-149,1298
"core",66,50,"zero",0.5,0.2,466,466,10.4213347351179,1.40116356464569,0,10,1.08796368423229,100,900,-149,1298
"core",67,50,"zero",0.5,0.2,467,467,3.45148972189054,2.01348495262209,0,6,0.160763288509826,100,900,-149,1298
"core",68,50,"zero",0.5,0.2,468,468,4.17654380388558,0.639996026642621,0,8,2.66160401787456,100,900,-149,1298
"core",69,50,"zero",0.5,0.2,469,469,14.6666386250872,2.35758065164555,0,10,0.253990418566195,100,900,-149,1298
"core",70,50,"zero",0.5,0.2,470,470,11.2154579404742,3.1130803785054,0,8,2.69588664535832,100,900,-149,1298
"core",71,50,"zero",0.5,0.2,471,471,14.1013313061558,1.20472067850642,0,7,0.278141480674121,100,900,-149,1298
"core",72,50,"zero",0.5,0.2,472,472,8.15029762778431,3.05878941726405,0,5,0.225128032951524,100,900,-149,1298
"core",73,50,"zero",0.5,0.2,473,473,3.51060502207838,3.63595646666363,0,10,0.279222439749942,100,900,-149,1298
"core",74,50,"zero",0.5,0.2,474,474,9.72659648442641,3.19230473751668,0,7,0.460785921901671,100,900,-149,1298
"core",75,50,"zero",0.5,0.2,475,475,8.25647062878124,3.66871880390681,0,8,0.184062904036491,100,900,-149,1298
"core",76,50,"zero",0.5,0.2,476,476,8.14109244989231,0.549689356819727,0,6,2.75653816750874,100,900,-149,1298
"core",77,50,"zero",0.5,0.2,477,477,11.3685170107055,0.537571183172986,0,10,0.816173698333854,100,900,-149,1298
"core",78,50,"zero",0.5,0.2,478,478,12.8828181198332,2.32204087171704,0,6,0.182957811553161,100,900,-149,1298
"core",79,50,"zero",0.5,0.2,479,479,4.21708161756396,1.72070006560534,0,10,0.686930227934528,100,900,-149,1298
"core",80,50,"zero",0.5,0.2,480,480,9.20701937610283,2.37306808703579,0,5,0.369684373457434,100,900,-149,1298
"core",81,50,"zero",0.5,0.2,481,481,10.9527522851713,2.96947872382589,0,8,2.00110126702694,100,900,-149,1298
"core",82,50,"zero",0.5,0.2,482,482,6.57916284934618,2.95134649635293,0,10,0.163775927163413,100,900,-149,1298
"core",83,50,"zero",0.5,0.2,483,483,11.9065016356762,3.54741249012295,0,9,0.211129277841361,100,900,-149,1298
"core",84,50,"zero",0.5,0.2,484,484,9.33454222627915,1.93501997878775,0,10,0.787701868620687,100,900,-149,1298
"core",85,50,"zero",0.5,0.2,485,485,10.6915267342702,2.06261836667545,0,8,0.318143163982011,100,900,-149,1298
"core",86,50,"zero",0.5,0.2,486,486,14.9025695035234,2.73660623526666,0,7,1.3804297825335,100,900,-149,1298
"core",87,50,"zero",0.5,0.2,487,487,10.4165123552084,3.20148203719873,0,9,0.132036009003536,100,900,-149,1298
"core",88,50,"zero",0.5,0.2,488,488,5.16474654036574,1.86557919741608,0,8,0.229844926508983,100,900,-149,1298
"core",89,50,"zero",0.5,0.2,489,489,2.37100628670305,3.213019605726,0,6,0.233798826041011,100,900,-149,1298
"core",90,50,"zero",0.5,0.2,490,490,7.87474115216173,1.93123962241225,0,9,0.516135011884504,100,900,-149,1298
"core",91,50,"zero",0.5,0.2,491,491,5.10428848280571,2.65124166174792,0,9,2.55281647501372,100,900,-149,1298
"core",92,50,"zero",0.5,0.2,492,492,12.8346704780124,3.3526328492444,0,6,0.150135512191786,100,900,-149,1298
"core",93,50,"zero",0.5,0.2,493,493,8.59622633922845,3.47258682199754,0,9,0.791722327876628,100,900,-149,1298
"core",94,50,"zero",0.5,0.2,494,494,13.6835003700107,1.32707028056029,0,7,0.926238606335437,100,900,-149,1298
"core",95,50,"zero",0.5,0.2,495,495,13.8977013817057,2.69261552568059,0,5,0.119085663892108,100,900,-149,1298
"core",96,50,"zero",0.5,0.2,496,496,10.3285598873626,1.25575166766066,0,10,0.212017988324815,100,900,-149,1298
"core",97,50,"zero",0.5,0.2,497,497,4.86054222634993,2.8560487331124,0,6,0.324516486765754,100,900,-149,1298
"core",98,50,"zero",0.5,0.2,498,498,7.23324830736965,1.31144433701411,0,6,0.270463038977015,100,900,-149,1298
"core",99,50,"zero",0.5,0.2,499,499,4.1031495006755,1.05577376927249,0,7,1.37353983897351,100,900,-149,1298
"core",100,50,"zero",0.5,0.2,500,500,2.16552750603296,2.4930826285854,0,8,0.419328446894814,100,900,-149,1298
"core",1,100,"zero",0.5,0.2,501,501,3.43541220738553,2.99613561131991,0,10,0.14654250424563,100,900,-149,1298
"core",2,100,"zero",0.5,0.2,502,502,8.59474234841764,2.83402888302226,0,10,0.151502666105083,100,900,-149,1298
"core",3,100,"zero",0.5,0.2,503,503,5.72372569562867,1.75780828529969,0,7,0.600331822418279,100,900,-149,1298
"core",4,100,"zero",0.5,0.2,504,504,8.23913912381977,3.32934769429266,0,10,0.43709486518606,100,900,-149,1298
"core",5,100,"zero",0.5,0.2,505,505,5.21121359779499,1.81596335582435,0,7,0.50026206821418,100,900,-149,1298
"core",6,100,"zero",0.5,0.2,506,506,4.36800586269237,3.32903762778733,0,10,0.159956905079014,100,900,-149,1298
"core",7,100,"zero",0.5,0.2,507,507,12.3609288583975,2.21163633419201,0,8,0.140793854299224,100,900,-149,1298
"core",8,100,"zero",0.5,0.2,508,508,4.40048384200782,1.90115788590629,0,8,0.491164729150559,100,900,-149,1298
"core",9,100,"zero",0.5,0.2,509,509,7.93008954124525,0.666991262813099,0,9,0.978835811712387,100,900,-149,1298
"core",10,100,"zero",0.5,0.2,510,510,8.15375762153417,3.60122232930735,0,8,0.331456468289553,100,900,-149,1298
"core",11,100,"zero",0.5,0.2,511,511,10.0164892149623,2.32629419781733,0,5,1.13553531146577,100,900,-149,1298
"core",12,100,"zero",0.5,0.2,512,512,14.0311207771301,3.22364090557676,0,9,1.5530609925139,100,900,-149,1298
"core",13,100,"zero",0.5,0.2,513,513,5.86410324950702,0.829575427342206,0,8,0.12071274721277,100,900,-149,1298
"core",14,100,"zero",0.5,0.2,514,514,8.52695720503107,1.91195017204154,0,5,0.782712737613057,100,900,-149,1298
"core",15,100,"zero",0.5,0.2,515,515,10.4262674720958,2.68099281075411,0,8,0.229414175837526,100,900,-149,1298
"core",16,100,"zero",0.5,0.2,516,516,4.60462610051036,3.38277008419391,0,5,0.457556184759596,100,900,-149,1298
"core",17,100,"zero",0.5,0.2,517,517,8.84184678015299,0.986532236798666,0,9,0.370694956967283,100,900,-149,1298
"core",18,100,"zero",0.5,0.2,518,518,2.05294008669443,1.03418629756197,0,6,0.348545207655965,100,900,-149,1298
"core",19,100,"zero",0.5,0.2,519,519,9.02887090784498,0.930660015670583,0,10,0.325714720432863,100,900,-149,1298
"core",20,100,"zero",0.5,0.2,520,520,13.7851251645479,1.88706501433626,0,8,0.23680263148717,100,900,-149,1298
"core",21,100,"zero",0.5,0.2,521,521,12.4041820310522,1.15244919760153,0,10,0.494580759279063,100,900,-149,1298
"core",22,100,"zero",0.5,0.2,522,522,3.22474290034734,2.63542068563402,0,9,0.318965218635575,100,900,-149,1298
"core",23,100,"zero",0.5,0.2,523,523,9.67183519131504,3.60492136282846,0,9,0.325276950521803,100,900,-149,1298
"core",24,100,"zero",0.5,0.2,524,524,14.3058842013124,1.04302719130646,0,5,0.707881691211231,100,900,-149,1298
"core",25,100,"zero",0.5,0.2,525,525,4.85022915853187,2.93270315986592,0,7,0.15789320392707,100,900,-149,1298
"core",26,100,"zero",0.5,0.2,526,526,6.01813027169555,1.25262064649723,0,7,0.679303058034229,100,900,-149,1298
"core",27,100,"zero",0.5,0.2,527,527,2.79943085066043,1.72031305963174,0,8,1.54544448991622,100,900,-149,1298
"core",28,100,"zero",0.5,0.2,528,528,7.88674812228419,1.83603197976481,0,8,1.16894212381282,100,900,-149,1298
"core",29,100,"zero",0.5,0.2,529,529,12.3775724205188,1.33773691614624,0,6,0.187230196073945,100,900,-149,1298
"core",30,100,"zero",0.5,0.2,530,530,7.63794703688473,3.67429656779859,0,8,0.161027511791292,100,900,-149,1298
"core",31,100,"zero",0.5,0.2,531,531,6.22952054091729,1.14316068426706,0,10,0.732162588812666,100,900,-149,1298
"core",32,100,"zero",0.5,0.2,532,532,4.2792172266636,1.01294192380738,0,6,1.92608170346423,100,900,-149,1298
"core",33,100,"zero",0.5,0.2,533,533,9.14028761908412,2.66575458378065,0,10,0.207704478036028,100,900,-149,1298
"core",34,100,"zero",0.5,0.2,534,534,10.0299626355991,0.765150071703829,0,5,0.196398752100541,100,900,-149,1298
"core",35,100,"zero",0.5,0.2,535,535,10.7782824060414,2.80327094625682,0,8,1.80906824710726,100,900,-149,1298
"core",36,100,"zero",0.5,0.2,536,536,14.2356422722805,1.55487314960919,0,7,3.08936783915036,100,900,-149,1298
"core",37,100,"zero",0.5,0.2,537,537,7.36261690827087,0.868026025826111,0,5,0.310166186873845,100,900,-149,1298
"core",38,100,"zero",0.5,0.2,538,538,12.4445004926529,1.76205403928179,0,7,0.791498370188707,100,900,-149,1298
"core",39,100,"zero",0.5,0.2,539,539,6.36178458924405,3.8347318789456,0,5,1.05680402280367,100,900,-149,1298
"core",40,100,"zero",0.5,0.2,540,540,6.9936058265157,1.88565595576074,0,7,1.52700504342079,100,900,-149,1298
"core",41,100,"zero",0.5,0.2,541,541,10.54766753898,2.57138241094071,0,6,0.122629001565966,100,900,-149,1298
"core",42,100,"zero",0.5,0.2,542,542,8.46755098109134,3.71345048665535,0,9,0.550088913408762,100,900,-149,1298
"core",43,100,"zero",0.5,0.2,543,543,10.9842788116075,2.73142749723047,0,10,0.63150701545209,100,900,-149,1298
"core",44,100,"zero",0.5,0.2,544,544,4.51063175871968,0.605185190215707,0,5,0.146155001036672,100,900,-149,1298
"core",45,100,"zero",0.5,0.2,545,545,6.02936430950649,0.726016453001648,0,5,0.625776239904921,100,900,-149,1298
"core",46,100,"zero",0.5,0.2,546,546,9.90770491026342,1.87455821386538,0,7,0.899227416070648,100,900,-149,1298
"core",47,100,"zero",0.5,0.2,547,547,5.57351277233101,2.15911021758802,0,7,0.683796914361011,100,900,-149,1298
"core",48,100,"zero",0.5,0.2,548,548,5.6834661627654,3.14709231734741,0,7,2.64930673322813,100,900,-149,1298
"core",49,100,"zero",0.5,0.2,549,549,8.62984313024208,3.42832797206938,0,7,1.28356950898454,100,900,-149,1298
"core",50,100,"zero",0.5,0.2,550,550,6.69001467525959,2.3147724311566,0,6,0.690231532842094,100,900,-149,1298
"core",51,100,"zero",0.5,0.2,551,551,13.2753272512928,2.48199365427718,0,7,2.02164289690799,100,900,-149,1298
"core",52,100,"zero",0.5,0.2,552,552,8.28881121566519,2.56490021815989,0,10,0.371714750918751,100,900,-149,1298
"core",53,100,"zero",0.5,0.2,553,553,14.680803203024,3.4376451196149,0,7,0.251547449726776,100,900,-149,1298
"core",54,100,"zero",0.5,0.2,554,554,6.65485332719982,2.0438549144892,0,8,0.318298734018318,100,900,-149,1298
"core",55,100,"zero",0.5,0.2,555,555,14.0235946066678,2.09080677048769,0,5,0.199926651934583,100,900,-149,1298
"core",56,100,"zero",0.5,0.2,556,556,8.99809179478325,1.88907290424686,0,8,0.616050516342889,100,900,-149,1298
"core",57,100,"zero",0.5,0.2,557,557,11.7418989527505,3.44204855163116,0,6,0.173369294530995,100,900,-149,1298
"core",58,100,"zero",0.5,0.2,558,558,9.4279902279377,2.55093727866188,0,6,0.300321132703946,100,900,-149,1298
"core",59,100,"zero",0.5,0.2,559,559,13.0476508515421,1.47718641790561,0,10,0.323561474754268,100,900,-149,1298
"core",60,100,"zero",0.5,0.2,560,560,6.56149180117063,2.04916962061543,0,5,0.606703273593717,100,900,-149,1298
"core",61,100,"zero",0.5,0.2,561,561,6.82632336160168,2.1817128934199,0,5,0.366159226210926,100,900,-149,1298
"core",62,100,"zero",0.5,0.2,562,562,7.97279463033192,3.92217569972854,0,10,0.201237174587631,100,900,-149,1298
"core",63,100,"zero",0.5,0.2,563,563,14.1499322443269,3.02523879008368,0,8,1.46067235766893,100,900,-149,1298
"core",64,100,"zero",0.5,0.2,564,564,3.45940792327747,0.509377560694702,0,9,2.03790374448109,100,900,-149,1298
"core",65,100,"zero",0.5,0.2,565,565,9.83188354154117,1.11026022676378,0,10,5.03717792768623,100,900,-149,1298
"core",66,100,"zero",0.5,0.2,566,566,6.88512931694277,1.70906034030486,0,8,0.170431000567524,100,900,-149,1298
"core",67,100,"zero",0.5,0.2,567,567,9.02989516430534,1.86130820005201,0,8,0.224905760654085,100,900,-149,1298
"core",68,100,"zero",0.5,0.2,568,568,5.90750958421268,0.521332812379114,0,7,0.138776960346277,100,900,-149,1298
"core",69,100,"zero",0.5,0.2,569,569,5.57839139015414,1.68985956162214,0,6,2.37577625817102,100,900,-149,1298
"core",70,100,"zero",0.5,0.2,570,570,14.3164946550969,3.99896185216494,0,7,0.339053636613818,100,900,-149,1298
"core",71,100,"zero",0.5,0.2,571,571,14.0756182393525,0.784085096092895,0,6,0.312664210816655,100,900,-149,1298
"core",72,100,"zero",0.5,0.2,572,572,12.0474282447249,1.44810775970109,0,7,0.85648295518186,100,900,-149,1298
"core",73,100,"zero",0.5,0.2,573,573,3.90706476708874,3.17419643735047,0,5,0.436649853572265,100,900,-149,1298
"core",74,100,"zero",0.5,0.2,574,574,13.6150932256132,3.54733667848632,0,6,0.230688736797564,100,900,-149,1298
"core",75,100,"zero",0.5,0.2,575,575,7.9121554188896,0.690590547397733,0,7,0.154646771313548,100,900,-149,1298
"core",76,100,"zero",0.5,0.2,576,576,10.8954390923027,3.15132558287587,0,7,0.227011752721704,100,900,-149,1298
"core",77,100,"zero",0.5,0.2,577,577,6.35674374410883,3.02213636401575,0,9,0.173060079390147,100,900,-149,1298
"core",78,100,"zero",0.5,0.2,578,578,13.1088202854153,1.12533951422665,0,8,0.610023973522903,100,900,-149,1298
"core",79,100,"zero",0.5,0.2,579,579,11.9060266825836,1.90469252329785,0,10,0.889688011295291,100,900,-149,1298
"core",80,100,"zero",0.5,0.2,580,580,11.0064590265974,0.715033151791431,0,8,1.31215628511749,100,900,-149,1298
"core",81,100,"zero",0.5,0.2,581,581,10.3509190164041,0.754857268300839,0,8,2.57902509841437,100,900,-149,1298
"core",82,100,"zero",0.5,0.2,582,582,10.9968117545359,3.54134001478087,0,6,0.610604722524528,100,900,-149,1298
"core",83,100,"zero",0.5,0.2,583,583,9.18681271839887,1.59214327018708,0,6,0.502091903349868,100,900,-149,1298
"core",84,100,"zero",0.5,0.2,584,584,14.3036893850658,1.48446465935558,0,10,0.444142163808856,100,900,-149,1298
"core",85,100,"zero",0.5,0.2,585,585,7.64621192170307,0.654097413178533,0,6,0.26394130179727,100,900,-149,1298
"core",86,100,"zero",0.5,0.2,586,586,3.51767223305069,1.32606063329149,0,9,1.51580476268653,100,900,-149,1298
"core",87,100,"zero",0.5,0.2,587,587,14.0404516730923,3.39927906612866,0,5,2.63153233013953,100,900,-149,1298
"core",88,100,"zero",0.5,0.2,588,588,5.83977477042936,1.5697465344565,0,6,0.34186005009426,100,900,-149,1298
"core",89,100,"zero",0.5,0.2,589,589,5.01230804249644,1.71363046485931,0,9,0.278632970090071,100,900,-149,1298
"core",90,100,"zero",0.5,0.2,590,590,13.7562773819081,1.67306777427439,0,8,1.88755024106613,100,900,-149,1298
"core",91,100,"zero",0.5,0.2,591,591,12.8927711802535,3.86548566538841,0,8,0.118775384942979,100,900,-149,1298
"core",92,100,"zero",0.5,0.2,592,592,4.47476729447953,2.44603329338133,0,7,0.554526008003157,100,900,-149,1298
"core",93,100,"zero",0.5,0.2,593,593,11.1429961998947,3.96780084108468,0,8,1.92791250293322,100,900,-149,1298
"core",94,100,"zero",0.5,0.2,594,594,4.49664402147755,0.956936950213276,0,6,0.168047851753726,100,900,-149,1298
"core",95,100,"zero",0.5,0.2,595,595,7.74064236460254,1.78906465845648,0,9,3.0534202137316,100,900,-149,1298
"core",96,100,"zero",0.5,0.2,596,596,11.8567277011462,3.59544482023921,0,6,0.914098217415673,100,900,-149,1298
"core",97,100,"zero",0.5,0.2,597,597,7.15801849309355,3.85817625862546,0,8,2.20191087203675,100,900,-149,1298
"core",98,100,"zero",0.5,0.2,598,598,9.37607187638059,3.5487966760993,0,9,0.977117832244636,100,900,-149,1298
"core",99,100,"zero",0.5,0.2,599,599,5.8386672467459,2.93849929608405,0,7,0.292474293342617,100,900,-149,1298
"core",100,100,"zero",0.5,0.2,600,600,10.2881239587441,0.865749328979291,0,6,0.339047724898781,100,900,-149,1298
"core",1,200,"zero",0.5,0.2,601,601,11.8163239776623,1.85889196011703,0,10,0.741471836015426,100,900,-149,1298
"core",2,200,"zero",0.5,0.2,602,602,8.32313368050382,1.64091048121918,0,9,0.344133975267465,100,900,-149,1298
"core",3,200,"zero",0.5,0.2,603,603,12.6277651218697,2.62676419725176,0,7,1.22259619840461,100,900,-149,1298
"core",4,200,"zero",0.5,0.2,604,604,4.0431608480867,3.32725850108545,0,9,1.07922811916074,100,900,-149,1298
"core",5,200,"zero",0.5,0.2,605,605,2.99706419720314,3.36061738873832,0,8,0.754706955953688,100,900,-149,1298
"core",6,200,"zero",0.5,0.2,606,606,12.8521536558401,3.14057251333725,0,8,0.113517616187763,100,900,-149,1298
"core",7,200,"zero",0.5,0.2,607,607,3.48105319403112,1.52522438147571,0,10,1.20569518008778,100,900,-149,1298
"core",8,200,"zero",0.5,0.2,608,608,2.70426244707778,3.02050310571212,0,5,0.849485766762017,100,900,-149,1298
"core",9,200,"zero",0.5,0.2,609,609,14.7066637868993,2.81993447535206,0,9,1.55493716521186,100,900,-149,1298
"core",10,200,"zero",0.5,0.2,610,610,8.71670988854021,1.99177536298521,0,9,0.524969193883074,100,900,-149,1298
"core",11,200,"zero",0.5,0.2,611,611,11.8060481182765,2.89950436726213,0,8,0.823983571742584,100,900,-149,1298
"core",12,200,"zero",0.5,0.2,612,612,6.14429934090003,2.32077620737255,0,6,0.623831615172951,100,900,-149,1298
"core",13,200,"zero",0.5,0.2,613,613,14.3719295077026,1.74225676234346,0,6,0.547874057525748,100,900,-149,1298
"core",14,200,"zero",0.5,0.2,614,614,10.9442843233701,1.98222015902866,0,8,0.430068443467002,100,900,-149,1298
"core",15,200,"zero",0.5,0.2,615,615,7.69641721434891,3.08196321350988,0,7,0.110642804295787,100,900,-149,1298
"core",16,200,"zero",0.5,0.2,616,616,9.85264603141695,2.77188106195536,0,6,0.782248019936896,100,900,-149,1298
"core",17,200,"zero",0.5,0.2,617,617,2.4270730712451,2.71610279392917,0,5,0.932829511869651,100,900,-149,1298
"core",18,200,"zero",0.5,0.2,618,618,4.57057879585773,1.57775807345752,0,6,0.272617384733862,100,900,-149,1298
"core",19,200,"zero",0.5,0.2,619,619,7.8727345331572,1.5181646264391,0,9,0.859044847100457,100,900,-149,1298
"core",20,200,"zero",0.5,0.2,620,620,6.89323127223179,3.10294101235922,0,10,1.53894512942272,100,900,-149,1298
"core",21,200,"zero",0.5,0.2,621,621,10.6907565200236,1.86720394156873,0,5,0.465556118912181,100,900,-149,1298
"core",22,200,"zero",0.5,0.2,622,622,11.8050870704465,3.79947002965491,0,9,0.418299461834434,100,900,-149,1298
"core",23,200,"zero",0.5,0.2,623,623,10.0821394394152,2.62493404431734,0,8,0.987729957573418,100,900,-149,1298
"core",24,200,"zero",0.5,0.2,624,624,4.4801360629499,3.7860721941106,0,5,0.282954932288455,100,900,-149,1298
"core",25,200,"zero",0.5,0.2,625,625,8.15344739891589,3.56850726157427,0,6,0.262189329401292,100,900,-149,1298
"core",26,200,"zero",0.5,0.2,626,626,14.9555698356126,2.88498342817184,0,5,0.258680805473193,100,900,-149,1298
"core",27,200,"zero",0.5,0.2,627,627,10.01477452158,1.58561514841858,0,8,0.321678953390013,100,900,-149,1298
"core",28,200,"zero",0.5,0.2,628,628,11.5564078257885,1.33961449668277,0,8,0.595141353104245,100,900,-149,1298
"core",29,200,"zero",0.5,0.2,629,629,14.5751433109399,1.27063332952093,0,5,1.37417819119024,100,900,-149,1298
"core",30,200,"zero",0.5,0.2,630,630,9.94580892683007,2.28293438372202,0,5,0.256787823183741,100,900,-149,1298
"core",31,200,"zero",0.5,0.2,631,631,7.60601513739675,3.19744881754741,0,10,0.598245756207948,100,900,-149,1298
"core",32,200,"zero",0.5,0.2,632,632,9.52704133884981,1.89912779058795,0,8,1.99836365052845,100,900,-149,1298
"core",33,200,"zero",0.5,0.2,633,633,3.66949801007286,2.98559046699665,0,5,0.441168712603837,100,900,-149,1298
"core",34,200,"zero",0.5,0.2,634,634,10.0580083378591,0.635085085872561,0,6,2.71622064415674,100,900,-149,1298
"core",35,200,"zero",0.5,0.2,635,635,5.03814369463362,2.62393082259223,0,9,0.1546735560718,100,900,-149,1298
"core",36,200,"zero",0.5,0.2,636,636,7.19737652433105,1.53692281839903,0,7,0.870277832239792,100,900,-149,1298
"core",37,200,"zero",0.5,0.2,637,637,7.24205905105919,3.66375874460209,0,10,0.112054728968313,100,900,-149,1298
"core",38,200,"zero",0.5,0.2,638,638,12.5248048009817,1.25143521802966,0,5,0.199836946082942,100,900,-149,1298
"core",39,200,"zero",0.5,0.2,639,639,2.51526953233406,2.72682674438693,0,6,1.69007352041327,100,900,-149,1298
"core",40,200,"zero",0.5,0.2,640,640,11.7850661280099,1.59053651755676,0,6,0.264706554046247,100,900,-149,1298
"core",41,200,"zero",0.5,0.2,641,641,4.69141868711449,3.5754349429626,0,5,0.43097216706265,100,900,-149,1298
"core",42,200,"zero",0.5,0.2,642,642,3.9934770334512,1.43089910654817,0,8,0.125661407424569,100,900,-149,1298
"core",43,200,"zero",0.5,0.2,643,643,11.8433320177719,3.9793685269542,0,8,0.413844748929623,100,900,-149,1298
"core",44,200,"zero",0.5,0.2,644,644,8.02646197495051,2.3035666969372,0,5,0.845841576129274,100,900,-149,1298
"core",45,200,"zero",0.5,0.2,645,645,4.39003622694872,0.980869435705245,0,6,0.32437059613789,100,900,-149,1298
"core",46,200,"zero",0.5,0.2,646,646,13.1147341681644,1.86959216173273,0,8,0.138937494850923,100,900,-149,1298
"core",47,200,"zero",0.5,0.2,647,647,13.2506166480016,2.61846595758107,0,9,1.21802283532586,100,900,-149,1298
"core",48,200,"zero",0.5,0.2,648,648,5.99405543226749,1.19906350842211,0,6,1.33152432905819,100,900,-149,1298
"core",49,200,"zero",0.5,0.2,649,649,5.83427006239071,3.72266567219049,0,10,0.185820613257059,100,900,-149,1298
"core",50,200,"zero",0.5,0.2,650,650,3.46516142808832,3.50307593960315,0,5,0.267236881566645,100,900,-149,1298
"core",51,200,"zero",0.5,0.2,651,651,4.25015757419169,2.48203710431699,0,8,0.144440987355271,100,900,-149,1298
"core",52,200,"zero",0.5,0.2,652,652,6.12698789150454,3.40580565587152,0,9,0.31332773235562,100,900,-149,1298
"core",53,200,"zero",0.5,0.2,653,653,10.0957581221592,0.84096136118751,0,7,0.306131566272837,100,900,-149,1298
"core",54,200,"zero",0.5,0.2,654,654,14.8245825937483,2.97204564989079,0,9,2.08322306651885,100,900,-149,1298
"core",55,200,"zero",0.5,0.2,655,655,3.27366960374638,3.38480588793755,0,10,0.327175800989117,100,900,-149,1298
"core",56,200,"zero",0.5,0.2,656,656,2.43478614650667,0.618277862551622,0,8,0.359763456440491,100,900,-149,1298
"core",57,200,"zero",0.5,0.2,657,657,9.15142338583246,0.543069327366538,0,7,1.30037459990441,100,900,-149,1298
"core",58,200,"zero",0.5,0.2,658,658,14.6163927218877,3.44575970363803,0,7,0.192390779297868,100,900,-149,1298
"core",59,200,"zero",0.5,0.2,659,659,11.0848776153289,2.71955658355728,0,7,0.280769229980476,100,900,-149,1298
"core",60,200,"zero",0.5,0.2,660,660,7.07990754814819,1.61422867875081,0,10,0.111382469766249,100,900,-149,1298
"core",61,200,"zero",0.5,0.2,661,661,4.61457085539587,1.0990320793353,0,8,1.10295500655928,100,900,-149,1298
"core",62,200,"zero",0.5,0.2,662,662,9.65634857141413,3.91564305522479,0,10,0.417272996085809,100,900,-149,1298
"core",63,200,"zero",0.5,0.2,663,663,11.5187141068745,0.802241857978515,0,6,0.529304850768971,100,900,-149,1298
"core",64,200,"zero",0.5,0.2,664,664,14.6274541595485,3.53854035527911,0,8,0.583722380470108,100,900,-149,1298
"core",65,200,"zero",0.5,0.2,665,665,9.82346506486647,0.816601697239093,0,8,0.582636875098027,100,900,-149,1298
"core",66,200,"zero",0.5,0.2,666,666,3.34332693996839,3.86032344144769,0,6,0.427675003750204,100,900,-149,1298
"core",67,200,"zero",0.5,0.2,667,667,8.38137227157131,3.38636597408913,0,8,0.444158813972751,100,900,-149,1298
"core",68,200,"zero",0.5,0.2,668,668,6.38307705940679,1.41747405391652,0,10,0.199804034579323,100,900,-149,1298
"core",69,200,"zero",0.5,0.2,669,669,12.0053628028836,0.854938186705112,0,6,1.74162457757407,100,900,-149,1298
"core",70,200,"zero",0.5,0.2,670,670,2.20291471923701,2.74340301891789,0,8,1.22499984469833,100,900,-149,1298
"core",71,200,"zero",0.5,0.2,671,671,11.1731191514991,1.21015327237546,0,7,0.975587144298514,100,900,-149,1298
"core",72,200,"zero",0.5,0.2,672,672,13.1643512933515,1.99761591490824,0,8,0.556470723400148,100,900,-149,1298
"core",73,200,"zero",0.5,0.2,673,673,10.0412589497864,3.76757313776761,0,6,0.663419658152144,100,900,-149,1298
"core",74,200,"zero",0.5,0.2,674,674,13.3111878654454,1.49860086117405,0,7,0.204773602977665,100,900,-149,1298
"core",75,200,"zero",0.5,0.2,675,675,8.80171140958555,3.46432837017346,0,5,0.190436957315644,100,900,-149,1298
"core",76,200,"zero",0.5,0.2,676,676,5.75777711672708,0.777388805989176,0,6,2.59937637497448,100,900,-149,1298
"core",77,200,"zero",0.5,0.2,677,677,8.47644101781771,3.16489031468518,0,9,0.596505072149871,100,900,-149,1298
"core",78,200,"zero",0.5,0.2,678,678,11.8042923058383,1.32043299463112,0,9,0.23684253115462,100,900,-149,1298
"core",79,200,"zero",0.5,0.2,679,679,11.4680499969982,2.52841761906166,0,7,0.649281163782975,100,900,-149,1298
"core",80,200,"zero",0.5,0.2,680,680,4.94411768042482,3.75094867451116,0,5,0.140544682885389,100,900,-149,1298
"core",81,200,"zero",0.5,0.2,681,681,6.02800591569394,1.38704401219729,0,10,0.243277479798049,100,900,-149,1298
"core",82,200,"zero",0.5,0.2,682,682,2.45764401019551,3.64238514530007,0,10,0.217799020451887,100,900,-149,1298
"core",83,200,"zero",0.5,0.2,683,683,7.93857938377187,1.6561445358675,0,7,0.254196622849315,100,900,-149,1298
"core",84,200,"zero",0.5,0.2,684,684,8.19143957528286,3.8489099026192,0,7,0.380265855212713,100,900,-149,1298
"core",85,200,"zero",0.5,0.2,685,685,2.64156040293165,3.85339415632188,0,9,0.242492401975384,100,900,-149,1298
"core",86,200,"zero",0.5,0.2,686,686,5.77665537619032,2.67336531798355,0,9,0.184419458088863,100,900,-149,1298
"core",87,200,"zero",0.5,0.2,687,687,10.805369512178,2.00256712432019,0,9,0.442095234708523,100,900,-149,1298
"core",88,200,"zero",0.5,0.2,688,688,14.5935609492008,1.49108454131056,0,10,4.35184580160665,100,900,-149,1298
"core",89,200,"zero",0.5,0.2,689,689,5.83223315421492,3.0731726125814,0,9,0.672347697120985,100,900,-149,1298
"core",90,200,"zero",0.5,0.2,690,690,5.82888179225847,2.39039508672431,0,5,0.210842106455208,100,900,-149,1298
"core",91,200,"zero",0.5,0.2,691,691,14.3086356185377,0.715399942360818,0,8,0.505845458426462,100,900,-149,1298
"core",92,200,"zero",0.5,0.2,692,692,3.6809079835657,3.53342382563278,0,7,0.466118777484252,100,900,-149,1298
"core",93,200,"zero",0.5,0.2,693,693,4.58959041605704,2.1015861305641,0,8,0.265008193401675,100,900,-149,1298
"core",94,200,"zero",0.5,0.2,694,694,10.5897449124604,2.80162318260409,0,7,0.164751787471937,100,900,-149,1298
"core",95,200,"zero",0.5,0.2,695,695,13.902682704851,1.16755024797749,0,6,1.92054346953562,100,900,-149,1298
"core",96,200,"zero",0.5,0.2,696,696,7.60171620291658,1.19776462204754,0,6,1.53832960717908,100,900,-149,1298
"core",97,200,"zero",0.5,0.2,697,697,2.09394235955551,3.19488400127739,0,5,1.59321668761195,100,900,-149,1298
"core",98,200,"zero",0.5,0.2,698,698,13.046633992577,1.82489069656003,0,9,0.217105506151985,100,900,-149,1298
"core",99,200,"zero",0.5,0.2,699,699,13.0433108676225,3.89247635111678,0,10,0.396386480620969,100,900,-149,1298
"core",100,200,"zero",0.5,0.2,700,700,12.6842649474274,3.74763373530004,0,8,0.234834398184691,100,900,-149,1298
"core",1,500,"zero",0.5,0.2,701,701,11.1783303993288,2.62986822298262,0,6,0.176659400895832,100,900,-149,1298
"core",2,500,"zero",0.5,0.2,702,702,9.99042502441444,1.27740530984011,0,5,0.906751248163498,100,900,-149,1298
"core",3,500,"zero",0.5,0.2,703,703,4.79059836734086,2.69297420221847,0,9,0.335802610691276,100,900,-149,1298
"core",4,500,"zero",0.5,0.2,704,704,13.6991384448484,1.62701460532844,0,6,0.255215969286695,100,900,-149,1298
"core",5,500,"zero",0.5,0.2,705,705,2.25236534024589,3.24115916236769,0,5,0.116370626351798,100,900,-149,1298
"core",6,500,"zero",0.5,0.2,706,706,4.37338774628006,0.572161935968325,0,9,1.8993800149096,100,900,-149,1298
"core",7,500,"zero",0.5,0.2,707,707,8.72324195853435,3.75567624729592,0,6,0.590568827754861,100,900,-149,1298
"core",8,500,"zero",0.5,0.2,708,708,11.7925330216531,2.00706648558844,0,8,0.342034836544734,100,900,-149,1298
"core",9,500,"zero",0.5,0.2,709,709,5.30358901713043,0.612196173868142,0,5,0.239396309230447,100,900,-149,1298
"core",10,500,"zero",0.5,0.2,710,710,3.78471990628168,1.90872234234121,0,7,2.30546336521889,100,900,-149,1298
"core",11,500,"zero",0.5,0.2,711,711,2.7826085682027,0.950131604331546,0,9,0.77832849618269,100,900,-149,1298
"core",12,500,"zero",0.5,0.2,712,712,14.7526343343779,1.51734641229268,0,6,0.174505618783991,100,900,-149,1298
"core",13,500,"zero",0.5,0.2,713,713,14.3705187018495,3.62567585182842,0,10,1.43370415643087,100,900,-149,1298
"core",14,500,"zero",0.5,0.2,714,714,9.35951057658531,3.56779244123027,0,6,1.06441238628576,100,900,-149,1298
"core",15,500,"zero",0.5,0.2,715,715,8.4874793488998,2.81460021063685,0,5,0.572124901983162,100,900,-149,1298
"core",16,500,"zero",0.5,0.2,716,716,4.13371187378652,1.25206208217423,0,5,0.580291462755144,100,900,-149,1298
"core",17,500,"zero",0.5,0.2,717,717,13.6249502426945,1.47070361801889,0,5,0.611828232682874,100,900,-149,1298
"core",18,500,"zero",0.5,0.2,718,718,9.95397707517259,1.3696293993853,0,9,0.64554520865377,100,900,-149,1298
"core",19,500,"zero",0.5,0.2,719,719,3.22109608352184,3.33665279264096,0,6,0.955176354066367,100,900,-149,1298
"core",20,500,"zero",0.5,0.2,720,720,8.41740033123642,1.67935376754031,0,10,2.30233596947387,100,900,-149,1298
"core",21,500,"zero",0.5,0.2,721,721,6.05599231389351,3.68704166507814,0,6,0.142997105970803,100,900,-149,1298
"core",22,500,"zero",0.5,0.2,722,722,7.10396201419644,1.83712138200644,0,6,0.137551822803278,100,900,-149,1298
"core",23,500,"zero",0.5,0.2,723,723,2.11613255389966,3.58143782115076,0,9,3.32810056027756,100,900,-149,1298
"core",24,500,"zero",0.5,0.2,724,724,10.8718048548326,3.62266892963089,0,9,0.199878355887083,100,900,-149,1298
"core",25,500,"zero",0.5,0.2,725,725,14.9613711244892,2.93951480579562,0,9,0.285891861347545,100,900,-149,1298
"core",26,500,"zero",0.5,0.2,726,726,12.0746010395233,2.9530459503876,0,6,3.86491240454063,100,900,-149,1298
"core",27,500,"zero",0.5,0.2,727,727,2.95056402357295,2.51360301265959,0,9,0.131600375713175,100,900,-149,1298
"core",28,500,"zero",0.5,0.2,728,728,11.4892087643966,2.32333586853929,0,5,1.0409505892796,100,900,-149,1298
"core",29,500,"zero",0.5,0.2,729,729,10.1659109483007,2.38101126917172,0,7,0.283028470039715,100,900,-149,1298
"core",30,500,"zero",0.5,0.2,730,730,11.4474927149713,2.96811352111399,0,7,1.65222291486011,100,900,-149,1298
"core",31,500,"zero",0.5,0.2,731,731,14.6222933200188,0.783658221596852,0,6,0.217210321753918,100,900,-149,1298
"core",32,500,"zero",0.5,0.2,732,732,12.7066379876342,1.85521436599083,0,10,0.201302996673395,100,900,-149,1298
"core",33,500,"zero",0.5,0.2,733,733,13.2724361261353,1.30937267898116,0,9,0.1564605764931,100,900,-149,1298
"core",34,500,"zero",0.5,0.2,734,734,6.16955518256873,0.672201109933667,0,8,0.912253685626972,100,900,-149,1298
"core",35,500,"zero",0.5,0.2,735,735,8.58829010720365,2.1719317213865,0,5,0.19995299727982,100,900,-149,1298
"core",36,500,"zero",0.5,0.2,736,736,8.53677770984359,2.37574976589531,0,10,2.06648967057164,100,900,-149,1298
"core",37,500,"zero",0.5,0.2,737,737,6.29249141318724,0.856602464453317,0,6,0.33418416684482,100,900,-149,1298
"core",38,500,"zero",0.5,0.2,738,738,6.40109806298278,2.70525881985668,0,5,0.268312194830628,100,900,-149,1298
"core",39,500,"zero",0.5,0.2,739,739,8.34366193856113,2.05970746744424,0,8,1.78481602565029,100,900,-149,1298
"core",40,500,"zero",0.5,0.2,740,740,12.9285677049775,1.00968562695198,0,8,0.302619935837396,100,900,-149,1298
"core",41,500,"zero",0.5,0.2,741,741,3.18706034426577,2.76487412350252,0,8,0.291228996622025,100,900,-149,1298
"core",42,500,"zero",0.5,0.2,742,742,13.668185523944,3.27220930124167,0,6,0.713596641876719,100,900,-149,1298
"core",43,500,"zero",0.5,0.2,743,743,4.04032079409808,1.55456195608713,0,6,0.404954666682209,100,900,-149,1298
"core",44,500,"zero",0.5,0.2,744,744,9.3550507617183,2.45552159182262,0,8,0.644118135208669,100,900,-149,1298
"core",45,500,"zero",0.5,0.2,745,745,4.28619701461866,2.58020473376382,0,6,0.95627613703487,100,900,-149,1298
"core",46,500,"zero",0.5,0.2,746,746,5.27265895158052,3.39129072835203,0,9,0.770458670294483,100,900,-149,1298
"core",47,500,"zero",0.5,0.2,747,747,9.99343188223429,1.85749703855254,0,6,0.208740059684345,100,900,-149,1298
"core",48,500,"zero",0.5,0.2,748,748,2.74695953633636,1.80761743430048,0,10,0.477116109232911,100,900,-149,1298
"core",49,500,"zero",0.5,0.2,749,749,13.7187188821845,3.88483617512975,0,5,0.299588001778118,100,900,-149,1298
"core",50,500,"zero",0.5,0.2,750,750,10.2116637842264,2.63138543686364,0,10,1.53309783027674,100,900,-149,1298
"core",51,500,"zero",0.5,0.2,751,751,2.32284368644468,2.17375314421952,0,6,0.258975334137041,100,900,-149,1298
"core",52,500,"zero",0.5,0.2,752,752,13.5958794758189,3.88402029650752,0,8,0.301026036402478,100,900,-149,1298
"core",53,500,"zero",0.5,0.2,753,753,3.96038928441703,3.50419429631438,0,5,0.96522784536711,100,900,-149,1298
"core",54,500,"zero",0.5,0.2,754,754,14.9098874120973,0.60037250444293,0,6,0.546267617126474,100,900,-149,1298
"core",55,500,"zero",0.5,0.2,755,755,10.7767887960654,3.17903606721666,0,7,0.775009693108353,100,900,-149,1298
"core",56,500,"zero",0.5,0.2,756,756,6.28371178498492,1.56674146128353,0,5,0.31401384726764,100,900,-149,1298
"core",57,500,"zero",0.5,0.2,757,757,14.2198185881134,0.731991656124592,0,10,3.1098428267823,100,900,-149,1298
"core",58,500,"zero",0.5,0.2,758,758,3.09831531834789,1.75538331037387,0,10,2.78157644424358,100,900,-149,1298
"core",59,500,"zero",0.5,0.2,759,759,12.0172792354133,3.10746771295089,0,8,1.52613954304075,100,900,-149,1298
"core",60,500,"zero",0.5,0.2,760,760,10.1600439113099,0.882537044235505,0,6,0.142405850240841,100,900,-149,1298
"core",61,500,"zero",0.5,0.2,761,761,12.6231545391493,1.64237408561166,0,9,0.669146395845263,100,900,-149,1298
"core",62,500,"zero",0.5,0.2,762,762,12.2468171373475,1.64749887026846,0,9,0.646936481126246,100,900,-149,1298
"core",63,500,"zero",0.5,0.2,763,763,11.2558606953826,2.73058561980724,0,5,0.184699509097148,100,900,-149,1298
"core",64,500,"zero",0.5,0.2,764,764,14.8291125516407,1.42666472215205,0,7,0.458984740624466,100,900,-149,1298
"core",65,500,"zero",0.5,0.2,765,765,4.57460671081208,2.90868666151073,0,10,0.357456881998126,100,900,-149,1298
"core",66,500,"zero",0.5,0.2,766,766,9.21985609456897,2.5239655476762,0,7,0.203488951144464,100,900,-149,1298
"core",67,500,"zero",0.5,0.2,767,767,11.1269014568534,1.23077873303555,0,7,0.15852561470531,100,900,-149,1298
"core",68,500,"zero",0.5,0.2,768,768,14.916423256509,3.95239027834032,0,7,0.257131173266521,100,900,-149,1298
"core",69,500,"zero",0.5,0.2,769,769,14.8293034306262,2.46631144708954,0,6,0.330346456588156,100,900,-149,1298
"core",70,500,"zero",0.5,0.2,770,770,13.5828375434503,2.82343811367173,0,6,1.05738442626835,100,900,-149,1298
"core",71,500,"zero",0.5,0.2,771,771,12.1541689035948,2.89526440645568,0,9,0.348808009637991,100,900,-149,1298
"core",72,500,"zero",0.5,0.2,772,772,4.50508018373512,2.50812423881143,0,5,0.142497893693497,100,900,-149,1298
"core",73,500,"zero",0.5,0.2,773,773,7.19586519245058,2.12061506079044,0,9,0.357206661297306,100,900,-149,1298
"core",74,500,"zero",0.5,0.2,774,774,2.48419619631022,2.45883895293809,0,8,0.225199157701771,100,900,-149,1298
"core",75,500,"zero",0.5,0.2,775,775,12.6503480130341,2.50174575764686,0,10,1.6133062993608,100,900,-149,1298
"core",76,500,"zero",0.5,0.2,776,776,10.6205802573822,0.581215398269705,0,7,1.3450356696469,100,900,-149,1298
"core",77,500,"zero",0.5,0.2,777,777,12.2961158493999,3.14178995625116,0,10,0.866350383466036,100,900,-149,1298
"core",78,500,"zero",0.5,0.2,778,778,7.65350877586752,2.99123370787129,0,9,0.196117584914093,100,900,-149,1298
"core",79,500,"zero",0.5,0.2,779,779,2.60265024099499,2.19706073030829,0,7,0.903565224147031,100,900,-149,1298
"core",80,500,"zero",0.5,0.2,780,780,14.6467578415759,3.86432572070044,0,6,0.151828773315601,100,900,-149,1298
"core",81,500,"zero",0.5,0.2,781,781,4.54626436112449,1.17656347423326,0,6,0.196166139229598,100,900,-149,1298
"core",82,500,"zero",0.5,0.2,782,782,2.08275135071017,1.27266573347151,0,5,0.695872344262807,100,900,-149,1298
"core",83,500,"zero",0.5,0.2,783,783,4.3460858464241,2.29604676947929,0,5,2.04019825084225,100,900,-149,1298
"core",84,500,"zero",0.5,0.2,784,784,13.4848973553162,2.98653855698649,0,9,1.37968889498422,100,900,-149,1298
"core",85,500,"zero",0.5,0.2,785,785,3.67434158967808,2.89753718033899,0,9,1.79064160970226,100,900,-149,1298
"core",86,500,"zero",0.5,0.2,786,786,14.0371818470303,1.52476266317535,0,5,0.347031553249291,100,900,-149,1298
"core",87,500,"zero",0.5,0.2,787,787,5.09354580030777,3.14112894097343,0,8,0.168615795368718,100,900,-149,1298
"core",88,500,"zero",0.5,0.2,788,788,12.6736004471313,0.831605272484012,0,8,6.41495762513555,100,900,-149,1298
"core",89,500,"zero",0.5,0.2,789,789,6.46619130205363,2.84094433835708,0,10,0.208513209706089,100,900,-149,1298
"core",90,500,"zero",0.5,0.2,790,790,6.9880472838413,2.05336506629828,0,5,0.14101251586083,100,900,-149,1298
"core",91,500,"zero",0.5,0.2,791,791,7.99401938496158,1.48624872113578,0,5,1.11178973466491,100,900,-149,1298
"core",92,500,"zero",0.5,0.2,792,792,11.8535682079382,3.39554197480902,0,10,1.69943750901758,100,900,-149,1298
"core",93,500,"zero",0.5,0.2,793,793,3.58886108081788,3.25454805511981,0,10,0.522988288944552,100,900,-149,1298
"core",94,500,"zero",0.5,0.2,794,794,8.36454446520656,3.4701783945784,0,9,0.138678541754819,100,900,-149,1298
"core",95,500,"zero",0.5,0.2,795,795,14.1312679492403,3.95125081960578,0,10,3.73650080325673,100,900,-149,1298
"core",96,500,"zero",0.5,0.2,796,796,2.24950988893397,3.12259671057109,0,7,0.656676711890907,100,900,-149,1298
"core",97,500,"zero",0.5,0.2,797,797,4.94507678505033,2.84450510167517,0,9,1.33104294147211,100,900,-149,1298
"core",98,500,"zero",0.5,0.2,798,798,13.7262103927787,2.72438123787288,0,9,1.55024507222659,100,900,-149,1298
"core",99,500,"zero",0.5,0.2,799,799,4.38251210260205,1.11677560990211,0,10,0.297456887726894,100,900,-149,1298
"core",100,500,"zero",0.5,0.2,800,800,4.31437888345681,3.17834423214663,0,7,0.21063715030393,100,900,-149,1298
"factor",1,200,"random",0,0.5,801,801,5.06737072905526,2.6181418094784,0.00236109982710331,5,0.637865765099118,100,900,-149,1298
"factor",2,200,"random",0,0.5,802,802,5.56636100774631,3.53846890991554,0.010082338261418,7,1.42190052130763,100,900,-149,1298
"factor",3,200,"random",0,0.5,803,803,11.5693246726878,1.61407839437015,0.017738017081283,5,0.149349864564802,100,900,-149,1298
"factor",4,200,"random",0,0.5,804,804,8.24734547338448,1.1101277138805,-0.0199218611838296,6,0.848694582652179,100,900,-149,1298
"factor",5,200,"random",0,0.5,805,805,8.69217245141044,2.85095374961384,-6.70770741999158e-05,8,0.491346731364882,100,900,-149,1298
"factor",6,200,"random",0,0.5,806,806,10.9468377728481,3.59720148646738,0.00130978288594633,8,0.983497645282705,100,900,-149,1298
"factor",7,200,"random",0,0.5,807,807,6.50606677052565,1.06602438329719,0.0276348196808249,10,0.656212101619885,100,900,-149,1298
"factor",8,200,"random",0,0.5,808,808,13.7614932425786,1.39230303571094,-0.0222561070416123,10,0.303537746700654,100,900,-149,1298
"factor",9,200,"random",0,0.5,809,809,4.18935213703662,3.82725911098532,0.0179050588561222,7,5.71047272476956,100,900,-149,1298
"factor",10,200,"random",0,0.5,810,810,8.45249031647108,2.25969265436288,0.0178560988744721,5,1.51795698736842,100,900,-149,1298
"factor",11,200,"random",0,0.5,811,811,14.2786750304513,3.35987362696324,0.00841820124071092,8,1.84033832979666,100,900,-149,1298
"factor",12,200,"random",0,0.5,812,812,13.4173865034245,1.72809483716264,-0.00133968165144324,10,4.81290935460177,100,900,-149,1298
"factor",13,200,"random",0,0.5,813,813,4.69840040616691,2.20686455105897,0.0103073880448937,9,0.314844403586478,100,900,-149,1298
"factor",14,200,"random",0,0.5,814,814,14.6368774787989,3.76222942175809,0.00497334100306034,9,2.01638793068223,100,900,-149,1298
"factor",15,200,"random",0,0.5,815,815,9.02280142949894,2.87311921548098,0.0219336077291518,6,0.217317711065729,100,900,-149,1298
"factor",16,200,"random",0,0.5,816,816,12.0747247689869,1.24174484459218,-0.0203103000903502,5,2.59694181022247,100,900,-149,1298
"factor",17,200,"random",0,0.5,817,817,4.75266468687914,1.32180015719496,-0.0134053260879591,6,0.148622494414141,100,900,-149,1298
"factor",18,200,"random",0,0.5,818,818,10.8397298241034,0.972488456056453,-0.0138323626946658,5,1.19623285729837,100,900,-149,1298
"factor",19,200,"random",0,0.5,819,819,2.91335611487739,0.805789953563362,-0.0111230322858319,10,1.24058989396177,100,900,-149,1298
"factor",20,200,"random",0,0.5,820,820,5.53235323005356,3.12675613735337,-0.00104105158243328,10,0.779906699276804,100,900,-149,1298
"factor",21,200,"random",0,0.5,821,821,12.2730924894568,3.14042732131202,-0.0145122861117125,9,0.381038488694347,100,900,-149,1298
"factor",22,200,"random",0,0.5,822,822,4.11834760312922,1.95348232518882,0.00515169662889093,10,0.929520571484905,100,900,-149,1298
"factor",23,200,"random",0,0.5,823,823,7.81407889467664,0.537371360580437,0.00109963743947446,8,2.1292021037958,100,900,-149,1298
"factor",24,200,"random",0,0.5,824,824,5.88748542731628,2.9461984053487,0.0164088682970032,6,2.12789915809411,100,900,-149,1298
"factor",25,200,"random",0,0.5,825,825,7.90913239493966,3.14177786139771,-0.013796339132823,10,0.227833018452205,100,900,-149,1298
"factor",26,200,"random",0,0.5,826,826,11.5344293590169,1.74027444748208,0.00771169316489249,10,6.08701598497941,100,900,-149,1298
"factor",27,200,"random",0,0.5,827,827,3.12411182490177,3.20309689489659,0.0103240962792188,9,0.199053425671254,100,900,-149,1298
"factor",28,200,"random",0,0.5,828,828,13.561289932346,3.13708635477815,0.0204298828868195,10,0.665868590305595,100,900,-149,1298
"factor",29,200,"random",0,0.5,829,829,2.30266280798241,2.72496184869669,-0.0273682025307789,8,0.774381673557912,100,900,-149,1298
"factor",30,200,"random",0,0.5,830,830,13.042187553132,3.91975543089211,0.00553559976629913,9,0.376892319042961,100,900,-149,1298
"factor",31,200,"random",0,0.5,831,831,11.3772936423775,3.41301127686165,0.0189577607391402,8,0.143412151495266,100,900,-149,1298
"factor",32,200,"random",0,0.5,832,832,6.93670430546626,0.923525301390328,0.0084801559522748,6,4.29724771655319,100,900,-149,1298
"factor",33,200,"random",0,0.5,833,833,9.7721460678149,0.957577331224456,0.0052769691310823,6,0.780836034763619,100,900,-149,1298
"factor",34,200,"random",0,0.5,834,834,6.07895350642502,3.21941613708623,-0.0196787467645481,5,1.80890492914797,100,900,-149,1298
"factor",35,200,"random",0,0.5,835,835,7.6713175161276,0.77924780419562,0.0254848333681002,8,0.707670963001646,100,900,-149,1298
"factor",36,200,"random",0,0.5,836,836,8.41261614649557,2.30904242221732,-0.0232893560500816,9,0.225002353012123,100,900,-149,1298
"factor",37,200,"random",0,0.5,837,837,5.2629876981955,1.69288433436304,0.0170805898541585,6,0.370733964112649,100,900,-149,1298
"factor",38,200,"random",0,0.5,838,838,9.57780306600034,0.748717180918902,-0.0287001632060856,10,0.326602182022963,100,900,-149,1298
"factor",39,200,"random",0,0.5,839,839,8.19947836734354,3.2345492891036,-0.019341087914072,9,1.45698967326768,100,900,-149,1298
"factor",40,200,"random",0,0.5,840,840,10.3130247115623,0.691442382987589,-0.00554732571355998,8,0.587143018467435,100,900,-149,1298
"factor",41,200,"random",0,0.5,841,841,11.4115573782474,3.64591936953366,-0.0136633359873667,9,1.38469464552422,100,900,-149,1298
"factor",42,200,"random",0,0.5,842,842,2.71667196927592,1.9151955768466,0.00868765208870172,8,0.638728047376198,100,900,-149,1298
"factor",43,200,"random",0,0.5,843,843,5.90836887713522,2.51610432402231,-0.0294015854503959,8,0.471438248362648,100,900,-149,1298
"factor",44,200,"random",0,0.5,844,844,13.0278795110062,3.611979818088,0.0127619549771771,6,0.890797317849815,100,900,-149,1298
"factor",45,200,"random",0,0.5,845,845,7.63823550287634,1.44528541318141,0.0190993021521717,7,2.20416766373297,100,900,-149,1298
"factor",46,200,"random",0,0.5,846,846,13.8796978972387,2.51970747800078,-0.0102367251366377,10,1.17686988545722,100,900,-149,1298
"factor",47,200,"random",0,0.5,847,847,4.2298080122564,0.528058135183528,0.0176017091469839,7,0.778466836056583,100,900,-149,1298
"factor",48,200,"random",0,0.5,848,848,7.87764597963542,1.89922936959192,0.0123093181522563,7,0.37242793747105,100,900,-149,1298
"factor",49,200,"random",0,0.5,849,849,4.61123450333253,2.70706324127968,-0.00513245992362499,8,0.458918809058899,100,900,-149,1298
"factor",50,200,"random",0,0.5,850,850,3.10130412434228,2.00491302227601,-0.00350633616093546,10,0.383153759698881,100,900,-149,1298
"factor",51,200,"random",0,0.5,851,851,14.9252363671549,3.02778795687482,0.00312316465191543,7,0.357932703813177,100,900,-149,1298
"factor",52,200,"random",0,0.5,852,852,11.9906177606899,1.39764863660093,-0.00717037011869252,8,1.15045312395016,100,900,-149,1298
"factor",53,200,"random",0,0.5,853,853,14.2671155694406,3.89855737972539,0.00184180915821344,5,0.696713498515853,100,900,-149,1298
"factor",54,200,"random",0,0.5,854,854,11.7477327615488,1.18043498042971,0.0176684072893113,10,0.28959027789629,100,900,-149,1298
"factor",55,200,"random",0,0.5,855,855,10.1220326479524,1.09436469641514,0.00447156675159931,10,0.499493848200381,100,900,-149,1298
"factor",56,200,"random",0,0.5,856,856,10.4316619229503,2.12596552586183,0.0152153455512598,10,1.12493887296388,100,900,-149,1298
"factor",57,200,"random",0,0.5,857,857,9.26805530092679,2.87612524372526,-0.0214047035900876,5,0.553032000953701,100,900,-149,1298
"factor",58,200,"random",0,0.5,858,858,9.69904460129328,0.95602726272773,0.028315246347338,6,0.278562127502094,100,900,-149,1298
"factor",59,200,"random",0,0.5,859,859,3.37088301824406,2.84241218760144,0.0137681469926611,6,0.428004214094213,100,900,-149,1298
"factor",60,200,"random",0,0.5,860,860,4.96543148951605,2.37552301713731,0.000449459832161665,8,2.00463557143881,100,900,-149,1298
"factor",61,200,"random",0,0.5,861,861,11.4828264543321,0.594349093851633,-0.0198099030274898,10,1.73145367506507,100,900,-149,1298
"factor",62,200,"random",0,0.5,862,862,9.1854599271901,3.61425814800896,0.01508286036551,8,0.398260432610687,100,900,-149,1298
"factor",63,200,"random",0,0.5,863,863,7.263083640486,2.93940382357687,0.0239154450735077,5,0.700146642591503,100,900,-149,1298
"factor",64,200,"random",0,0.5,864,864,2.20747200911865,3.4974571011262,-0.0246081801457331,8,2.53190950646078,100,900,-149,1298
"factor",65,200,"random",0,0.5,865,865,6.68304629833438,2.68921740155201,0.0251811754424125,8,0.553839345515348,100,900,-149,1298
"factor",66,200,"random",0,0.5,866,866,4.16764370608144,2.94538306700997,-0.0291203276300803,10,0.308983202992913,100,900,-149,1298
"factor",67,200,"random",0,0.5,867,867,2.53226918820292,2.86481928976718,0.00986274301540106,8,0.791915993305283,100,900,-149,1298
"factor",68,200,"random",0,0.5,868,868,9.28740985132754,1.97369079862256,0.0205124400230125,8,3.82053934464357,100,900,-149,1298
"factor",69,200,"random",0,0.5,869,869,2.14006609027274,1.35169906518422,-0.0197326267836615,9,0.652563333662005,100,900,-149,1298
"factor",70,200,"random",0,0.5,870,870,5.16266667284071,0.52857794740703,-0.0238751279236749,8,0.6311435031076,100,900,-149,1298
"factor",71,200,"random",0,0.5,871,871,14.770040873671,1.502713644295,-0.0250447428412735,5,0.333755323220833,100,900,-149,1298
"factor",72,200,"random",0,0.5,872,872,11.9252861824352,0.984997941646725,-0.0148134217830375,9,0.460742779156024,100,900,-149,1298
"factor",73,200,"random",0,0.5,873,873,11.0699195773341,1.803156787646,-0.0144713566359133,7,0.244943795330222,100,900,-149,1298
"factor",74,200,"random",0,0.5,874,874,7.80015635467134,3.03553640062455,0.00546962643507868,8,0.603897376095414,100,900,-149,1298
"factor",75,200,"random",0,0.5,875,875,10.5626285371836,2.01237855630461,0.0191764038987458,6,0.606925418373283,100,900,-149,1298
"factor",76,200,"random",0,0.5,876,876,14.0479735485278,2.0503504750086,-0.00194208213128149,7,0.171718321195566,100,900,-149,1298
"factor",77,200,"random",0,0.5,877,877,10.2436099611223,3.33227142016403,-0.0238262077001855,9,1.53589961944294,100,900,-149,1298
"factor",78,200,"random",0,0.5,878,878,6.9884950411506,3.61291947623249,0.0121335194120184,6,3.03844171068008,100,900,-149,1298
"factor",79,200,"random",0,0.5,879,879,4.15529448678717,0.624455281649716,-0.00552640293259174,6,0.131756992567958,100,900,-149,1298
"factor",80,200,"random",0,0.5,880,880,3.89593433355913,2.90792512579355,0.0218425999861211,10,0.722949806615837,100,900,-149,1298
"factor",81,200,"random",0,0.5,881,881,11.5764338986482,2.53632628091145,0.0196422513294965,9,1.58733146680864,100,900,-149,1298
"factor",82,200,"random",0,0.5,882,882,11.0575060779229,1.94751266506501,-0.0264031976647675,10,0.597762935138421,100,900,-149,1298
"factor",83,200,"random",0,0.5,883,883,5.36036315839738,2.98826098570134,0.00285070187877864,7,2.8438887292935,100,900,-149,1298
"factor",84,200,"random",0,0.5,884,884,7.57573338481598,3.82753509073518,0.011323613896966,6,1.13906692545526,100,900,-149,1298
"factor",85,200,"random",0,0.5,885,885,9.69287298666313,2.67798093310557,-0.0250872412696481,10,0.162863919460725,100,900,-149,1298
"factor",86,200,"random",0,0.5,886,886,5.03625295660459,0.819553956273012,0.00303934170864523,8,0.377876938925206,100,900,-149,1298
"factor",87,200,"random",0,0.5,887,887,11.3631413471885,3.23770050285384,0.0176952260965481,7,1.23953705477732,100,900,-149,1298
"factor",88,200,"random",0,0.5,888,888,4.36633467348292,3.36390677571762,0.0131695094704628,6,0.816187821462878,100,900,-149,1298
"factor",89,200,"random",0,0.5,889,889,13.7394109808374,3.87118244892918,-0.0208777172025293,10,0.281100108927478,100,900,-149,1298
"factor",90,200,"random",0,0.5,890,890,6.24260839889757,2.0327904248843,-0.00428103185724467,9,0.540688345997364,100,900,-149,1298
"factor",91,200,"random",0,0.5,891,891,7.21699134609662,1.94914145360235,0.010260941167362,10,1.29059658676478,100,900,-149,1298
"factor",92,200,"random",0,0.5,892,892,11.7691753911786,2.64613222423941,-0.0163328973948956,8,0.132270172338856,100,900,-149,1298
"factor",93,200,"random",0,0.5,893,893,7.58787161810324,2.95278267748654,-0.0144488789560273,8,1.07641053731498,100,900,-149,1298
"factor",94,200,"random",0,0.5,894,894,11.9501604386605,2.90343497868162,0.0257404735218734,8,0.444357857872798,100,900,-149,1298
"factor",95,200,"random",0,0.5,895,895,7.48422962590121,1.77868759771809,-0.0270568552287295,10,0.33711995804109,100,900,-149,1298
"factor",96,200,"random",0,0.5,896,896,12.1224582933355,1.50743403774686,0.00209922053385526,10,0.180020819770464,100,900,-149,1298
"factor",97,200,"random",0,0.5,897,897,4.23681732057594,2.86827192548662,0.0156095365108922,8,0.138014325207683,100,900,-149,1298
"factor",98,200,"random",0,0.5,898,898,3.02911666920409,3.36576749419328,-0.0011319292942062,7,0.816876075519023,100,900,-149,1298
"factor",99,200,"random",0,0.5,899,899,8.96967603615485,3.94421030534431,-0.017073621195741,9,0.5264461188388,100,900,-149,1298
"factor",100,200,"random",0,0.5,900,900,7.37682704860345,1.69367564597633,0.000203443486243488,9,0.398988625746229,100,900,-149,1298
"factor",1,200,"random",0.25,0.5,901,901,9.11148512340151,0.947463772376068,-0.0151083321170881,7,1.650049394374,100,900,-149,1298
"factor",2,200,"random",0.25,0.5,902,902,12.5850740801543,3.09451950329822,0.000833141547627748,10,0.224438820893321,100,900,-149,1298
"factor",3,200,"random",0.25,0.5,903,903,10.8814324224368,1.12205134064425,-0.0211728763952851,9,0.552505792656528,100,900,-149,1298
"factor",4,200,"random",0.25,0.5,904,904,3.78465555957519,3.43110183894169,-0.00648067618254572,9,0.161183889836063,100,900,-149,1298
"factor",5,200,"random",0.25,0.5,905,905,7.9412176865153,0.67733887443319,-0.0252272940985858,6,0.210346519643947,100,900,-149,1298
"factor",6,200,"random",0.25,0.5,906,906,5.38264097855426,1.1910420373315,0.0189403616823256,9,0.403473855169324,100,900,-149,1298
"factor",7,200,"random",0.25,0.5,907,907,12.9165741920006,1.51368615939282,-0.0140923722926527,8,0.959618113377065,100,900,-149,1298
"factor",8,200,"random",0.25,0.5,908,908,9.30292413616553,3.8631455214927,-0.00052100377622992,10,1.05862688274939,100,900,-149,1298
"factor",9,200,"random",0.25,0.5,909,909,8.8529774195049,1.11056946124882,0.0235860630869865,6,0.565381910507073,100,900,-149,1298
"factor",10,200,"random",0.25,0.5,910,910,12.5698395895306,2.11926026444416,0.020503436489962,5,0.988637875368404,100,900,-149,1298
"factor",11,200,"random",0.25,0.5,911,911,12.1358157482464,3.59681057953276,-0.00382651397958398,6,0.299989324587676,100,900,-149,1298
"factor",12,200,"random",0.25,0.5,912,912,11.3352923262864,0.804677101550624,-0.0057080269837752,9,0.352295158229504,100,900,-149,1298
"factor",13,200,"random",0.25,0.5,913,913,6.83174885227345,2.56605284742545,-0.0130910113966092,5,0.562534982753426,100,900,-149,1298
"factor",14,200,"random",0.25,0.5,914,914,12.9077541620936,3.19495260098483,0.00162530806381255,8,1.10174027506718,100,900,-149,1298
"factor",15,200,"random",0.25,0.5,915,915,8.47088531125337,1.08515877230093,-0.0280259341187775,10,0.32568810472059,100,900,-149,1298
"factor",16,200,"random",0.25,0.5,916,916,4.81554768211208,2.62506477581337,0.0257837578933686,6,3.35259520764451,100,900,-149,1298
"factor",17,200,"random",0.25,0.5,917,917,3.99976469250396,3.4735694762785,0.0111321496590972,8,0.997865243286508,100,900,-149,1298
"factor",18,200,"random",0.25,0.5,918,918,6.55864322674461,1.85640378913376,0.0241734015243128,7,2.02764543997088,100,900,-149,1298
"factor",19,200,"random",0.25,0.5,919,919,9.02099523902871,2.8723119373899,0.0176797868125141,10,0.463449151897204,100,900,-149,1298
"factor",20,200,"random",0.25,0.5,920,920,9.20228563901037,0.69779698329512,-0.0095625462429598,8,0.737515967499164,100,900,-149,1298
"factor",21,200,"random",0.25,0.5,921,921,13.2406902778894,0.592621459509246,0.000475077498704193,10,0.218820404190413,100,900,-149,1298
"factor",22,200,"random",0.25,0.5,922,922,13.7480791169219,2.56536924617831,2.82444152981051e-05,8,0.254894150517888,100,900,-149,1298
"factor",23,200,"random",0.25,0.5,923,923,2.80570830940269,3.18569646391552,-0.00741447200998664,7,0.208928429574775,100,900,-149,1298
"factor",24,200,"random",0.25,0.5,924,924,4.5348976617679,0.827520968741737,-0.0115339064318687,5,1.25584390705227,100,900,-149,1298
"factor",25,200,"random",0.25,0.5,925,925,11.1415291379672,3.32870280684438,0.0270008937595412,7,0.970324543552403,100,900,-149,1298
"factor",26,200,"random",0.25,0.5,926,926,5.34155770554207,3.98311630089302,0.00210758187342435,8,0.106446424904566,100,900,-149,1298
"factor",27,200,"random",0.25,0.5,927,927,13.2915273299441,2.67421738582198,-0.0224547519581392,6,0.201659155672601,100,900,-149,1298
"factor",28,200,"random",0.25,0.5,928,928,3.54497985355556,1.25394126481842,0.00275997847784311,6,0.211511308543647,100,900,-149,1298
"factor",29,200,"random",0.25,0.5,929,929,14.2245820332319,3.09924536151811,-0.0289642373705283,7,1.20485427640775,100,900,-149,1298
"factor",30,200,"random",0.25,0.5,930,930,8.98845353350043,0.888604688807391,-0.0220423629367724,5,0.495835518209863,100,900,-149,1298
"factor",31,200,"random",0.25,0.5,931,931,3.74748983839527,1.79490090685431,-0.0164778380468488,9,5.15478077109966,100,900,-149,1298
"factor",32,200,"random",0.25,0.5,932,932,11.8513632640243,1.22582873294596,-0.0297595713380724,5,0.317562326102333,100,900,-149,1298
"factor",33,200,"random",0.25,0.5,933,933,4.33813205291517,3.78565301152412,0.0154921628488228,8,1.61656982513332,100,900,-149,1298
"factor",34,200,"random",0.25,0.5,934,934,5.90164114581421,3.00940303236712,-0.0233985032374039,8,2.74416882413774,100,900,-149,1298
"factor",35,200,"random",0.25,0.5,935,935,12.7524888494518,1.47160194488242,-0.00437663313467055,6,0.110524292965727,100,900,-149,1298
"factor",36,200,"random",0.25,0.5,936,936,2.84185894532129,2.55281524790917,-0.00779590588063002,5,0.263525958569325,100,900,-149,1298
"factor",37,200,"random",0.25,0.5,937,937,2.17411233251914,3.18637479271274,-0.0191147574037313,8,0.350491192625096,100,900,-149,1298
"factor",38,200,"random",0.25,0.5,938,938,5.82247484102845,1.65691438037902,-0.02897496515885,7,1.33395308153855,100,900,-149,1298
"factor",39,200,"random",0.25,0.5,939,939,4.75295012607239,3.03899412136525,-0.00371097554918379,6,0.251251848817267,100,900,-149,1298
"factor",40,200,"random",0.25,0.5,940,940,8.88187465397641,3.34818136133254,-0.0154488654714078,9,0.343727217940829,100,900,-149,1298
"factor",41,200,"random",0.25,0.5,941,941,13.5717744894791,0.75310120836366,-0.0013390143821016,8,2.41512460364864,100,900,-149,1298
"factor",42,200,"random",0.25,0.5,942,942,13.9223766108043,1.91980441112537,-0.0243486570613459,6,0.216596676268378,100,900,-149,1298
"factor",43,200,"random",0.25,0.5,943,943,4.49135469133034,0.702589130960405,0.0204536371165887,6,0.123434425412002,100,900,-149,1298
"factor",44,200,"random",0.25,0.5,944,944,14.1259808558971,2.36465767619666,0.0117569844285026,9,0.484558746100713,100,900,-149,1298
"factor",45,200,"random",0.25,0.5,945,945,14.1515454067849,3.5235377245117,0.0154302210872993,5,0.732859716419384,100,900,-149,1298
"factor",46,200,"random",0.25,0.5,946,946,4.03609798662364,2.97702084691264,0.0142500034812838,6,5.00307106778821,100,900,-149,1298
"factor",47,200,"random",0.25,0.5,947,947,3.02708173752762,3.35094982373994,0.026685021626763,8,1.61817157851862,100,900,-149,1298
"factor",48,200,"random",0.25,0.5,948,948,14.6007190761156,3.13961945159826,0.00457788184750825,7,1.08810539801571,100,900,-149,1298
"factor",49,200,"random",0.25,0.5,949,949,3.56133069400676,1.64271154114977,0.0219254767522216,5,2.24134140492874,100,900,-149,1298
"factor",50,200,"random",0.25,0.5,950,950,14.3590304160025,2.94241354987025,0.00574532645288855,7,0.524626562195513,100,900,-149,1298
"factor",51,200,"random",0.25,0.5,951,951,5.7737153864,2.61250058142468,-0.0283968408079818,9,1.87688917825824,100,900,-149,1298
"factor",52,200,"random",0.25,0.5,952,952,5.40642092004418,3.2809597394662,0.0158529109228402,5,0.207881727423209,100,900,-149,1298
"factor",53,200,"random",0.25,0.5,953,953,12.4608286563307,3.89366323989816,-0.00309343989472836,5,0.418644992215269,100,900,-149,1298
"factor",54,200,"random",0.25,0.5,954,954,8.94168849987909,1.18509239458945,0.0250623121345416,9,0.232440930866249,100,900,-149,1298
"factor",55,200,"random",0.25,0.5,955,955,8.03625539899804,3.23561747442,0.0200544680748135,8,2.24764000047153,100,900,-149,1298
"factor",56,200,"random",0.25,0.5,956,956,5.62405726313591,1.73485179222189,-0.0260891169961542,7,1.17608673835032,100,900,-149,1298
"factor",57,200,"random",0.25,0.5,957,957,5.05825524125248,0.612881677108817,-0.0103247409453616,7,0.713798982842032,100,900,-149,1298
"factor",58,200,"random",0.25,0.5,958,958,4.87758100661449,1.94538974366151,0.00243641357403249,7,6.16231506444967,100,900,-149,1298
"factor",59,200,"random",0.25,0.5,959,959,9.58101852773689,3.66125836467836,0.0169570596702397,5,0.451293449815955,100,900,-149,1298
"factor",60,200,"random",0.25,0.5,960,960,5.61798226390965,1.40121384034865,-0.00834433404263109,9,0.563324896708175,100,900,-149,1298
"factor",61,200,"random",0.25,0.5,961,961,5.29371386650018,2.00406183453742,0.0243930034898222,8,0.400922391403125,100,900,-149,1298
"factor",62,200,"random",0.25,0.5,962,962,14.4828227553517,2.07959315611515,-0.026681200847961,8,0.370650143197457,100,900,-149,1298
"factor",63,200,"random",0.25,0.5,963,963,5.00957311224192,2.80788165482227,-0.0150758768571541,6,0.228439963894194,100,900,-149,1298
"factor",64,200,"random",0.25,0.5,964,964,10.1352257870603,1.1343297380954,0.0202704378403723,6,0.428570949810958,100,900,-149,1298
"factor",65,200,"random",0.25,0.5,965,965,4.88288615178317,1.9825198672479,0.000256172823719682,7,1.61686212505101,100,900,-149,1298
"factor",66,200,"random",0.25,0.5,966,966,12.1169868800789,1.53239344491158,-0.00731304961256683,9,0.433221627154275,100,900,-149,1298
"factor",67,200,"random",0.25,0.5,967,967,5.56853184266947,1.01508701150306,-0.0179638745170087,8,1.39856179116279,100,900,-149,1298
"factor",68,200,"random",0.25,0.5,968,968,9.33151227701455,3.77355722011998,0.00567560231778771,5,0.413813391769555,100,900,-149,1298
"factor",69,200,"random",0.25,0.5,969,969,6.74225308652967,3.52025948301889,-0.0261595145054162,9,0.439847205677021,100,900,-149,1298
"factor",70,200,"random",0.25,0.5,970,970,4.12136456440203,1.51389118272346,-0.021400724533014,6,0.944004134322906,100,900,-149,1298
"factor",71,200,"random",0.25,0.5,971,971,11.274072293425,3.05365537200123,-0.000413565449416637,7,0.714093526815436,100,900,-149,1298
"factor",72,200,"random",0.25,0.5,972,972,14.6861319844611,3.7314960177755,0.0174759900150821,5,0.720729849574549,100,900,-149,1298
"factor",73,200,"random",0.25,0.5,973,973,8.59514621412382,2.77029674779624,-0.00510268613230437,9,0.160467762115871,100,900,-149,1298
"factor",74,200,"random",0.25,0.5,974,974,4.49226742843166,1.75461926229764,0.0240751040680334,9,0.309318202989464,100,900,-149,1298
"factor",75,200,"random",0.25,0.5,975,975,5.07807463523932,0.935289093875326,0.0188112032739446,10,0.440741962930428,100,900,-149,1298
"factor",76,200,"random",0.25,0.5,976,976,5.08657929697074,3.9767557582818,-0.0113799681840464,9,0.988681382283088,100,900,-149,1298
"factor",77,200,"random",0.25,0.5,977,977,3.58196993567981,1.12569420423824,0.0162040251446888,8,0.69756979910125,100,900,-149,1298
"factor",78,200,"random",0.25,0.5,978,978,3.96768341748975,0.76545021997299,0.0279049107665196,5,0.202943803406794,100,900,-149,1298
"factor",79,200,"random",0.25,0.5,979,979,11.4161554269958,2.17048563505523,-0.0132061009900644,8,1.28424416929298,100,900,-149,1298
"factor",80,200,"random",0.25,0.5,980,980,2.86350147076882,2.96844505064655,0.00391067190561444,7,0.519866537815136,100,900,-149,1298
"factor",81,200,"random",0.25,0.5,981,981,2.19448353606276,2.71146349841729,-0.0210745746502653,10,0.159866630009405,100,900,-149,1298
"factor",82,200,"random",0.25,0.5,982,982,7.89381899568252,0.881238538422622,0.0138359926035628,6,0.234143994563398,100,900,-149,1298
"factor",83,200,"random",0.25,0.5,983,983,12.9794770006556,1.15919598017354,0.00353726993780583,8,0.331346661216026,100,900,-149,1298
"factor",84,200,"random",0.25,0.5,984,984,5.91145071480423,1.51018791086972,-0.0263963581714779,8,0.337816566878326,100,900,-149,1298
"factor",85,200,"random",0.25,0.5,985,985,14.5055194087327,0.809696818585508,-0.0297417175490409,10,0.207103558581901,100,900,-149,1298
"factor",86,200,"random",0.25,0.5,986,986,4.20498565351591,3.29780496354215,-0.0101013592863455,5,0.235282874367295,100,900,-149,1298
"factor",87,200,"random",0.25,0.5,987,987,8.99649466224946,2.05775543372147,0.0150405458500609,6,0.310319584979255,100,900,-149,1298
"factor",88,200,"random",0.25,0.5,988,988,7.14003035449423,2.05335842480417,0.0228378128819168,8,0.564077321110066,100,900,-149,1298
"factor",89,200,"random",0.25,0.5,989,989,11.7217667663936,1.65097002801485,-0.0261970792897046,6,0.466411823890396,100,900,-149,1298
"factor",90,200,"random",0.25,0.5,990,990,3.54514565551654,1.5179394724546,-0.0189314442453906,6,0.694575628007487,100,900,-149,1298
"factor",91,200,"random",0.25,0.5,991,991,10.7154623167589,1.07346514251549,-0.0069214225653559,7,0.211082573210112,100,900,-149,1298
"factor",92,200,"random",0.25,0.5,992,992,11.5342679792084,0.845321194035932,-0.00901188361924142,6,0.343145086935922,100,900,-149,1298
"factor",93,200,"random",0.25,0.5,993,993,9.620942391688,2.18203728517983,-0.0113934965478256,9,0.779799861400912,100,900,-149,1298
"factor",94,200,"random",0.25,0.5,994,994,14.674238540465,1.05220364837442,0.0129879031609744,10,1.43964281114093,100,900,-149,1298
"factor",95,200,"random",0.25,0.5,995,995,13.0317739623133,1.54385698726401,0.0146875545009971,9,0.266982313446474,100,900,-149,1298
"factor",96,200,"random",0.25,0.5,996,996,3.39032781566493,3.560026780935,-0.028365486189723,6,0.320397029043482,100,900,-149,1298
"factor",97,200,"random",0.25,0.5,997,997,2.81299203028902,1.06606873869896,0.0200861391797662,5,0.252653561389709,100,900,-149,1298
"factor",98,200,"random",0.25,0.5,998,998,3.40436315839179,2.57190486509353,-0.0227843445120379,9,0.302076542179298,100,900,-149,1298
"factor",99,200,"random",0.25,0.5,999,999,11.5827721839305,2.12772437196691,-0.0126149587612599,9,0.199661912922653,100,900,-149,1298
"factor",100,200,"random",0.25,0.5,1000,1000,6.78685230971314,0.685176310129464,-0.0135567582864314,5,0.526373892312295,100,900,-149,1298
"factor",1,200,"random",0.5,0.5,1001,1001,3.93674806714989,2.04332557192538,-0.0197746351920068,7,0.22243819531026,100,900,-149,1298
"factor",2,200,"random",0.5,0.5,1002,1002,12.1203377032652,1.99192863074131,0.0164303469378501,8,0.26865794289607,100,900,-149,1298
"factor",3,200,"random",0.5,0.5,1003,1003,7.8734980400186,3.22478964936454,-0.00582846831064671,8,0.486272563858014,100,900,-149,1298
"factor",4,200,"random",0.5,0.5,1004,1004,13.8717815724667,0.959892488433979,0.0111096455203369,9,0.208216154953133,100,900,-149,1298
"factor",5,200,"random",0.5,0.5,1005,1005,13.0806813153904,1.13641480950173,-0.0240644734119996,5,0.113178010172796,100,900,-149,1298
"factor",6,200,"random",0.5,0.5,1006,1006,4.18808853044175,2.15855943644419,-0.010884938291274,10,0.813696446787046,100,900,-149,1298
"factor",7,200,"random",0.5,0.5,1007,1007,11.7801707962062,1.10286667186301,-0.0295173058379441,7,1.68790920499289,100,900,-149,1298
"factor",8,200,"random",0.5,0.5,1008,1008,3.98561549372971,2.37262878764886,0.0134326739609241,9,1.78077016600527,100,900,-149,1298
"factor",9,200,"random",0.5,0.5,1009,1009,4.88723790692165,0.648468377767131,-0.00255223081447184,7,0.876236051106366,100,900,-149,1298
"factor",10,200,"random",0.5,0.5,1010,1010,2.69455152144656,3.68296380725224,0.0123578794626519,6,0.293851509902028,100,900,-149,1298
"factor",11,200,"random",0.5,0.5,1011,1011,4.82331283343956,1.33727833849844,0.0180561714665964,10,0.116273420443197,100,900,-149,1298
"factor",12,200,"random",0.5,0.5,1012,1012,8.86045800033025,3.0292532693129,-0.0172332407394424,9,0.643918933317638,100,900,-149,1298
"factor",13,200,"random",0.5,0.5,1013,1013,8.59978261240758,1.02964010601863,-0.0117138769151643,10,0.222365913081106,100,900,-149,1298
"factor",14,200,"random",0.5,0.5,1014,1014,3.77077833982185,1.56014041509479,0.00229485158342868,5,0.116917455074411,100,900,-149,1298
"factor",15,200,"random",0.5,0.5,1015,1015,3.70422616275027,1.84297560888808,-0.0102852325513959,5,1.3026776743776,100,900,-149,1298
"factor",16,200,"random",0.5,0.5,1016,1016,6.11099397111684,1.06329061067663,-0.0034673249674961,10,1.20356752702204,100,900,-149,1298
"factor",17,200,"random",0.5,0.5,1017,1017,5.83331839763559,1.38123930722941,0.0297641996573657,7,0.303838653354479,100,900,-149,1298
"factor",18,200,"random",0.5,0.5,1018,1018,9.720109047601,2.9373539496446,-0.0115699917124584,5,0.108613618776354,100,900,-149,1298
"factor",19,200,"random",0.5,0.5,1019,1019,5.73031968786381,2.7905832225224,0.00176710128318518,8,0.168605653849719,100,900,-149,1298
"factor",20,200,"random",0.5,0.5,1020,1020,6.87450176174752,2.40263503848109,-0.029368186974898,9,1.45566300150238,100,900,-149,1298
"factor",21,200,"random",0.5,0.5,1021,1021,6.58732363046147,1.61274967831559,-0.00666533050127327,8,0.992680666098492,100,900,-149,1298
"factor",22,200,"random",0.5,0.5,1022,1022,10.6171412908006,1.77025224175304,-0.000474447137676179,5,0.504725370990002,100,900,-149,1298
"factor",23,200,"random",0.5,0.5,1023,1023,11.470724291401,0.877070907154121,-0.00433474046643824,5,0.146976156678462,100,900,-149,1298
"factor",24,200,"random",0.5,0.5,1024,1024,10.256548358826,3.2395003127167,-0.00132731346879154,6,0.661909759295816,100,900,-149,1298
"factor",25,200,"random",0.5,0.5,1025,1025,14.939329409739,1.32915454683825,-0.0197527731070295,7,0.358457286090653,100,900,-149,1298
"factor",26,200,"random",0.5,0.5,1026,1026,5.90664605377242,1.46997007844038,-0.0061295378068462,6,0.249478455893117,100,900,-149,1298
"factor",27,200,"random",0.5,0.5,1027,1027,5.85413266089745,3.33121630840469,0.00254316749051213,8,0.623418202311188,100,900,-149,1298
"factor",28,200,"random",0.5,0.5,1028,1028,4.11276372312568,3.24066054506693,0.0199403596948832,8,2.18889455131384,100,900,-149,1298
"factor",29,200,"random",0.5,0.5,1029,1029,13.1063617290929,2.64132005674765,-0.0227401161845773,6,0.560446547155475,100,900,-149,1298
"factor",30,200,"random",0.5,0.5,1030,1030,14.2788364193402,2.42179157177452,0.0259695805376396,7,0.509651623655589,100,900,-149,1298
"factor",31,200,"random",0.5,0.5,1031,1031,2.39754305128008,2.11177025223151,0.0017789014801383,8,0.278411448218449,100,900,-149,1298
"factor",32,200,"random",0.5,0.5,1032,1032,12.4512144066393,3.18217725108843,-0.0228555428981781,8,0.662709088158395,100,900,-149,1298
"factor",33,200,"random",0.5,0.5,1033,1033,11.8398075108416,3.70885121205356,-0.0276018775301054,9,0.170845717744384,100,900,-149,1298
"factor",34,200,"random",0.5,0.5,1034,1034,4.50118600181304,2.30168380890973,-0.0226446360815316,9,0.403650593286524,100,900,-149,1298
"factor",35,200,"random",0.5,0.5,1035,1035,9.03561074938625,2.00237642379943,0.0116454684175551,6,0.650379747249383,100,900,-149,1298
"factor",36,200,"random",0.5,0.5,1036,1036,5.32333603734151,1.35017464589328,-0.0299785807868466,6,0.513533945839087,100,900,-149,1298
"factor",37,200,"random",0.5,0.5,1037,1037,10.3832899197005,2.70958601729944,-0.0162032112618908,8,1.45338019426159,100,900,-149,1298
"factor",38,200,"random",0.5,0.5,1038,1038,13.3779692105018,0.666669038706459,-0.0139650118723512,9,0.278560050083201,100,900,-149,1298
"factor",39,200,"random",0.5,0.5,1039,1039,7.72819329425693,2.58583351818379,0.00804416880011558,5,0.404452175819406,100,900,-149,1298
"factor",40,200,"random",0.5,0.5,1040,1040,6.16056484077126,0.576826266245916,0.0266243882244453,5,0.395392607758689,100,900,-149,1298
"factor",41,200,"random",0.5,0.5,1041,1041,13.5279350562487,0.507502732099965,-0.0245695197768509,10,1.47657281978111,100,900,-149,1298
"factor",42,200,"random",0.5,0.5,1042,1042,7.0839212522842,2.63446901412681,-0.0219632990565151,7,0.331690500015861,100,900,-149,1298
"factor",43,200,"random",0.5,0.5,1043,1043,5.06222597393207,0.841515749925748,0.0262208769656718,5,0.785577961048896,100,900,-149,1298
"factor",44,200,"random",0.5,0.5,1044,1044,13.1043172932696,3.19915470283013,-0.021098946724087,6,1.6946199621967,100,900,-149,1298
"factor",45,200,"random",0.5,0.5,1045,1045,11.0028928406537,2.02676681790035,-0.00940879927016795,7,0.32502192838411,100,900,-149,1298
"factor",46,200,"random",0.5,0.5,1046,1046,8.75960067473352,1.49176602868829,0.00506677435711026,6,0.752187957800277,100,900,-149,1298
"factor",47,200,"random",0.5,0.5,1047,1047,8.62457802658901,3.41180436662398,-0.00964978277217597,8,0.183804218957756,100,900,-149,1298
"factor",48,200,"random",0.5,0.5,1048,1048,11.6691504986957,2.2686300217174,-0.0298269687546417,5,0.577533018810561,100,900,-149,1298
"factor",49,200,"random",0.5,0.5,1049,1049,12.8328373883851,1.5185634958325,0.0292156543722376,5,0.490635781802915,100,900,-149,1298
"factor",50,200,"random",0.5,0.5,1050,1050,11.1490732815582,2.15297723864205,0.00600190483499318,5,0.609456577357025,100,900,-149,1298
"factor",51,200,"random",0.5,0.5,1051,1051,2.24640814703889,1.91907493956387,-0.0211853227391839,5,0.580973624814487,100,900,-149,1298
"factor",52,200,"random",0.5,0.5,1052,1052,2.21695945411921,3.2089862752473,-0.0212567869294435,10,0.13666746430205,100,900,-149,1298
"factor",53,200,"random",0.5,0.5,1053,1053,5.14345787488855,3.12229652807582,0.00896131023298949,8,0.14058567311114,100,900,-149,1298
"factor",54,200,"random",0.5,0.5,1054,1054,10.0609631529078,2.47801635845099,-0.00557406915351748,5,1.03020683963401,100,900,-149,1298
"factor",55,200,"random",0.5,0.5,1055,1055,9.3316095310729,2.49733453022782,-0.000526843126863241,7,0.896786408718652,100,900,-149,1298
"factor",56,200,"random",0.5,0.5,1056,1056,6.38925876235589,0.956487701623701,-0.0167279566358775,9,2.2407113665562,100,900,-149,1298
"factor",57,200,"random",0.5,0.5,1057,1057,10.7478678042535,0.531004403019324,-0.0048009029449895,9,0.358255511095648,100,900,-149,1298
"factor",58,200,"random",0.5,0.5,1058,1058,6.45111030037515,2.64183270838112,-0.0253257065685466,8,1.03977792397926,100,900,-149,1298
"factor",59,200,"random",0.5,0.5,1059,1059,2.05761780985631,3.93889316509012,-0.0111411853926256,5,2.53643977343959,100,900,-149,1298
"factor",60,200,"random",0.5,0.5,1060,1060,12.4153054938652,2.20734422828536,-0.00859642613679171,10,0.399221728478819,100,900,-149,1298
"factor",61,200,"random",0.5,0.5,1061,1061,8.86234966758639,2.2703124555992,-0.0267339584324509,10,0.347624126915207,100,900,-149,1298
"factor",62,200,"random",0.5,0.5,1062,1062,3.01194215216674,2.27316040324513,0.00133020841050893,5,0.68225312072209,100,900,-149,1298
"factor",63,200,"random",0.5,0.5,1063,1063,3.73149181366898,0.671257560607046,0.0252195255411789,8,0.233500725267198,100,900,-149,1298
"factor",64,200,"random",0.5,0.5,1064,1064,13.5576650567818,1.45264038385358,0.0060094892559573,6,0.242817692967157,100,900,-149,1298
"factor",65,200,"random",0.5,0.5,1065,1065,10.7399277160875,1.12871380231809,-0.0267072295770049,10,1.53949839937869,100,900,-149,1298
"factor",66,200,"random",0.5,0.5,1066,1066,9.51734019280411,1.24509057751857,0.000920981517992914,6,0.256483137699941,100,900,-149,1298
"factor",67,200,"random",0.5,0.5,1067,1067,9.26813435787335,2.91873018885963,0.00692221304867417,5,0.447292576658664,100,900,-149,1298
"factor",68,200,"random",0.5,0.5,1068,1068,14.2937108511105,1.88336164306384,-0.0113095906656235,9,0.819728958181318,100,900,-149,1298
"factor",69,200,"random",0.5,0.5,1069,1069,10.2941764416173,0.569866823032498,0.02645940634422,9,0.175236610623994,100,900,-149,1298
"factor",70,200,"random",0.5,0.5,1070,1070,9.15138680697419,2.85469584527891,0.0104687309637666,6,0.782871849303885,100,900,-149,1298
"factor",71,200,"random",0.5,0.5,1071,1071,5.05451912479475,3.27277145849075,-0.0190814551943913,10,0.418976874009972,100,900,-149,1298
"factor",72,200,"random",0.5,0.5,1072,1072,12.2495019468479,0.651362909586169,0.0206538129737601,5,0.249580847157286,100,900,-149,1298
"factor",73,200,"random",0.5,0.5,1073,1073,9.56149389850907,2.19691790069919,-0.029121983461082,7,0.309279444258111,100,900,-149,1298
"factor",74,200,"random",0.5,0.5,1074,1074,12.4113390501589,3.03781672054902,-0.0290445232624188,9,0.232121351543576,100,900,-149,1298
"factor",75,200,"random",0.5,0.5,1075,1075,10.3040777256247,1.04621709359344,0.0126097430801019,6,0.151407895722073,100,900,-149,1298
"factor",76,200,"random",0.5,0.5,1076,1076,9.10596963390708,3.9069176876219,0.0277562607871369,5,1.29334635700185,100,900,-149,1298
"factor",77,200,"random",0.5,0.5,1077,1077,14.446516887052,2.1354422159493,-0.01541284580715,8,0.358667564894232,100,900,-149,1298
"factor",78,200,"random",0.5,0.5,1078,1078,8.58662341278978,2.7448411321966,0.00864642763976008,9,1.30712837550406,100,900,-149,1298
"factor",79,200,"random",0.5,0.5,1079,1079,8.38004331034608,0.690231012762524,0.0220114527689293,8,2.09751059887497,100,900,-149,1298
"factor",80,200,"random",0.5,0.5,1080,1080,5.71393675124273,1.05064104415942,-0.0299377080984414,5,0.23102061638985,100,900,-149,1298
"factor",81,200,"random",0.5,0.5,1081,1081,3.41214740276337,1.48207413626369,-0.00343984507955611,5,0.767520102579653,100,900,-149,1298
"factor",82,200,"random",0.5,0.5,1082,1082,13.9897214882076,2.12923825695179,-0.017334890733473,7,5.26565347382197,100,900,-149,1298
"factor",83,200,"random",0.5,0.5,1083,1083,11.2693835194223,0.615631081280299,0.0256843005213886,5,1.5043936774682,100,900,-149,1298
"factor",84,200,"random",0.5,0.5,1084,1084,11.3511887171771,3.25167287327349,-0.0108399961329997,6,0.190660775519541,100,900,-149,1298
"factor",85,200,"random",0.5,0.5,1085,1085,11.4285020644311,0.873676212970167,-0.00537823378108442,9,0.248782204109707,100,900,-149,1298
"factor",86,200,"random",0.5,0.5,1086,1086,14.6477220614906,2.91363593062852,0.0279877852136269,8,0.26501142473782,100,900,-149,1298
"factor",87,200,"random",0.5,0.5,1087,1087,5.95278472779319,3.33260848047212,-0.010406021727249,6,0.415112772634228,100,900,-149,1298
"factor",88,200,"random",0.5,0.5,1088,1088,6.10974034387618,2.2669145547552,-0.0178917222982273,6,2.04027861997016,100,900,-149,1298
"factor",89,200,"random",0.5,0.5,1089,1089,8.50889155617915,3.64100769697689,0.021753599094227,5,0.335144809154314,100,900,-149,1298
"factor",90,200,"random",0.5,0.5,1090,1090,14.2217863823753,0.688219585339539,-0.00672157726250589,5,2.03873403985858,100,900,-149,1298
"factor",91,200,"random",0.5,0.5,1091,1091,2.03399789216928,1.98211646615528,-0.000913936402648686,5,0.440368137983059,100,900,-149,1298
"factor",92,200,"random",0.5,0.5,1092,1092,12.5113484514877,3.12182683346327,0.0201290989061818,10,0.538247615547395,100,900,-149,1298
"factor",93,200,"random",0.5,0.5,1093,1093,6.12843927461654,0.983049175702035,0.00304713428020478,5,0.967090129030061,100,900,-149,1298
"factor",94,200,"random",0.5,0.5,1094,1094,5.32159534981474,0.951830648467876,-0.0174175801500678,5,0.602787405449848,100,900,-149,1298
"factor",95,200,"random",0.5,0.5,1095,1095,14.8981469969731,1.9694692514604,0.000332772480323911,5,0.450009303875662,100,900,-149,1298
"factor",96,200,"random",0.5,0.5,1096,1096,4.06672027218156,3.98752461746335,0.00653889605775475,5,0.267567976727457,100,900,-149,1298
"factor",97,200,"random",0.5,0.5,1097,1097,14.4736230922863,0.872627560980618,0.00296374099329114,6,0.608881302355049,100,900,-149,1298
"factor",98,200,"random",0.5,0.5,1098,1098,4.62533484352753,1.91235512064304,-0.0154365668864921,9,0.185918866751068,100,900,-149,1298
"factor",99,200,"random",0.5,0.5,1099,1099,10.2632151970174,3.87363879126497,0.026957104629837,6,0.598482538065904,100,900,-149,1298
"factor",100,200,"random",0.5,0.5,1100,1100,4.95866075949743,2.87226980912965,-0.0170318572316319,5,0.293193020135625,100,900,-149,1298
"factor",1,200,"random",0.25,0.35,1101,1101,3.53617170080543,2.39202342054341,0.0274380503688008,7,0.336985589983868,100,900,-149,1298
"factor",2,200,"random",0.25,0.35,1102,1102,11.223904427141,1.88504093303345,-0.0268150209495798,7,0.241897836333834,100,900,-149,1298
"factor",3,200,"random",0.25,0.35,1103,1103,8.71333785052411,3.56394499354064,-0.0128288760362193,7,0.335397642189213,100,900,-149,1298
"factor",4,200,"random",0.25,0.35,1104,1104,2.2741167396307,3.43012618960347,0.00273771172855049,8,1.96033423411996,100,900,-149,1298
"factor",5,200,"random",0.25,0.35,1105,1105,9.81294513051398,1.65011545922607,0.0116623062081635,10,0.407712141099757,100,900,-149,1298
"factor",6,200,"random",0.25,0.35,1106,1106,11.5227469010279,2.01166756765451,-0.0175070660607889,5,1.34361292714082,100,900,-149,1298
"factor",7,200,"random",0.25,0.35,1107,1107,13.1747577893548,3.71810985251796,0.0206893674004823,5,0.284237789704093,100,900,-149,1298
"factor",8,200,"random",0.25,0.35,1108,1108,7.14088761946186,2.19329686113633,0.023977643516846,5,0.467249912382911,100,900,-149,1298
"factor",9,200,"random",0.25,0.35,1109,1109,4.81692972430028,3.17100589780603,-0.00500008293427527,5,0.489122013261844,100,900,-149,1298
"factor",10,200,"random",0.25,0.35,1110,1110,12.6224518255331,0.624095567734912,0.0248741113627329,7,0.221698648892902,100,900,-149,1298
"factor",11,200,"random",0.25,0.35,1111,1111,9.59820691961795,3.1780460429145,0.00591514761094004,10,1.54130485423315,100,900,-149,1298
"factor",12,200,"random",0.25,0.35,1112,1112,2.84900511638261,3.06010828271974,0.0130521304579452,6,0.446210585546347,100,900,-149,1298
"factor",13,200,"random",0.25,0.35,1113,1113,6.78836360224523,1.04792258853558,-0.00290794626809657,10,1.34650777572702,100,900,-149,1298
"factor",14,200,"random",0.25,0.35,1114,1114,2.06003794097342,2.38716219807975,0.0104703902034089,8,0.366703018577514,100,900,-149,1298
"factor",15,200,"random",0.25,0.35,1115,1115,6.18958708201535,2.64424490311649,0.0287930366909131,9,0.290954401253946,100,900,-149,1298
"factor",16,200,"random",0.25,0.35,1116,1116,10.347000726033,2.01357821468264,0.00458367025014013,7,0.374908658103734,100,900,-149,1298
"factor",17,200,"random",0.25,0.35,1117,1117,8.75530715519562,1.52652918244712,0.015893383808434,7,0.47447667222187,100,900,-149,1298
"factor",18,200,"random",0.25,0.35,1118,1118,14.6325269252993,2.90239492070395,-0.00914793720468879,5,0.196961531121982,100,900,-149,1298
"factor",19,200,"random",0.25,0.35,1119,1119,12.6003000563942,0.762456363998353,0.00653248229529708,6,0.689050013385837,100,900,-149,1298
"factor",20,200,"random",0.25,0.35,1120,1120,8.56605135090649,2.10819859604817,-0.0275640131626278,9,1.44997440007451,100,900,-149,1298
"factor",21,200,"random",0.25,0.35,1121,1121,12.8185466625728,3.78262339904904,-0.000871837735176087,10,0.503733088941465,100,900,-149,1298
"factor",22,200,"random",0.25,0.35,1122,1122,14.2694937521592,3.1412191829877,0.0279544321540743,9,0.480653110480476,100,900,-149,1298
"factor",23,200,"random",0.25,0.35,1123,1123,7.27220166171901,1.92753373715095,0.00862604106310755,8,0.406550036633464,100,900,-149,1298
"factor",24,200,"random",0.25,0.35,1124,1124,14.4302643418778,3.29144818417262,-0.00412344072014094,9,0.295977639394663,100,900,-149,1298
"factor",25,200,"random",0.25,0.35,1125,1125,11.7147057452239,1.20722513459623,-0.00365502369124442,7,0.143221389354295,100,900,-149,1298
"factor",26,200,"random",0.25,0.35,1126,1126,10.1426650611684,3.13039843377192,0.0197898273775354,10,0.611583995151885,100,900,-149,1298
"factor",27,200,"random",0.25,0.35,1127,1127,13.5508431920316,1.91123229742516,-0.00160683736670762,8,0.385036256214906,100,900,-149,1298
"factor",28,200,"random",0.25,0.35,1128,1128,9.16853470634669,1.87501164374407,0.0163420522073284,9,0.793288033442143,100,900,-149,1298
"factor",29,200,"random",0.25,0.35,1129,1129,5.02382040047087,3.02499327727128,-0.00441448747180402,6,0.209956840441991,100,900,-149,1298
"factor",30,200,"random",0.25,0.35,1130,1130,3.37656300514936,3.81922511232551,-0.0134240205679089,5,0.770621127101491,100,900,-149,1298
"factor",31,200,"random",0.25,0.35,1131,1131,7.6404604811687,2.52813682239503,-0.0279600172815844,5,0.704455305514922,100,900,-149,1298
"factor",32,200,"random",0.25,0.35,1132,1132,11.5416632043198,3.55867810780182,-0.000929309763014318,6,0.443831691904697,100,900,-149,1298
"factor",33,200,"random",0.25,0.35,1133,1133,12.8641615279485,3.36245732626412,-0.0107323941215873,5,1.87495448532001,100,900,-149,1298
"factor",34,200,"random",0.25,0.35,1134,1134,6.34378941636533,0.506974854739383,-0.0283225286565721,8,0.613264680220926,100,900,-149,1298
"factor",35,200,"random",0.25,0.35,1135,1135,11.0791125360411,2.62279213801958,-0.0286292929993942,7,0.39802244425952,100,900,-149,1298
"factor",36,200,"random",0.25,0.35,1136,1136,6.43183190422133,2.19974543491844,0.00332219799980521,10,0.87477508582961,100,900,-149,1298
"factor",37,200,"random",0.25,0.35,1137,1137,14.9854589216411,2.40306066616904,0.0107294962042943,10,3.97846428541761,100,900,-149,1298
"factor",38,200,"random",0.25,0.35,1138,1138,5.45770097430795,1.68959490093403,-0.0173851757962257,8,0.591649709487495,100,900,-149,1298
"factor",39,200,"random",0.25,0.35,1139,1139,4.50048397528008,0.656719016260467,0.026003991952166,9,0.723954154950485,100,900,-149,1298
"factor",40,200,"random",0.25,0.35,1140,1140,4.4639033190906,3.70385058422107,0.00496012450195849,6,1.27196408535933,100,900,-149,1298
"factor",41,200,"random",0.25,0.35,1141,1141,11.6091705602594,2.79691397375427,-0.00618561588227749,8,0.235328299371025,100,900,-149,1298
"factor",42,200,"random",0.25,0.35,1142,1142,3.40885877725668,1.33780553133693,0.00280457773245871,7,0.817002346004725,100,900,-149,1298
"factor",43,200,"random",0.25,0.35,1143,1143,6.0806767353788,3.26100784039591,-0.0117460041912273,7,0.21666674781808,100,900,-149,1298
"factor",44,200,"random",0.25,0.35,1144,1144,10.1564003694803,0.503797731827945,0.0247569711366668,6,0.357449677536171,100,900,-149,1298
"factor",45,200,"random",0.25,0.35,1145,1145,3.58913063537329,3.50883180228993,-0.0200782617833465,8,2.04134889936519,100,900,-149,1298
"factor",46,200,"random",0.25,0.35,1146,1146,6.31735706119798,2.49457605532371,0.0186720368731767,6,1.18110347213669,100,900,-149,1298
"factor",47,200,"random",0.25,0.35,1147,1147,5.65433465410024,1.16375750093721,0.0256173817534,9,1.36399469408942,100,900,-149,1298
"factor",48,200,"random",0.25,0.35,1148,1148,5.58169296430424,2.20925681316294,0.0128697094134986,9,1.59304918223839,100,900,-149,1298
"factor",49,200,"random",0.25,0.35,1149,1149,3.24382173363119,3.71336885495111,0.00541019313968718,7,0.214277518317722,100,900,-149,1298
"factor",50,200,"random",0.25,0.35,1150,1150,14.5981608745642,1.3731558942236,-0.0163822983764112,10,0.175490660456338,100,900,-149,1298
"factor",51,200,"random",0.25,0.35,1151,1151,2.41937830508687,3.77270494773984,-0.0250258377939463,10,0.166544733317054,100,900,-149,1298
"factor",52,200,"random",0.25,0.35,1152,1152,2.26199287758209,3.02235178556293,0.0236549460003153,9,0.476887642596428,100,900,-149,1298
"factor",53,200,"random",0.25,0.35,1153,1153,3.5969055572059,2.00343854376115,-0.0217130178166553,9,0.354702702068793,100,900,-149,1298
"factor",54,200,"random",0.25,0.35,1154,1154,8.83891376713291,3.47494497860316,0.0211349686793983,6,0.972853606724879,100,900,-149,1298
"factor",55,200,"random",0.25,0.35,1155,1155,12.6903595663607,2.45203732873779,-0.00826204180251807,7,1.10438550205216,100,900,-149,1298
"factor",56,200,"random",0.25,0.35,1156,1156,2.20518491487019,1.30689417850226,-0.0135613026749343,8,1.82017935505485,100,900,-149,1298
"factor",57,200,"random",0.25,0.35,1157,1157,8.30019786767662,0.56292475934606,-0.00180217154324055,5,0.590994022602482,100,900,-149,1298
"factor",58,200,"random",0.25,0.35,1158,1158,2.32605780730955,0.911147587932646,-0.00809611250180751,10,0.377977774461331,100,900,-149,1298
"factor",59,200,"random",0.25,0.35,1159,1159,13.3589993359055,1.38970307738055,-0.0112504951888695,7,1.79377032177198,100,900,-149,1298
"factor",60,200,"random",0.25,0.35,1160,1160,14.0285898984876,2.54536691738758,0.0260846734140068,9,0.243175927836861,100,900,-149,1298
"factor",61,200,"random",0.25,0.35,1161,1161,3.93198135611601,2.92825998726767,0.0186558439722285,7,2.1090828743575,100,900,-149,1298
"factor",62,200,"random",0.25,0.35,1162,1162,5.8929599551484,2.28303510870319,-0.0273550642328337,10,4.1566377274674,100,900,-149,1298
"factor",63,200,"random",0.25,0.35,1163,1163,14.0574251592625,1.27243077370804,-0.0243637241469696,7,0.137748901625485,100,900,-149,1298
"factor",64,200,"random",0.25,0.35,1164,1164,14.0777508700266,1.87258205318358,-0.00145503215957433,5,0.29552192992012,100,900,-149,1298
"factor",65,200,"random",0.25,0.35,1165,1165,3.68238503090106,3.58002326765563,-0.019440107094124,5,2.42335800345848,100,900,-149,1298
"factor",66,200,"random",0.25,0.35,1166,1166,9.02574033872224,0.58471137075685,-0.029399858401157,9,0.365032735307324,100,900,-149,1298
"factor",67,200,"random",0.25,0.35,1167,1167,3.53064779378474,1.94395247788634,-0.00607080794870853,7,0.19285320095817,100,900,-149,1298
"factor",68,200,"random",0.25,0.35,1168,1168,6.98030527238734,3.73662571061868,0.0097274634288624,7,1.07348244702427,100,900,-149,1298
"factor",69,200,"random",0.25,0.35,1169,1169,3.70078749279492,0.945078418240882,0.0222233938565478,7,0.273369315619409,100,900,-149,1298
"factor",70,200,"random",0.25,0.35,1170,1170,8.95307619008236,3.33486614434514,0.0244935712125152,9,0.288246668702571,100,900,-149,1298
"factor",71,200,"random",0.25,0.35,1171,1171,4.98978176456876,2.10054521774873,0.00108790850266814,5,0.102011215437881,100,900,-149,1298
"factor",72,200,"random",0.25,0.35,1172,1172,11.7085930230096,2.95792191533837,0.0288292866479605,8,0.9041696554375,100,900,-149,1298
"factor",73,200,"random",0.25,0.35,1173,1173,6.49401578470133,0.623646700521931,0.00433202818036079,9,5.03178676034425,100,900,-149,1298
"factor",74,200,"random",0.25,0.35,1174,1174,3.28546236734837,1.53610936005134,0.021017272984609,10,0.164100922432801,100,900,-149,1298
"factor",75,200,"random",0.25,0.35,1175,1175,8.88861453789286,3.00453407480381,0.0188030388671905,6,0.20738377905306,100,900,-149,1298
"factor",76,200,"random",0.25,0.35,1176,1176,4.282079951372,1.49190741917118,-0.0103922453708947,6,0.609432316035973,100,900,-149,1298
"factor",77,200,"random",0.25,0.35,1177,1177,3.24286059197038,0.776573646930046,-0.00436739064753056,6,0.215202855675765,100,900,-149,1298
"factor",78,200,"random",0.25,0.35,1178,1178,2.84404468419962,3.09539896098431,-0.00349245980847627,8,0.238215698553931,100,900,-149,1298
"factor",79,200,"random",0.25,0.35,1179,1179,4.21593448217027,3.40304900635965,-0.026341899074614,10,0.195547520801792,100,900,-149,1298
"factor",80,200,"random",0.25,0.35,1180,1180,3.51886302698404,1.31333155708853,-0.0113327855290845,9,0.379882090340904,100,900,-149,1298
"factor",81,200,"random",0.25,0.35,1181,1181,12.5636128538754,3.46987397375051,0.0249622686440125,5,1.24830131326382,100,900,-149,1298
"factor",82,200,"random",0.25,0.35,1182,1182,9.19950191979297,3.35983763739932,0.0130556511087343,6,0.24568052879316,100,900,-149,1298
"factor",83,200,"random",0.25,0.35,1183,1183,8.54398330301046,3.30831699003465,0.0196019396558404,9,2.28988850492359,100,900,-149,1298
"factor",84,200,"random",0.25,0.35,1184,1184,10.6921822964214,2.06805263273418,0.0146233887830749,8,0.137816399146243,100,900,-149,1298
"factor",85,200,"random",0.25,0.35,1185,1185,10.5784547426738,2.1327975501772,-0.0281087334500626,8,0.499296975391152,100,900,-149,1298
"factor",86,200,"random",0.25,0.35,1186,1186,7.66811626218259,3.91597879375331,0.025902581596747,5,0.445453698293604,100,900,-149,1298
"factor",87,200,"random",0.25,0.35,1187,1187,9.35972709860653,3.64540926204063,-0.0221539715537801,5,0.918268249019294,100,900,-149,1298
"factor",88,200,"random",0.25,0.35,1188,1188,10.2368988045491,1.38738301279955,-0.00272943754680455,9,0.63856893117073,100,900,-149,1298
"factor",89,200,"random",0.25,0.35,1189,1189,9.17730010556988,2.63364965096116,0.0264207938499749,10,0.138604499742966,100,900,-149,1298
"factor",90,200,"random",0.25,0.35,1190,1190,5.26083407062106,2.84471018938348,-0.0299433751031756,9,0.159004656286826,100,900,-149,1298
"factor",91,200,"random",0.25,0.35,1191,1191,12.3798865985591,1.67352802818641,0.0218072761176154,9,0.313830182563156,100,900,-149,1298
"factor",92,200,"random",0.25,0.35,1192,1192,5.13872079621069,3.31565632263664,-0.00295467618852854,8,0.292926843408419,100,900,-149,1298
"factor",93,200,"random",0.25,0.35,1193,1193,6.7825599766802,1.02339856431354,0.026802861476317,5,0.433184374703281,100,900,-149,1298
"factor",94,200,"random",0.25,0.35,1194,1194,3.08175114309415,3.4202089223545,0.0210360029619187,5,0.76925473274278,100,900,-149,1298
"factor",95,200,"random",0.25,0.35,1195,1195,4.20251301652752,3.13789819146041,0.0185509742796421,9,0.595929765492619,100,900,-149,1298
"factor",96,200,"random",0.25,0.35,1196,1196,5.17448659287766,3.78806689637713,-0.0202323802560568,9,0.433220514471416,100,900,-149,1298
"factor",97,200,"random",0.25,0.35,1197,1197,4.12756155268289,3.36126138875261,-0.0274543252866715,7,0.421267652760975,100,900,-149,1298
"factor",98,200,"random",0.25,0.35,1198,1198,8.72244689729996,3.29871197324246,-0.00924126557540149,9,0.180392762510306,100,900,-149,1298
"factor",99,200,"random",0.25,0.35,1199,1199,4.94628463801928,2.83561324933544,0.0230704006925225,7,0.748063377607527,100,900,-149,1298
"factor",100,200,"random",0.25,0.35,1200,1200,5.35389989661053,2.19999533926602,0.00623598483391106,10,0.581010521416684,100,900,-149,1298
"factor",1,200,"random",0.5,0.35,1201,1201,4.18494821200147,1.15848303004168,-0.0182412695791572,9,3.29501114093002,100,900,-149,1298
"factor",2,200,"random",0.5,0.35,1202,1202,7.57886818237603,2.43458762357477,-0.00384834555443376,7,0.430116048709576,100,900,-149,1298
"factor",3,200,"random",0.5,0.35,1203,1203,2.94017847301438,3.81056954152882,0.0010322872409597,8,0.387029387003602,100,900,-149,1298
"factor",4,200,"random",0.5,0.35,1204,1204,2.575652473839,1.57818721339572,0.00511640082579106,8,0.435598473379328,100,900,-149,1298
"factor",5,200,"random",0.5,0.35,1205,1205,3.83975223102607,2.31020495749544,0.011045087557286,6,0.37228839882856,100,900,-149,1298
"factor",6,200,"random",0.5,0.35,1206,1206,14.4983622140717,0.804968193755485,-0.014057047739625,8,2.09045968332408,100,900,-149,1298
"factor",7,200,"random",0.5,0.35,1207,1207,4.50432535773143,1.84785654151347,0.0108144189091399,6,0.134691239360829,100,900,-149,1298
"factor",8,200,"random",0.5,0.35,1208,1208,11.2863606770989,3.92272816691548,-0.0187090680235997,8,0.163273852761242,100,900,-149,1298
"factor",9,200,"random",0.5,0.35,1209,1209,14.0469224927947,3.32134051178582,0.00406250041443854,5,0.22692631168595,100,900,-149,1298
"factor",10,200,"random",0.5,0.35,1210,1210,11.9674333326984,2.63362944452092,0.0183363684313372,10,3.78239252801896,100,900,-149,1298
"factor",11,200,"random",0.5,0.35,1211,1211,4.01954669645056,2.56135547999293,0.00447270544711501,7,0.717052927623851,100,900,-149,1298
"factor",12,200,"random",0.5,0.35,1212,1212,8.90359159326181,2.719703976647,0.009496552166529,5,0.607560013749967,100,900,-149,1298
"factor",13,200,"random",0.5,0.35,1213,1213,8.13344920892268,1.49064373190049,0.0287250626273453,10,0.23440611115007,100,900,-149,1298
"factor",14,200,"random",0.5,0.35,1214,1214,7.27124341670424,1.41801779263187,0.00295213676523418,9,0.268958909645448,100,900,-149,1298
"factor",15,200,"random",0.5,0.35,1215,1215,8.36637299344875,2.70158033340704,-0.0121647059870884,6,1.09636619563224,100,900,-149,1298
"factor",16,200,"random",0.5,0.35,1216,1216,14.0513834729791,3.94226257759146,-0.0111237897584215,5,0.748595166137201,100,900,-149,1298
"factor",17,200,"random",0.5,0.35,1217,1217,4.0730181648396,1.40375991945621,-0.0217671231972054,8,0.112557253234198,100,900,-149,1298
"factor",18,200,"random",0.5,0.35,1218,1218,6.57227576919831,1.54401907313149,-0.0194444205891341,10,0.350315934297267,100,900,-149,1298
"factor",19,200,"random",0.5,0.35,1219,1219,8.54243426024914,2.57199896650854,-0.0297840595711023,7,0.345932784065207,100,900,-149,1298
"factor",20,200,"random",0.5,0.35,1220,1220,5.52251606574282,1.60134782199748,0.00663117043208331,10,1.45150677143022,100,900,-149,1298
"factor",21,200,"random",0.5,0.35,1221,1221,3.23848855425604,0.868044305825606,0.0294247739436105,5,0.389758546964739,100,900,-149,1298
"factor",22,200,"random",0.5,0.35,1222,1222,10.5714957730379,2.75729379267432,-0.0212029454810545,6,0.882616110231518,100,900,-149,1298
"factor",23,200,"random",0.5,0.35,1223,1223,2.01582286693156,3.29441089194734,0.0135874399216846,8,0.393232321629677,100,900,-149,1298
"factor",24,200,"random",0.5,0.35,1224,1224,9.90154355647974,3.01271260215435,0.0254730314668268,10,1.19676111762141,100,900,-149,1298
"factor",25,200,"random",0.5,0.35,1225,1225,6.34951909119263,3.56016950053163,0.00543020067270845,10,0.713369575108528,100,900,-149,1298
"factor",26,200,"random",0.5,0.35,1226,1226,11.6386463006493,1.08434746123385,0.00781971934251487,9,0.302150543733819,100,900,-149,1298
"factor",27,200,"random",0.5,0.35,1227,1227,2.09978333278559,1.23300839017611,-0.0260606832476333,8,0.243838630371392,100,900,-149,1298
"factor",28,200,"random",0.5,0.35,1228,1228,10.1058320789598,3.21266164141707,0.0153890417888761,8,0.589790303445993,100,900,-149,1298
"factor",29,200,"random",0.5,0.35,1229,1229,5.4775520619005,1.70325749495532,-0.0135025986889377,7,0.378697218061847,100,900,-149,1298
"factor",30,200,"random",0.5,0.35,1230,1230,4.19772622268647,0.847919221851043,-0.0130550264753401,5,1.20209722024307,100,900,-149,1298
"factor",31,200,"random",0.5,0.35,1231,1231,6.27744435705245,1.08272642327938,-0.0285661279549822,7,0.792414414321015,100,900,-149,1298
"factor",32,200,"random",0.5,0.35,1232,1232,7.00259867752902,2.1741579453228,0.0223418147535995,5,0.821876966584083,100,900,-149,1298
"factor",33,200,"random",0.5,0.35,1233,1233,11.0731936772354,0.948927648132667,-0.00536966945976019,10,2.34284423327981,100,900,-149,1298
"factor",34,200,"random",0.5,0.35,1234,1234,11.8847384620458,1.84524458937813,-0.00172253561206162,7,0.13054437602621,100,900,-149,1298
"factor",35,200,"random",0.5,0.35,1235,1235,11.367998132715,0.947610445087776,-0.020383942136541,5,0.193051947109434,100,900,-149,1298
"factor",36,200,"random",0.5,0.35,1236,1236,5.91293079196475,3.46429415629245,-0.00285079009830952,7,0.833052148758322,100,900,-149,1298
"factor",37,200,"random",0.5,0.35,1237,1237,9.7587916336488,2.09201058896724,0.0132130643539131,10,2.92503347323407,100,900,-149,1298
"factor",38,200,"random",0.5,0.35,1238,1238,6.46492875786498,2.77906582702417,-0.0164543746551499,9,0.684310010805475,100,900,-149,1298
"factor",39,200,"random",0.5,0.35,1239,1239,4.20470635872334,0.630953647894785,0.0240872819116339,10,0.249090933713215,100,900,-149,1298
"factor",40,200,"random",0.5,0.35,1240,1240,13.6783379414119,0.68291204306297,-0.029551094812341,9,0.184878584359019,100,900,-149,1298
"factor",41,200,"random",0.5,0.35,1241,1241,12.1300176889636,3.39222167350817,0.0087932634819299,6,0.574445914239559,100,900,-149,1298
"factor",42,200,"random",0.5,0.35,1242,1242,4.99624795326963,2.05267514544539,0.0224351007957011,10,5.53719300154467,100,900,-149,1298
"factor",43,200,"random",0.5,0.35,1243,1243,6.51760910288431,2.394488515798,-0.0110555877769366,10,0.300298026542047,100,900,-149,1298
"factor",44,200,"random",0.5,0.35,1244,1244,14.2198073647451,0.94856970012188,0.000389502765610814,5,2.60540896627518,100,900,-149,1298
"factor",45,200,"random",0.5,0.35,1245,1245,7.47250998672098,2.78072365559638,0.0218704178743064,8,0.135440355853592,100,900,-149,1298
"factor",46,200,"random",0.5,0.35,1246,1246,2.99778912146576,2.75831748731434,0.00411348522640765,5,0.617641205322948,100,900,-149,1298
"factor",47,200,"random",0.5,0.35,1247,1247,8.07529971166514,1.88452420849353,0.0236686724703759,6,0.482739053407337,100,900,-149,1298
"factor",48,200,"random",0.5,0.35,1248,1248,3.11846529622562,2.6122322838055,-0.023596576298587,6,0.2967720831135,100,900,-149,1298
"factor",49,200,"random",0.5,0.35,1249,1249,2.89270164235495,3.71226575656328,0.0127333823125809,9,0.216631693644498,100,900,-149,1298
"factor",50,200,"random",0.5,0.35,1250,1250,10.6857795827091,3.70998049748596,0.0160016641812399,5,2.37517072099183,100,900,-149,1298
"factor",51,200,"random",0.5,0.35,1251,1251,5.65273692226037,2.06253179011401,0.0112057188246399,8,0.129085518479307,100,900,-149,1298
"factor",52,200,"random",0.5,0.35,1252,1252,10.3493446060456,2.39975078182761,0.00596501380205154,10,0.941065165397247,100,900,-149,1298
"factor",53,200,"random",0.5,0.35,1253,1253,2.67040576715954,3.42456146911718,-0.0193940182775259,8,4.65132724630984,100,900,-149,1298
"factor",54,200,"random",0.5,0.35,1254,1254,11.6976659903303,3.8140206875978,0.0100174388615415,6,0.999474225524868,100,900,-149,1298
"factor",55,200,"random",0.5,0.35,1255,1255,3.43198606232181,2.39324949414004,-0.0157898771669716,9,6.06394817492166,100,900,-149,1298
"factor",56,200,"random",0.5,0.35,1256,1256,10.6621320545673,1.18244029115885,-0.0281840384239331,10,0.458973688862152,100,900,-149,1298
"factor",57,200,"random",0.5,0.35,1257,1257,6.59740271465853,1.06692739669234,-0.00268096365965903,8,2.45154908174991,100,900,-149,1298
"factor",58,200,"random",0.5,0.35,1258,1258,14.2179862975609,3.84602098877076,0.00148470461368561,9,0.569763110991816,100,900,-149,1298
"factor",59,200,"random",0.5,0.35,1259,1259,5.64180510421284,3.58732625946868,0.0216831014072522,10,0.847731524998512,100,900,-149,1298
"factor",60,200,"random",0.5,0.35,1260,1260,7.51009129034355,3.46001394151244,-0.0148844903195277,9,0.280383630921226,100,900,-149,1298
"factor",61,200,"random",0.5,0.35,1261,1261,6.97631061589345,0.545819661347196,0.0275972972949967,5,0.248584398144664,100,900,-149,1298
"factor",62,200,"random",0.5,0.35,1262,1262,12.7379092248157,2.65202153287828,0.0242348041059449,10,0.39332077600884,100,900,-149,1298
"factor",63,200,"random",0.5,0.35,1263,1263,13.5880419234745,1.88468535803258,-0.0234650379186496,7,0.156953308435912,100,900,-149,1298
"factor",64,200,"random",0.5,0.35,1264,1264,9.59287130367011,2.40750601538457,0.00765907952561975,5,3.31323138764002,100,900,-149,1298
"factor",65,200,"random",0.5,0.35,1265,1265,3.70117696304806,3.98486451653298,0.0249056196631864,5,0.968114486184717,100,900,-149,1298
"factor",66,200,"random",0.5,0.35,1266,1266,8.52984883869067,3.48652108979877,0.0260091149155051,5,0.277747065612127,100,900,-149,1298
"factor",67,200,"random",0.5,0.35,1267,1267,9.38470276468433,2.53864011797123,-0.019564606086351,8,0.806969774564081,100,900,-149,1298
"factor",68,200,"random",0.5,0.35,1268,1268,14.0247734962031,3.36107556463685,0.0182849242351949,6,1.90530506318026,100,900,-149,1298
"factor",69,200,"random",0.5,0.35,1269,1269,12.2377473632805,1.73729607963469,-0.0253061598865315,8,0.887437688933572,100,900,-149,1298
"factor",70,200,"random",0.5,0.35,1270,1270,10.1619740007445,2.36783999414183,0.0222475884156302,9,1.17530092036513,100,900,-149,1298
"factor",71,200,"random",0.5,0.35,1271,1271,4.9355138365645,2.4651373596862,-0.0172891008295119,7,1.76424608629108,100,900,-149,1298
"factor",72,200,"random",0.5,0.35,1272,1272,2.34696494182572,1.03947473922744,0.0110568824736401,10,1.12051396603638,100,900,-149,1298
"factor",73,200,"random",0.5,0.35,1273,1273,11.3966095617507,3.85561386914924,0.00643959903158248,8,0.367746888070423,100,900,-149,1298
"factor",74,200,"random",0.5,0.35,1274,1274,12.6232972738799,3.6388425413752,-0.00957279059104621,9,1.72559528507923,100,900,-149,1298
"factor",75,200,"random",0.5,0.35,1275,1275,10.7243991175201,3.16125315462705,0.0205383904650807,7,0.17292304637392,100,900,-149,1298
"factor",76,200,"random",0.5,0.35,1276,1276,8.05931574036367,1.72721471043769,0.00399777859915048,6,0.109780037362301,100,900,-149,1298
"factor",77,200,"random",0.5,0.35,1277,1277,3.06834242935292,1.7854681443423,-0.00146125073544681,7,0.154111711823814,100,900,-149,1298
"factor",78,200,"random",0.5,0.35,1278,1278,14.4203235157765,3.43755098478869,-0.0203818228980526,8,1.38156156100311,100,900,-149,1298
"factor",79,200,"random",0.5,0.35,1279,1279,14.7913406717125,2.4337416960625,-0.0275985661894083,7,0.591092176191059,100,900,-149,1298
"factor",80,200,"random",0.5,0.35,1280,1280,10.0662415472325,0.665800385875627,-0.00824144140351564,9,0.377513841720905,100,900,-149,1298
"factor",81,200,"random",0.5,0.35,1281,1281,11.5416320343502,3.31314516474959,-0.00334828674327582,5,0.528398791737391,100,900,-149,1298
"factor",82,200,"random",0.5,0.35,1282,1282,11.517481854884,1.82493141666055,-0.0163441157201305,6,0.920566350997888,100,900,-149,1298
"factor",83,200,"random",0.5,0.35,1283,1283,12.732160220854,3.078152073198,0.0204212684836239,7,0.326790358506221,100,900,-149,1298
"factor",84,200,"random",0.5,0.35,1284,1284,8.73347721644677,0.742082882439718,-0.00572729474399239,6,0.123956118673693,100,900,-149,1298
"factor",85,200,"random",0.5,0.35,1285,1285,13.2152379122563,1.61066610552371,-0.0269427452981472,7,0.291331731482989,100,900,-149,1298
"factor",86,200,"random",0.5,0.35,1286,1286,2.0528181430418,1.44199791678693,0.00669010851066559,9,1.17333040110007,100,900,-149,1298
"factor",87,200,"random",0.5,0.35,1287,1287,11.4958411878906,2.98460031312425,-0.0272257642680779,5,1.10315851580169,100,900,-149,1298
"factor",88,200,"random",0.5,0.35,1288,1288,3.24820079351775,1.85467676760163,-0.0136234899004921,9,0.376899909768897,100,900,-149,1298
"factor",89,200,"random",0.5,0.35,1289,1289,14.3214285967406,1.17339206056204,-0.0136460645869374,6,3.18441547631366,100,900,-149,1298
"factor",90,200,"random",0.5,0.35,1290,1290,10.5289280884899,0.583372092689388,-0.0202770682331175,6,5.86023748956489,100,900,-149,1298
"factor",91,200,"random",0.5,0.35,1291,1291,13.088653487619,3.85892350820359,0.00476596369408071,8,0.202567767546592,100,900,-149,1298
"factor",92,200,"random",0.5,0.35,1292,1292,5.14518687292002,1.71966323954985,0.00331139881163835,7,0.699480391453588,100,900,-149,1298
"factor",93,200,"random",0.5,0.35,1293,1293,4.07255916902795,2.09221021353733,-0.027178713097237,7,0.846840277599913,100,900,-149,1298
"factor",94,200,"random",0.5,0.35,1294,1294,11.9286519549787,1.11535115283914,-0.00416617755778134,9,0.442466753420898,100,900,-149,1298
"factor",95,200,"random",0.5,0.35,1295,1295,3.43505926453508,2.6390542112058,-0.0228677330631763,5,0.24962942854908,100,900,-149,1298
"factor",96,200,"random",0.5,0.35,1296,1296,6.60022307327017,2.18363398266956,0.0155738007696345,5,0.547044899796513,100,900,-149,1298
"factor",97,200,"random",0.5,0.35,1297,1297,4.12197269662283,2.65476334537379,0.000165600604377689,9,0.638486201017377,100,900,-149,1298
"factor",98,200,"random",0.5,0.35,1298,1298,12.278888381552,3.2586440674495,-0.0232401706650853,9,2.30535490471188,100,900,-149,1298
"factor",99,200,"random",0.5,0.35,1299,1299,4.31092774006538,0.581095627276227,-0.0248898354358971,9,0.293309647624827,100,900,-149,1298
"factor",100,200,"random",0.5,0.35,1300,1300,3.88814200158231,2.13807367207482,0.0168611766211689,8,1.60444410107141,100,900,-149,1298
"factor",1,200,"random",0.25,0.2,1301,1301,12.0486199315637,2.61905902181752,0.0085772901121527,10,0.80005575023737,100,900,-149,1298
"factor",2,200,"random",0.25,0.2,1302,1302,7.92873961338773,2.14567569002975,-0.0120125063415617,9,1.65359015036381,100,900,-149,1298
"factor",3,200,"random",0.25,0.2,1303,1303,6.18908557784744,3.61035890318453,0.0166456028167158,9,0.563075240087051,100,900,-149,1298
"factor",4,200,"random",0.25,0.2,1304,1304,4.16237918962725,1.00895173370373,0.00238989839795977,8,2.69880387944702,100,900,-149,1298
"factor",5,200,"random",0.25,0.2,1305,1305,6.39655666681938,1.7511292459676,0.00441930402070284,6,0.66845951334096,100,900,-149,1298
"factor",6,200,"random",0.25,0.2,1306,1306,2.1284838526044,3.64190191996749,-0.00207778869196773,7,0.469698697624634,100,900,-149,1298
"factor",7,200,"random",0.25,0.2,1307,1307,6.05963651556522,2.50665792892687,0.0228077990049496,9,0.29851758046848,100,900,-149,1298
"factor",8,200,"random",0.25,0.2,1308,1308,4.5136970882304,2.48027538729366,0.00114903003908694,6,0.563544159803539,100,900,-149,1298
"factor",9,200,"random",0.25,0.2,1309,1309,7.37248645932414,2.95519225229509,0.0202175906253979,5,0.776155535241879,100,900,-149,1298
"factor",10,200,"random",0.25,0.2,1310,1310,5.22766636870801,3.04029227595311,-0.00225945926271379,8,0.78491778477908,100,900,-149,1298
"factor",11,200,"random",0.25,0.2,1311,1311,13.7380962274037,0.647124653565697,0.000205099638551472,10,0.669448692999634,100,900,-149,1298
"factor",12,200,"random",0.25,0.2,1312,1312,3.37531521054916,0.749840126372874,0.0161616381537169,6,1.62170211616213,100,900,-149,1298
"factor",13,200,"random",0.25,0.2,1313,1313,10.0428833477199,2.62164755759295,-0.0100774115044624,5,0.51250447665367,100,900,-149,1298
"factor",14,200,"random",0.25,0.2,1314,1314,4.71671636216342,2.23996792046819,-0.00496908664237708,7,1.90622197750272,100,900,-149,1298
"factor",15,200,"random",0.25,0.2,1315,1315,14.0131508780178,1.06168620823883,-0.00419545768294484,5,0.631542427076378,100,900,-149,1298
"factor",16,200,"random",0.25,0.2,1316,1316,4.47713093948551,2.32346697326284,0.000218065311200916,7,0.23216603610202,100,900,-149,1298
"factor",17,200,"random",0.25,0.2,1317,1317,13.1834622954484,3.73082344629802,-0.0162731614150107,5,0.328426417111535,100,900,-149,1298
"factor",18,200,"random",0.25,0.2,1318,1318,12.0819110057782,0.794447675929405,-0.010121147017926,5,0.619975172124843,100,900,-149,1298
"factor",19,200,"random",0.25,0.2,1319,1319,14.5441221750807,2.81789782573469,0.0276388175692409,7,0.207334911626149,100,900,-149,1298
"factor",20,200,"random",0.25,0.2,1320,1320,4.47515658615157,1.93051634333096,-0.00974355951882899,8,0.32945664993049,100,900,-149,1298
"factor",21,200,"random",0.25,0.2,1321,1321,3.11122313025407,3.43044759065378,-0.0151821307791397,7,0.198505997066541,100,900,-149,1298
"factor",22,200,"random",0.25,0.2,1322,1322,14.6079788883217,0.951417768374085,0.0272470338921994,9,0.568054335267235,100,900,-149,1298
"factor",23,200,"random",0.25,0.2,1323,1323,4.20040668267757,2.95171997405123,-0.00693206840660423,7,0.28780165053479,100,900,-149,1298
"factor",24,200,"random",0.25,0.2,1324,1324,3.32333605969325,1.9644284772221,0.028649521660991,8,0.337608918918768,100,900,-149,1298
"factor",25,200,"random",0.25,0.2,1325,1325,2.39553348720074,2.42656629346311,0.0277981291059405,10,0.11634436702122,100,900,-149,1298
"factor",26,200,"random",0.25,0.2,1326,1326,5.64961401699111,3.4387784168357,0.00235851162113249,9,0.24709226797679,100,900,-149,1298
"factor",27,200,"random",0.25,0.2,1327,1327,12.481762959389,1.78223590191919,0.00840168402995914,7,0.896070758423708,100,900,-149,1298
"factor",28,200,"random",0.25,0.2,1328,1328,14.2751723255496,0.645989805576392,0.027949904599227,8,1.29419035931952,100,900,-149,1298
"factor",29,200,"random",0.25,0.2,1329,1329,14.4812105856836,1.72481348924339,0.0175673856586218,7,0.491589943969809,100,900,-149,1298
"factor",30,200,"random",0.25,0.2,1330,1330,10.3454982868861,3.45285883010365,0.0113979061273858,10,1.43958917161934,100,900,-149,1298
"factor",31,200,"random",0.25,0.2,1331,1331,12.1365623413585,3.82629705755971,-0.00430663945153355,5,0.540414554885349,100,900,-149,1298
"factor",32,200,"random",0.25,0.2,1332,1332,5.99756665760651,1.13218014640734,0.00351505103521049,9,1.34516730834595,100,900,-149,1298
"factor",33,200,"random",0.25,0.2,1333,1333,6.08663974609226,3.32960327691399,0.0190195313701406,5,0.294926612968424,100,900,-149,1298
"factor",34,200,"random",0.25,0.2,1334,1334,14.4427639839705,0.575066797551699,-0.0277655042242259,6,1.60122609545183,100,900,-149,1298
"factor",35,200,"random",0.25,0.2,1335,1335,8.93505305866711,3.90493845881429,0.0200530815962702,8,0.449805159531442,100,900,-149,1298
"factor",36,200,"random",0.25,0.2,1336,1336,10.3796667845454,0.880909614963457,-0.0197928829025477,9,0.597679814716582,100,900,-149,1298
"factor",37,200,"random",0.25,0.2,1337,1337,9.6959276497364,2.9639610365266,0.0223941086512059,6,0.724018292970174,100,900,-149,1298
"factor",38,200,"random",0.25,0.2,1338,1338,11.0577354456764,1.62265127734281,-0.021992698428221,7,0.25342937848619,100,900,-149,1298
"factor",39,200,"random",0.25,0.2,1339,1339,8.73296627169475,1.61263376346324,-0.010012210230343,10,0.151303988746666,100,900,-149,1298
"factor",40,200,"random",0.25,0.2,1340,1340,14.9761136362795,2.17772984923795,0.0260792381409556,9,0.453534665673183,100,900,-149,1298
"factor",41,200,"random",0.25,0.2,1341,1341,7.15680959890597,1.21284036140423,0.00913855257444084,9,0.606774596661948,100,900,-149,1298
"factor",42,200,"random",0.25,0.2,1342,1342,12.1980594231281,2.50204235780984,0.0205296613555402,7,0.71500874338755,100,900,-149,1298
"factor",43,200,"random",0.25,0.2,1343,1343,7.51149617275223,1.7810394836124,0.022195182829164,6,0.201668900375887,100,900,-149,1298
"factor",44,200,"random",0.25,0.2,1344,1344,4.03473721072078,2.08155990869273,0.0243708375608548,7,0.488154607579301,100,900,-149,1298
"factor",45,200,"random",0.25,0.2,1345,1345,11.4098385986872,1.54394565243274,-0.00599120212253183,6,0.627450097689287,100,900,-149,1298
"factor",46,200,"random",0.25,0.2,1346,1346,6.7473719837144,3.95167698105797,-0.0161900303419679,9,0.392505483604078,100,900,-149,1298
"factor",47,200,"random",0.25,0.2,1347,1347,7.19015646306798,2.90557395212818,0.00246359155979008,6,0.113431731021732,100,900,-149,1298
"factor",48,200,"random",0.25,0.2,1348,1348,10.4658463506494,1.86055512633175,0.0193412922648713,8,3.24592409725217,100,900,-149,1298
"factor",49,200,"random",0.25,0.2,1349,1349,7.49340628529899,2.51036417519208,-0.00494763581547886,10,0.875279504903317,100,900,-149,1298
"factor",50,200,"random",0.25,0.2,1350,1350,7.08542874013074,1.4655753854895,-0.0274328729929402,10,0.430537905417657,100,900,-149,1298
"factor",51,200,"random",0.25,0.2,1351,1351,10.5259676435962,1.9584182909457,-0.0109199474612251,7,0.292387709724011,100,900,-149,1298
"factor",52,200,"random",0.25,0.2,1352,1352,2.24444619147107,1.77429868490435,0.0180618712026626,8,0.275623102899541,100,900,-149,1298
"factor",53,200,"random",0.25,0.2,1353,1353,12.2403958451468,2.59465648396872,-0.0278808678640053,10,0.986662548033713,100,900,-149,1298
"factor",54,200,"random",0.25,0.2,1354,1354,10.440865844721,1.5232180072926,-0.00304932297673076,8,0.342017185273708,100,900,-149,1298
"factor",55,200,"random",0.25,0.2,1355,1355,10.3067649323493,2.19758574082516,-0.0274007896240801,6,0.183883676686195,100,900,-149,1298
"factor",56,200,"random",0.25,0.2,1356,1356,2.49404836446047,3.8199154707836,0.0155320423655212,7,1.43070785097448,100,900,-149,1298
"factor",57,200,"random",0.25,0.2,1357,1357,11.7473080109339,2.15908514289185,-0.0254039051569998,9,1.78252225506046,100,900,-149,1298
"factor",58,200,"random",0.25,0.2,1358,1358,9.14749480434693,1.05808295647148,0.0277898164233193,10,0.198490037069132,100,900,-149,1298
"factor",59,200,"random",0.25,0.2,1359,1359,13.0592563441023,3.75550361000933,0.00168109721504152,8,0.619427238796597,100,900,-149,1298
"factor",60,200,"random",0.25,0.2,1360,1360,3.13116067531519,1.5683182758512,-0.00208456113003194,7,0.912671702290126,100,900,-149,1298
"factor",61,200,"random",0.25,0.2,1361,1361,11.511039160192,2.02618815063033,-0.0011873795511201,8,0.324666518555998,100,900,-149,1298
"factor",62,200,"random",0.25,0.2,1362,1362,12.1620398536325,2.39979149622377,-0.025728810466826,5,0.242353008441074,100,900,-149,1298
"factor",63,200,"random",0.25,0.2,1363,1363,14.8135128142312,3.20132286217995,0.00223044712096453,6,0.44026497600427,100,900,-149,1298
"factor",64,200,"random",0.25,0.2,1364,1364,14.518990868004,3.77573768049479,-0.0112027251999825,8,0.428352944296843,100,900,-149,1298
"factor",65,200,"random",0.25,0.2,1365,1365,5.57816239167005,3.36539383477066,-0.00122497280593961,6,0.175823746105853,100,900,-149,1298
"factor",66,200,"random",0.25,0.2,1366,1366,6.71187606849708,3.05278836202342,-0.0165169591968879,5,1.54357917452371,100,900,-149,1298
"factor",67,200,"random",0.25,0.2,1367,1367,10.4343037398066,3.81631992396433,-0.0127601943165064,6,0.255908034759369,100,900,-149,1298
"factor",68,200,"random",0.25,0.2,1368,1368,9.38697915920056,1.67464131454471,-0.00713613261468709,5,0.610740392419017,100,900,-149,1298
"factor",69,200,"random",0.25,0.2,1369,1369,12.4434266481549,0.911684538470581,0.0225481814844534,7,0.933881553190506,100,900,-149,1298
"factor",70,200,"random",0.25,0.2,1370,1370,13.0215957928449,0.765378375304863,-0.0211696088640019,9,0.156001981302373,100,900,-149,1298
"factor",71,200,"random",0.25,0.2,1371,1371,13.7481378428638,2.20307080249768,-0.00698977444320917,6,1.19411242809977,100,900,-149,1298
"factor",72,200,"random",0.25,0.2,1372,1372,9.53907331638038,3.98802383290604,0.00572178432717919,10,0.567841446676763,100,900,-149,1298
"factor",73,200,"random",0.25,0.2,1373,1373,10.8459107764065,1.84611816587858,0.0115968515491113,9,0.182013601388475,100,900,-149,1298
"factor",74,200,"random",0.25,0.2,1374,1374,12.8385454094969,0.62759807985276,-0.0277321065869182,8,0.926265235239997,100,900,-149,1298
"factor",75,200,"random",0.25,0.2,1375,1375,3.18306063604541,3.77683922729921,0.0127000464778394,7,1.66759379843717,100,900,-149,1298
"factor",76,200,"random",0.25,0.2,1376,1376,7.17738260817714,1.33575328928418,0.0270227126777172,8,0.286645885318202,100,900,-149,1298
"factor",77,200,"random",0.25,0.2,1377,1377,13.4350467761979,3.65042290149722,0.010150036518462,6,0.549568487014151,100,900,-149,1298
"factor",78,200,"random",0.25,0.2,1378,1378,3.33673951588571,2.12975357170217,-0.00981088870670646,8,0.32280066010518,100,900,-149,1298
"factor",79,200,"random",0.25,0.2,1379,1379,6.22131577739492,2.78211097244639,0.000826730257831514,9,1.49453144236262,100,900,-149,1298
"factor",80,200,"random",0.25,0.2,1380,1380,10.8333669551648,1.9431467448594,0.0186845436226577,6,0.334689305362299,100,900,-149,1298
"factor",81,200,"random",0.25,0.2,1381,1381,11.5132595105097,3.8401209396543,-0.0209648680966347,10,1.21695440940703,100,900,-149,1298
"factor",82,200,"random",0.25,0.2,1382,1382,5.85129990451969,3.21081995265558,-0.0127722270553932,8,0.12075778293976,100,900,-149,1298
"factor",83,200,"random",0.25,0.2,1383,1383,4.38370745489374,3.45785606221762,-0.0280998846609145,9,3.52954201930849,100,900,-149,1298
"factor",84,200,"random",0.25,0.2,1384,1384,5.45156755181961,1.15879535791464,-0.0208068037172779,5,0.225375621855816,100,900,-149,1298
"factor",85,200,"random",0.25,0.2,1385,1385,14.2058039517142,3.24422252015211,0.00609379565343261,5,0.253643503609183,100,900,-149,1298
"factor",86,200,"random",0.25,0.2,1386,1386,4.62820868869312,1.39091708546039,0.00548782877158373,5,2.21084339815914,100,900,-149,1298
"factor",87,200,"random",0.25,0.2,1387,1387,2.55681563611142,2.55542606243398,-0.027703271121718,5,0.328709869784213,100,900,-149,1298
"factor",88,200,"random",0.25,0.2,1388,1388,3.93537604669109,0.765860309824347,0.0200076984381303,10,0.850803382167086,100,900,-149,1298
"factor",89,200,"random",0.25,0.2,1389,1389,10.5972967289854,3.57091543963179,0.0159831391833723,6,1.1986635768335,100,900,-149,1298
"factor",90,200,"random",0.25,0.2,1390,1390,4.26641221391037,3.92556151060853,-0.0226647085044533,8,2.7642338943624,100,900,-149,1298
"factor",91,200,"random",0.25,0.2,1391,1391,11.6254655472003,2.75343679916114,0.0144786778511479,5,1.02065294510112,100,900,-149,1298
"factor",92,200,"random",0.25,0.2,1392,1392,14.9876260154415,2.0436200411059,-0.0280328872147948,9,0.410565324670363,100,900,-149,1298
"factor",93,200,"random",0.25,0.2,1393,1393,8.56751470803283,2.74321767152287,-0.014578428324312,9,0.255524860812145,100,900,-149,1298
"factor",94,200,"random",0.25,0.2,1394,1394,3.55040342523716,0.621182326460257,-0.0230006416328251,9,0.215653928833762,100,900,-149,1298
"factor",95,200,"random",0.25,0.2,1395,1395,9.6112086228095,2.22141913766973,-0.0108902276493609,8,2.7970174940903,100,900,-149,1298
"factor",96,200,"random",0.25,0.2,1396,1396,4.55466582416557,3.71983911667485,-0.0245676310546696,10,1.13254385118003,100,900,-149,1298
"factor",97,200,"random",0.25,0.2,1397,1397,13.1708537945524,0.869234047597274,0.0169866499956697,9,0.465362643757926,100,900,-149,1298
"factor",98,200,"random",0.25,0.2,1398,1398,10.5434981000144,1.41316966409795,-0.0122110588336363,10,0.157607762553251,100,900,-149,1298
"factor",99,200,"random",0.25,0.2,1399,1399,13.6659566804301,3.51567215414252,0.00872247715014964,6,0.833198520428197,100,900,-149,1298
"factor",100,200,"random",0.25,0.2,1400,1400,9.7495024681557,3.08410189766437,0.0279767832672223,5,0.457306086944568,100,900,-149,1298
"factor",1,200,"random",0.5,0.2,1401,1401,2.1492431582883,1.60404090955853,-0.0043518427060917,6,1.28535522959205,100,900,-149,1298
"factor",2,200,"random",0.5,0.2,1402,1402,10.157200603513,3.64497812557966,0.0290894002234563,6,0.234279135678128,100,900,-149,1298
"factor",3,200,"random",0.5,0.2,1403,1403,12.8327504617628,0.946603389224038,0.0282362708682194,6,0.651125717185528,100,900,-149,1298
"factor",4,200,"random",0.5,0.2,1404,1404,5.8122885779012,1.16021638584789,0.027338047013618,10,0.281604818386786,100,900,-149,1298
"factor",5,200,"random",0.5,0.2,1405,1405,14.2551133211236,1.43107856460847,0.0103094102628529,5,1.24126580886442,100,900,-149,1298
"factor",6,200,"random",0.5,0.2,1406,1406,3.40052642510273,0.656017537578009,-0.0125252760434523,6,0.190310174693435,100,900,-149,1298
"factor",7,200,"random",0.5,0.2,1407,1407,3.74774159537628,3.8026297428878,0.0121112977713346,7,0.381267812403265,100,900,-149,1298
"factor",8,200,"random",0.5,0.2,1408,1408,7.2199948260095,1.73879892670084,0.015703493244946,5,0.130330327897708,100,900,-149,1298
"factor",9,200,"random",0.5,0.2,1409,1409,3.14575226488523,3.20817635767162,-0.027994101033546,9,0.867302634409454,100,900,-149,1298
"factor",10,200,"random",0.5,0.2,1410,1410,4.02902121096849,2.5524268085137,0.026658700578846,10,1.22310854802554,100,900,-149,1298
"factor",11,200,"random",0.5,0.2,1411,1411,8.41730901272967,1.21086215693504,-0.00845633164979517,10,1.01116788943459,100,900,-149,1298
"factor",12,200,"random",0.5,0.2,1412,1412,3.04544887971133,2.27716267760843,0.00500852589961141,9,0.462521819659649,100,900,-149,1298
"factor",13,200,"random",0.5,0.2,1413,1413,7.06163126137108,0.603423104854301,-0.00243219887372106,5,0.149634612142335,100,900,-149,1298
"factor",14,200,"random",0.5,0.2,1414,1414,7.55023725773208,0.642190698185004,-0.00901190225500613,9,0.342591759239295,100,900,-149,1298
"factor",15,200,"random",0.5,0.2,1415,1415,3.09479403495789,0.675587358418852,-0.0265856721298769,9,0.457709985463608,100,900,-149,1298
"factor",16,200,"random",0.5,0.2,1416,1416,9.46882186201401,1.53650488099083,0.0260736380238086,8,0.33827841430482,100,900,-149,1298
"factor",17,200,"random",0.5,0.2,1417,1417,6.42231962131336,2.28753027156927,0.0202513008797541,8,0.444958560937033,100,900,-149,1298
"factor",18,200,"random",0.5,0.2,1418,1418,2.33502467325889,2.99412374710664,-0.0202897580573335,7,0.411275772299119,100,900,-149,1298
"factor",19,200,"random",0.5,0.2,1419,1419,12.7084284569137,0.772663830313832,0.00958883179351688,5,0.372595577199127,100,900,-149,1298
"factor",20,200,"random",0.5,0.2,1420,1420,2.58736988529563,2.02407693455461,-0.00534142110496759,5,2.89304035392416,100,900,-149,1298
"factor",21,200,"random",0.5,0.2,1421,1421,14.9063134139869,3.66127537260763,0.0101787183154374,9,1.71248250894695,100,900,-149,1298
"factor",22,200,"random",0.5,0.2,1422,1422,6.42684794776142,2.02656303567346,-0.0212891950830817,6,0.2799444534736,100,900,-149,1298
"factor",23,200,"random",0.5,0.2,1423,1423,8.42418537498452,3.56060146167874,-0.0116763623524457,7,1.3690928238404,100,900,-149,1298
"factor",24,200,"random",0.5,0.2,1424,1424,9.16755872732028,0.544615018181503,-0.00696381313260645,10,1.52566172681117,100,900,-149,1298
"factor",25,200,"random",0.5,0.2,1425,1425,14.0347918658517,3.06089468451682,0.00927482569590211,8,0.196558927598099,100,900,-149,1298
"factor",26,200,"random",0.5,0.2,1426,1426,8.61449086084031,3.38415223534685,0.0154576967703179,6,0.276413641544171,100,900,-149,1298
"factor",27,200,"random",0.5,0.2,1427,1427,10.4295669456478,3.94598075409885,0.0105580601049587,6,0.187435809568903,100,900,-149,1298
"factor",28,200,"random",0.5,0.2,1428,1428,7.15331918280572,2.62788657878991,-0.000967604583129288,8,0.321005699735173,100,900,-149,1298
"factor",29,200,"random",0.5,0.2,1429,1429,3.78724405029789,3.67252376885153,-0.0295127448951826,10,0.105971393747289,100,900,-149,1298
"factor",30,200,"random",0.5,0.2,1430,1430,7.3838494841475,3.34323034994304,0.00095511435996741,9,0.944392614339295,100,900,-149,1298
"factor",31,200,"random",0.5,0.2,1431,1431,4.7587068756111,3.43486250878777,-0.0132743234653026,7,0.450768895121715,100,900,-149,1298
"factor",32,200,"random",0.5,0.2,1432,1432,6.66680742218159,2.17836774722673,-0.00935156917199493,8,0.446116623107434,100,900,-149,1298
"factor",33,200,"random",0.5,0.2,1433,1433,14.1839910447598,3.85252333420794,0.0200169578008354,5,0.469646886501278,100,900,-149,1298
"factor",34,200,"random",0.5,0.2,1434,1434,13.0738962898031,1.88989822764415,-0.00956170817837119,8,0.552157479004956,100,900,-149,1298
"factor",35,200,"random",0.5,0.2,1435,1435,6.40774386795238,2.75207541917916,-0.0010733284195885,8,1.26034122474014,100,900,-149,1298
"factor",36,200,"random",0.5,0.2,1436,1436,5.18083507544361,1.33162820187863,0.0278747191512957,9,1.03282587647922,100,900,-149,1298
"factor",37,200,"random",0.5,0.2,1437,1437,11.2504461647477,1.85114149784204,0.00357658426277339,8,0.282617738012813,100,900,-149,1298
"factor",38,200,"random",0.5,0.2,1438,1438,4.30836476525292,2.47724728565663,-0.00408519885968417,6,0.523168687309009,100,900,-149,1298
"factor",39,200,"random",0.5,0.2,1439,1439,7.51930118701421,1.72118895372842,0.00611738041508943,9,0.431736289085522,100,900,-149,1298
"factor",40,200,"random",0.5,0.2,1440,1440,10.8647502141539,2.2605602046242,0.0124744096817449,9,4.72413455249324,100,900,-149,1298
"factor",41,200,"random",0.5,0.2,1441,1441,4.48505448014475,1.13505990395788,0.00971480066422373,10,1.0268781219265,100,900,-149,1298
"factor",42,200,"random",0.5,0.2,1442,1442,5.46258757077157,3.91067081876099,0.0150634431140497,5,2.20383292221916,100,900,-149,1298
"factor",43,200,"random",0.5,0.2,1443,1443,2.70198498712853,3.86501585261431,0.0176104718120769,10,0.240041180424876,100,900,-149,1298
"factor",44,200,"random",0.5,0.2,1444,1444,9.283881415613,3.51177037332673,-0.0174528638832271,8,0.357679237276143,100,900,-149,1298
"factor",45,200,"random",0.5,0.2,1445,1445,7.77929004258476,2.28617067704909,0.0130212525604293,7,2.75093571337816,100,900,-149,1298
"factor",46,200,"random",0.5,0.2,1446,1446,6.67658129311167,1.36185404413845,0.0275977044599131,5,0.375078820671085,100,900,-149,1298
"factor",47,200,"random",0.5,0.2,1447,1447,14.2742993605789,1.22939593321644,0.00991690631490201,9,0.163467179265189,100,900,-149,1298
"factor",48,200,"random",0.5,0.2,1448,1448,3.91295257699676,3.59691880084574,0.016786089213565,6,0.361235415619804,100,900,-149,1298
"factor",49,200,"random",0.5,0.2,1449,1449,7.0942854094319,1.10131355724297,0.00540114772506058,9,2.00480459112835,100,900,-149,1298
"factor",50,200,"random",0.5,0.2,1450,1450,6.69076657132246,1.24578651320189,-0.00891528337262571,6,0.848089352680356,100,900,-149,1298
"factor",51,200,"random",0.5,0.2,1451,1451,6.9483252922073,3.60704152984545,0.0168559689447284,5,0.847433721809399,100,900,-149,1298
"factor",52,200,"random",0.5,0.2,1452,1452,13.4078881922178,2.56693569023628,0.0115549453021958,9,0.386840240902731,100,900,-149,1298
"factor",53,200,"random",0.5,0.2,1453,1453,7.63194547989406,2.62656795047224,0.0276719948323444,10,0.285002994681873,100,900,-149,1298
"factor",54,200,"random",0.5,0.2,1454,1454,10.8129081530496,1.50382495042868,0.015830773212947,5,2.15543728492572,100,900,-149,1298
"factor",55,200,"random",0.5,0.2,1455,1455,11.8232156282756,2.37640289450064,0.0195204474544153,9,0.344222998641236,100,900,-149,1298
"factor",56,200,"random",0.5,0.2,1456,1456,6.09018551022746,1.30345676606521,0.0107946056267247,10,0.64760648062634,100,900,-149,1298
"factor",57,200,"random",0.5,0.2,1457,1457,4.45110280415975,0.812754775164649,-0.0126510675670579,5,0.305442957305223,100,900,-149,1298
"factor",58,200,"random",0.5,0.2,1458,1458,11.2520132653881,0.626083401148207,0.0189697095472366,10,1.04883793959741,100,900,-149,1298
"factor",59,200,"random",0.5,0.2,1459,1459,13.794070688542,2.54666494566482,-0.0235058263549581,9,1.02084493229553,100,900,-149,1298
"factor",60,200,"random",0.5,0.2,1460,1460,9.17603778536431,1.37244102009572,0.017697290671058,7,0.743481163482997,100,900,-149,1298
"factor",61,200,"random",0.5,0.2,1461,1461,4.66263713990338,2.56872065819334,-0.00458330260589719,5,0.484224575083776,100,900,-149,1298
"factor",62,200,"random",0.5,0.2,1462,1462,10.3686794943642,2.06038979173172,0.0188942438503727,5,0.588915648915068,100,900,-149,1298
"factor",63,200,"random",0.5,0.2,1463,1463,10.8164741422515,1.41337201616261,-0.0257684826571494,8,1.5061775766815,100,900,-149,1298
"factor",64,200,"random",0.5,0.2,1464,1464,9.81149622937664,2.64650829741731,-0.0067688492545858,8,0.401143898411849,100,900,-149,1298
"factor",65,200,"random",0.5,0.2,1465,1465,10.7741713540163,2.35148618358653,-0.0119814090896398,6,0.315605188011661,100,900,-149,1298
"factor",66,200,"random",0.5,0.2,1466,1466,11.0963579013478,1.31308069441002,-0.0238753680093214,10,0.288885767086455,100,900,-149,1298
"factor",67,200,"random",0.5,0.2,1467,1467,2.71304952725768,1.15072002389934,0.0155610866099596,5,0.230785485066569,100,900,-149,1298
"factor",68,200,"random",0.5,0.2,1468,1468,2.85712224501185,1.97453547932673,-0.0230511600477621,5,1.74721883030097,100,900,-149,1298
"factor",69,200,"random",0.5,0.2,1469,1469,12.1413540053181,1.77457647863775,-0.0188169907685369,7,1.6690725319165,100,900,-149,1298
"factor",70,200,"random",0.5,0.2,1470,1470,13.5655919299461,2.39562863542233,0.0208322657318786,5,1.75808323783276,100,900,-149,1298
"factor",71,200,"random",0.5,0.2,1471,1471,7.66445564012975,2.59089262213092,-0.0253047840949148,7,1.30861841991863,100,900,-149,1298
"factor",72,200,"random",0.5,0.2,1472,1472,2.85288406140171,2.93005287693813,0.00574796300847083,5,0.58088442367046,100,900,-149,1298
"factor",73,200,"random",0.5,0.2,1473,1473,9.8575952553656,2.44928050239105,-0.0131558702280745,9,0.142419458950768,100,900,-149,1298
"factor",74,200,"random",0.5,0.2,1474,1474,13.1721397540532,3.78167283826042,0.0286227760836482,9,0.285311849186157,100,900,-149,1298
"factor",75,200,"random",0.5,0.2,1475,1475,12.9222440361045,1.55810135987122,0.0249476900417358,8,1.26581474136947,100,900,-149,1298
"factor",76,200,"random",0.5,0.2,1476,1476,9.187774005346,1.04246111272369,0.0298232735786587,9,0.808675178972312,100,900,-149,1298
"factor",77,200,"random",0.5,0.2,1477,1477,10.809347279137,2.03188745386433,-0.00114860861096531,9,3.37309512940157,100,900,-149,1298
"factor",78,200,"random",0.5,0.2,1478,1478,3.40650153392926,2.45173818769399,-0.0108256901102141,10,0.158931086039653,100,900,-149,1298
"factor",79,200,"random",0.5,0.2,1479,1479,12.8371226205491,3.37698014697526,-0.0128383801085874,10,0.406857266354679,100,900,-149,1298
"factor",80,200,"random",0.5,0.2,1480,1480,12.7682888973504,3.93410231964663,-0.0189746082108468,10,0.729535972003667,100,900,-149,1298
"factor",81,200,"random",0.5,0.2,1481,1481,4.35685548256151,3.70123797445558,-0.00361388089600951,10,0.489193057287235,100,900,-149,1298
"factor",82,200,"random",0.5,0.2,1482,1482,11.0532332798466,2.50684129528236,-0.00177421235013753,5,0.492736857808548,100,900,-149,1298
"factor",83,200,"random",0.5,0.2,1483,1483,5.19395455438644,1.17279444017913,0.0177482347050682,6,0.244028104657213,100,900,-149,1298
"factor",84,200,"random",0.5,0.2,1484,1484,3.82084402441978,2.01528396469075,0.0272389121353626,5,1.77234556453469,100,900,-149,1298
"factor",85,200,"random",0.5,0.2,1485,1485,4.97731247521006,3.86246022686828,-0.00514309315010905,10,0.38089631473727,100,900,-149,1298
"factor",86,200,"random",0.5,0.2,1486,1486,11.6645340258256,2.98158523044549,0.0115857140393928,5,0.710477475597212,100,900,-149,1298
"factor",87,200,"random",0.5,0.2,1487,1487,3.21263777720742,1.53402254229877,-0.0227059028344229,6,1.57955976197341,100,900,-149,1298
"factor",88,200,"random",0.5,0.2,1488,1488,3.68797156540677,3.6138857541373,-0.00587382079102099,6,1.30791336113523,100,900,-149,1298
"factor",89,200,"random",0.5,0.2,1489,1489,3.47645154641941,3.94833302951884,-0.0292956980830058,9,0.272085634406254,100,900,-149,1298
"factor",90,200,"random",0.5,0.2,1490,1490,13.4682960775681,2.40246963105164,-0.0291140414681286,8,0.196344892065053,100,900,-149,1298
"factor",91,200,"random",0.5,0.2,1491,1491,6.53966652974486,1.11466008704156,0.0294640565570444,5,0.553855168326069,100,900,-149,1298
"factor",92,200,"random",0.5,0.2,1492,1492,5.41808870108798,2.533938750159,-0.0269433743739501,8,0.149967109281959,100,900,-149,1298
"factor",93,200,"random",0.5,0.2,1493,1493,5.60739522543736,0.647656440036371,-0.0242789755621925,10,1.03545355688485,100,900,-149,1298
"factor",94,200,"random",0.5,0.2,1494,1494,8.34924379666336,2.38249048637226,-0.00643924660049379,10,0.65360372364871,100,900,-149,1298
"factor",95,200,"random",0.5,0.2,1495,1495,5.70410876721144,1.53473492362536,-0.0187267328845337,9,1.29529189970464,100,900,-149,1298
"factor",96,200,"random",0.5,0.2,1496,1496,6.29066198901273,2.99818386358675,0.0133216768456623,6,0.9016062798245,100,900,-149,1298
"factor",97,200,"random",0.5,0.2,1497,1497,12.2060882388614,2.06327057362068,0.0195032572327182,10,0.631244963707556,100,900,-149,1298
"factor",98,200,"random",0.5,0.2,1498,1498,3.80971302487887,3.23180164920632,-0.00633800945710391,6,0.291174170213994,100,900,-149,1298
"factor",99,200,"random",0.5,0.2,1499,1499,9.69485862087458,2.41802240000106,0.0110696639539674,8,0.295527103805187,100,900,-149,1298
"factor",100,200,"random",0.5,0.2,1500,1500,3.14818332879804,0.73139845172409,0.00707414401229471,8,0.274141274874894,100,900,-149,1298
