"sweep","rep","N","slope_condition","width_mix","skew_shape","max_frac","dataset_id","seed","intercept","sigma","slope","period_start","period_end","min_frac","grid","strength","time_ref_min","time_ref_range"
"core",1,50,"random","even",1,0.25,1,1,11.0827551214024,2.15597232675646,-0.00700882565695793,100,900,0.05,25,4,-225,1450
"core",2,50,"random","even",1,0.25,2,2,9.2348965764977,2.59431362478063,-0.010739952265285,100,900,0.05,25,4,-225,1450
"core",3,50,"random","even",1,0.25,3,3,3.82181944954209,1.42480702942703,0.00579830626957119,100,900,0.05,25,4,-225,1450
"core",4,50,"random","even",1,0.25,4,4,5.71440298110247,2.96338979143184,0.0153098763758317,100,900,0.05,25,4,-225,1450
"core",5,50,"random","even",1,0.25,5,5,9.21979712950997,2.26914159196895,-0.0169587643118575,100,900,0.05,25,4,-225,1450
"core",6,50,"random","even",1,0.25,6,6,2.32670495496131,2.3788147950545,-0.00576391962356865,100,900,0.05,25,4,-225,1450
"core",7,50,"random","even",1,0.25,7,7,8.06099721463397,3.81899559614249,-0.000828769211657344,100,900,0.05,25,4,-225,1450
"core",8,50,"random","even",1,0.25,8,8,13.1931389062665,3.36810308601707,-0.025781265925616,100,900,0.05,25,4,-225,1450
"core",9,50,"random","even",1,0.25,9,9,5.2825153239537,2.11925018485636,-0.0200424266885966,100,900,0.05,25,4,-225,1450
"core",10,50,"random","even",1,0.25,10,10,9.55048238486052,3.28117460361682,-0.0146467746142298,100,900,0.05,25,4,-225,1450
"core",11,50,"random","even",1,0.25,11,11,2.07713233865798,2.03175948571879,-0.00434557350352406,100,900,0.05,25,4,-225,1450
"core",12,50,"random","even",1,0.25,12,12,10.9942572184373,1.78810531867202,-0.00230666492599994,100,900,0.05,25,4,-225,1450
"core",13,50,"random","even",1,0.25,13,13,5.00462561054155,0.748499449109659,0.0202673318702728,100,900,0.05,25,4,-225,1450
"core",14,50,"random","even",1,0.25,14,14,13.0309220093768,2.91854343656451,0.0266651667561382,100,900,0.05,25,4,-225,1450
"core",15,50,"random","even",1,0.25,15,15,3.99985812976956,2.55743484792765,-0.00012157090008259,100,900,0.05,25,4,-225,1450
"core",16,50,"random","even",1,0.25,16,16,6.63852109247819,2.48236788902432,0.0125198364537209,100,900,0.05,25,4,-225,1450
"core",17,50,"random","even",1,0.25,17,17,9.08765855408274,2.00091695017181,0.00172189220320433,100,900,0.05,25,4,-225,1450
"core",18,50,"random","even",1,0.25,18,18,2.01556897908449,3.54454201599583,-0.00810648678336293,100,900,0.05,25,4,-225,1450
"core",19,50,"random","even",1,0.25,19,19,6.13171836873516,3.75546664255671,-0.00211299411021173,100,900,0.05,25,4,-225,1450
"core",20,50,"random","even",1,0.25,20,20,2.22476159897633,2.04921334283426,0.0263984517194331,100,900,0.05,25,4,-225,1450
"core",21,50,"random","even",1,0.25,21,21,6.4402543369215,0.590152242453769,-0.0197727750660852,100,900,0.05,25,4,-225,1450
"core",22,50,"random","even",1,0.25,22,22,6.46470439946279,1.70788003515918,0.0139025109261274,100,900,0.05,25,4,-225,1450
"core",23,50,"random","even",1,0.25,23,23,5.02331501292065,1.20549814647529,-0.0293622950837016,100,900,0.05,25,4,-225,1450
"core",24,50,"random","even",1,0.25,24,24,2.79779476020485,2.80836155777797,0.0222723480127752,100,900,0.05,25,4,-225,1450
"core",25,50,"random","even",1,0.25,25,25,7.36089127301238,1.54230602644384,0.00795463421847671,100,900,0.05,25,4,-225,1450
"core",26,50,"random","even",1,0.25,26,26,4.41165830334648,0.723423904622905,0.0238143574073911,100,900,0.05,25,4,-225,1450
"core",27,50,"random","even",1,0.25,27,27,7.33873682818376,2.34539214579854,-0.0197988757118583,100,900,0.05,25,4,-225,1450
"core",28,50,"random","even",1,0.25,28,28,3.82105112401769,3.47667052026372,0.00983270698226988,100,900,0.05,25,4,-225,1450
"core",29,50,"random","even",1,0.25,29,29,2.07064871862531,1.43835957348347,-0.02976316051092,100,900,0.05,25,4,-225,1450
"core",30,50,"random","even",1,0.25,30,30,9.82260460359976,2.75003269687295,-0.0217289454862475,100,900,0.05,25,4,-225,1450
"core",31,50,"random","even",1,0.25,31,31,13.843131654663,2.52291059156414,-0.0045201910380274,100,900,0.05,25,4,-225,1450
"core",32,50,"random","even",1,0.25,32,32,4.27971619134769,2.0588716667844,-0.00495275904424489,100,900,0.05,25,4,-225,1450
"core",33,50,"random","even",1,0.25,33,33,11.5054363717791,3.97659885277972,-0.0215355228167027,100,900,0.05,25,4,-225,1450
"core",34,50,"random","even",1,0.25,34,34,2.21004372532479,2.87638124846853,0.0196425473503768,100,900,0.05,25,4,-225,1450
"core",35,50,"random","even",1,0.25,35,35,9.61950431135483,1.72330525727011,0.000366663644090295,100,900,0.05,25,4,-225,1450
"core",36,50,"random","even",1,0.25,36,36,7.53563956916332,1.26816837443039,-0.0208405541069806,100,900,0.05,25,4,-225,1450
"core",37,50,"random","even",1,0.25,37,37,4.73638270911761,2.388316297438,-0.00807991849724203,100,900,0.05,25,4,-225,1450
"core",38,50,"random","even",1,0.25,38,38,8.20360140851699,1.93390539672691,-0.0237694006925449,100,900,0.05,25,4,-225,1450
"core",39,50,"random","even",1,0.25,39,39,11.8127025738358,1.30224529886618,0.00245653986465186,100,900,0.05,25,4,-225,1450
"core",40,50,"random","even",1,0.25,40,40,7.80878063850105,1.46059523464646,0.00784218109678477,100,900,0.05,25,4,-225,1450
"core",41,50,"random","even",1,0.25,41,41,6.82562342658639,3.51225151820108,0.020357864247635,100,900,0.05,25,4,-225,1450
"core",42,50,"random","even",1,0.25,42,42,13.3721192597877,2.83254215645138,0.00414191221352667,100,900,0.05,25,4,-225,1450
"core",43,50,"random","even",1,0.25,43,43,7.64976499555632,0.881202987278812,-0.0205463700927794,100,900,0.05,25,4,-225,1450
"core",44,50,"random","even",1,0.25,44,44,7.72177809500135,1.90463774604723,-0.0158788799727336,100,900,0.05,25,4,-225,1450
"core",45,50,"random","even",1,0.25,45,45,3.06543883378617,1.67232529760804,0.0152395405434072,100,900,0.05,25,4,-225,1450
"core",46,50,"random","even",1,0.25,46,46,2.45005094446242,0.524793132673949,0.00214290363248438,100,900,0.05,25,4,-225,1450
"core",47,50,"random","even",1,0.25,47,47,14.072475762805,2.61644603963941,-0.00317495029885322,100,900,0.05,25,4,-225,1450
"core",48,50,"random","even",1,0.25,48,48,5.82936186366715,1.8703602810856,0.0222822763770819,100,900,0.05,25,4,-225,1450
"core",49,50,"random","even",1,0.25,49,49,8.74991573719308,3.31774278508965,-0.0141611290583387,100,900,0.05,25,4,-225,1450
"core",50,50,"random","even",1,0.25,50,50,5.07315352419391,1.07179689698387,0.00275681824889034,100,900,0.05,25,4,-225,1450
"core",51,50,"random","even",1,0.25,51,51,14.6335275121965,2.59977888339199,-0.0147073329845443,100,900,0.05,25,4,-225,1450
"core",52,50,"random","even",1,0.25,52,52,10.2226495156065,1.38912252930459,-0.013329746928066,100,900,0.05,25,4,-225,1450
"core",53,50,"random","even",1,0.25,53,53,14.4574991557747,3.09144315426238,-0.0119617136288434,100,900,0.05,25,4,-225,1450
"core",54,50,"random","even",1,0.25,54,54,13.5226017255336,0.69647323328536,0.0023656487558037,100,900,0.05,25,4,-225,1450
"core",55,50,"random","even",1,0.25,55,55,8.80138892843388,0.783376878942363,-0.0140780795970932,100,900,0.05,25,4,-225,1450
"core",56,50,"random","even",1,0.25,56,56,11.3069032458588,1.86808082577772,-0.000179008757695557,100,900,0.05,25,4,-225,1450
"core",57,50,"random","even",1,0.25,57,57,11.628355528228,1.48727254616097,-0.0243383435625583,100,900,0.05,25,4,-225,1450
"core",58,50,"random","even",1,0.25,58,58,2.59665221022442,3.8758542551659,0.00240087134297937,100,900,0.05,25,4,-225,1450
"core",59,50,"random","even",1,0.25,59,59,14.4513078790624,2.12304670980666,-0.0132797966245562,100,900,0.05,25,4,-225,1450
"core",60,50,"random","even",1,0.25,60,60,4.61477688048035,3.92760210763663,0.000320404521189629,100,900,0.05,25,4,-225,1450
"core",61,50,"random","even",1,0.25,61,61,5.87938457680866,3.48744465759955,0.0108702429709956,100,900,0.05,25,4,-225,1450
"core",62,50,"random","even",1,0.25,62,62,13.6424446862657,2.75204676133581,0.00769204968586564,100,900,0.05,25,4,-225,1450
"core",63,50,"random","even",1,0.25,63,63,9.35898503661156,2.22897565364838,-0.00802822791505605,100,900,0.05,25,4,-225,1450
"core",64,50,"random","even",1,0.25,64,64,7.92160380003043,1.96618278021924,0.017863297406584,100,900,0.05,25,4,-225,1450
"core",65,50,"random","even",1,0.25,65,65,7.19308796874247,1.90780740848277,-0.0166238883370534,100,900,0.05,25,4,-225,1450
"core",66,50,"random","even",1,0.25,66,66,3.07906539528631,1.27584005636163,-0.0140370214590803,100,900,0.05,25,4,-225,1450
"core",67,50,"random","even",1,0.25,67,67,10.1945592346601,2.35952478647232,0.0104389969166368,100,900,0.05,25,4,-225,1450
"core",68,50,"random","even",1,0.25,68,68,8.04623486823402,0.900124925887212,-0.0170319327386096,100,900,0.05,25,4,-225,1450
"core",69,50,"random","even",1,0.25,69,69,9.44091996899806,0.984393750666641,-0.0190668381610885,100,900,0.05,25,4,-225,1450
"core",70,50,"random","even",1,0.25,70,70,10.6090120126028,0.900515785557218,0.020539655322209,100,900,0.05,25,4,-225,1450
"core",71,50,"random","even",1,0.25,71,71,13.412807459943,0.77210156142246,-0.0156902029691264,100,900,0.05,25,4,-225,1450
"core",72,50,"random","even",1,0.25,72,72,6.92618083278649,0.942599061294459,0.0159954868024215,100,900,0.05,25,4,-225,1450
"core",73,50,"random","even",1,0.25,73,73,11.4064660642762,2.83126146288123,0.00585560908075422,100,900,0.05,25,4,-225,1450
"core",74,50,"random","even",1,0.25,74,74,13.1521532656625,3.6110690003261,0.00340481572318822,100,900,0.05,25,4,-225,1450
"core",75,50,"random","even",1,0.25,75,75,4.42132153874263,1.13717605429702,-0.0118814212828875,100,900,0.05,25,4,-225,1450
"core",76,50,"random","even",1,0.25,76,76,10.2250755883288,1.06974775891285,-0.00776559102348983,100,900,0.05,25,4,-225,1450
"core",77,50,"random","even",1,0.25,77,77,11.3355057185981,2.64826859813184,0.00202938684727996,100,900,0.05,25,4,-225,1450
"core",78,50,"random","even",1,0.25,78,78,9.04348585219122,0.724699865211733,0.0063088826648891,100,900,0.05,25,4,-225,1450
"core",79,50,"random","even",1,0.25,79,79,4.6612637785729,0.854244100046344,-0.0223262238549069,100,900,0.05,25,4,-225,1450
"core",80,50,"random","even",1,0.25,80,80,13.6998568524141,3.98996890569106,-0.0219437383208424,100,900,0.05,25,4,-225,1450
"core",81,50,"random","even",1,0.25,81,81,3.60659627895802,1.31082629261073,-0.0142569368798286,100,900,0.05,25,4,-225,1450
"core",82,50,"random","even",1,0.25,82,82,14.3701103019994,3.13694053853396,0.00467628262471408,100,900,0.05,25,4,-225,1450
"core",83,50,"random","even",1,0.25,83,83,12.1622966381256,2.33388644421939,0.0202186763333157,100,900,0.05,25,4,-225,1450
"core",84,50,"random","even",1,0.25,84,84,14.5077675420325,0.872412427910604,-0.0235798788769171,100,900,0.05,25,4,-225,1450
"core",85,50,"random","even",1,0.25,85,85,3.48527506017126,0.946245711762458,-0.0032725194375962,100,900,0.05,25,4,-225,1450
"core",86,50,"random","even",1,0.25,86,86,14.7081778096035,3.21010419842787,0.012553502060473,100,900,0.05,25,4,-225,1450
"core",87,50,"random","even",1,0.25,87,87,10.0661035222001,2.02348415146116,0.0177204567566514,100,900,0.05,25,4,-225,1450
"core",88,50,"random","even",1,0.25,88,88,14.0565544522833,2.25764790049288,0.0150405717361718,100,900,0.05,25,4,-225,1450
"core",89,50,"random","even",1,0.25,89,89,4.62907726783305,2.56867671106011,-0.0210239318758249,100,900,0.05,25,4,-225,1450
"core",90,50,"random","even",1,0.25,90,90,4.80187936290167,2.67891807970591,-0.00731888132169843,100,900,0.05,25,4,-225,1450
"core",91,50,"random","even",1,0.25,91,91,13.9850278955419,3.81024224055,-0.0199863296700642,100,900,0.05,25,4,-225,1450
"core",92,50,"random","even",1,0.25,92,92,11.3875021615531,0.89076649188064,0.00701375881209969,100,900,0.05,25,4,-225,1450
"core",93,50,"random","even",1,0.25,93,93,11.9021180476993,1.38946130743716,-0.00179736024700105,100,900,0.05,25,4,-225,1450
"core",94,50,"random","even",1,0.25,94,94,5.7086068589706,0.55407662759535,-0.0106778403790668,100,900,0.05,25,4,-225,1450
"core",95,50,"random","even",1,0.25,95,95,6.46756545035169,2.85636386589613,0.0185250099655241,100,900,0.05,25,4,-225,1450
"core",96,50,"random","even",1,0.25,96,96,6.43811441469006,0.68042096530553,-0.00827851446345448,100,900,0.05,25,4,-225,1450
"core",97,50,"random","even",1,0.25,97,97,12.2434773589484,3.1579079766525,-0.0184480938920751,100,900,0.05,25,4,-225,1450
"core",98,50,"random","even",1,0.25,98,98,6.73849988379516,2.09732269798405,0.00873334518168122,100,900,0.05,25,4,-225,1450
"core",99,50,"random","even",1,0.25,99,99,10.646593216341,3.96556360449176,-0.0127463933592662,100,900,0.05,25,4,-225,1450
"core",100,50,"random","even",1,0.25,100,100,6.84655288071372,3.9653907797765,0.0260360423801467,100,900,0.05,25,4,-225,1450
"core",1,100,"random","even",1,0.25,101,101,3.57327130157501,3.86589204415213,0.0176173740578815,100,900,0.05,25,4,-225,1450
"core",2,100,"random","even",1,0.25,102,102,12.80100476183,1.37573949084617,0.0156742368964478,100,900,0.05,25,4,-225,1450
"core",3,100,"random","even",1,0.25,103,103,7.43812467041425,3.35614068270661,0.0113737313076854,100,900,0.05,25,4,-225,1450
"core",4,100,"random","even",1,0.25,104,104,3.066407360835,2.40324550587684,-0.0153692663786933,100,900,0.05,25,4,-225,1450
"core",5,100,"random","even",1,0.25,105,105,4.28835874493234,3.67908133403398,-0.00486934259533882,100,900,0.05,25,4,-225,1450
"core",6,100,"random","even",1,0.25,106,106,4.35249478323385,0.527901884051971,-0.00307798810768873,100,900,0.05,25,4,-225,1450
"core",7,100,"random","even",1,0.25,107,107,10.7545581848826,1.77201596589293,-0.00280966722406447,100,900,0.05,25,4,-225,1450
"core",8,100,"random","even",1,0.25,108,108,9.89094123872928,1.59899698651861,-0.0129256412945688,100,900,0.05,25,4,-225,1450
"core",9,100,"random","even",1,0.25,109,109,5.37384198186919,3.49573453550693,0.0160619941866025,100,900,0.05,25,4,-225,1450
"core",10,100,"random","even",1,0.25,110,110,9.67471839534119,2.69082442554645,0.016308593521826,100,900,0.05,25,4,-225,1450
"core",11,100,"random","even",1,0.25,111,111,7.31041180389002,1.43675367406104,0.0279602612927556,100,900,0.05,25,4,-225,1450
"core",12,100,"random","even",1,0.25,112,112,13.2635757036041,3.50869200495072,0.00474493307992816,100,900,0.05,25,4,-225,1450
"core",13,100,"random","even",1,0.25,113,113,3.40609176596627,3.1038716690382,0.00220102606806904,100,900,0.05,25,4,-225,1450
"core",14,100,"random","even",1,0.25,114,114,6.18456917395815,1.82038666668814,0.0100714478362352,100,900,0.05,25,4,-225,1450
"core",15,100,"random","even",1,0.25,115,115,4.18773525767028,2.41300646413583,0.0118703042669222,100,900,0.05,25,4,-225,1450
"core",16,100,"random","even",1,0.25,116,116,2.67053891299292,3.79131112445612,-0.0248643972119316,100,900,0.05,25,4,-225,1450
"core",17,100,"random","even",1,0.25,117,117,9.19265862833709,1.5692974512931,0.0033938375255093,100,900,0.05,25,4,-225,1450
"core",18,100,"random","even",1,0.25,118,118,3.84497504122555,0.859595902380534,0.00500678963027894,100,900,0.05,25,4,-225,1450
"core",19,100,"random","even",1,0.25,119,119,4.06549947056919,2.80433243792504,0.0114298470737413,100,900,0.05,25,4,-225,1450
"core",20,100,"random","even",1,0.25,120,120,12.1245171760675,3.37344587221742,0.00285335433203727,100,900,0.05,25,4,-225,1450
"core",21,100,"random","even",1,0.25,121,121,7.76873775478452,3.31405192182865,0.0131507628411055,100,900,0.05,25,4,-225,1450
"core",22,100,"random","even",1,0.25,122,122,3.70979249640368,0.943393276422285,0.00736952642910182,100,900,0.05,25,4,-225,1450
"core",23,100,"random","even",1,0.25,123,123,9.3637818582356,3.07735018164385,0.00269772282801568,100,900,0.05,25,4,-225,1450
"core",24,100,"random","even",1,0.25,124,124,12.0604547888506,1.96688915241975,0.0226309120981023,100,900,0.05,25,4,-225,1450
"core",25,100,"random","even",1,0.25,125,125,7.47578272456303,0.968319368548691,0.00890174155589193,100,900,0.05,25,4,-225,1450
"core",26,100,"random","even",1,0.25,126,126,2.79079757118598,2.50188343785703,-0.00279367803130299,100,900,0.05,25,4,-225,1450
"core",27,100,"random","even",1,0.25,127,127,7.01080362871289,0.693440331029706,0.0119407588429749,100,900,0.05,25,4,-225,1450
"core",28,100,"random","even",1,0.25,128,128,8.01126649673097,1.41934896318708,0.0221544461790472,100,900,0.05,25,4,-225,1450
"core",29,100,"random","even",1,0.25,129,129,2.53850980778225,1.95423979207408,0.024691085703671,100,900,0.05,25,4,-225,1450
"core",30,100,"random","even",1,0.25,130,130,7.33943349123001,3.21690114994999,1.77269428968431e-05,100,900,0.05,25,4,-225,1450
"core",31,100,"random","even",1,0.25,131,131,7.10290329460986,0.889459741651081,0.0224255271675065,100,900,0.05,25,4,-225,1450
"core",32,100,"random","even",1,0.25,132,132,10.3506394189317,2.16346003196668,-0.0220248537976295,100,900,0.05,25,4,-225,1450
"core",33,100,"random","even",1,0.25,133,133,2.46716654486954,2.26419218920637,-0.0271508001582697,100,900,0.05,25,4,-225,1450
"core",34,100,"random","even",1,0.25,134,134,3.20958196395077,2.3558967851568,-0.0138189802179113,100,900,0.05,25,4,-225,1450
"core",35,100,"random","even",1,0.25,135,135,13.3813914116472,2.22421049978584,-0.0134409854002297,100,900,0.05,25,4,-225,1450
"core",36,100,"random","even",1,0.25,136,136,2.05457367701456,1.04830261075404,0.0174714640527964,100,900,0.05,25,4,-225,1450
"core",37,100,"random","even",1,0.25,137,137,4.0520938381087,1.57894170342479,0.0296588722290471,100,900,0.05,25,4,-225,1450
"core",38,100,"random","even",1,0.25,138,138,8.60709255747497,1.5561479277676,0.0223965963581577,100,900,0.05,25,4,-225,1450
"core",39,100,"random","even",1,0.25,139,139,9.26584952767007,0.662521915393881,0.0178639769274741,100,900,0.05,25,4,-225,1450
"core",40,100,"random","even",1,0.25,140,140,6.37373711937107,1.59684643812943,-0.023713898411952,100,900,0.05,25,4,-225,1450
"core",41,100,"random","even",1,0.25,141,141,11.077806224348,1.63811351172626,-0.0280829075071961,100,900,0.05,25,4,-225,1450
"core",42,100,"random","even",1,0.25,142,142,5.70148813794367,3.6090291000437,-0.0176050310349092,100,900,0.05,25,4,-225,1450
"core",43,100,"random","even",1,0.25,143,143,8.52819379139692,1.66620141628664,0.00738087500911206,100,900,0.05,25,4,-225,1450
"core",44,100,"random","even",1,0.25,144,144,10.339788364945,2.51132370973937,-0.00519867456983775,100,900,0.05,25,4,-225,1450
"core",45,100,"random","even",1,0.25,145,145,13.8431721501984,0.669257085537538,-0.00518490111920982,100,900,0.05,25,4,-225,1450
"core",46,100,"random","even",1,0.25,146,146,2.97133137146011,1.81906151585281,0.0266828839760274,100,900,0.05,25,4,-225,1450
"core",47,100,"random","even",1,0.25,147,147,4.58034717920236,3.0362452151021,0.0252691028639674,100,900,0.05,25,4,-225,1450
"core",48,100,"random","even",1,0.25,148,148,10.2916780253872,3.15479700139258,0.00930008050985634,100,900,0.05,25,4,-225,1450
"core",49,100,"random","even",1,0.25,149,149,10.7263938533142,2.01863691443577,-0.0132758787553757,100,900,0.05,25,4,-225,1450
"core",50,100,"random","even",1,0.25,150,150,2.72848026640713,1.97705056099221,-0.0245789391919971,100,900,0.05,25,4,-225,1450
"core",51,100,"random","even",1,0.25,151,151,4.13521856558509,2.327517837286,-0.00944509770255536,100,900,0.05,25,4,-225,1450
"core",52,100,"random","even",1,0.25,152,152,2.63066392275505,1.87310516333673,-0.00393822003621608,100,900,0.05,25,4,-225,1450
"core",53,100,"random","even",1,0.25,153,153,14.781410854077,3.03747277101502,0.0264619320072234,100,900,0.05,25,4,-225,1450
"core",54,100,"random","even",1,0.25,154,154,8.96108797402121,2.75948098825756,-0.0148992155352607,100,900,0.05,25,4,-225,1450
"core",55,100,"random","even",1,0.25,155,155,11.8043245654553,3.57000475388486,-0.014685888402164,100,900,0.05,25,4,-225,1450
"core",56,100,"random","even",1,0.25,156,156,11.606367956847,1.58074133074842,0.019674657471478,100,900,0.05,25,4,-225,1450
"core",57,100,"random","even",1,0.25,157,157,6.75358953303657,0.833706053672358,-0.0123153846105561,100,900,0.05,25,4,-225,1450
"core",58,100,"random","even",1,0.25,158,158,11.0627267996315,3.91293601726647,0.020626312927343,100,900,0.05,25,4,-225,1450
"core",59,100,"random","even",1,0.25,159,159,12.1896976747084,3.96513880556449,-0.0218767796829343,100,900,0.05,25,4,-225,1450
"core",60,100,"random","even",1,0.25,160,160,2.34964179084636,3.64814437599853,-0.014149001869373,100,900,0.05,25,4,-225,1450
"core",61,100,"random","even",1,0.25,161,161,3.61105120251887,1.37570956582204,-0.0193294302932918,100,900,0.05,25,4,-225,1450
"core",62,100,"random","even",1,0.25,162,162,8.5700995514635,2.88408028276172,0.0241935351770371,100,900,0.05,25,4,-225,1450
"core",63,100,"random","even",1,0.25,163,163,14.1464189940598,2.37490167154465,-0.0243632264854386,100,900,0.05,25,4,-225,1450
"core",64,100,"random","even",1,0.25,164,164,3.46660254732706,0.888179805129766,0.0298913751170039,100,900,0.05,25,4,-225,1450
"core",65,100,"random","even",1,0.25,165,165,3.61126750055701,2.97655998996925,0.0103411478362977,100,900,0.05,25,4,-225,1450
"core",66,100,"random","even",1,0.25,166,166,6.92131259385496,2.86350307846442,0.0243574936268851,100,900,0.05,25,4,-225,1450
"core",67,100,"random","even",1,0.25,167,167,2.77684864355251,1.6105976117542,-0.0110510840686038,100,900,0.05,25,4,-225,1450
"core",68,100,"random","even",1,0.25,168,168,7.82895530294627,1.99664440122433,-0.0295196793274954,100,900,0.05,25,4,-225,1450
"core",69,100,"random","even",1,0.25,169,169,8.2136162458919,3.54324032226577,0.0209664084529504,100,900,0.05,25,4,-225,1450
"core",70,100,"random","even",1,0.25,170,170,3.28106926917098,2.60619748081081,0.0100440622167662,100,900,0.05,25,4,-225,1450
"core",71,100,"random","even",1,0.25,171,171,12.4274701299146,1.80751785915345,-0.00955644621513784,100,900,0.05,25,4,-225,1450
"core",72,100,"random","even",1,0.25,172,172,11.4479251899756,2.39364777109586,-0.0158198274113238,100,900,0.05,25,4,-225,1450
"core",73,100,"random","even",1,0.25,173,173,8.44245080463588,1.96077024447732,0.000997336311265827,100,900,0.05,25,4,-225,1450
"core",74,100,"random","even",1,0.25,174,174,12.1920766504481,1.4928426083643,0.0193436798360199,100,900,0.05,25,4,-225,1450
"core",75,100,"random","even",1,0.25,175,175,4.90593560575508,3.97232937277295,-0.0160525145474821,100,900,0.05,25,4,-225,1450
"core",76,100,"random","even",1,0.25,176,176,9.42148980614729,3.13451164308935,0.0202423122245818,100,900,0.05,25,4,-225,1450
"core",77,100,"random","even",1,0.25,177,177,13.4421117443126,2.31240561371669,0.0105987070547417,100,900,0.05,25,4,-225,1450
"core",78,100,"random","even",1,0.25,178,178,14.221538517857,1.77681697893422,-0.0199165970971808,100,900,0.05,25,4,-225,1450
"core",79,100,"random","even",1,0.25,179,179,14.8975665448233,2.84647648781538,0.0265862823743373,100,900,0.05,25,4,-225,1450
"core",80,100,"random","even",1,0.25,180,180,8.82354113040492,2.45188501931261,0.00477553660981357,100,900,0.05,25,4,-225,1450
"core",81,100,"random","even",1,0.25,181,181,2.32610418996774,0.557200703304261,0.00649992106016725,100,900,0.05,25,4,-225,1450
"core",82,100,"random","even",1,0.25,182,182,5.52060471219011,0.880327036953531,-0.0181679676147178,100,900,0.05,25,4,-225,1450
"core",83,100,"random","even",1,0.25,183,183,14.0861517186277,2.45345596654806,0.0172145262267441,100,900,0.05,25,4,-225,1450
"core",84,100,"random","even",1,0.25,184,184,10.1862269218545,1.8419382335851,0.0229833541531116,100,900,0.05,25,4,-225,1450
"core",85,100,"random","even",1,0.25,185,185,6.1266529369168,2.27147515059914,-0.0010549781145528,100,900,0.05,25,4,-225,1450
"core",86,100,"random","even",1,0.25,186,186,5.40837307786569,1.45453452412039,-0.00917157812509686,100,900,0.05,25,4,-225,1450
"core",87,100,"random","even",1,0.25,187,187,12.877695266623,0.728572886320762,3.46020748838785e-05,100,900,0.05,25,4,-225,1450
"core",88,100,"random","even",1,0.25,188,188,3.86006877967156,3.88873702124692,0.00688172629103064,100,900,0.05,25,4,-225,1450
"core",89,100,"random","even",1,0.25,189,189,2.44263956532814,1.91261587303597,-0.0173682704055682,100,900,0.05,25,4,-225,1450
"core",90,100,"random","even",1,0.25,190,190,7.34590283082798,1.47941260517109,0.0188482374697924,100,900,0.05,25,4,-225,1450
"core",91,100,"random","even",1,0.25,191,191,7.16355225536972,1.13693028723355,-0.0198297357000411,100,900,0.05,25,4,-225,1450
"core",92,100,"random","even",1,0.25,192,192,3.29935010825284,3.84832997387275,-0.00148101207800209,100,900,0.05,25,4,-225,1450
"core",93,100,"random","even",1,0.25,193,193,4.1946383616887,1.13333784032147,-0.0266543106688187,100,900,0.05,25,4,-225,1450
"core",94,100,"random","even",1,0.25,194,194,13.8860433106311,3.59902171138674,0.0213020360469818,100,900,0.05,25,4,-225,1450
"core",95,100,"random","even",1,0.25,195,195,6.05551029625349,2.14541489689145,-0.0192955586733296,100,900,0.05,25,4,-225,1450
"core",96,100,"random","even",1,0.25,196,196,5.95683184475638,3.37824691052083,-0.00784915020223707,100,900,0.05,25,4,-225,1450
"core",97,100,"random","even",1,0.25,197,197,3.8287602129858,2.37589855736587,0.0139359594276175,100,900,0.05,25,4,-225,1450
"core",98,100,"random","even",1,0.25,198,198,9.17115096189082,3.36883660359308,0.00515762146096677,100,900,0.05,25,4,-225,1450
"core",99,100,"random","even",1,0.25,199,199,10.3732331369538,2.57866825873498,0.0119486089982092,100,900,0.05,25,4,-225,1450
"core",100,100,"random","even",1,0.25,200,200,4.51351727521978,1.12827626068611,-0.0138618740625679,100,900,0.05,25,4,-225,1450
"core",1,200,"random","even",1,0.25,201,201,13.5447577231098,3.6868906969903,0.00472968727815896,100,900,0.05,25,4,-225,1450
"core",2,200,"random","even",1,0.25,202,202,10.1953702925239,2.7355791432783,-0.0120982353715226,100,900,0.05,25,4,-225,1450
"core",3,200,"random","even",1,0.25,203,203,6.03920976119116,1.54877695720643,0.00391627439763397,100,900,0.05,25,4,-225,1450
"core",4,200,"random","even",1,0.25,204,204,14.5217984959017,1.42199635889847,-0.00697345563210547,100,900,0.05,25,4,-225,1450
"core",5,200,"random","even",1,0.25,205,205,7.32878838363104,2.25423575181048,0.00192331864032894,100,900,0.05,25,4,-225,1450
"core",6,200,"random","even",1,0.25,206,206,11.7256893669255,1.37715472560376,-0.00233630049973726,100,900,0.05,25,4,-225,1450
"core",7,200,"random","even",1,0.25,207,207,3.7308793773409,2.5615584285697,-0.0177238188916817,100,900,0.05,25,4,-225,1450
"core",8,200,"random","even",1,0.25,208,208,14.6011816435494,1.80061108828522,0.0168210211023688,100,900,0.05,25,4,-225,1450
"core",9,200,"random","even",1,0.25,209,209,12.9243468437344,3.25247924518771,-0.0139312280667946,100,900,0.05,25,4,-225,1450
"core",10,200,"random","even",1,0.25,210,210,9.47050741943531,2.21256716363132,0.0238851908454671,100,900,0.05,25,4,-225,1450
"core",11,200,"random","even",1,0.25,211,211,11.2674880535342,0.945541573222727,0.0136229251697659,100,900,0.05,25,4,-225,1450
"core",12,200,"random","even",1,0.25,212,212,3.9177703531459,1.27063734293915,-0.0218805669480935,100,900,0.05,25,4,-225,1450
"core",13,200,"random","even",1,0.25,213,213,2.76538916374557,2.31439498974942,-0.00741457741241902,100,900,0.05,25,4,-225,1450
"core",14,200,"random","even",1,0.25,214,214,2.96097336476669,3.58403114369139,0.0290983768925071,100,900,0.05,25,4,-225,1450
"core",15,200,"random","even",1,0.25,215,215,14.0991906484123,2.4635211272398,0.00531932846177369,100,900,0.05,25,4,-225,1450
"core",16,200,"random","even",1,0.25,216,216,9.2233426484745,3.59928118844982,0.00729983146302402,100,900,0.05,25,4,-225,1450
"core",17,200,"random","even",1,0.25,217,217,3.57508643926121,0.841094879666343,-0.0116457364708185,100,900,0.05,25,4,-225,1450
"core",18,200,"random","even",1,0.25,218,218,3.8418758448679,3.48137681337539,-0.0248884366918355,100,900,0.05,25,4,-225,1450
"core",19,200,"random","even",1,0.25,219,219,3.90315671940334,0.81943703989964,-0.0257178440876305,100,900,0.05,25,4,-225,1450
"core",20,200,"random","even",1,0.25,220,220,6.51048282091506,3.08321665984113,-0.0179632216086611,100,900,0.05,25,4,-225,1450
"core",21,200,"random","even",1,0.25,221,221,2.91690690349787,3.6354070456,0.0213084354903549,100,900,0.05,25,4,-225,1450
"core",22,200,"random","even",1,0.25,222,222,10.1750616044737,3.52398512000218,-0.0126618989137933,100,900,0.05,25,4,-225,1450
"core",23,200,"random","even",1,0.25,223,223,3.51253892830573,3.22027919150423,-0.00235946493688971,100,900,0.05,25,4,-225,1450
"core",24,200,"random","even",1,0.25,224,224,11.6622632551007,1.93543750059325,-0.00805201582610607,100,900,0.05,25,4,-225,1450
"core",25,200,"random","even",1,0.25,225,225,6.73106158734299,1.43161307368428,-0.00626161609310657,100,900,0.05,25,4,-225,1450
"core",26,200,"random","even",1,0.25,226,226,13.284322429914,3.88348595611751,0.0225082876486704,100,900,0.05,25,4,-225,1450
"core",27,200,"random","even",1,0.25,227,227,11.1379832315724,2.59729709965177,0.00978637784253806,100,900,0.05,25,4,-225,1450
"core",28,200,"random","even",1,0.25,228,228,3.70811571064405,2.47426230809651,-0.0206448522722349,100,900,0.05,25,4,-225,1450
"core",29,200,"random","even",1,0.25,229,229,5.10109358211048,2.04702934983652,0.0289547181688249,100,900,0.05,25,4,-225,1450
"core",30,200,"random","even",1,0.25,230,230,4.39291316550225,3.02086120366585,0.027862562360242,100,900,0.05,25,4,-225,1450
"core",31,200,"random","even",1,0.25,231,231,7.47476314450614,1.2703948346898,0.000811331598088147,100,900,0.05,25,4,-225,1450
"core",32,200,"random","even",1,0.25,232,232,4.64413885260001,3.56816539983265,0.0299863380286843,100,900,0.05,25,4,-225,1450
"core",33,200,"random","even",1,0.25,233,233,7.05975652299821,3.28968891431578,0.0253292404208332,100,900,0.05,25,4,-225,1450
"core",34,200,"random","even",1,0.25,234,234,8.45512838312425,2.85003619582858,0.000857794024050236,100,900,0.05,25,4,-225,1450
"core",35,200,"random","even",1,0.25,235,235,13.4294153088704,1.38016597332899,0.01825808275491,100,900,0.05,25,4,-225,1450
"core",36,200,"random","even",1,0.25,236,236,11.3828506504651,2.19174461520743,-0.0197152709215879,100,900,0.05,25,4,-225,1450
"core",37,200,"random","even",1,0.25,237,237,14.8563834147062,2.44648015184794,-0.0116521223634481,100,900,0.05,25,4,-225,1450
"core",38,200,"random","even",1,0.25,238,238,2.93244019965641,0.501321367220953,-0.0257054039044306,100,900,0.05,25,4,-225,1450
"core",39,200,"random","even",1,0.25,239,239,3.85337284486741,3.02268642233685,0.0143107780907303,100,900,0.05,25,4,-225,1450
"core",40,200,"random","even",1,0.25,240,240,13.6015062697697,2.56317319744267,-0.0140856780298054,100,900,0.05,25,4,-225,1450
"core",41,200,"random","even",1,0.25,241,241,14.6319457860664,3.56920721882489,0.00390135948546231,100,900,0.05,25,4,-225,1450
"core",42,200,"random","even",1,0.25,242,242,9.02782111428678,0.856635284028016,-0.02484514455311,100,900,0.05,25,4,-225,1450
"core",43,200,"random","even",1,0.25,243,243,14.7853473566938,1.38547019730322,0.01798023595009,100,900,0.05,25,4,-225,1450
"core",44,200,"random","even",1,0.25,244,244,12.6521399866324,2.34645403595641,-0.0155253656208515,100,900,0.05,25,4,-225,1450
"core",45,200,"random","even",1,0.25,245,245,9.68975812662393,3.68320394901093,0.0148091155942529,100,900,0.05,25,4,-225,1450
"core",46,200,"random","even",1,0.25,246,246,8.77727212850004,0.664816232165322,-0.0037308766040951,100,900,0.05,25,4,-225,1450
"core",47,200,"random","even",1,0.25,247,247,12.5966388168745,3.93691415549256,-0.00899775241501629,100,900,0.05,25,4,-225,1450
"core",48,200,"random","even",1,0.25,248,248,6.11918548634276,3.65490015107207,0.01276094970759,100,900,0.05,25,4,-225,1450
"core",49,200,"random","even",1,0.25,249,249,2.53346300590783,2.42107859312091,-0.0259448407078162,100,900,0.05,25,4,-225,1450
"core",50,200,"random","even",1,0.25,250,250,2.9872956473846,0.746749215759337,0.00225216464605182,100,900,0.05,25,4,-225,1450
"core",51,200,"random","even",1,0.25,251,251,10.8453408484347,1.19204237835947,0.0100723765790462,100,900,0.05,25,4,-225,1450
"core",52,200,"random","even",1,0.25,252,252,6.78559508663602,2.93574113573413,0.0180053511355072,100,900,0.05,25,4,-225,1450
"core",53,200,"random","even",1,0.25,253,253,5.81120902788825,1.2671315720072,0.00592711663339287,100,900,0.05,25,4,-225,1450
"core",54,200,"random","even",1,0.25,254,254,11.1378035880625,3.81759146042168,-0.0219190808571875,100,900,0.05,25,4,-225,1450
"core",55,200,"random","even",1,0.25,255,255,7.64601708366536,1.51570356579032,-0.0127474073739722,100,900,0.05,25,4,-225,1450
"core",56,200,"random","even",1,0.25,256,256,4.20749518414959,1.67295236955397,0.00749054804909974,100,900,0.05,25,4,-225,1450
"core",57,200,"random","even",1,0.25,257,257,11.2245773843024,2.94228599080816,0.0132995496690273,100,900,0.05,25,4,-225,1450
"core",58,200,"random","even",1,0.25,258,258,13.7781602018513,1.43720255105291,-0.00513991808518767,100,900,0.05,25,4,-225,1450
"core",59,200,"random","even",1,0.25,259,259,13.0405789702199,3.70510483975522,-0.00553495708387345,100,900,0.05,25,4,-225,1450
"core",60,200,"random","even",1,0.25,260,260,10.4024300486781,0.843706003041007,-0.00464640741236508,100,900,0.05,25,4,-225,1450
"core",61,200,"random","even",1,0.25,261,261,8.2605903041549,2.28328951215371,0.0265615740884095,100,900,0.05,25,4,-225,1450
"core",62,200,"random","even",1,0.25,262,262,9.66719175572507,2.10274851752911,0.0215225724689662,100,900,0.05,25,4,-225,1450
"core",63,200,"random","even",1,0.25,263,263,14.9459051624872,1.18654228490777,0.00358160372357816,100,900,0.05,25,4,-225,1450
"core",64,200,"random","even",1,0.25,264,264,5.3246594958473,2.59107180312276,-0.0223219222342595,100,900,0.05,25,4,-225,1450
"core",65,200,"random","even",1,0.25,265,265,11.3869268277194,1.56328995258082,-0.00929369714576751,100,900,0.05,25,4,-225,1450
"core",66,200,"random","even",1,0.25,266,266,4.66732078650966,2.01871954440139,-0.00173564004711807,100,900,0.05,25,4,-225,1450
"core",67,200,"random","even",1,0.25,267,267,7.45754138822667,3.56227690854575,0.0240901740314439,100,900,0.05,25,4,-225,1450
"core",68,200,"random","even",1,0.25,268,268,9.72329109953716,2.44935781834647,-0.00338013159111142,100,900,0.05,25,4,-225,1450
"core",69,200,"random","even",1,0.25,269,269,10.7177509940229,0.756105733918957,-0.0292600166145712,100,900,0.05,25,4,-225,1450
"core",70,200,"random","even",1,0.25,270,270,11.7335058799945,0.886267166468315,0.00962194276973605,100,900,0.05,25,4,-225,1450
"core",71,200,"random","even",1,0.25,271,271,7.98090832354501,2.20502746978309,-0.00405740610323846,100,900,0.05,25,4,-225,1450
"core",72,200,"random","even",1,0.25,272,272,8.20388744096272,3.69306234410033,-0.0114717913325876,100,900,0.05,25,4,-225,1450
"core",73,200,"random","even",1,0.25,273,273,3.78240697830915,1.45404080604203,0.0181014349870384,100,900,0.05,25,4,-225,1450
"core",74,200,"random","even",1,0.25,274,274,4.957458257908,2.78634337743279,0.023930934118107,100,900,0.05,25,4,-225,1450
"core",75,200,"random","even",1,0.25,275,275,11.0038624815643,3.32305873883888,0.000903721349313855,100,900,0.05,25,4,-225,1450
"core",76,200,"random","even",1,0.25,276,276,9.65817295596935,3.63475328544155,-0.00346869472414255,100,900,0.05,25,4,-225,1450
"core",77,200,"random","even",1,0.25,277,277,12.7737596416846,2.71333228121512,0.000359063213691117,100,900,0.05,25,4,-225,1450
"core",78,200,"random","even",1,0.25,278,278,11.18010826502,1.09044457692653,-0.0294036289164796,100,900,0.05,25,4,-225,1450
"core",79,200,"random","even",1,0.25,279,279,10.4378675254993,1.85179709398653,0.0142411869484931,100,900,0.05,25,4,-225,1450
"core",80,200,"random","even",1,0.25,280,280,2.36095124739222,3.24768738111015,-0.00159850361756981,100,900,0.05,25,4,-225,1450
"core",81,200,"random","even",1,0.25,281,281,10.3836550454143,0.625642222585157,-0.0241094109741971,100,900,0.05,25,4,-225,1450
"core",82,200,"random","even",1,0.25,282,282,11.9037919035181,1.67461888503749,0.0122086234856397,100,900,0.05,25,4,-225,1450
"core",83,200,"random","even",1,0.25,283,283,9.3120170077309,2.58437286620028,-0.0109735663840547,100,900,0.05,25,4,-225,1450
"core",84,200,"random","even",1,0.25,284,284,10.4581328395288,3.83308057778049,0.0143855571141467,100,900,0.05,25,4,-225,1450
"core",85,200,"random","even",1,0.25,285,285,12.4229356045835,0.923681224114262,-0.00987387252040207,100,900,0.05,25,4,-225,1450
"core",86,200,"random","even",1,0.25,286,286,8.94179640221409,2.10938160098158,-0.016319314436987,100,900,0.05,25,4,-225,1450
"core",87,200,"random","even",1,0.25,287,287,3.29580454691313,1.54997343581636,-0.00848055662121624,100,900,0.05,25,4,-225,1450
"core",88,200,"random","even",1,0.25,288,288,2.92237761756405,0.647535652853549,0.00990105524193496,100,900,0.05,25,4,-225,1450
"core",89,200,"random","even",1,0.25,289,289,13.3961226516403,3.78091622621287,0.0194114299770445,100,900,0.05,25,4,-225,1450
"core",90,200,"random","even",1,0.25,290,290,11.9699262038339,3.81857612344902,0.0238375152088702,100,900,0.05,25,4,-225,1450
"core",91,200,"random","even",1,0.25,291,291,4.3614113710355,3.86181936343201,-0.0119342682883143,100,900,0.05,25,4,-225,1450
"core",92,200,"random","even",1,0.25,292,292,13.4862978428137,3.29526188329328,0.0194488123292103,100,900,0.05,25,4,-225,1450
"core",93,200,"random","even",1,0.25,293,293,10.2053913651034,3.50786105054431,-0.00430271667893976,100,900,0.05,25,4,-225,1450
"core",94,200,"random","even",1,0.25,294,294,13.3113676512148,3.99201449973043,0.0136581914685667,100,900,0.05,25,4,-225,1450
"core",95,200,"random","even",1,0.25,295,295,12.1540715042502,2.48971149907447,-0.0171810758812353,100,900,0.05,25,4,-225,1450
"core",96,200,"random","even",1,0.25,296,296,10.392072111601,3.60470770963002,-0.00128946146462112,100,900,0.05,25,4,-225,1450
"core",97,200,"random","even",1,0.25,297,297,9.71843756479211,1.46240057121031,-0.0269695354951546,100,900,0.05,25,4,-225,1450
"core",98,200,"random","even",1,0.25,298,298,8.58792635262944,1.70537818351295,0.0297181970765814,100,900,0.05,25,4,-225,1450
"core",99,200,"random","even",1,0.25,299,299,2.77213877276517,2.90044539934024,0.0279865773115307,100,900,0.05,25,4,-225,1450
"core",100,200,"random","even",1,0.25,300,300,7.6435881536454,3.75692056992557,0.0117300281440839,100,900,0.05,25,4,-225,1450
"core",1,500,"random","even",1,0.25,301,301,8.62615214940161,3.29391153226607,0.0139029013132677,100,900,0.05,25,4,-225,1450
"core",2,500,"random","even",1,0.25,302,302,8.56386826955713,1.96651164907962,-0.0277369113033637,100,900,0.05,25,4,-225,1450
"core",3,500,"random","even",1,0.25,303,303,10.2036480624229,3.33238662686199,-0.0067707780841738,100,900,0.05,25,4,-225,1450
"core",4,500,"random","even",1,0.25,304,304,6.45837836968713,2.79451035510283,0.0201844242447987,100,900,0.05,25,4,-225,1450
"core",5,500,"random","even",1,0.25,305,305,12.903996428242,0.864720844314434,0.0107650591665879,100,900,0.05,25,4,-225,1450
"core",6,500,"random","even",1,0.25,306,306,3.39781700470485,3.51927679043729,-0.0165822101896629,100,900,0.05,25,4,-225,1450
"core",7,500,"random","even",1,0.25,307,307,10.990728673758,0.942289044498466,0.00109918955247849,100,900,0.05,25,4,-225,1450
"core",8,500,"random","even",1,0.25,308,308,5.64315527724102,2.53700513206422,-0.0167570752557367,100,900,0.05,25,4,-225,1450
"core",9,500,"random","even",1,0.25,309,309,11.333988902159,1.16515155218076,-0.00951886750292033,100,900,0.05,25,4,-225,1450
"core",10,500,"random","even",1,0.25,310,310,12.7148671108298,0.616443173843436,-0.0286171141220257,100,900,0.05,25,4,-225,1450
"core",11,500,"random","even",1,0.25,311,311,13.3544149349909,2.79329765657894,-0.0193332172371447,100,900,0.05,25,4,-225,1450
"core",12,500,"random","even",1,0.25,312,312,11.6702280873433,2.58954482665285,-0.0257868718681857,100,900,0.05,25,4,-225,1450
"core",13,500,"random","even",1,0.25,313,313,5.11537344474345,0.7883661754895,-0.0103441041894257,100,900,0.05,25,4,-225,1450
"core",14,500,"random","even",1,0.25,314,314,12.1442448338494,1.82070391986053,-0.0219465855974704,100,900,0.05,25,4,-225,1450
"core",15,500,"random","even",1,0.25,315,315,5.48534222063608,3.27000893186778,-0.0257142032682896,100,900,0.05,25,4,-225,1450
"core",16,500,"random","even",1,0.25,316,316,12.8955929826479,3.25609305896796,-0.0179617963079363,100,900,0.05,25,4,-225,1450
"core",17,500,"random","even",1,0.25,317,317,8.4568809568882,0.73635743453633,-0.0272202498978004,100,900,0.05,25,4,-225,1450
"core",18,500,"random","even",1,0.25,318,318,7.7836109243799,2.72096169961151,-0.0288684674352407,100,900,0.05,25,4,-225,1450
"core",19,500,"random","even",1,0.25,319,319,10.2246436732821,2.81321867636871,-0.0271121094748378,100,900,0.05,25,4,-225,1450
"core",20,500,"random","even",1,0.25,320,320,9.93401091778651,2.12350790738128,-0.0257345392741263,100,900,0.05,25,4,-225,1450
"core",21,500,"random","even",1,0.25,321,321,13.960646789521,2.10961550869979,-0.0179424016736448,100,900,0.05,25,4,-225,1450
"core",22,500,"random","even",1,0.25,322,322,7.75508814724162,2.33679026842583,-0.0215308331698179,100,900,0.05,25,4,-225,1450
"core",23,500,"random","even",1,0.25,323,323,4.51478944160044,2.37366556073539,-0.00283844345714897,100,900,0.05,25,4,-225,1450
"core",24,500,"random","even",1,0.25,324,324,14.3179392006714,3.68212226475589,-0.0102959379460663,100,900,0.05,25,4,-225,1450
"core",25,500,"random","even",1,0.25,325,325,4.48393163480796,3.9027006526012,-0.0210661944234744,100,900,0.05,25,4,-225,1450
"core",26,500,"random","even",1,0.25,326,326,10.8650016684551,3.81900825491175,-0.0115310990530997,100,900,0.05,25,4,-225,1450
"core",27,500,"random","even",1,0.25,327,327,12.1481728311628,2.11812662496231,0.0200011221366003,100,900,0.05,25,4,-225,1450
"core",28,500,"random","even",1,0.25,328,328,10.309860705398,2.80993116123136,-0.0068373047048226,100,900,0.05,25,4,-225,1450
"core",29,500,"random","even",1,0.25,329,329,6.47047124034725,2.24682618153747,-0.0133165172953159,100,900,0.05,25,4,-225,1450
"core",30,500,"random","even",1,0.25,330,330,11.7335256964434,2.77456302603241,-0.027850100803189,100,900,0.05,25,4,-225,1450
"core",31,500,"random","even",1,0.25,331,331,7.39278906048276,1.7837272832403,-0.0166752117918804,100,900,0.05,25,4,-225,1450
"core",32,500,"random","even",1,0.25,332,332,11.1514900831971,1.03510585520416,-0.0287074150610715,100,900,0.05,25,4,-225,1450
"core",33,500,"random","even",1,0.25,333,333,11.4574425942264,3.21957325609401,0.00299577590078116,100,900,0.05,25,4,-225,1450
"core",34,500,"random","even",1,0.25,334,334,13.179779045051,3.11888887931127,-0.0131167305959389,100,900,0.05,25,4,-225,1450
"core",35,500,"random","even",1,0.25,335,335,5.50246164388955,3.71806559571996,-0.00186010097153485,100,900,0.05,25,4,-225,1450
"core",36,500,"random","even",1,0.25,336,336,12.9436406493187,2.30473744240589,-0.00995859541464597,100,900,0.05,25,4,-225,1450
"core",37,500,"random","even",1,0.25,337,337,5.04723978973925,1.04566763585899,-0.0216977723082528,100,900,0.05,25,4,-225,1450
"core",38,500,"random","even",1,0.25,338,338,9.03304129419848,2.64641066908371,-0.0157765105320141,100,900,0.05,25,4,-225,1450
"core",39,500,"random","even",1,0.25,339,339,7.18194984714501,2.61706629651599,0.0223068470740691,100,900,0.05,25,4,-225,1450
"core",40,500,"random","even",1,0.25,340,340,9.91635274561122,0.581403270247392,-0.00656369295436889,100,900,0.05,25,4,-225,1450
"core",41,500,"random","even",1,0.25,341,341,6.51752905617468,0.678612190647982,0.00107956056017429,100,900,0.05,25,4,-225,1450
"core",42,500,"random","even",1,0.25,342,342,9.09459642390721,1.57986975077074,0.0112030667345971,100,900,0.05,25,4,-225,1450
"core",43,500,"random","even",1,0.25,343,343,5.19975867029279,3.79669445555191,0.0215124936914071,100,900,0.05,25,4,-225,1450
"core",44,500,"random","even",1,0.25,344,344,3.248211823171,0.580149679677561,-0.00981366776861251,100,900,0.05,25,4,-225,1450
"core",45,500,"random","even",1,0.25,345,345,12.5227406122722,2.88498176494613,0.0128647115919739,100,900,0.05,25,4,-225,1450
"core",46,500,"random","even",1,0.25,346,346,2.79262462840416,0.535625754273497,0.0116397382272407,100,900,0.05,25,4,-225,1450
"core",47,500,"random","even",1,0.25,347,347,6.09808934642933,3.77549782476854,0.0178507304610684,100,900,0.05,25,4,-225,1450
"core",48,500,"random","even",1,0.25,348,348,6.0012678084895,2.42603268893436,0.00863446209579706,100,900,0.05,25,4,-225,1450
"core",49,500,"random","even",1,0.25,349,349,8.85424365033396,1.60971411620267,-0.0218548022629693,100,900,0.05,25,4,-225,1450
"core",50,500,"random","even",1,0.25,350,350,5.81998865306377,0.77984176564496,0.0253995330585167,100,900,0.05,25,4,-225,1450
"core",51,500,"random","even",1,0.25,351,351,9.20842769998126,2.6487498342758,-0.0158591433009133,100,900,0.05,25,4,-225,1450
"core",52,500,"random","even",1,0.25,352,352,14.8412041752599,0.592413041274995,0.0290768021252006,100,900,0.05,25,4,-225,1450
"core",53,500,"random","even",1,0.25,353,353,2.4098897522781,3.60775664926041,-0.00693618171382696,100,900,0.05,25,4,-225,1450
"core",54,500,"random","even",1,0.25,354,354,2.60763170034625,2.84774388372898,-0.0243719249172136,100,900,0.05,25,4,-225,1450
"core",55,500,"random","even",1,0.25,355,355,10.2606232617982,2.99337158200797,-0.0259355677943677,100,900,0.05,25,4,-225,1450
"core",56,500,"random","even",1,0.25,356,356,13.6601417195052,0.774563899845816,0.0255373344244435,100,900,0.05,25,4,-225,1450
"core",57,500,"random","even",1,0.25,357,357,14.1342539705802,3.34488182549831,0.0109687414811924,100,900,0.05,25,4,-225,1450
"core",58,500,"random","even",1,0.25,358,358,2.62397714401595,3.94725723948795,-0.00150827961042523,100,900,0.05,25,4,-225,1450
"core",59,500,"random","even",1,0.25,359,359,8.42875288636424,3.64704631455243,0.00768615406472236,100,900,0.05,25,4,-225,1450
"core",60,500,"random","even",1,0.25,360,360,11.7246707251761,1.0949265260715,0.022363209547475,100,900,0.05,25,4,-225,1450
"core",61,500,"random","even",1,0.25,361,361,4.84826612845063,1.83506088412832,0.000347212040796876,100,900,0.05,25,4,-225,1450
"core",62,500,"random","even",1,0.25,362,362,5.43041288875975,0.976878806366585,0.0173520093457773,100,900,0.05,25,4,-225,1450
"core",63,500,"random","even",1,0.25,363,363,13.7662718065549,2.43586761713959,-0.0265422968007624,100,900,0.05,25,4,-225,1450
"core",64,500,"random","even",1,0.25,364,364,4.12414673087187,1.82013004261535,0.0132967114308849,100,900,0.05,25,4,-225,1450
"core",65,500,"random","even",1,0.25,365,365,9.83601535437629,2.36493779567536,-0.0112444259785116,100,900,0.05,25,4,-225,1450
"core",66,500,"random","even",1,0.25,366,366,4.8933075487148,0.585733903339133,0.0274302063183859,100,900,0.05,25,4,-225,1450
"core",67,500,"random","even",1,0.25,367,367,12.9812648578081,1.65806205337867,0.0131542167020962,100,900,0.05,25,4,-225,1450
"core",68,500,"random","even",1,0.25,368,368,14.103727791924,2.8284509642981,0.0206560163805261,100,900,0.05,25,4,-225,1450
"core",69,500,"random","even",1,0.25,369,369,9.60952350730076,0.571536471834406,-0.0137515512434766,100,900,0.05,25,4,-225,1450
"core",70,500,"random","even",1,0.25,370,370,13.8394007624593,1.39328751456924,0.0157940815296024,100,900,0.05,25,4,-225,1450
"core",71,500,"random","even",1,0.25,371,371,11.4925426465925,1.50579856452532,-0.00207470739260316,100,900,0.05,25,4,-225,1450
"core",72,500,"random","even",1,0.25,372,372,9.16177497268654,0.761975497822277,0.0196549128647894,100,900,0.05,25,4,-225,1450
"core",73,500,"random","even",1,0.25,373,373,14.0368272000924,3.76782112871297,0.00305776222608983,100,900,0.05,25,4,-225,1450
"core",74,500,"random","even",1,0.25,374,374,8.44083743332885,0.891759175225161,0.00604727440048009,100,900,0.05,25,4,-225,1450
"core",75,500,"random","even",1,0.25,375,375,11.6818609633483,3.96281511790585,0.0225738221174106,100,900,0.05,25,4,-225,1450
"core",76,500,"random","even",1,0.25,376,376,3.71445515216328,0.871341757127084,0.0266424401197582,100,900,0.05,25,4,-225,1450
"core",77,500,"random","even",1,0.25,377,377,10.4013405465521,1.05412719456945,0.000563468565233052,100,900,0.05,25,4,-225,1450
"core",78,500,"random","even",1,0.25,378,378,3.08963156095706,1.90730717033148,0.0172435185033828,100,900,0.05,25,4,-225,1450
"core",79,500,"random","even",1,0.25,379,379,5.2491799283307,1.41771484841593,-0.00883652312681079,100,900,0.05,25,4,-225,1450
"core",80,500,"random","even",1,0.25,380,380,4.54745745845139,1.38921495527029,-0.0148653684742749,100,900,0.05,25,4,-225,1450
"core",81,500,"random","even",1,0.25,381,381,11.3496612040326,0.565476873656735,0.00893610659055412,100,900,0.05,25,4,-225,1450
"core",82,500,"random","even",1,0.25,382,382,13.7047158202622,2.26360837824177,-0.011322528985329,100,900,0.05,25,4,-225,1450
"core",83,500,"random","even",1,0.25,383,383,6.41159008722752,2.6237488448387,-0.0194788388209417,100,900,0.05,25,4,-225,1450
"core",84,500,"random","even",1,0.25,384,384,8.87782770348713,2.7104768527206,-0.00925615993794054,100,900,0.05,25,4,-225,1450
"core",85,500,"random","even",1,0.25,385,385,14.8100691863801,1.56467833695933,-0.0297628700779751,100,900,0.05,25,4,-225,1450
"core",86,500,"random","even",1,0.25,386,386,10.9701384510845,3.69007628841791,-0.00209249801002443,100,900,0.05,25,4,-225,1450
"core",87,500,"random","even",1,0.25,387,387,10.2439138516784,0.888242412009276,-0.00164567562751472,100,900,0.05,25,4,-225,1450
"core",88,500,"random","even",1,0.25,388,388,4.94359531253576,2.75170691485982,-0.022523684296757,100,900,0.05,25,4,-225,1450
"core",89,500,"random","even",1,0.25,389,389,4.76156514487229,1.84029506030492,-0.0176422415161505,100,900,0.05,25,4,-225,1450
"core",90,500,"random","even",1,0.25,390,390,8.71492566051893,3.45652544416953,-0.00232339426875115,100,900,0.05,25,4,-225,1450
"core",91,500,"random","even",1,0.25,391,391,14.3448656110559,1.07812639733311,-0.0171967332344502,100,900,0.05,25,4,-225,1450
"core",92,500,"random","even",1,0.25,392,392,12.0486871839967,2.02740723232273,-0.0113777912640944,100,900,0.05,25,4,-225,1450
"core",93,500,"random","even",1,0.25,393,393,6.19583163037896,3.40583237831015,0.0251188680063933,100,900,0.05,25,4,-225,1450
"core",94,500,"random","even",1,0.25,394,394,2.34175852476619,3.87326639413368,-0.023977182819508,100,900,0.05,25,4,-225,1450
"core",95,500,"random","even",1,0.25,395,395,2.73211126821116,2.82378061511554,0.0127928300527856,100,900,0.05,25,4,-225,1450
"core",96,500,"random","even",1,0.25,396,396,10.7354262918234,1.49738987884484,0.024872605050914,100,900,0.05,25,4,-225,1450
"core",97,500,"random","even",1,0.25,397,397,3.924402610166,2.39803625037894,0.0185855921404436,100,900,0.05,25,4,-225,1450
"core",98,500,"random","even",1,0.25,398,398,12.3293237895705,1.87727840116713,0.0274077097792178,100,900,0.05,25,4,-225,1450
"core",99,500,"random","even",1,0.25,399,399,8.71596390986815,3.37106243311428,0.0266044755466282,100,900,0.05,25,4,-225,1450
"core",100,500,"random","even",1,0.25,400,400,2.29243844351731,2.02263517293613,-0.0140301599632949,100,900,0.05,25,4,-225,1450
"core",1,50,"zero","even",1,0.25,401,401,6.32719460083172,2.93148423463572,0,100,900,0.05,25,4,-225,1450
"core",2,50,"zero","even",1,0.25,402,402,7.30160709866323,0.956509966519661,0,100,900,0.05,25,4,-225,1450
"core",3,50,"zero","even",1,0.25,403,403,10.7975693589542,0.532449043705128,0,100,900,0.05,25,4,-225,1450
"core",4,50,"zero","even",1,0.25,404,404,3.9481836988125,1.58676100417506,0,100,900,0.05,25,4,-225,1450
"core",5,50,"zero","even",1,0.25,405,405,7.3208698190283,2.63841166661587,0,100,900,0.05,25,4,-225,1450
"core",6,50,"zero","even",1,0.25,406,406,3.13249328988604,3.71527206758037,0,100,900,0.05,25,4,-225,1450
"core",7,50,"zero","even",1,0.25,407,407,2.41155745764263,2.92502104875166,0,100,900,0.05,25,4,-225,1450
"core",8,50,"zero","even",1,0.25,408,408,7.86021594936028,0.779818572569638,0,100,900,0.05,25,4,-225,1450
"core",9,50,"zero","even",1,0.25,409,409,7.01842583646066,2.69584080879577,0,100,900,0.05,25,4,-225,1450
"core",10,50,"zero","even",1,0.25,410,410,11.7307995711453,3.79034749907441,0,100,900,0.05,25,4,-225,1450
"core",11,50,"zero","even",1,0.25,411,411,14.49817019701,1.45783331023995,0,100,900,0.05,25,4,-225,1450
"core",12,50,"zero","even",1,0.25,412,412,8.35798067436554,2.44043499708641,0,100,900,0.05,25,4,-225,1450
"core",13,50,"zero","even",1,0.25,413,413,6.27696818416007,2.43128221959341,0,100,900,0.05,25,4,-225,1450
"core",14,50,"zero","even",1,0.25,414,414,10.6604177455883,2.13355798006523,0,100,900,0.05,25,4,-225,1450
"core",15,50,"zero","even",1,0.25,415,415,5.61368957371451,2.02975292003248,0,100,900,0.05,25,4,-225,1450
"core",16,50,"zero","even",1,0.25,416,416,4.85182518023066,3.84915127244312,0,100,900,0.05,25,4,-225,1450
"core",17,50,"zero","even",1,0.25,417,417,7.87611159868538,0.924944508820772,0,100,900,0.05,25,4,-225,1450
"core",18,50,"zero","even",1,0.25,418,418,5.61494260164909,0.716471101273783,0,100,900,0.05,25,4,-225,1450
"core",19,50,"zero","even",1,0.25,419,419,14.3609304584097,3.91394351888448,0,100,900,0.05,25,4,-225,1450
"core",20,50,"zero","even",1,0.25,420,420,7.07984113413841,1.71229189087171,0,100,900,0.05,25,4,-225,1450
"core",21,50,"zero","even",1,0.25,421,421,4.49314381065778,0.705710871145129,0,100,900,0.05,25,4,-225,1450
"core",22,50,"zero","even",1,0.25,422,422,2.68494895822369,3.68030924198683,0,100,900,0.05,25,4,-225,1450
"core",23,50,"zero","even",1,0.25,423,423,12.1725154211745,1.37367733463179,0,100,900,0.05,25,4,-225,1450
"core",24,50,"zero","even",1,0.25,424,424,7.53870735038072,3.05233003373723,0,100,900,0.05,25,4,-225,1450
"core",25,50,"zero","even",1,0.25,425,425,5.50542424689047,3.58782995853107,0,100,900,0.05,25,4,-225,1450
"core",26,50,"zero","even",1,0.25,426,426,5.8156368676573,3.34044224908575,0,100,900,0.05,25,4,-225,1450
"core",27,50,"zero","even",1,0.25,427,427,6.83093450125307,0.680024613975547,0,100,900,0.05,25,4,-225,1450
"core",28,50,"zero","even",1,0.25,428,428,6.71604768070392,3.10346790123731,0,100,900,0.05,25,4,-225,1450
"core",29,50,"zero","even",1,0.25,429,429,6.69578048703261,3.13345297751948,0,100,900,0.05,25,4,-225,1450
"core",30,50,"zero","even",1,0.25,430,430,12.0835565640591,2.18341029959265,0,100,900,0.05,25,4,-225,1450
"core",31,50,"zero","even",1,0.25,431,431,12.1735317443963,1.81042044959031,0,100,900,0.05,25,4,-225,1450
"core",32,50,"zero","even",1,0.25,432,432,6.61769472202286,2.18758745875675,0,100,900,0.05,25,4,-225,1450
"core",33,50,"zero","even",1,0.25,433,433,11.4721699568909,1.76670667075086,0,100,900,0.05,25,4,-225,1450
"core",34,50,"zero","even",1,0.25,434,434,6.24038265785202,2.94154644862283,0,100,900,0.05,25,4,-225,1450
"core",35,50,"zero","even",1,0.25,435,435,13.1679931553081,0.594316715956666,0,100,900,0.05,25,4,-225,1450
"core",36,50,"zero","even",1,0.25,436,436,7.97182573704049,1.6022023280384,0,100,900,0.05,25,4,-225,1450
"core",37,50,"zero","even",1,0.25,437,437,13.1369462704752,1.33937394339591,0,100,900,0.05,25,4,-225,1450
"core",38,50,"zero","even",1,0.25,438,438,7.05864814273082,2.29426935163792,0,100,900,0.05,25,4,-225,1450
"core",39,50,"zero","even",1,0.25,439,439,14.8008046681061,2.81136832514312,0,100,900,0.05,25,4,-225,1450
"core",40,50,"zero","even",1,0.25,440,440,5.42904290836304,2.12996443302836,0,100,900,0.05,25,4,-225,1450
"core",41,50,"zero","even",1,0.25,441,441,8.86510280403309,1.70248575252481,0,100,900,0.05,25,4,-225,1450
"core",42,50,"zero","even",1,0.25,442,442,5.82065239665098,0.573782615363598,0,100,900,0.05,25,4,-225,1450
"core",43,50,"zero","even",1,0.25,443,443,2.07304379995912,3.60305215138942,0,100,900,0.05,25,4,-225,1450
"core",44,50,"zero","even",1,0.25,444,444,4.66471613268368,1.59531281609088,0,100,900,0.05,25,4,-225,1450
"core",45,50,"zero","even",1,0.25,445,445,5.82380240387283,2.34244863968343,0,100,900,0.05,25,4,-225,1450
"core",46,50,"zero","even",1,0.25,446,446,10.2774309914093,1.3346774878446,0,100,900,0.05,25,4,-225,1450
"core",47,50,"zero","even",1,0.25,447,447,4.84560034237802,2.23398709855974,0,100,900,0.05,25,4,-225,1450
"core",48,50,"zero","even",1,0.25,448,448,9.24171195481904,2.65415268077049,0,100,900,0.05,25,4,-225,1450
"core",49,50,"zero","even",1,0.25,449,449,6.98721686960198,2.12917135551106,0,100,900,0.05,25,4,-225,1450
"core",50,50,"zero","even",1,0.25,450,450,2.28700369689614,0.784440979943611,0,100,900,0.05,25,4,-225,1450
"core",51,50,"zero","even",1,0.25,451,451,13.3777374122292,2.81241844315082,0,100,900,0.05,25,4,-225,1450
"core",52,50,"zero","even",1,0.25,452,452,8.82092778664082,2.6858102735132,0,100,900,0.05,25,4,-225,1450
"core",53,50,"zero","even",1,0.25,453,453,5.70130955986679,3.65363381290808,0,100,900,0.05,25,4,-225,1450
"core",54,50,"zero","even",1,0.25,454,454,11.2345827780664,0.643951735575683,0,100,900,0.05,25,4,-225,1450
"core",55,50,"zero","even",1,0.25,455,455,4.73237932031043,3.31140996969771,0,100,900,0.05,25,4,-225,1450
"core",56,50,"zero","even",1,0.25,456,456,8.00578028545715,0.886098555638455,0,100,900,0.05,25,4,-225,1450
"core",57,50,"zero","even",1,0.25,457,457,10.9550527003594,3.27036293572746,0,100,900,0.05,25,4,-225,1450
"core",58,50,"zero","even",1,0.25,458,458,11.2852427321486,3.59404015890323,0,100,900,0.05,25,4,-225,1450
"core",59,50,"zero","even",1,0.25,459,459,11.8575499490835,3.78454384370707,0,100,900,0.05,25,4,-225,1450
"core",60,50,"zero","even",1,0.25,460,460,12.8005965829361,3.38867285673041,0,100,900,0.05,25,4,-225,1450
"core",61,50,"zero","even",1,0.25,461,461,7.2514041941613,1.67400571051985,0,100,900,0.05,25,4,-225,1450
"core",62,50,"zero","even",1,0.25,462,462,13.091801766539,2.60147321084514,0,100,900,0.05,25,4,-225,1450
"core",63,50,"zero","even",1,0.25,463,463,10.5800860386807,2.17826063663233,0,100,900,0.05,25,4,-225,1450
"core",64,50,"zero","even",1,0.25,464,464,2.38318993709981,1.2162355176406,0,100,900,0.05,25,4,-225,1450
"core",65,50,"zero","even",1,0.25,465,465,10.9806110523641,3.89099680224899,0,100,900,0.05,25,4,-225,1450
"core",66,50,"zero","even",1,0.25,466,466,7.65865550446324,3.93152793473564,0,100,900,0.05,25,4,-225,1450
"core",67,50,"zero","even",1,0.25,467,467,10.3647687104531,1.59288426290732,0,100,900,0.05,25,4,-225,1450
"core",68,50,"zero","even",1,0.25,468,468,4.39761344739236,0.910680584958754,0,100,900,0.05,25,4,-225,1450
"core",69,50,"zero","even",1,0.25,469,469,5.69374771858566,3.18412821076345,0,100,900,0.05,25,4,-225,1450
"core",70,50,"zero","even",1,0.25,470,470,8.82061033602804,2.39569574710913,0,100,900,0.05,25,4,-225,1450
"core",71,50,"zero","even",1,0.25,471,471,12.0098802358843,2.67169030220248,0,100,900,0.05,25,4,-225,1450
"core",72,50,"zero","even",1,0.25,472,472,7.04907740629278,3.87226621608716,0,100,900,0.05,25,4,-225,1450
"core",73,50,"zero","even",1,0.25,473,473,2.15152445016429,3.92743572231848,0,100,900,0.05,25,4,-225,1450
"core",74,50,"zero","even",1,0.25,474,474,6.53566983318888,1.04641775472555,0,100,900,0.05,25,4,-225,1450
"core",75,50,"zero","even",1,0.25,475,475,11.4952766234055,3.80755773640703,0,100,900,0.05,25,4,-225,1450
"core",76,50,"zero","even",1,0.25,476,476,13.5295088612475,3.79566864867229,0,100,900,0.05,25,4,-225,1450
"core",77,50,"zero","even",1,0.25,477,477,10.5378764970228,2.58102484582923,0,100,900,0.05,25,4,-225,1450
"core",78,50,"zero","even",1,0.25,478,478,2.45587497972883,1.60042907681782,0,100,900,0.05,25,4,-225,1450
"core",79,50,"zero","even",1,0.25,479,479,14.7386312815361,3.04148974630516,0,100,900,0.05,25,4,-225,1450
"core",80,50,"zero","even",1,0.25,480,480,12.3364781208802,2.30763551173732,0,100,900,0.05,25,4,-225,1450
"core",81,50,"zero","even",1,0.25,481,481,9.84964855061844,0.504914106684737,0,100,900,0.05,25,4,-225,1450
"core",82,50,"zero","even",1,0.25,482,482,8.71434992412105,3.03281596233137,0,100,900,0.05,25,4,-225,1450
"core",83,50,"zero","even",1,0.25,483,483,9.07151021249592,2.16224967467133,0,100,900,0.05,25,4,-225,1450
"core",84,50,"zero","even",1,0.25,484,484,7.68298765807413,3.5208580812905,0,100,900,0.05,25,4,-225,1450
"core",85,50,"zero","even",1,0.25,485,485,13.4933726510499,3.13801306730602,0,100,900,0.05,25,4,-225,1450
"core",86,50,"zero","even",1,0.25,486,486,13.3278130397666,2.25641029840335,0,100,900,0.05,25,4,-225,1450
"core",87,50,"zero","even",1,0.25,487,487,11.9880971368402,3.97571560170036,0,100,900,0.05,25,4,-225,1450
"core",88,50,"zero","even",1,0.25,488,488,9.49833852471784,3.06058667402249,0,100,900,0.05,25,4,-225,1450
"core",89,50,"zero","even",1,0.25,489,489,8.47660132311285,2.43014084501192,0,100,900,0.05,25,4,-225,1450
"core",90,50,"zero","even",1,0.25,490,490,11.4294113388751,2.4525912423851,0,100,900,0.05,25,4,-225,1450
"core",91,50,"zero","even",1,0.25,491,491,8.38997935713269,3.07148991303984,0,100,900,0.05,25,4,-225,1450
"core",92,50,"zero","even",1,0.25,492,492,9.83333979779854,2.09603283181787,0,100,900,0.05,25,4,-225,1450
"core",93,50,"zero","even",1,0.25,493,493,9.21601457893848,2.36704669333994,0,100,900,0.05,25,4,-225,1450
"core",94,50,"zero","even",1,0.25,494,494,11.4543488945346,2.76643083593808,0,100,900,0.05,25,4,-225,1450
"core",95,50,"zero","even",1,0.25,495,495,3.8496537359897,0.867984056472778,0,100,900,0.05,25,4,-225,1450
"core",96,50,"zero","even",1,0.25,496,496,6.35197916999459,3.09059513895772,0,100,900,0.05,25,4,-225,1450
"core",97,50,"zero","even",1,0.25,497,497,13.5931692412123,2.37411375646479,0,100,900,0.05,25,4,-225,1450
"core",98,50,"zero","even",1,0.25,498,498,13.6462552226149,2.92750588350464,0,100,900,0.05,25,4,-225,1450
"core",99,50,"zero","even",1,0.25,499,499,5.8306319960393,3.07394834642764,0,100,900,0.05,25,4,-225,1450
"core",100,50,"zero","even",1,0.25,500,500,13.9039765703492,3.19741766038351,0,100,900,0.05,25,4,-225,1450
"core",1,100,"zero","even",1,0.25,501,501,6.9858592657838,2.6521403202787,0,100,900,0.05,25,4,-225,1450
"core",2,100,"zero","even",1,0.25,502,502,11.0595286935568,2.08486642257776,0,100,900,0.05,25,4,-225,1450
"core",3,100,"zero","even",1,0.25,503,503,11.8064524773508,3.19168830499984,0,100,900,0.05,25,4,-225,1450
"core",4,100,"zero","even",1,0.25,504,504,4.27664958452806,1.77261052140966,0,100,900,0.05,25,4,-225,1450
"core",5,100,"zero","even",1,0.25,505,505,6.48427090747282,2.2440074083861,0,100,900,0.05,25,4,-225,1450
"core",6,100,"zero","even",1,0.25,506,506,2.83668928872794,2.772047469276,0,100,900,0.05,25,4,-225,1450
"core",7,100,"zero","even",1,0.25,507,507,7.96425809944049,1.64713014021982,0,100,900,0.05,25,4,-225,1450
"core",8,100,"zero","even",1,0.25,508,508,10.6021714240778,0.896305163041689,0,100,900,0.05,25,4,-225,1450
"core",9,100,"zero","even",1,0.25,509,509,14.1801412992645,3.45673049683683,0,100,900,0.05,25,4,-225,1450
"core",10,100,"zero","even",1,0.25,510,510,9.6806227103807,2.12572699028533,0,100,900,0.05,25,4,-225,1450
"core",11,100,"zero","even",1,0.25,511,511,5.4168260328006,0.84432296117302,0,100,900,0.05,25,4,-225,1450
"core",12,100,"zero","even",1,0.25,512,512,8.69829980516806,3.8168855519034,0,100,900,0.05,25,4,-225,1450
"core",13,100,"zero","even",1,0.25,513,513,7.33348927088082,3.21144783461932,0,100,900,0.05,25,4,-225,1450
"core",14,100,"zero","even",1,0.25,514,514,8.0389164572116,1.61109665199183,0,100,900,0.05,25,4,-225,1450
"core",15,100,"zero","even",1,0.25,515,515,14.1333302219864,2.43924375099596,0,100,900,0.05,25,4,-225,1450
"core",16,100,"zero","even",1,0.25,516,516,5.92515800404362,1.86062673875131,0,100,900,0.05,25,4,-225,1450
"core",17,100,"zero","even",1,0.25,517,517,6.75801377091557,0.515843734028749,0,100,900,0.05,25,4,-225,1450
"core",18,100,"zero","even",1,0.25,518,518,12.3885384988971,2.4310425480362,0,100,900,0.05,25,4,-225,1450
"core",19,100,"zero","even",1,0.25,519,519,5.76847450924106,1.57533015182707,0,100,900,0.05,25,4,-225,1450
"core",20,100,"zero","even",1,0.25,520,520,9.60705886106007,1.23104352492373,0,100,900,0.05,25,4,-225,1450
"core",21,100,"zero","even",1,0.25,521,521,9.82148315967061,3.65676443069242,0,100,900,0.05,25,4,-225,1450
"core",22,100,"zero","even",1,0.25,522,522,14.9338906949852,1.95333431684412,0,100,900,0.05,25,4,-225,1450
"core",23,100,"zero","even",1,0.25,523,523,11.4913270026445,0.566636473638937,0,100,900,0.05,25,4,-225,1450
"core",24,100,"zero","even",1,0.25,524,524,12.2057821811177,3.39168593962677,0,100,900,0.05,25,4,-225,1450
"core",25,100,"zero","even",1,0.25,525,525,5.3424027482979,3.74447445559781,0,100,900,0.05,25,4,-225,1450
"core",26,100,"zero","even",1,0.25,526,526,11.6416812501848,2.68006787309423,0,100,900,0.05,25,4,-225,1450
"core",27,100,"zero","even",1,0.25,527,527,7.7851190478541,3.73723653657362,0,100,900,0.05,25,4,-225,1450
"core",28,100,"zero","even",1,0.25,528,528,5.43531739478931,1.86056991200894,0,100,900,0.05,25,4,-225,1450
"core",29,100,"zero","even",1,0.25,529,529,7.86041237949394,3.58660299016628,0,100,900,0.05,25,4,-225,1450
"core",30,100,"zero","even",1,0.25,530,530,7.66008584527299,2.61938728683162,0,100,900,0.05,25,4,-225,1450
"core",31,100,"zero","even",1,0.25,531,531,4.17550115962513,2.15296504518483,0,100,900,0.05,25,4,-225,1450
"core",32,100,"zero","even",1,0.25,532,532,5.13018922321498,1.42720448167529,0,100,900,0.05,25,4,-225,1450
"core",33,100,"zero","even",1,0.25,533,533,8.59875677293167,1.50768754968885,0,100,900,0.05,25,4,-225,1450
"core",34,100,"zero","even",1,0.25,534,534,2.91891707899049,2.83410940482281,0,100,900,0.05,25,4,-225,1450
"core",35,100,"zero","even",1,0.25,535,535,14.4104198254645,0.71020295121707,0,100,900,0.05,25,4,-225,1450
"core",36,100,"zero","even",1,0.25,536,536,4.17824146850035,2.19155851157848,0,100,900,0.05,25,4,-225,1450
"core",37,100,"zero","even",1,0.25,537,537,12.5578173038084,2.14122940041125,0,100,900,0.05,25,4,-225,1450
"core",38,100,"zero","even",1,0.25,538,538,7.0126714205835,1.56950696150307,0,100,900,0.05,25,4,-225,1450
"core",39,100,"zero","even",1,0.25,539,539,5.02531375316903,1.93853540555574,0,100,900,0.05,25,4,-225,1450
"core",40,100,"zero","even",1,0.25,540,540,3.99959110561758,3.07047734269872,0,100,900,0.05,25,4,-225,1450
"core",41,100,"zero","even",1,0.25,541,541,10.287989096716,3.90187327645253,0,100,900,0.05,25,4,-225,1450
"core",42,100,"zero","even",1,0.25,542,542,12.0064282873645,1.11901788995601,0,100,900,0.05,25,4,-225,1450
"core",43,100,"zero","even",1,0.25,543,543,7.23023894638754,2.61175125464797,0,100,900,0.05,25,4,-225,1450
"core",44,100,"zero","even",1,0.25,544,544,12.8289553741924,2.17398139892612,0,100,900,0.05,25,4,-225,1450
"core",45,100,"zero","even",1,0.25,545,545,7.65534112090245,1.54123226471711,0,100,900,0.05,25,4,-225,1450
"core",46,100,"zero","even",1,0.25,546,546,5.19067371985875,1.46712337352801,0,100,900,0.05,25,4,-225,1450
"core",47,100,"zero","even",1,0.25,547,547,12.5104238644708,3.4453421003418,0,100,900,0.05,25,4,-225,1450
"core",48,100,"zero","even",1,0.25,548,548,5.78564519132487,2.98315392120276,0,100,900,0.05,25,4,-225,1450
"core",49,100,"zero","even",1,0.25,549,549,11.4603874934837,3.28930213407148,0,100,900,0.05,25,4,-225,1450
"core",50,100,"zero","even",1,0.25,550,550,2.60268346616067,3.57758123590611,0,100,900,0.05,25,4,-225,1450
"core",51,100,"zero","even",1,0.25,551,551,12.7002901770175,1.59153623762541,0,100,900,0.05,25,4,-225,1450
"core",52,100,"zero","even",1,0.25,552,552,3.42343803867698,1.29141020728275,0,100,900,0.05,25,4,-225,1450
"core",53,100,"zero","even",1,0.25,553,553,10.7950166903902,2.88482622767333,0,100,900,0.05,25,4,-225,1450
"core",54,100,"zero","even",1,0.25,554,554,2.4828038206324,2.71115411561914,0,100,900,0.05,25,4,-225,1450
"core",55,100,"zero","even",1,0.25,555,555,4.74992670561187,1.43428262753878,0,100,900,0.05,25,4,-225,1450
"core",56,100,"zero","even",1,0.25,556,556,6.74695973680355,1.89441992389038,0,100,900,0.05,25,4,-225,1450
"core",57,100,"zero","even",1,0.25,557,557,6.02416428504512,1.36712604179047,0,100,900,0.05,25,4,-225,1450
"core",58,100,"zero","even",1,0.25,558,558,13.777394651901,2.41891881753691,0,100,900,0.05,25,4,-225,1450
"core",59,100,"zero","even",1,0.25,559,559,3.46342379460111,1.15330610761885,0,100,900,0.05,25,4,-225,1450
"core",60,100,"zero","even",1,0.25,560,560,6.12413469818421,1.23605851957109,0,100,900,0.05,25,4,-225,1450
"core",61,100,"zero","even",1,0.25,561,561,11.5195943028666,1.70696182944812,0,100,900,0.05,25,4,-225,1450
"core",62,100,"zero","even",1,0.25,562,562,12.5569423199631,2.81034992495552,0,100,900,0.05,25,4,-225,1450
"core",63,100,"zero","even",1,0.25,563,563,13.8694127183408,1.05913346807938,0,100,900,0.05,25,4,-225,1450
"core",64,100,"zero","even",1,0.25,564,564,7.12198276352137,2.7034227947006,0,100,900,0.05,25,4,-225,1450
"core",65,100,"zero","even",1,0.25,565,565,2.68252439587377,3.29569691338111,0,100,900,0.05,25,4,-225,1450
"core",66,100,"zero","even",1,0.25,566,566,7.0349232708104,0.612380078062415,0,100,900,0.05,25,4,-225,1450
"core",67,100,"zero","even",1,0.25,567,567,8.91218054830097,3.10474496684037,0,100,900,0.05,25,4,-225,1450
"core",68,100,"zero","even",1,0.25,568,568,9.76996883423999,2.619158074609,0,100,900,0.05,25,4,-225,1450
"core",69,100,"zero","even",1,0.25,569,569,11.0464663302992,2.08656186156441,0,100,900,0.05,25,4,-225,1450
"core",70,100,"zero","even",1,0.25,570,570,2.45060527231544,1.71310691221152,0,100,900,0.05,25,4,-225,1450
"core",71,100,"zero","even",1,0.25,571,571,7.37270911363885,3.8200694230618,0,100,900,0.05,25,4,-225,1450
"core",72,100,"zero","even",1,0.25,572,572,11.5557133359835,0.535482394159772,0,100,900,0.05,25,4,-225,1450
"core",73,100,"zero","even",1,0.25,573,573,4.65745264594443,2.92529271519743,0,100,900,0.05,25,4,-225,1450
"core",74,100,"zero","even",1,0.25,574,574,2.77846370683983,2.94839726714417,0,100,900,0.05,25,4,-225,1450
"core",75,100,"zero","even",1,0.25,575,575,4.02009632065892,3.14846927591134,0,100,900,0.05,25,4,-225,1450
"core",76,100,"zero","even",1,0.25,576,576,3.14677691482939,1.07312275678851,0,100,900,0.05,25,4,-225,1450
"core",77,100,"zero","even",1,0.25,577,577,13.7011738759466,1.71359546866734,0,100,900,0.05,25,4,-225,1450
"core",78,100,"zero","even",1,0.25,578,578,8.42776840203442,2.74938976601698,0,100,900,0.05,25,4,-225,1450
"core",79,100,"zero","even",1,0.25,579,579,7.40796300908551,3.72759869613219,0,100,900,0.05,25,4,-225,1450
"core",80,100,"zero","even",1,0.25,580,580,10.0696341644507,2.33423817856237,0,100,900,0.05,25,4,-225,1450
"core",81,100,"zero","even",1,0.25,581,581,13.4655710540246,2.41872272884939,0,100,900,0.05,25,4,-225,1450
"core",82,100,"zero","even",1,0.25,582,582,10.5965384342708,3.52098857238889,0,100,900,0.05,25,4,-225,1450
"core",83,100,"zero","even",1,0.25,583,583,5.34942855872214,1.6176656356547,0,100,900,0.05,25,4,-225,1450
"core",84,100,"zero","even",1,0.25,584,584,4.13872366165742,0.521703990409151,0,100,900,0.05,25,4,-225,1450
"core",85,100,"zero","even",1,0.25,585,585,13.71321909572,3.34426803491078,0,100,900,0.05,25,4,-225,1450
"core",86,100,"zero","even",1,0.25,586,586,2.60991123365238,3.59299733268563,0,100,900,0.05,25,4,-225,1450
"core",87,100,"zero","even",1,0.25,587,587,11.1654359174427,1.23658248130232,0,100,900,0.05,25,4,-225,1450
"core",88,100,"zero","even",1,0.25,588,588,11.7968799036462,0.673599700210616,0,100,900,0.05,25,4,-225,1450
"core",89,100,"zero","even",1,0.25,589,589,8.63244532630779,0.994429580401629,0,100,900,0.05,25,4,-225,1450
"core",90,100,"zero","even",1,0.25,590,590,8.70655502844602,2.90018546103965,0,100,900,0.05,25,4,-225,1450
"core",91,100,"zero","even",1,0.25,591,591,13.4111057727132,3.6771716469666,0,100,900,0.05,25,4,-225,1450
"core",92,100,"zero","even",1,0.25,592,592,5.66911228885874,3.56552025896963,0,100,900,0.05,25,4,-225,1450
"core",93,100,"zero","even",1,0.25,593,593,6.63549007475376,3.44306884729303,0,100,900,0.05,25,4,-225,1450
"core",94,100,"zero","even",1,0.25,594,594,7.08618155634031,2.62540803756565,0,100,900,0.05,25,4,-225,1450
"core",95,100,"zero","even",1,0.25,595,595,6.65613745851442,3.48163927544374,0,100,900,0.05,25,4,-225,1450
"core",96,100,"zero","even",1,0.25,596,596,2.85157712316141,3.16804931324441,0,100,900,0.05,25,4,-225,1450
"core",97,100,"zero","even",1,0.25,597,597,8.46497560548596,3.12790494714864,0,100,900,0.05,25,4,-225,1450
"core",98,100,"zero","even",1,0.25,598,598,14.7301522870548,3.57291969179641,0,100,900,0.05,25,4,-225,1450
"core",99,100,"zero","even",1,0.25,599,599,7.97979984944686,2.53208880801685,0,100,900,0.05,25,4,-225,1450
"core",100,100,"zero","even",1,0.25,600,600,14.1946031784173,1.54520662524737,0,100,900,0.05,25,4,-225,1450
"core",1,200,"zero","even",1,0.25,601,601,7.73219088069163,1.09925351082347,0,100,900,0.05,25,4,-225,1450
"core",2,200,"zero","even",1,0.25,602,602,10.0103974926751,3.2254804992117,0,100,900,0.05,25,4,-225,1450
"core",3,200,"zero","even",1,0.25,603,603,7.55642809253186,1.53746556129772,0,100,900,0.05,25,4,-225,1450
"core",4,200,"zero","even",1,0.25,604,604,11.0942469879519,3.04940172890201,0,100,900,0.05,25,4,-225,1450
"core",5,200,"zero","even",1,0.25,605,605,4.54027048917487,1.91165556269698,0,100,900,0.05,25,4,-225,1450
"core",6,200,"zero","even",1,0.25,606,606,4.25690378411673,0.583266161265783,0,100,900,0.05,25,4,-225,1450
"core",7,200,"zero","even",1,0.25,607,607,12.8031137350481,3.4111339179799,0,100,900,0.05,25,4,-225,1450
"core",8,200,"zero","even",1,0.25,608,608,10.0928215708118,1.15303308516741,0,100,900,0.05,25,4,-225,1450
"core",9,200,"zero","even",1,0.25,609,609,4.60926984483376,1.9924540707143,0,100,900,0.05,25,4,-225,1450
"core",10,200,"zero","even",1,0.25,610,610,13.2022055415437,3.74767291033641,0,100,900,0.05,25,4,-225,1450
"core",11,200,"zero","even",1,0.25,611,611,4.90822621411644,3.12992794625461,0,100,900,0.05,25,4,-225,1450
"core",12,200,"zero","even",1,0.25,612,612,8.77824675454758,1.78728576481808,0,100,900,0.05,25,4,-225,1450
"core",13,200,"zero","even",1,0.25,613,613,4.5103513863869,3.04288430034649,0,100,900,0.05,25,4,-225,1450
"core",14,200,"zero","even",1,0.25,614,614,10.3503213054501,2.92135893460363,0,100,900,0.05,25,4,-225,1450
"core",15,200,"zero","even",1,0.25,615,615,14.3687809503172,1.77425468887668,0,100,900,0.05,25,4,-225,1450
"core",16,200,"zero","even",1,0.25,616,616,9.92541654477827,3.44381923507899,0,100,900,0.05,25,4,-225,1450
"core",17,200,"zero","even",1,0.25,617,617,11.2458153176121,0.82203806983307,0,100,900,0.05,25,4,-225,1450
"core",18,200,"zero","even",1,0.25,618,618,9.79172177123837,2.28601058200002,0,100,900,0.05,25,4,-225,1450
"core",19,200,"zero","even",1,0.25,619,619,11.4407116211951,2.01622996525839,0,100,900,0.05,25,4,-225,1450
"core",20,200,"zero","even",1,0.25,620,620,2.11906244023703,3.94085715187248,0,100,900,0.05,25,4,-225,1450
"core",21,200,"zero","even",1,0.25,621,621,2.31760820909403,1.75671244610567,0,100,900,0.05,25,4,-225,1450
"core",22,200,"zero","even",1,0.25,622,622,8.63560123578645,1.25257286033593,0,100,900,0.05,25,4,-225,1450
"core",23,200,"zero","even",1,0.25,623,623,6.575125339441,0.692894533043727,0,100,900,0.05,25,4,-225,1450
"core",24,200,"zero","even",1,0.25,624,624,10.8039975038264,3.20431257679593,0,100,900,0.05,25,4,-225,1450
"core",25,200,"zero","even",1,0.25,625,625,13.3947830027901,1.76366610999685,0,100,900,0.05,25,4,-225,1450
"core",26,200,"zero","even",1,0.25,626,626,6.56309129460715,1.0170010648435,0,100,900,0.05,25,4,-225,1450
"core",27,200,"zero","even",1,0.25,627,627,13.9298409952316,3.64754558622371,0,100,900,0.05,25,4,-225,1450
"core",28,200,"zero","even",1,0.25,628,628,13.6576285567135,1.81195471296087,0,100,900,0.05,25,4,-225,1450
"core",29,200,"zero","even",1,0.25,629,629,2.28776654996909,1.32745776243974,0,100,900,0.05,25,4,-225,1450
"core",30,200,"zero","even",1,0.25,630,630,14.3970991401002,1.32577900297474,0,100,900,0.05,25,4,-225,1450
"core",31,200,"zero","even",1,0.25,631,631,2.12658859556541,1.37899923231453,0,100,900,0.05,25,4,-225,1450
"core",32,200,"zero","even",1,0.25,632,632,7.92068410431966,3.41944890888408,0,100,900,0.05,25,4,-225,1450
"core",33,200,"zero","even",1,0.25,633,633,3.11259333766066,3.8586298058508,0,100,900,0.05,25,4,-225,1450
"core",34,200,"zero","even",1,0.25,634,634,13.4132409670856,2.08558899105992,0,100,900,0.05,25,4,-225,1450
"core",35,200,"zero","even",1,0.25,635,635,3.10319974157028,2.37063012819272,0,100,900,0.05,25,4,-225,1450
"core",36,200,"zero","even",1,0.25,636,636,11.8179307233077,2.3946655234322,0,100,900,0.05,25,4,-225,1450
"core",37,200,"zero","even",1,0.25,637,637,12.0042403873522,0.67584117106162,0,100,900,0.05,25,4,-225,1450
"core",38,200,"zero","even",1,0.25,638,638,10.2644185340032,0.961774722090922,0,100,900,0.05,25,4,-225,1450
"core",39,200,"zero","even",1,0.25,639,639,10.7794306674041,0.881433500093408,0,100,900,0.05,25,4,-225,1450
"core",40,200,"zero","even",1,0.25,640,640,8.93539331317879,2.71504877251573,0,100,900,0.05,25,4,-225,1450
"core",41,200,"zero","even",1,0.25,641,641,14.5084655489773,3.94291721540503,0,100,900,0.05,25,4,-225,1450
"core",42,200,"zero","even",1,0.25,642,642,10.6151655693538,2.63208517979365,0,100,900,0.05,25,4,-225,1450
"core",43,200,"zero","even",1,0.25,643,643,9.50487252580933,3.55997661931906,0,100,900,0.05,25,4,-225,1450
"core",44,200,"zero","even",1,0.25,644,644,8.54274629894644,3.75076067948248,0,100,900,0.05,25,4,-225,1450
"core",45,200,"zero","even",1,0.25,645,645,6.74750648555346,2.01012779795565,0,100,900,0.05,25,4,-225,1450
"core",46,200,"zero","even",1,0.25,646,646,14.0698266332038,1.8929646454053,0,100,900,0.05,25,4,-225,1450
"core",47,200,"zero","even",1,0.25,647,647,14.3057039070409,0.587701823678799,0,100,900,0.05,25,4,-225,1450
"core",48,200,"zero","even",1,0.25,648,648,8.55289846216328,1.41288440336939,0,100,900,0.05,25,4,-225,1450
"core",49,200,"zero","even",1,0.25,649,649,12.1535160746425,0.602583048748784,0,100,900,0.05,25,4,-225,1450
"core",50,200,"zero","even",1,0.25,650,650,6.49760603369214,2.0343056153506,0,100,900,0.05,25,4,-225,1450
"core",51,200,"zero","even",1,0.25,651,651,11.8718166965991,0.808133110171184,0,100,900,0.05,25,4,-225,1450
"core",52,200,"zero","even",1,0.25,652,652,10.8455433927011,2.97101005108561,0,100,900,0.05,25,4,-225,1450
"core",53,200,"zero","even",1,0.25,653,653,13.1562700080685,0.77388847945258,0,100,900,0.05,25,4,-225,1450
"core",54,200,"zero","even",1,0.25,654,654,2.07306306553073,3.18556196428835,0,100,900,0.05,25,4,-225,1450
"core",55,200,"zero","even",1,0.25,655,655,7.39789307792671,1.80354494915809,0,100,900,0.05,25,4,-225,1450
"core",56,200,"zero","even",1,0.25,656,656,2.4444605386816,1.76816141791642,0,100,900,0.05,25,4,-225,1450
"core",57,200,"zero","even",1,0.25,657,657,10.3451320836321,3.59298736962955,0,100,900,0.05,25,4,-225,1450
"core",58,200,"zero","even",1,0.25,658,658,8.9913417045027,3.11049521237146,0,100,900,0.05,25,4,-225,1450
"core",59,200,"zero","even",1,0.25,659,659,13.1893713292666,1.61734568921383,0,100,900,0.05,25,4,-225,1450
"core",60,200,"zero","even",1,0.25,660,660,14.7162653210107,3.58718434581533,0,100,900,0.05,25,4,-225,1450
"core",61,200,"zero","even",1,0.25,661,661,2.33088533277623,1.24678220110945,0,100,900,0.05,25,4,-225,1450
"core",62,200,"zero","even",1,0.25,662,662,6.57688583433628,0.874925028183497,0,100,900,0.05,25,4,-225,1450
"core",63,200,"zero","even",1,0.25,663,663,8.58043645229191,0.905024772509933,0,100,900,0.05,25,4,-225,1450
"core",64,200,"zero","even",1,0.25,664,664,4.32481025671586,2.77994631964248,0,100,900,0.05,25,4,-225,1450
"core",65,200,"zero","even",1,0.25,665,665,4.49446970270947,0.88111426262185,0,100,900,0.05,25,4,-225,1450
"core",66,200,"zero","even",1,0.25,666,666,7.32177236489952,2.60901967494283,0,100,900,0.05,25,4,-225,1450
"core",67,200,"zero","even",1,0.25,667,667,4.38955134898424,1.67657738586422,0,100,900,0.05,25,4,-225,1450
"core",68,200,"zero","even",1,0.25,668,668,13.8972699902952,2.21974637266248,0,100,900,0.05,25,4,-225,1450
"core",69,200,"zero","even",1,0.25,669,669,4.84493827261031,0.85740224539768,0,100,900,0.05,25,4,-225,1450
"core",70,200,"zero","even",1,0.25,670,670,12.085910647409,1.08020341338124,0,100,900,0.05,25,4,-225,1450
"core",71,200,"zero","even",1,0.25,671,671,10.3344464078546,3.85230188397691,0,100,900,0.05,25,4,-225,1450
"core",72,200,"zero","even",1,0.25,672,672,12.7695842308458,3.78473234560806,0,100,900,0.05,25,4,-225,1450
"core",73,200,"zero","even",1,0.25,673,673,8.41002667509019,1.8556358841015,0,100,900,0.05,25,4,-225,1450
"core",74,200,"zero","even",1,0.25,674,674,8.26024559116922,0.834041952737607,0,100,900,0.05,25,4,-225,1450
"core",75,200,"zero","even",1,0.25,675,675,3.71264317142777,3.42329106782563,0,100,900,0.05,25,4,-225,1450
"core",76,200,"zero","even",1,0.25,676,676,12.0669128838927,1.51079365669284,0,100,900,0.05,25,4,-225,1450
"core",77,200,"zero","even",1,0.25,677,677,11.376828490058,1.39572081458755,0,100,900,0.05,25,4,-225,1450
"core",78,200,"zero","even",1,0.25,678,678,13.750390549656,3.28400950704236,0,100,900,0.05,25,4,-225,1450
"core",79,200,"zero","even",1,0.25,679,679,10.9256120133214,2.35298036003951,0,100,900,0.05,25,4,-225,1450
"core",80,200,"zero","even",1,0.25,680,680,14.912662014598,3.14780101121869,0,100,900,0.05,25,4,-225,1450
"core",81,200,"zero","even",1,0.25,681,681,10.8687614484224,1.0565055453917,0,100,900,0.05,25,4,-225,1450
"core",82,200,"zero","even",1,0.25,682,682,3.99379947222769,3.15236118086614,0,100,900,0.05,25,4,-225,1450
"core",83,200,"zero","even",1,0.25,683,683,10.3344304475468,1.23503147240262,0,100,900,0.05,25,4,-225,1450
"core",84,200,"zero","even",1,0.25,684,684,7.0572494592052,1.79292245791294,0,100,900,0.05,25,4,-225,1450
"core",85,200,"zero","even",1,0.25,685,685,13.5482626012526,1.63747546623927,0,100,900,0.05,25,4,-225,1450
"core",86,200,"zero","even",1,0.25,686,686,7.8682765585836,1.32981845096219,0,100,900,0.05,25,4,-225,1450
"core",87,200,"zero","even",1,0.25,687,687,5.25567380618304,1.98878928855993,0,100,900,0.05,25,4,-225,1450
"core",88,200,"zero","even",1,0.25,688,688,6.01565659651533,3.65337953250855,0,100,900,0.05,25,4,-225,1450
"core",89,200,"zero","even",1,0.25,689,689,5.57028162269853,2.50672260241117,0,100,900,0.05,25,4,-225,1450
"core",90,200,"zero","even",1,0.25,690,690,3.72287316876464,3.53367352217901,0,100,900,0.05,25,4,-225,1450
"core",91,200,"zero","even",1,0.25,691,691,11.9982486190274,2.47746950597502,0,100,900,0.05,25,4,-225,1450
"core",92,200,"zero","even",1,0.25,692,692,6.97288995538838,1.25808484328445,0,100,900,0.05,25,4,-225,1450
"core",93,200,"zero","even",1,0.25,693,693,11.4422415981535,3.23304074094631,0,100,900,0.05,25,4,-225,1450
"core",94,200,"zero","even",1,0.25,694,694,6.01883256458677,3.76808444724884,0,100,900,0.05,25,4,-225,1450
"core",95,200,"zero","even",1,0.25,695,695,13.2614007885568,1.24370936187916,0,100,900,0.05,25,4,-225,1450
"core",96,200,"zero","even",1,0.25,696,696,11.2322329927702,3.97968321724329,0,100,900,0.05,25,4,-225,1450
"core",97,200,"zero","even",1,0.25,697,697,8.44092686008662,3.41376244858839,0,100,900,0.05,25,4,-225,1450
"core",98,200,"zero","even",1,0.25,698,698,4.04601749801077,3.7881115549244,0,100,900,0.05,25,4,-225,1450
"core",99,200,"zero","even",1,0.25,699,699,11.4564918919932,2.92173790722154,0,100,900,0.05,25,4,-225,1450
"core",100,200,"zero","even",1,0.25,700,700,6.27382963034324,0.869335116469301,0,100,900,0.05,25,4,-225,1450
"core",1,500,"zero","even",1,0.25,701,701,13.3021138568874,0.718120859004557,0,100,900,0.05,25,4,-225,1450
"core",2,500,"zero","even",1,0.25,702,702,8.34129274846055,1.11024872434791,0,100,900,0.05,25,4,-225,1450
"core",3,500,"zero","even",1,0.25,703,703,5.12380217318423,0.829688790719956,0,100,900,0.05,25,4,-225,1450
"core",4,500,"zero","even",1,0.25,704,704,4.68511994997971,3.46508288546465,0,100,900,0.05,25,4,-225,1450
"core",5,500,"zero","even",1,0.25,705,705,14.4930678200908,3.7882902494166,0,100,900,0.05,25,4,-225,1450
"core",6,500,"zero","even",1,0.25,706,706,8.30778870265931,0.759945602971129,0,100,900,0.05,25,4,-225,1450
"core",7,500,"zero","even",1,0.25,707,707,5.0249539243523,2.49711603322066,0,100,900,0.05,25,4,-225,1450
"core",8,500,"zero","even",1,0.25,708,708,10.7077875910327,3.79690341977403,0,100,900,0.05,25,4,-225,1450
"core",9,500,"zero","even",1,0.25,709,709,2.66446743695997,1.81674056954216,0,100,900,0.05,25,4,-225,1450
"core",10,500,"zero","even",1,0.25,710,710,7.73585357307456,1.59621174680069,0,100,900,0.05,25,4,-225,1450
"core",11,500,"zero","even",1,0.25,711,711,7.85858131782152,2.59499426872935,0,100,900,0.05,25,4,-225,1450
"core",12,500,"zero","even",1,0.25,712,712,11.3542152824812,3.4738490782911,0,100,900,0.05,25,4,-225,1450
"core",13,500,"zero","even",1,0.25,713,713,9.5514107523486,0.825468043796718,0,100,900,0.05,25,4,-225,1450
"core",14,500,"zero","even",1,0.25,714,714,3.5753152531106,3.24325128109194,0,100,900,0.05,25,4,-225,1450
"core",15,500,"zero","even",1,0.25,715,715,5.21396199730225,1.88644386432134,0,100,900,0.05,25,4,-225,1450
"core",16,500,"zero","even",1,0.25,716,716,13.9101227992214,2.38029320549686,0,100,900,0.05,25,4,-225,1450
"core",17,500,"zero","even",1,0.25,717,717,4.01146991201676,3.14911352365743,0,100,900,0.05,25,4,-225,1450
"core",18,500,"zero","even",1,0.25,718,718,6.44741615955718,3.46354360389523,0,100,900,0.05,25,4,-225,1450
"core",19,500,"zero","even",1,0.25,719,719,5.26263585104607,1.54794602072798,0,100,900,0.05,25,4,-225,1450
"core",20,500,"zero","even",1,0.25,720,720,10.9160435530357,3.3474028299097,0,100,900,0.05,25,4,-225,1450
"core",21,500,"zero","even",1,0.25,721,721,13.2975149333943,1.37974626512732,0,100,900,0.05,25,4,-225,1450
"core",22,500,"zero","even",1,0.25,722,722,8.09593507903628,0.706100947689265,0,100,900,0.05,25,4,-225,1450
"core",23,500,"zero","even",1,0.25,723,723,2.23185820621438,1.26140254340135,0,100,900,0.05,25,4,-225,1450
"core",24,500,"zero","even",1,0.25,724,724,9.38227200345136,0.693369163549505,0,100,900,0.05,25,4,-225,1450
"core",25,500,"zero","even",1,0.25,725,725,2.23750701406971,3.72657145338599,0,100,900,0.05,25,4,-225,1450
"core",26,500,"zero","even",1,0.25,726,726,12.9763274111319,2.66021938738413,0,100,900,0.05,25,4,-225,1450
"core",27,500,"zero","even",1,0.25,727,727,3.27834851038642,2.89619570935611,0,100,900,0.05,25,4,-225,1450
"core",28,500,"zero","even",1,0.25,728,728,4.76108689256944,2.89728473103605,0,100,900,0.05,25,4,-225,1450
"core",29,500,"zero","even",1,0.25,729,729,13.1557950580027,0.734052475891076,0,100,900,0.05,25,4,-225,1450
"core",30,500,"zero","even",1,0.25,730,730,6.2375296219252,3.58444348187186,0,100,900,0.05,25,4,-225,1450
"core",31,500,"zero","even",1,0.25,731,731,12.5894327787682,1.36376853671391,0,100,900,0.05,25,4,-225,1450
"core",32,500,"zero","even",1,0.25,732,732,5.99859173735604,0.914164434885606,0,100,900,0.05,25,4,-225,1450
"core",33,500,"zero","even",1,0.25,733,733,4.59632180980407,0.57634251692798,0,100,900,0.05,25,4,-225,1450
"core",34,500,"zero","even",1,0.25,734,734,3.61261838790961,3.88804230792448,0,100,900,0.05,25,4,-225,1450
"core",35,500,"zero","even",1,0.25,735,735,8.74002453242429,2.27752043819055,0,100,900,0.05,25,4,-225,1450
"core",36,500,"zero","even",1,0.25,736,736,11.841050274903,2.26921098458115,0,100,900,0.05,25,4,-225,1450
"core",37,500,"zero","even",1,0.25,737,737,11.5352229855489,2.5936081832042,0,100,900,0.05,25,4,-225,1450
"core",38,500,"zero","even",1,0.25,738,738,2.70702118612826,1.97432466445025,0,100,900,0.05,25,4,-225,1450
"core",39,500,"zero","even",1,0.25,739,739,10.9205277396832,1.86586426582653,0,100,900,0.05,25,4,-225,1450
"core",40,500,"zero","even",1,0.25,740,740,10.4800957667176,3.02946318860631,0,100,900,0.05,25,4,-225,1450
"core",41,500,"zero","even",1,0.25,741,741,11.1340311076492,0.954752343590371,0,100,900,0.05,25,4,-225,1450
"core",42,500,"zero","even",1,0.25,742,742,4.08155379071832,2.27647931512911,0,100,900,0.05,25,4,-225,1450
"core",43,500,"zero","even",1,0.25,743,743,9.51727092149667,0.633359697414562,0,100,900,0.05,25,4,-225,1450
"core",44,500,"zero","even",1,0.25,744,744,4.06642597354949,3.471452441765,0,100,900,0.05,25,4,-225,1450
"core",45,500,"zero","even",1,0.25,745,745,10.1640287821647,1.51580012170598,0,100,900,0.05,25,4,-225,1450
"core",46,500,"zero","even",1,0.25,746,746,8.70645479299128,0.692145036766306,0,100,900,0.05,25,4,-225,1450
"core",47,500,"zero","even",1,0.25,747,747,2.97371153370477,0.533336995984428,0,100,900,0.05,25,4,-225,1450
"core",48,500,"zero","even",1,0.25,748,748,14.2988092084415,0.546162173384801,0,100,900,0.05,25,4,-225,1450
"core",49,500,"zero","even",1,0.25,749,749,14.7760441347491,3.43512130784802,0,100,900,0.05,25,4,-225,1450
"core",50,500,"zero","even",1,0.25,750,750,13.2713903945405,0.567456254852004,0,100,900,0.05,25,4,-225,1450
"core",51,500,"zero","even",1,0.25,751,751,7.54765942436643,1.34390276600607,0,100,900,0.05,25,4,-225,1450
"core",52,500,"zero","even",1,0.25,752,752,4.07693657022901,1.0748994020978,0,100,900,0.05,25,4,-225,1450
"core",53,500,"zero","even",1,0.25,753,753,10.9528036378324,0.512671186821535,0,100,900,0.05,25,4,-225,1450
"core",54,500,"zero","even",1,0.25,754,754,9.39490422536619,0.872029099613428,0,100,900,0.05,25,4,-225,1450
"core",55,500,"zero","even",1,0.25,755,755,3.12716741114855,3.4674618311692,0,100,900,0.05,25,4,-225,1450
"core",56,500,"zero","even",1,0.25,756,756,8.74970063171349,3.71890747069847,0,100,900,0.05,25,4,-225,1450
"core",57,500,"zero","even",1,0.25,757,757,6.64716863422655,2.71282404230442,0,100,900,0.05,25,4,-225,1450
"core",58,500,"zero","even",1,0.25,758,758,2.95436002826318,3.09129713021684,0,100,900,0.05,25,4,-225,1450
"core",59,500,"zero","even",1,0.25,759,759,12.0777734359726,0.510223945369944,0,100,900,0.05,25,4,-225,1450
"core",60,500,"zero","even",1,0.25,760,760,5.16302960715257,3.68406584463082,0,100,900,0.05,25,4,-225,1450
"core",61,500,"zero","even",1,0.25,761,761,9.25709092360921,1.86551040213089,0,100,900,0.05,25,4,-225,1450
"core",62,500,"zero","even",1,0.25,762,762,5.93987384065986,1.65623241057619,0,100,900,0.05,25,4,-225,1450
"core",63,500,"zero","even",1,0.25,763,763,9.84314621891826,1.02148316556122,0,100,900,0.05,25,4,-225,1450
"core",64,500,"zero","even",1,0.25,764,764,14.0145660787821,1.44769062090199,0,100,900,0.05,25,4,-225,1450
"core",65,500,"zero","even",1,0.25,765,765,3.24474015808664,3.67644127819221,0,100,900,0.05,25,4,-225,1450
"core",66,500,"zero","even",1,0.25,766,766,5.66677874233574,1.77103745623026,0,100,900,0.05,25,4,-225,1450
"core",67,500,"zero","even",1,0.25,767,767,10.9530779202469,3.89910201483872,0,100,900,0.05,25,4,-225,1450
"core",68,500,"zero","even",1,0.25,768,768,13.1740602515638,3.6602140031755,0,100,900,0.05,25,4,-225,1450
"core",69,500,"zero","even",1,0.25,769,769,5.960308594862,2.45137706887908,0,100,900,0.05,25,4,-225,1450
"core",70,500,"zero","even",1,0.25,770,770,4.4852689045947,0.870719520840794,0,100,900,0.05,25,4,-225,1450
"core",71,500,"zero","even",1,0.25,771,771,2.62919299560599,3.43666525557637,0,100,900,0.05,25,4,-225,1450
"core",72,500,"zero","even",1,0.25,772,772,14.1144064727705,2.18353177781682,0,100,900,0.05,25,4,-225,1450
"core",73,500,"zero","even",1,0.25,773,773,11.5309863244183,3.75109898007941,0,100,900,0.05,25,4,-225,1450
"core",74,500,"zero","even",1,0.25,774,774,3.95611928007565,2.11317775596399,0,100,900,0.05,25,4,-225,1450
"core",75,500,"zero","even",1,0.25,775,775,8.58158165053464,1.64219848124776,0,100,900,0.05,25,4,-225,1450
"core",76,500,"zero","even",1,0.25,776,776,5.24129740078934,1.58142851758748,0,100,900,0.05,25,4,-225,1450
"core",77,500,"zero","even",1,0.25,777,777,5.00961392256431,2.90337386145256,0,100,900,0.05,25,4,-225,1450
"core",78,500,"zero","even",1,0.25,778,778,11.3535506248008,1.56040626880713,0,100,900,0.05,25,4,-225,1450
"core",79,500,"zero","even",1,0.25,779,779,9.90949879982509,1.90506460750476,0,100,900,0.05,25,4,-225,1450
"core",80,500,"zero","even",1,0.25,780,780,10.8769359227736,1.89850998087786,0,100,900,0.05,25,4,-225,1450
"core",81,500,"zero","even",1,0.25,781,781,2.40991725679487,1.45610545994714,0,100,900,0.05,25,4,-225,1450
"core",82,500,"zero","even",1,0.25,782,782,13.1745060626417,1.81165889103431,0,100,900,0.05,25,4,-225,1450
"core",83,500,"zero","even",1,0.25,783,783,14.755421722075,2.75377512420528,0,100,900,0.05,25,4,-225,1450
"core",84,500,"zero","even",1,0.25,784,784,2.37925264448859,2.71662834961899,0,100,900,0.05,25,4,-225,1450
"core",85,500,"zero","even",1,0.25,785,785,2.11850549420342,1.87841804896016,0,100,900,0.05,25,4,-225,1450
"core",86,500,"zero","even",1,0.25,786,786,12.8255961001851,0.541469286312349,0,100,900,0.05,25,4,-225,1450
"core",87,500,"zero","even",1,0.25,787,787,10.1668244299944,3.34120988845825,0,100,900,0.05,25,4,-225,1450
"core",88,500,"zero","even",1,0.25,788,788,6.05949152889661,3.41767448093742,0,100,900,0.05,25,4,-225,1450
"core",89,500,"zero","even",1,0.25,789,789,7.33011240512133,1.72973884979729,0,100,900,0.05,25,4,-225,1450
"core",90,500,"zero","even",1,0.25,790,790,7.64055673335679,3.24142566230148,0,100,900,0.05,25,4,-225,1450
"core",91,500,"zero","even",1,0.25,791,791,3.5454629487358,1.04133560194168,0,100,900,0.05,25,4,-225,1450
"core",92,500,"zero","even",1,0.25,792,792,3.71610556542873,3.38123973237816,0,100,900,0.05,25,4,-225,1450
"core",93,500,"zero","even",1,0.25,793,793,10.1829704651609,2.92328039219137,0,100,900,0.05,25,4,-225,1450
"core",94,500,"zero","even",1,0.25,794,794,3.52505666157231,0.873541474575177,0,100,900,0.05,25,4,-225,1450
"core",95,500,"zero","even",1,0.25,795,795,6.44636329077184,3.33128901931923,0,100,900,0.05,25,4,-225,1450
"core",96,500,"zero","even",1,0.25,796,796,11.3817012722138,2.50854512210935,0,100,900,0.05,25,4,-225,1450
"core",97,500,"zero","even",1,0.25,797,797,14.1731776804663,0.72301034652628,0,100,900,0.05,25,4,-225,1450
"core",98,500,"zero","even",1,0.25,798,798,9.74034221097827,0.54230649350211,0,100,900,0.05,25,4,-225,1450
"core",99,500,"zero","even",1,0.25,799,799,3.75465764501132,0.793411373859271,0,100,900,0.05,25,4,-225,1450
"core",100,500,"zero","even",1,0.25,800,800,6.4505515715573,3.01089590659831,0,100,900,0.05,25,4,-225,1450
"resolution",1,200,"random","fine",1,0.25,801,801,13.821824943414,2.38986255053896,-0.0108232329692692,100,900,0.05,25,4,-225,1450
"resolution",2,200,"random","fine",1,0.25,802,802,6.25970688275993,3.54055922769476,0.0271994211198762,100,900,0.05,25,4,-225,1450
"resolution",3,200,"random","fine",1,0.25,803,803,11.2269987745676,2.42872759781312,0.00457760461606085,100,900,0.05,25,4,-225,1450
"resolution",4,200,"random","fine",1,0.25,804,804,12.3265274274163,2.59182871587109,-0.00860977398231625,100,900,0.05,25,4,-225,1450
"resolution",5,200,"random","fine",1,0.25,805,805,3.88973047444597,1.47659001825377,-0.00715242199134081,100,900,0.05,25,4,-225,1450
"resolution",6,200,"random","fine",1,0.25,806,806,13.9861618038267,2.97055817279033,0.00170563333667815,100,900,0.05,25,4,-225,1450
"resolution",7,200,"random","fine",1,0.25,807,807,7.51957726129331,3.75942426326219,-0.0181395055772737,100,900,0.05,25,4,-225,1450
"resolution",8,200,"random","fine",1,0.25,808,808,13.7847849463578,1.05561366362963,0.0266321671754122,100,900,0.05,25,4,-225,1450
"resolution",9,200,"random","fine",1,0.25,809,809,4.36100668809377,0.674042802769691,-0.0264229026669636,100,900,0.05,25,4,-225,1450
"resolution",10,200,"random","fine",1,0.25,810,810,12.5894846944138,1.33950217883103,0.0237873727781698,100,900,0.05,25,4,-225,1450
"resolution",11,200,"random","fine",1,0.25,811,811,2.29510973230936,0.743842522264458,0.000636261608451604,100,900,0.05,25,4,-225,1450
"resolution",12,200,"random","fine",1,0.25,812,812,12.8563390853815,3.32210079173092,0.0050187411904335,100,900,0.05,25,4,-225,1450
"resolution",13,200,"random","fine",1,0.25,813,813,14.6342719653621,1.72598857572302,0.00171692859381437,100,900,0.05,25,4,-225,1450
"resolution",14,200,"random","fine",1,0.25,814,814,11.2642232701182,1.4235329895746,-0.0142057610861957,100,900,0.05,25,4,-225,1450
"resolution",15,200,"random","fine",1,0.25,815,815,14.2417583784554,2.48372966260649,0.0243100084271282,100,900,0.05,25,4,-225,1450
"resolution",16,200,"random","fine",1,0.25,816,816,12.2783958730288,3.43463537457865,-0.0153845155192539,100,900,0.05,25,4,-225,1450
"resolution",17,200,"random","fine",1,0.25,817,817,9.22525708028115,0.944349877303466,0.00304753325879574,100,900,0.05,25,4,-225,1450
"resolution",18,200,"random","fine",1,0.25,818,818,3.03396521578543,2.22154706669971,0.0176236531650647,100,900,0.05,25,4,-225,1450
"resolution",19,200,"random","fine",1,0.25,819,819,3.0103916565422,3.46714010660071,0.0257430526055396,100,900,0.05,25,4,-225,1450
"resolution",20,200,"random","fine",1,0.25,820,820,10.1372896458488,1.390785021591,0.0153687553899363,100,900,0.05,25,4,-225,1450
"resolution",21,200,"random","fine",1,0.25,821,821,11.0486201425083,1.80215907061938,0.000571177038364113,100,900,0.05,25,4,-225,1450
"resolution",22,200,"random","fine",1,0.25,822,822,5.07055143709294,0.807989475433715,0.00888843131717294,100,900,0.05,25,4,-225,1450
"resolution",23,200,"random","fine",1,0.25,823,823,4.10220792726614,0.945746122277342,-0.0107875383971259,100,900,0.05,25,4,-225,1450
"resolution",24,200,"random","fine",1,0.25,824,824,6.15177655289881,0.661901653627865,0.0244164344854653,100,900,0.05,25,4,-225,1450
"resolution",25,200,"random","fine",1,0.25,825,825,11.4226736463606,1.04747535113711,0.007453284105286,100,900,0.05,25,4,-225,1450
"resolution",26,200,"random","fine",1,0.25,826,826,14.67720920383,2.07640676689334,-0.00713942527770996,100,900,0.05,25,4,-225,1450
"resolution",27,200,"random","fine",1,0.25,827,827,12.4944401292596,1.1357397713,-0.00145045673009008,100,900,0.05,25,4,-225,1450
"resolution",28,200,"random","fine",1,0.25,828,828,4.92594753741287,0.878574720700271,-0.0281848984910175,100,900,0.05,25,4,-225,1450
"resolution",29,200,"random","fine",1,0.25,829,829,9.47570985928178,2.77163425995968,-0.00214748963713646,100,900,0.05,25,4,-225,1450
"resolution",30,200,"random","fine",1,0.25,830,830,3.58268389082514,1.19479193491861,0.000804577516391874,100,900,0.05,25,4,-225,1450
"resolution",31,200,"random","fine",1,0.25,831,831,8.14084723987617,1.01556518441066,-0.0245940156234428,100,900,0.05,25,4,-225,1450
"resolution",32,200,"random","fine",1,0.25,832,832,7.74978190939873,3.65435851318762,0.0175530677754432,100,900,0.05,25,4,-225,1450
"resolution",33,200,"random","fine",1,0.25,833,833,13.1682265819982,2.26649797416758,-0.00822640601545572,100,900,0.05,25,4,-225,1450
"resolution",34,200,"random","fine",1,0.25,834,834,9.881812233245,0.938816965906881,-0.0197488674055785,100,900,0.05,25,4,-225,1450
"resolution",35,200,"random","fine",1,0.25,835,835,13.1525810370222,0.847080946317874,-0.0264019523793831,100,900,0.05,25,4,-225,1450
"resolution",36,200,"random","fine",1,0.25,836,836,14.0611743605696,1.50030037388206,-0.00567926099058241,100,900,0.05,25,4,-225,1450
"resolution",37,200,"random","fine",1,0.25,837,837,10.6235978240147,2.24736486782786,-0.0104239122848958,100,900,0.05,25,4,-225,1450
"resolution",38,200,"random","fine",1,0.25,838,838,12.4356350849848,0.974754829658195,0.00950096388347447,100,900,0.05,25,4,-225,1450
"resolution",39,200,"random","fine",1,0.25,839,839,7.85571987647563,2.46759546629619,0.0192315470427275,100,900,0.05,25,4,-225,1450
"resolution",40,200,"random","fine",1,0.25,840,840,9.68732434464619,1.66012581251562,0.0172435372509062,100,900,0.05,25,4,-225,1450
"resolution",41,200,"random","fine",1,0.25,841,841,12.7337114731781,3.6422085337108,-0.0299928551120684,100,900,0.05,25,4,-225,1450
"resolution",42,200,"random","fine",1,0.25,842,842,13.3669904468115,2.78299863950815,-0.00213678552769124,100,900,0.05,25,4,-225,1450
"resolution",43,200,"random","fine",1,0.25,843,843,9.53352334862575,2.09912662149873,-0.015915243672207,100,900,0.05,25,4,-225,1450
"resolution",44,200,"random","fine",1,0.25,844,844,13.3400089244824,3.90977979835588,-0.0267487071314827,100,900,0.05,25,4,-225,1450
"resolution",45,200,"random","fine",1,0.25,845,845,14.0408142472152,3.2520982157439,-0.00795832662843168,100,900,0.05,25,4,-225,1450
"resolution",46,200,"random","fine",1,0.25,846,846,9.57316147675738,1.01067524624523,0.0254448019713163,100,900,0.05,25,4,-225,1450
"resolution",47,200,"random","fine",1,0.25,847,847,3.29856091900729,0.64098758623004,-0.0233310984866694,100,900,0.05,25,4,-225,1450
"resolution",48,200,"random","fine",1,0.25,848,848,10.0077457691077,2.68660300062038,0.00663780410774052,100,900,0.05,25,4,-225,1450
"resolution",49,200,"random","fine",1,0.25,849,849,8.06200274429284,2.69831068674102,-0.0249539618007839,100,900,0.05,25,4,-225,1450
"resolution",50,200,"random","fine",1,0.25,850,850,3.42765802517533,2.65802834136412,-0.0130136796366423,100,900,0.05,25,4,-225,1450
"resolution",51,200,"random","fine",1,0.25,851,851,13.2409080197103,2.21105874911882,0.027852049455978,100,900,0.05,25,4,-225,1450
"resolution",52,200,"random","fine",1,0.25,852,852,2.40235247346573,1.5520883743884,-0.00156305418815464,100,900,0.05,25,4,-225,1450
"resolution",53,200,"random","fine",1,0.25,853,853,5.18340328056365,3.68373838963453,0.015795189156197,100,900,0.05,25,4,-225,1450
"resolution",54,200,"random","fine",1,0.25,854,854,8.37692801747471,3.04701521596871,-0.0174574570963159,100,900,0.05,25,4,-225,1450
"resolution",55,200,"random","fine",1,0.25,855,855,2.548942101188,0.749861313961446,-0.022163150254637,100,900,0.05,25,4,-225,1450
"resolution",56,200,"random","fine",1,0.25,856,856,11.4383749812841,1.99148753366899,0.0141516851400956,100,900,0.05,25,4,-225,1450
"resolution",57,200,"random","fine",1,0.25,857,857,11.2854353485163,3.22212851187214,0.00479696659371256,100,900,0.05,25,4,-225,1450
"resolution",58,200,"random","fine",1,0.25,858,858,9.88722875551321,3.63871987746097,0.0291210914868861,100,900,0.05,25,4,-225,1450
"resolution",59,200,"random","fine",1,0.25,859,859,5.581951119937,1.6914147567004,-0.0120589800411835,100,900,0.05,25,4,-225,1450
"resolution",60,200,"random","fine",1,0.25,860,860,9.05330739822239,3.41988701606169,0.0189793494204059,100,900,0.05,25,4,-225,1450
"resolution",61,200,"random","fine",1,0.25,861,861,6.05988340242766,2.28948851733003,-0.0208510781312361,100,900,0.05,25,4,-225,1450
"resolution",62,200,"random","fine",1,0.25,862,862,6.44271713378839,2.4515351918526,0.0247160024335608,100,900,0.05,25,4,-225,1450
"resolution",63,200,"random","fine",1,0.25,863,863,12.1272820353042,2.20768320770003,0.0117862306348979,100,900,0.05,25,4,-225,1450
"resolution",64,200,"random","fine",1,0.25,864,864,6.64423756441101,0.529464533086866,0.00754550498910248,100,900,0.05,25,4,-225,1450
"resolution",65,200,"random","fine",1,0.25,865,865,14.7759902547114,2.57791754009668,0.0155639383709058,100,900,0.05,25,4,-225,1450
"resolution",66,200,"random","fine",1,0.25,866,866,9.47511153994128,3.79374814208131,-0.0282433922868222,100,900,0.05,25,4,-225,1450
"resolution",67,200,"random","fine",1,0.25,867,867,8.73216782649979,1.44272532255854,-0.0211599132791162,100,900,0.05,25,4,-225,1450
"resolution",68,200,"random","fine",1,0.25,868,868,5.48874387587421,3.03888219385408,0.00333184784743935,100,900,0.05,25,4,-225,1450
"resolution",69,200,"random","fine",1,0.25,869,869,12.7671463112347,2.65200175018981,0.0291674808925018,100,900,0.05,25,4,-225,1450
"resolution",70,200,"random","fine",1,0.25,870,870,11.0670297779143,2.30593297164887,0.0100639504473656,100,900,0.05,25,4,-225,1450
"resolution",71,200,"random","fine",1,0.25,871,871,2.21857953583822,2.78031628183089,-0.0217425227584317,100,900,0.05,25,4,-225,1450
"resolution",72,200,"random","fine",1,0.25,872,872,14.4459154561628,2.59671791410074,0.000116916694678365,100,900,0.05,25,4,-225,1450
"resolution",73,200,"random","fine",1,0.25,873,873,8.96834553428926,1.92524628760293,0.0181208670465276,100,900,0.05,25,4,-225,1450
"resolution",74,200,"random","fine",1,0.25,874,874,4.6307707130909,0.644729729974642,-0.00352740832138806,100,900,0.05,25,4,-225,1450
"resolution",75,200,"random","fine",1,0.25,875,875,2.53305589850061,1.70488015050068,-0.000133591303601861,100,900,0.05,25,4,-225,1450
"resolution",76,200,"random","fine",1,0.25,876,876,9.56933634215966,1.90738782007247,-0.0185764712747186,100,900,0.05,25,4,-225,1450
"resolution",77,200,"random","fine",1,0.25,877,877,2.57655862462707,3.92602449201513,-0.0098452874366194,100,900,0.05,25,4,-225,1450
"resolution",78,200,"random","fine",1,0.25,878,878,9.54002635530196,0.737743042525835,0.0161267960211262,100,900,0.05,25,4,-225,1450
"resolution",79,200,"random","fine",1,0.25,879,879,13.9662184049375,0.936062457156368,-0.00293723523616791,100,900,0.05,25,4,-225,1450
"resolution",80,200,"random","fine",1,0.25,880,880,5.80302371457219,0.565910154953599,-0.0185148980654776,100,900,0.05,25,4,-225,1450
"resolution",81,200,"random","fine",1,0.25,881,881,11.8470315281302,1.88169223628938,0.0251723092608154,100,900,0.05,25,4,-225,1450
"resolution",82,200,"random","fine",1,0.25,882,882,11.3172673485242,1.57189232541714,-0.0274444693559781,100,900,0.05,25,4,-225,1450
"resolution",83,200,"random","fine",1,0.25,883,883,11.3303767754696,3.02429222071078,0.023776781684719,100,900,0.05,25,4,-225,1450
"resolution",84,200,"random","fine",1,0.25,884,884,2.20054653403349,3.58708665391896,0.000648113326169552,100,900,0.05,25,4,-225,1450
"resolution",85,200,"random","fine",1,0.25,885,885,5.85520884511061,2.47954727418255,0.0003334203036502,100,900,0.05,25,4,-225,1450
"resolution",86,200,"random","fine",1,0.25,886,886,7.36446441151202,1.09430669620633,-0.0228918166458607,100,900,0.05,25,4,-225,1450
"resolution",87,200,"random","fine",1,0.25,887,887,3.29900833428837,3.65991330321413,0.019630634249188,100,900,0.05,25,4,-225,1450
"resolution",88,200,"random","fine",1,0.25,888,888,5.79945192299783,2.64046741928905,0.0228617506055161,100,900,0.05,25,4,-225,1450
"resolution",89,200,"random","fine",1,0.25,889,889,10.6614041125868,2.84599679266103,-0.0017033648584038,100,900,0.05,25,4,-225,1450
"resolution",90,200,"random","fine",1,0.25,890,890,5.45816410775296,2.50305066374131,0.0180459784157574,100,900,0.05,25,4,-225,1450
"resolution",91,200,"random","fine",1,0.25,891,891,3.68163618887775,3.18260167108383,0.019748551491648,100,900,0.05,25,4,-225,1450
"resolution",92,200,"random","fine",1,0.25,892,892,2.14487615716644,3.69694774935488,-0.0244925368158147,100,900,0.05,25,4,-225,1450
"resolution",93,200,"random","fine",1,0.25,893,893,14.8990511198062,3.4037861910183,-0.00309744268655777,100,900,0.05,25,4,-225,1450
"resolution",94,200,"random","fine",1,0.25,894,894,6.06406199443154,2.16538548422977,-0.00907135218847543,100,900,0.05,25,4,-225,1450
"resolution",95,200,"random","fine",1,0.25,895,895,8.90554521302693,0.731427573249675,0.0267191853560507,100,900,0.05,25,4,-225,1450
"resolution",96,200,"random","fine",1,0.25,896,896,11.3854463449679,1.59839358110912,-0.0125788265280426,100,900,0.05,25,4,-225,1450
"resolution",97,200,"random","fine",1,0.25,897,897,10.113094860455,2.14889556134585,-0.027873970521614,100,900,0.05,25,4,-225,1450
"resolution",98,200,"random","fine",1,0.25,898,898,6.93859406886622,1.053303831839,0.025957492464222,100,900,0.05,25,4,-225,1450
"resolution",99,200,"random","fine",1,0.25,899,899,2.74258792842738,3.08481697714888,0.0246346943546087,100,900,0.05,25,4,-225,1450
"resolution",100,200,"random","fine",1,0.25,900,900,8.36902589141391,0.644815887673758,-0.018976974687539,100,900,0.05,25,4,-225,1450
"resolution",1,200,"random","coarse",1,0.25,901,901,11.0751273746137,3.80479139112867,0.00488350795581937,100,900,0.05,25,4,-225,1450
"resolution",2,200,"random","coarse",1,0.25,902,902,9.90523832384497,0.63562243571505,0.0122599114710465,100,900,0.05,25,4,-225,1450
"resolution",3,200,"random","coarse",1,0.25,903,903,13.3346288600005,0.588536010822281,0.0215998896723613,100,900,0.05,25,4,-225,1450
"resolution",4,200,"random","coarse",1,0.25,904,904,5.38556334329769,0.763264630571939,-0.00710412992164492,100,900,0.05,25,4,-225,1450
"resolution",5,200,"random","coarse",1,0.25,905,905,10.0942345317453,1.06486827274784,0.0279862825758755,100,900,0.05,25,4,-225,1450
"resolution",6,200,"random","coarse",1,0.25,906,906,3.58980326564051,0.750352473231032,-0.0255940428888425,100,900,0.05,25,4,-225,1450
"resolution",7,200,"random","coarse",1,0.25,907,907,8.78791762050241,3.43629595264792,0.0217661381140351,100,900,0.05,25,4,-225,1450
"resolution",8,200,"random","coarse",1,0.25,908,908,13.8506890647113,3.84324748453218,0.0296638283366337,100,900,0.05,25,4,-225,1450
"resolution",9,200,"random","coarse",1,0.25,909,909,14.2364010270685,3.43484960473143,0.0289830204891041,100,900,0.05,25,4,-225,1450
"resolution",10,200,"random","coarse",1,0.25,910,910,6.64759726822376,0.878864546539262,-0.0299327114643529,100,900,0.05,25,4,-225,1450
"resolution",11,200,"random","coarse",1,0.25,911,911,11.9304062721785,1.55434559006244,0.0149834236688912,100,900,0.05,25,4,-225,1450
"resolution",12,200,"random","coarse",1,0.25,912,912,4.38594892318361,3.42365787143353,-0.00728908403310925,100,900,0.05,25,4,-225,1450
"resolution",13,200,"random","coarse",1,0.25,913,913,11.5818562111817,0.681020588730462,-0.0283676028437912,100,900,0.05,25,4,-225,1450
"resolution",14,200,"random","coarse",1,0.25,914,914,3.12466215738095,2.68719087552745,0.0239114316925406,100,900,0.05,25,4,-225,1450
"resolution",15,200,"random","coarse",1,0.25,915,915,13.1379720796831,1.0731445082929,-0.012405339544639,100,900,0.05,25,4,-225,1450
"resolution",16,200,"random","coarse",1,0.25,916,916,14.0626089177094,0.862365604261868,-0.0040075143892318,100,900,0.05,25,4,-225,1450
"resolution",17,200,"random","coarse",1,0.25,917,917,10.2391740700696,3.74835924070794,0.0214934270270169,100,900,0.05,25,4,-225,1450
"resolution",18,200,"random","coarse",1,0.25,918,918,2.81342384847812,1.6796492121648,0.0239465113822371,100,900,0.05,25,4,-225,1450
"resolution",19,200,"random","coarse",1,0.25,919,919,14.989143921528,0.542288328404538,-0.0122323158429936,100,900,0.05,25,4,-225,1450
"resolution",20,200,"random","coarse",1,0.25,920,920,6.10392676619813,2.28015942568891,0.0126125956373289,100,900,0.05,25,4,-225,1450
"resolution",21,200,"random","coarse",1,0.25,921,921,10.2785586251412,1.8121398712974,0.00965591019485146,100,900,0.05,25,4,-225,1450
"resolution",22,200,"random","coarse",1,0.25,922,922,12.839619477978,3.00495175307151,0.0176376514602452,100,900,0.05,25,4,-225,1450
"resolution",23,200,"random","coarse",1,0.25,923,923,13.1597158000804,2.99503484601155,-0.0118180956691504,100,900,0.05,25,4,-225,1450
"resolution",24,200,"random","coarse",1,0.25,924,924,13.4336745862383,0.871029089437798,-0.00201918940991163,100,900,0.05,25,4,-225,1450
"resolution",25,200,"random","coarse",1,0.25,925,925,12.663657641504,2.06766303046606,0.0108996316418052,100,900,0.05,25,4,-225,1450
"resolution",26,200,"random","coarse",1,0.25,926,926,8.83130363025703,1.15509976167232,-0.00919979337137192,100,900,0.05,25,4,-225,1450
"resolution",27,200,"random","coarse",1,0.25,927,927,11.9257023097016,2.19513727130834,-4.85899765044449e-05,100,900,0.05,25,4,-225,1450
"resolution",28,200,"random","coarse",1,0.25,928,928,14.3897225752007,1.77421985240653,-0.0153630958870053,100,900,0.05,25,4,-225,1450
"resolution",29,200,"random","coarse",1,0.25,929,929,13.1071769124828,3.81565508758649,-0.00116024677176028,100,900,0.05,25,4,-225,1450
"resolution",30,200,"random","coarse",1,0.25,930,930,7.10030876542442,2.54103835253045,-0.0161530246306211,100,900,0.05,25,4,-225,1450
"resolution",31,200,"random","coarse",1,0.25,931,931,10.2816869392991,1.72942409105599,0.0139678627531976,100,900,0.05,25,4,-225,1450
"resolution",32,200,"random","coarse",1,0.25,932,932,8.6044289113488,3.68379634013399,0.012071009692736,100,900,0.05,25,4,-225,1450
"resolution",33,200,"random","coarse",1,0.25,933,933,2.34360947250389,2.5884190746583,0.0258293366711587,100,900,0.05,25,4,-225,1450
"resolution",34,200,"random","coarse",1,0.25,934,934,3.18133182567544,3.33654897019733,0.0184374309377745,100,900,0.05,25,4,-225,1450
"resolution",35,200,"random","coarse",1,0.25,935,935,4.75132687529549,1.63177615893073,-0.0100530666718259,100,900,0.05,25,4,-225,1450
"resolution",36,200,"random","coarse",1,0.25,936,936,13.2177374544553,1.56911803234834,0.0185632132552564,100,900,0.05,25,4,-225,1450
"resolution",37,200,"random","coarse",1,0.25,937,937,14.8756387890317,2.92741330596618,-0.0230324773443863,100,900,0.05,25,4,-225,1450
"resolution",38,200,"random","coarse",1,0.25,938,938,14.111529158894,2.36122292687651,0.00996426869183779,100,900,0.05,25,4,-225,1450
"resolution",39,200,"random","coarse",1,0.25,939,939,14.6441442496143,1.71322070993483,0.0225611149845645,100,900,0.05,25,4,-225,1450
"resolution",40,200,"random","coarse",1,0.25,940,940,5.68749203765765,3.76857525692321,-0.012988887433894,100,900,0.05,25,4,-225,1450
"resolution",41,200,"random","coarse",1,0.25,941,941,7.93303923797794,2.72214546892792,-0.0252070271037519,100,900,0.05,25,4,-225,1450
"resolution",42,200,"random","coarse",1,0.25,942,942,13.084398369072,2.65176340122707,-0.00979706594254821,100,900,0.05,25,4,-225,1450
"resolution",43,200,"random","coarse",1,0.25,943,943,2.07785059791058,2.09155541355722,0.00788464911282063,100,900,0.05,25,4,-225,1450
"resolution",44,200,"random","coarse",1,0.25,944,944,14.2506203809753,1.5876769607421,-0.00495845971629023,100,900,0.05,25,4,-225,1450
"resolution",45,200,"random","coarse",1,0.25,945,945,4.90861724922433,3.96976369759068,0.0168637290922925,100,900,0.05,25,4,-225,1450
"resolution",46,200,"random","coarse",1,0.25,946,946,12.9575253028888,3.19528277695645,-0.00503567622508854,100,900,0.05,25,4,-225,1450
"resolution",47,200,"random","coarse",1,0.25,947,947,2.85933330911212,3.84579768462572,0.00569029143545777,100,900,0.05,25,4,-225,1450
"resolution",48,200,"random","coarse",1,0.25,948,948,5.49899785150774,1.2364117508987,-0.0215792535524815,100,900,0.05,25,4,-225,1450
"resolution",49,200,"random","coarse",1,0.25,949,949,2.6064444265794,1.42936423281208,0.0281371120316908,100,900,0.05,25,4,-225,1450
"resolution",50,200,"random","coarse",1,0.25,950,950,7.58323001372628,1.04734536935575,-0.0261893586628139,100,900,0.05,25,4,-225,1450
"resolution",51,200,"random","coarse",1,0.25,951,951,12.7765960695688,1.51806432602461,-0.0024576349882409,100,900,0.05,25,4,-225,1450
"resolution",52,200,"random","coarse",1,0.25,952,952,5.7878472507,2.40588008228224,-0.0128518374636769,100,900,0.05,25,4,-225,1450
"resolution",53,200,"random","coarse",1,0.25,953,953,9.1463581265416,0.771733202156611,0.0226083453465253,100,900,0.05,25,4,-225,1450
"resolution",54,200,"random","coarse",1,0.25,954,954,2.12954222713597,3.02883649396244,-0.00257379006128758,100,900,0.05,25,4,-225,1450
"resolution",55,200,"random","coarse",1,0.25,955,955,14.0229013790376,0.99178023787681,0.0255448246607557,100,900,0.05,25,4,-225,1450
"resolution",56,200,"random","coarse",1,0.25,956,956,2.23535643145442,2.38741832750384,-0.0112236119247973,100,900,0.05,25,4,-225,1450
"resolution",57,200,"random","coarse",1,0.25,957,957,3.20285538583994,0.585844738059677,-0.000866458830423654,100,900,0.05,25,4,-225,1450
"resolution",58,200,"random","coarse",1,0.25,958,958,14.7283854752313,2.01785186701454,0.0146204851102084,100,900,0.05,25,4,-225,1450
"resolution",59,200,"random","coarse",1,0.25,959,959,4.0501659582369,3.09336004673969,0.0131364274537191,100,900,0.05,25,4,-225,1450
"resolution",60,200,"random","coarse",1,0.25,960,960,5.41070656687953,3.27455437451135,-0.00320650845766067,100,900,0.05,25,4,-225,1450
"resolution",61,200,"random","coarse",1,0.25,961,961,11.6152044252958,1.08727575792,-0.0168738063890487,100,900,0.05,25,4,-225,1450
"resolution",62,200,"random","coarse",1,0.25,962,962,10.7971765319817,0.847187136881985,-0.0150006659701467,100,900,0.05,25,4,-225,1450
"resolution",63,200,"random","coarse",1,0.25,963,963,13.3915371731855,2.07511890539899,0.0236421720916405,100,900,0.05,25,4,-225,1450
"resolution",64,200,"random","coarse",1,0.25,964,964,3.5126455987338,3.74087946454529,-0.00579559011384845,100,900,0.05,25,4,-225,1450
"resolution",65,200,"random","coarse",1,0.25,965,965,7.60430432134308,3.86674137390219,0.0158493319759145,100,900,0.05,25,4,-225,1450
"resolution",66,200,"random","coarse",1,0.25,966,966,13.3516850897577,2.06961747305468,0.0217263128701597,100,900,0.05,25,4,-225,1450
"resolution",67,200,"random","coarse",1,0.25,967,967,4.17594448267482,3.1033696315717,-0.0271728418953717,100,900,0.05,25,4,-225,1450
"resolution",68,200,"random","coarse",1,0.25,968,968,4.15829019993544,2.56859536538832,-0.00509945292491466,100,900,0.05,25,4,-225,1450
"resolution",69,200,"random","coarse",1,0.25,969,969,14.585508557735,0.840611535357311,0.00298677196260542,100,900,0.05,25,4,-225,1450
"resolution",70,200,"random","coarse",1,0.25,970,970,6.90572773013264,2.32807532185689,0.00182281721848995,100,900,0.05,25,4,-225,1450
"resolution",71,200,"random","coarse",1,0.25,971,971,14.4012776291929,1.19888930651359,0.0117089518904686,100,900,0.05,25,4,-225,1450
"resolution",72,200,"random","coarse",1,0.25,972,972,11.8930827428121,3.23898589843884,-0.0176646058447659,100,900,0.05,25,4,-225,1450
"resolution",73,200,"random","coarse",1,0.25,973,973,13.1126004992984,0.611859089112841,0.0190394230233505,100,900,0.05,25,4,-225,1450
"resolution",74,200,"random","coarse",1,0.25,974,974,13.941422436852,2.60728900018148,0.0129774477845058,100,900,0.05,25,4,-225,1450
"resolution",75,200,"random","coarse",1,0.25,975,975,12.3003987025004,0.892012743395753,0.00104943784419447,100,900,0.05,25,4,-225,1450
"resolution",76,200,"random","coarse",1,0.25,976,976,5.50976950046606,0.741186983184889,-0.0209490984398872,100,900,0.05,25,4,-225,1450
"resolution",77,200,"random","coarse",1,0.25,977,977,3.5095894918777,3.75915992690716,-0.0219177085720003,100,900,0.05,25,4,-225,1450
"resolution",78,200,"random","coarse",1,0.25,978,978,11.9516537580639,2.01649339380674,-0.0253716665413231,100,900,0.05,25,4,-225,1450
"resolution",79,200,"random","coarse",1,0.25,979,979,2.27607390377671,2.86902948445641,-0.0024346938310191,100,900,0.05,25,4,-225,1450
"resolution",80,200,"random","coarse",1,0.25,980,980,2.69662144593894,2.30381825310178,-0.0215904352627695,100,900,0.05,25,4,-225,1450
"resolution",81,200,"random","coarse",1,0.25,981,981,14.7811911357567,0.793169571319595,0.0279558705864474,100,900,0.05,25,4,-225,1450
"resolution",82,200,"random","coarse",1,0.25,982,982,8.45320089068264,1.12580323393922,-0.0295824630372226,100,900,0.05,25,4,-225,1450
"resolution",83,200,"random","coarse",1,0.25,983,983,10.0289761566091,3.04769480135292,-0.0208100372739136,100,900,0.05,25,4,-225,1450
"resolution",84,200,"random","coarse",1,0.25,984,984,3.48201874876395,3.42602548014838,0.0193717952119187,100,900,0.05,25,4,-225,1450
"resolution",85,200,"random","coarse",1,0.25,985,985,4.66223281715065,3.19320878665894,-0.0205452479375526,100,900,0.05,25,4,-225,1450
"resolution",86,200,"random","coarse",1,0.25,986,986,3.7129677713383,0.94247688469477,-0.0112289231736213,100,900,0.05,25,4,-225,1450
"resolution",87,200,"random","coarse",1,0.25,987,987,14.1717544586863,0.977923293365166,-0.0094078259775415,100,900,0.05,25,4,-225,1450
"resolution",88,200,"random","coarse",1,0.25,988,988,10.8058805295732,1.06183935131412,-0.0022395751113072,100,900,0.05,25,4,-225,1450
"resolution",89,200,"random","coarse",1,0.25,989,989,5.50137664866634,2.04445365210995,-0.0294834409095347,100,900,0.05,25,4,-225,1450
"resolution",90,200,"random","coarse",1,0.25,990,990,6.65461136191152,3.02872522408143,0.0205781578319147,100,900,0.05,25,4,-225,1450
"resolution",91,200,"random","coarse",1,0.25,991,991,6.19697210681625,2.40082873625215,-0.0240137003269047,100,900,0.05,25,4,-225,1450
"resolution",92,200,"random","coarse",1,0.25,992,992,9.69267393229529,3.2722352144774,0.0169639599183574,100,900,0.05,25,4,-225,1450
"resolution",93,200,"random","coarse",1,0.25,993,993,10.7275359460618,2.71511102572549,-0.0274799197772518,100,900,0.05,25,4,-225,1450
"resolution",94,200,"random","coarse",1,0.25,994,994,5.37730590743013,3.40792022855021,-0.0232772859279066,100,900,0.05,25,4,-225,1450
"resolution",95,200,"random","coarse",1,0.25,995,995,3.05768045037985,3.25837061228231,0.022210398260504,100,900,0.05,25,4,-225,1450
"resolution",96,200,"random","coarse",1,0.25,996,996,6.02078379923478,3.76513483584858,0.00430376737844199,100,900,0.05,25,4,-225,1450
"resolution",97,200,"random","coarse",1,0.25,997,997,5.9996541980654,2.9648141132202,0.0201793994056061,100,900,0.05,25,4,-225,1450
"resolution",98,200,"random","coarse",1,0.25,998,998,10.6414824884851,2.33183897507843,0.018616762845777,100,900,0.05,25,4,-225,1450
"resolution",99,200,"random","coarse",1,0.25,999,999,3.87766977865249,2.31299762346316,-0.0221960063092411,100,900,0.05,25,4,-225,1450
"resolution",100,200,"random","coarse",1,0.25,1000,1000,5.88124024332501,0.561358465231024,-0.00967889404390007,100,900,0.05,25,4,-225,1450
"skew",1,200,"random","even",2,0.25,1001,1001,13.4390125267673,3.98560481332242,0.0112527671316639,100,900,0.05,25,4,-225,1450
"skew",2,200,"random","even",2,0.25,1002,1002,9.40347240143456,0.849941969965585,-0.00917430591769516,100,900,0.05,25,4,-225,1450
"skew",3,200,"random","even",2,0.25,1003,1003,10.1827245710883,2.15097500500269,-0.00843829607125372,100,900,0.05,25,4,-225,1450
"skew",4,200,"random","even",2,0.25,1004,1004,7.54125637467951,3.2217313000001,-0.0297397389449179,100,900,0.05,25,4,-225,1450
"skew",5,200,"random","even",2,0.25,1005,1005,7.02459838939831,0.645714681479149,0.00173714838456362,100,900,0.05,25,4,-225,1450
"skew",6,200,"random","even",2,0.25,1006,1006,14.9123875566293,1.09235719032586,-0.0217591437650844,100,900,0.05,25,4,-225,1450
"skew",7,200,"random","even",2,0.25,1007,1007,13.7889589588158,1.11000773101114,0.026154993083328,100,900,0.05,25,4,-225,1450
"skew",8,200,"random","even",2,0.25,1008,1008,7.78612119355239,1.36118191189598,-0.0150988818984479,100,900,0.05,25,4,-225,1450
"skew",9,200,"random","even",2,0.25,1009,1009,8.26424162485637,1.73192451172508,-0.0285539384046569,100,900,0.05,25,4,-225,1450
"skew",10,200,"random","even",2,0.25,1010,1010,6.95309783890843,2.47603512660135,0.0274701774632558,100,900,0.05,25,4,-225,1450
"skew",11,200,"random","even",2,0.25,1011,1011,7.39453202113509,3.32295062264893,-0.00692003075033426,100,900,0.05,25,4,-225,1450
"skew",12,200,"random","even",2,0.25,1012,1012,12.415257894434,3.80774867406581,-0.0100668173795566,100,900,0.05,25,4,-225,1450
"skew",13,200,"random","even",2,0.25,1013,1013,9.19701815932058,0.766696747741662,0.00803366200067103,100,900,0.05,25,4,-225,1450
"skew",14,200,"random","even",2,0.25,1014,1014,8.85870114667341,0.500337872770615,0.012888985122554,100,900,0.05,25,4,-225,1450
"skew",15,200,"random","even",2,0.25,1015,1015,5.37303726212122,0.80371454777196,-0.0285934634367004,100,900,0.05,25,4,-225,1450
"skew",16,200,"random","even",2,0.25,1016,1016,10.4634385143872,2.49105568369851,-0.000546938502229751,100,900,0.05,25,4,-225,1450
"skew",17,200,"random","even",2,0.25,1017,1017,8.79582861508243,1.85685002419632,0.00181760905310512,100,900,0.05,25,4,-225,1450
"skew",18,200,"random","even",2,0.25,1018,1018,12.2063366421498,1.1583950567292,0.022786280689761,100,900,0.05,25,4,-225,1450
"skew",19,200,"random","even",2,0.25,1019,1019,12.7135727247223,3.0577656973619,0.0191039953194559,100,900,0.05,25,4,-225,1450
"skew",20,200,"random","even",2,0.25,1020,1020,4.06844990886748,1.66567820182536,-0.013459895295091,100,900,0.05,25,4,-225,1450
"skew",21,200,"random","even",2,0.25,1021,1021,9.54899279447272,3.20784673013259,-0.00435544706415385,100,900,0.05,25,4,-225,1450
"skew",22,200,"random","even",2,0.25,1022,1022,2.75168762844987,0.723366305348463,0.0243320227554068,100,900,0.05,25,4,-225,1450
"skew",23,200,"random","even",2,0.25,1023,1023,14.3240453002509,1.79375760664698,0.0016518314788118,100,900,0.05,25,4,-225,1450
"skew",24,200,"random","even",2,0.25,1024,1024,10.7249854537658,1.81305550108664,-0.00523384482599795,100,900,0.05,25,4,-225,1450
"skew",25,200,"random","even",2,0.25,1025,1025,5.59412918891758,1.15396572451573,0.000719391047023236,100,900,0.05,25,4,-225,1450
"skew",26,200,"random","even",2,0.25,1026,1026,10.5695312235039,2.89386562386062,-0.0279164967918769,100,900,0.05,25,4,-225,1450
"skew",27,200,"random","even",2,0.25,1027,1027,6.92472075368278,3.95089853194077,0.00555318031925708,100,900,0.05,25,4,-225,1450
"skew",28,200,"random","even",2,0.25,1028,1028,11.1648550808895,2.75310871098191,-0.00997253179550171,100,900,0.05,25,4,-225,1450
"skew",29,200,"random","even",2,0.25,1029,1029,13.8208818899002,2.86737010104116,0.0139220273913816,100,900,0.05,25,4,-225,1450
"skew",30,200,"random","even",2,0.25,1030,1030,9.5860955552198,2.30623960657977,0.0096886936482042,100,900,0.05,25,4,-225,1450
"skew",31,200,"random","even",2,0.25,1031,1031,3.47965085715987,2.37994362495374,-0.00356178916990757,100,900,0.05,25,4,-225,1450
"skew",32,200,"random","even",2,0.25,1032,1032,9.04709083866328,2.68772979569621,-0.0110457983706146,100,900,0.05,25,4,-225,1450
"skew",33,200,"random","even",2,0.25,1033,1033,3.03265582886524,3.01391486742068,-0.0285223457124084,100,900,0.05,25,4,-225,1450
"skew",34,200,"random","even",2,0.25,1034,1034,5.36891186307184,2.03000507922843,-0.0111786149209365,100,900,0.05,25,4,-225,1450
"skew",35,200,"random","even",2,0.25,1035,1035,11.6245492021553,1.29252923873719,0.0260073388461024,100,900,0.05,25,4,-225,1450
"skew",36,200,"random","even",2,0.25,1036,1036,12.1661469012033,3.84815015969798,-0.0138984390255064,100,900,0.05,25,4,-225,1450
"skew",37,200,"random","even",2,0.25,1037,1037,6.43714023660868,2.56152636930346,-0.0168195035029203,100,900,0.05,25,4,-225,1450
"skew",38,200,"random","even",2,0.25,1038,1038,7.59428446250968,1.65344558504876,0.00364848139230162,100,900,0.05,25,4,-225,1450
"skew",39,200,"random","even",2,0.25,1039,1039,4.12851081416011,2.88352874945849,-0.011472305576317,100,900,0.05,25,4,-225,1450
"skew",40,200,"random","even",2,0.25,1040,1040,8.38503816025332,0.899445969611406,0.0187563377385959,100,900,0.05,25,4,-225,1450
"skew",41,200,"random","even",2,0.25,1041,1041,4.29974226723425,1.32106330909301,-0.0105571717349812,100,900,0.05,25,4,-225,1450
"skew",42,200,"random","even",2,0.25,1042,1042,4.34267978719436,3.23423389473464,0.0293254000972956,100,900,0.05,25,4,-225,1450
"skew",43,200,"random","even",2,0.25,1043,1043,12.2183235264383,1.89274786133319,0.00529631027486175,100,900,0.05,25,4,-225,1450
"skew",44,200,"random","even",2,0.25,1044,1044,4.63867896841839,1.98700503038708,-0.0185853968281299,100,900,0.05,25,4,-225,1450
"skew",45,200,"random","even",2,0.25,1045,1045,5.18994613504037,2.99990842572879,-0.00277070512063801,100,900,0.05,25,4,-225,1450
"skew",46,200,"random","even",2,0.25,1046,1046,10.1224272092804,2.7546955839498,0.00854523594025523,100,900,0.05,25,4,-225,1450
"skew",47,200,"random","even",2,0.25,1047,1047,8.28404662641697,0.705265214666724,0.00923767425119877,100,900,0.05,25,4,-225,1450
"skew",48,200,"random","even",2,0.25,1048,1048,6.38362467684783,2.45088650123216,0.00972763263154775,100,900,0.05,25,4,-225,1450
"skew",49,200,"random","even",2,0.25,1049,1049,4.80859056790359,3.56072134675924,-0.0108323088241741,100,900,0.05,25,4,-225,1450
"skew",50,200,"random","even",2,0.25,1050,1050,12.3590471160132,2.88518731715158,-0.016259321202524,100,900,0.05,25,4,-225,1450
"skew",51,200,"random","even",2,0.25,1051,1051,10.6842746797483,1.98658564651851,0.00135806728620082,100,900,0.05,25,4,-225,1450
"skew",52,200,"random","even",2,0.25,1052,1052,12.5499481335282,2.26514089445118,-0.00404042910318822,100,900,0.05,25,4,-225,1450
"skew",53,200,"random","even",2,0.25,1053,1053,5.2869718123693,1.47835045505781,0.00648085604421794,100,900,0.05,25,4,-225,1450
"skew",54,200,"random","even",2,0.25,1054,1054,2.87835696688853,1.76595477946103,-0.0205955345928669,100,900,0.05,25,4,-225,1450
"skew",55,200,"random","even",2,0.25,1055,1055,10.7570828464814,1.27493045688607,0.0164220727980137,100,900,0.05,25,4,-225,1450
"skew",56,200,"random","even",2,0.25,1056,1056,4.06103401980363,3.34399931598455,-0.00349916019011289,100,900,0.05,25,4,-225,1450
"skew",57,200,"random","even",2,0.25,1057,1057,5.79381678416394,3.79856881068554,-0.0126102438429371,100,900,0.05,25,4,-225,1450
"skew",58,200,"random","even",2,0.25,1058,1058,2.02148700552061,2.92927904915996,0.00361444951035082,100,900,0.05,25,4,-225,1450
"skew",59,200,"random","even",2,0.25,1059,1059,14.5884191391524,1.75006982579362,0.00671314017847181,100,900,0.05,25,4,-225,1450
"skew",60,200,"random","even",2,0.25,1060,1060,14.8852290331852,2.57860803056974,-0.0245340802380815,100,900,0.05,25,4,-225,1450
"skew",61,200,"random","even",2,0.25,1061,1061,10.5304275280796,2.31062517827377,0.0102344405092299,100,900,0.05,25,4,-225,1450
"skew",62,200,"random","even",2,0.25,1062,1062,7.84846175019629,1.86730726039968,-0.024840316073969,100,900,0.05,25,4,-225,1450
"skew",63,200,"random","even",2,0.25,1063,1063,2.40454084263183,1.45684232516214,-0.000884998398832978,100,900,0.05,25,4,-225,1450
"skew",64,200,"random","even",2,0.25,1064,1064,7.94336841139011,3.15750454051886,-0.00204491060692817,100,900,0.05,25,4,-225,1450
"skew",65,200,"random","even",2,0.25,1065,1065,13.9005055953749,1.1243602760369,-0.00613130413927138,100,900,0.05,25,4,-225,1450
"skew",66,200,"random","even",2,0.25,1066,1066,5.397245752858,1.97842940769624,0.0151787055982277,100,900,0.05,25,4,-225,1450
"skew",67,200,"random","even",2,0.25,1067,1067,8.11344621842727,3.01599461666774,0.0214459634386003,100,900,0.05,25,4,-225,1450
"skew",68,200,"random","even",2,0.25,1068,1068,5.44582684128545,2.14336003735662,0.0127757326746359,100,900,0.05,25,4,-225,1450
"skew",69,200,"random","even",2,0.25,1069,1069,9.67125793849118,2.15113818692043,0.00669997530989349,100,900,0.05,25,4,-225,1450
"skew",70,200,"random","even",2,0.25,1070,1070,3.83938578865491,0.775706228683703,0.00842362843919545,100,900,0.05,25,4,-225,1450
"skew",71,200,"random","even",2,0.25,1071,1071,13.9279074340593,2.5052045736229,-0.0298107514902949,100,900,0.05,25,4,-225,1450
"skew",72,200,"random","even",2,0.25,1072,1072,11.7540617908817,3.74808743002359,0.00624216627795249,100,900,0.05,25,4,-225,1450
"skew",73,200,"random","even",2,0.25,1073,1073,10.548323555151,1.37110899225809,-0.00399950141552836,100,900,0.05,25,4,-225,1450
"skew",74,200,"random","even",2,0.25,1074,1074,13.8726082213689,2.91106083185878,0.0207978140003979,100,900,0.05,25,4,-225,1450
"skew",75,200,"random","even",2,0.25,1075,1075,14.9322303447407,3.43489505699836,-0.0100898351194337,100,900,0.05,25,4,-225,1450
"skew",76,200,"random","even",2,0.25,1076,1076,7.87120364210568,1.6824228761252,-0.000643905149772764,100,900,0.05,25,4,-225,1450
"skew",77,200,"random","even",2,0.25,1077,1077,5.8912625266239,2.95351389050484,0.00493029051460326,100,900,0.05,25,4,-225,1450
"skew",78,200,"random","even",2,0.25,1078,1078,8.63982005999424,1.66041551693343,0.0273836096702144,100,900,0.05,25,4,-225,1450
"skew",79,200,"random","even",2,0.25,1079,1079,10.2905370646622,2.81283738452476,0.00887680061627179,100,900,0.05,25,4,-225,1450
"skew",80,200,"random","even",2,0.25,1080,1080,11.0258525379468,2.2969579702476,0.0199559173732996,100,900,0.05,25,4,-225,1450
"skew",81,200,"random","even",2,0.25,1081,1081,10.874631145969,2.85064404981676,0.00927579901646822,100,900,0.05,25,4,-225,1450
"skew",82,200,"random","even",2,0.25,1082,1082,13.5759318091441,2.09955240401905,-0.0224445773055777,100,900,0.05,25,4,-225,1450
"skew",83,200,"random","even",2,0.25,1083,1083,12.2152959168889,3.61188012722414,0.0158447713404894,100,900,0.05,25,4,-225,1450
"skew",84,200,"random","even",2,0.25,1084,1084,6.93661147658713,2.79320814064704,-0.00985797945410013,100,900,0.05,25,4,-225,1450
"skew",85,200,"random","even",2,0.25,1085,1085,12.3621664738748,3.25294701987877,-0.0218082222249359,100,900,0.05,25,4,-225,1450
"skew",86,200,"random","even",2,0.25,1086,1086,12.403587159235,1.02017186162993,0.0244149915548041,100,900,0.05,25,4,-225,1450
"skew",87,200,"random","even",2,0.25,1087,1087,11.2091169643681,1.56998491438571,-0.0265138896508142,100,900,0.05,25,4,-225,1450
"skew",88,200,"random","even",2,0.25,1088,1088,11.4859891317319,3.41904208355118,-0.0236944523267448,100,900,0.05,25,4,-225,1450
"skew",89,200,"random","even",2,0.25,1089,1089,3.39187822956592,2.77636060549412,-0.00347314044367522,100,900,0.05,25,4,-225,1450
"skew",90,200,"random","even",2,0.25,1090,1090,13.0550454591867,2.62287111231126,-0.000749556147493422,100,900,0.05,25,4,-225,1450
"skew",91,200,"random","even",2,0.25,1091,1091,6.41567945829593,2.29712538397871,-0.00680329071823508,100,900,0.05,25,4,-225,1450
"skew",92,200,"random","even",2,0.25,1092,1092,12.1542736883275,3.72523263492621,-0.0270118261082098,100,900,0.05,25,4,-225,1450
"skew",93,200,"random","even",2,0.25,1093,1093,8.86811469239183,3.86459856550209,0.0160133236600086,100,900,0.05,25,4,-225,1450
"skew",94,200,"random","even",2,0.25,1094,1094,8.81295350170694,2.99242921103723,0.0282300955289975,100,900,0.05,25,4,-225,1450
"skew",95,200,"random","even",2,0.25,1095,1095,6.03724248753861,0.835565055138431,0.0237487015686929,100,900,0.05,25,4,-225,1450
"skew",96,200,"random","even",2,0.25,1096,1096,3.00381121831015,2.50258563202806,-0.0150999903073534,100,900,0.05,25,4,-225,1450
"skew",97,200,"random","even",2,0.25,1097,1097,10.1422629721928,2.61317537922878,-0.00288639263715595,100,900,0.05,25,4,-225,1450
"skew",98,200,"random","even",2,0.25,1098,1098,6.54129982041195,1.24361589772161,0.00109726614318788,100,900,0.05,25,4,-225,1450
"skew",99,200,"random","even",2,0.25,1099,1099,4.76758719631471,1.2419263048796,-0.0275487614097074,100,900,0.05,25,4,-225,1450
"skew",100,200,"random","even",2,0.25,1100,1100,14.2904049940407,1.26430221402552,-0.01671575861983,100,900,0.05,25,4,-225,1450
"skew",101,200,"random","even",2,0.25,1101,1101,12.6317555468995,0.63967440801207,0.0246181584522128,100,900,0.05,25,4,-225,1450
"skew",102,200,"random","even",2,0.25,1102,1102,4.6477233779151,3.85394010588061,0.00476522734388709,100,900,0.05,25,4,-225,1450
"skew",103,200,"random","even",2,0.25,1103,1103,9.56867262884043,1.60639933100902,0.00963991334661841,100,900,0.05,25,4,-225,1450
"skew",104,200,"random","even",2,0.25,1104,1104,8.18940433487296,1.79592217796016,0.00629725366830826,100,900,0.05,25,4,-225,1450
"skew",105,200,"random","even",2,0.25,1105,1105,11.2052992605604,1.04856501496397,-0.00439692660234868,100,900,0.05,25,4,-225,1450
"skew",106,200,"random","even",2,0.25,1106,1106,4.97812105412595,3.12424607062712,0.00366334840189666,100,900,0.05,25,4,-225,1450
"skew",107,200,"random","even",2,0.25,1107,1107,7.35958215850405,2.32262999669183,0.0153518164716661,100,900,0.05,25,4,-225,1450
"skew",108,200,"random","even",2,0.25,1108,1108,11.3880423542578,3.68717882945202,-0.00675797661300748,100,900,0.05,25,4,-225,1450
"skew",109,200,"random","even",2,0.25,1109,1109,5.21988686732948,2.785497999168,0.0006044503999874,100,900,0.05,25,4,-225,1450
"skew",110,200,"random","even",2,0.25,1110,1110,8.21680405479856,2.43309257761575,-0.0232679745275527,100,900,0.05,25,4,-225,1450
"skew",111,200,"random","even",2,0.25,1111,1111,14.0618591646198,2.38943641434889,0.0294885430438444,100,900,0.05,25,4,-225,1450
"skew",112,200,"random","even",2,0.25,1112,1112,9.91623824788257,2.67465936217923,0.0182655505975708,100,900,0.05,25,4,-225,1450
"skew",113,200,"random","even",2,0.25,1113,1113,4.52465256070718,2.24180658184923,-0.0131532952236012,100,900,0.05,25,4,-225,1450
"skew",114,200,"random","even",2,0.25,1114,1114,14.8979601920582,2.54126993613318,0.0294331089500338,100,900,0.05,25,4,-225,1450
"skew",115,200,"random","even",2,0.25,1115,1115,4.75267482665367,3.14065024489537,0.00259398912079632,100,900,0.05,25,4,-225,1450
"skew",116,200,"random","even",2,0.25,1116,1116,9.75991366175003,1.60335085832048,-0.00948524200357497,100,900,0.05,25,4,-225,1450
"skew",117,200,"random","even",2,0.25,1117,1117,5.20615321467631,1.60214707243722,-0.0220835001021624,100,900,0.05,25,4,-225,1450
"skew",118,200,"random","even",2,0.25,1118,1118,8.18604084150866,2.73120559472591,0.0114499100809917,100,900,0.05,25,4,-225,1450
"skew",119,200,"random","even",2,0.25,1119,1119,14.5543741318397,0.51227274525445,-0.0254643895290792,100,900,0.05,25,4,-225,1450
"skew",120,200,"random","even",2,0.25,1120,1120,2.75254547456279,3.88443076284602,0.00657236192375422,100,900,0.05,25,4,-225,1450
"skew",121,200,"random","even",2,0.25,1121,1121,7.95776204834692,3.54498022748157,0.0163219140283763,100,900,0.05,25,4,-225,1450
"skew",122,200,"random","even",2,0.25,1122,1122,3.996036415454,3.08099581673741,0.017626919914037,100,900,0.05,25,4,-225,1450
"skew",123,200,"random","even",2,0.25,1123,1123,13.2686330387369,2.08984237012919,0.0242227935930714,100,900,0.05,25,4,-225,1450
"skew",124,200,"random","even",2,0.25,1124,1124,9.36998166143894,1.13435730559286,0.0158957442641258,100,900,0.05,25,4,-225,1450
"skew",125,200,"random","even",2,0.25,1125,1125,3.97713540052064,3.19320368859917,0.0159994717268273,100,900,0.05,25,4,-225,1450
"skew",126,200,"random","even",2,0.25,1126,1126,11.2912514021154,2.6763374338625,0.0280335281370208,100,900,0.05,25,4,-225,1450
"skew",127,200,"random","even",2,0.25,1127,1127,6.3645919628907,2.9691953031579,-0.0252485690731555,100,900,0.05,25,4,-225,1450
"skew",128,200,"random","even",2,0.25,1128,1128,9.5270953187719,3.25170535221696,0.0266026593279093,100,900,0.05,25,4,-225,1450
"skew",129,200,"random","even",2,0.25,1129,1129,7.67808247404173,2.05299062619451,0.00961462406907231,100,900,0.05,25,4,-225,1450
"skew",130,200,"random","even",2,0.25,1130,1130,9.91574452561326,2.28200692473911,0.0136657533841208,100,900,0.05,25,4,-225,1450
"skew",131,200,"random","even",2,0.25,1131,1131,11.682215658715,3.11338749015704,-0.0203269161796197,100,900,0.05,25,4,-225,1450
"skew",132,200,"random","even",2,0.25,1132,1132,11.0062481919304,1.46584811946377,0.00394073561299593,100,900,0.05,25,4,-225,1450
"skew",133,200,"random","even",2,0.25,1133,1133,6.94998311204836,0.847316800034605,0.0093471801141277,100,900,0.05,25,4,-225,1450
"skew",134,200,"random","even",2,0.25,1134,1134,3.20547237386927,2.65633528027683,0.00741533591877669,100,900,0.05,25,4,-225,1450
"skew",135,200,"random","even",2,0.25,1135,1135,11.8405031387229,2.89944667916279,-0.0290848689945415,100,900,0.05,25,4,-225,1450
"skew",136,200,"random","even",2,0.25,1136,1136,4.17194779217243,1.54514319694135,-0.0185044467682019,100,900,0.05,25,4,-225,1450
"skew",137,200,"random","even",2,0.25,1137,1137,9.08362776366994,3.64313606522046,0.0232759243994951,100,900,0.05,25,4,-225,1450
"skew",138,200,"random","even",2,0.25,1138,1138,7.17050718725659,1.41315619042143,-0.0206440127687529,100,900,0.05,25,4,-225,1450
"skew",139,200,"random","even",2,0.25,1139,1139,9.42981751821935,3.7798682122957,0.0281783646577969,100,900,0.05,25,4,-225,1450
"skew",140,200,"random","even",2,0.25,1140,1140,7.42706354451366,3.67808049020823,-0.0203351872880012,100,900,0.05,25,4,-225,1450
"skew",141,200,"random","even",2,0.25,1141,1141,14.7796200488228,1.61393438640516,0.00373061893042177,100,900,0.05,25,4,-225,1450
"skew",142,200,"random","even",2,0.25,1142,1142,10.2764162239619,3.37012179300655,-0.0247397237224504,100,900,0.05,25,4,-225,1450
"skew",143,200,"random","even",2,0.25,1143,1143,5.23862774344161,1.8458494648803,0.0244704597489908,100,900,0.05,25,4,-225,1450
"skew",144,200,"random","even",2,0.25,1144,1144,11.2954293403309,3.2167826917721,0.00472205453552306,100,900,0.05,25,4,-225,1450
"skew",145,200,"random","even",2,0.25,1145,1145,12.8587597401347,3.5003210331779,-0.0164215179299936,100,900,0.05,25,4,-225,1450
"skew",146,200,"random","even",2,0.25,1146,1146,11.8883408939,1.13365473819431,-0.0245428952900693,100,900,0.05,25,4,-225,1450
"skew",147,200,"random","even",2,0.25,1147,1147,13.228792859707,1.52831003349274,-0.00471486136782914,100,900,0.05,25,4,-225,1450
"skew",148,200,"random","even",2,0.25,1148,1148,12.646366734989,3.56460624921601,0.00333476009778678,100,900,0.05,25,4,-225,1450
"skew",149,200,"random","even",2,0.25,1149,1149,14.3796549111139,2.97470713290386,0.0172499409830198,100,900,0.05,25,4,-225,1450
"skew",150,200,"random","even",2,0.25,1150,1150,6.85264267493039,2.81221621495206,-0.0248626327794045,100,900,0.05,25,4,-225,1450
"skew",151,200,"random","even",2,0.25,1151,1151,10.1519926246256,1.92163217393681,0.000934186927042901,100,900,0.05,25,4,-225,1450
"skew",152,200,"random","even",2,0.25,1152,1152,4.6239775212016,1.66327624802943,-0.00418395729269832,100,900,0.05,25,4,-225,1450
"skew",153,200,"random","even",2,0.25,1153,1153,9.78712759981863,1.36469511478208,-0.0239708128385246,100,900,0.05,25,4,-225,1450
"skew",154,200,"random","even",2,0.25,1154,1154,3.63662467943504,3.7190523709869,-0.0183366247359663,100,900,0.05,25,4,-225,1450
"skew",155,200,"random","even",2,0.25,1155,1155,9.29199580801651,2.33116062183399,-0.00420563852414489,100,900,0.05,25,4,-225,1450
"skew",156,200,"random","even",2,0.25,1156,1156,11.6102394680493,3.38751572347246,-0.00240652053616941,100,900,0.05,25,4,-225,1450
"skew",157,200,"random","even",2,0.25,1157,1157,11.9159621966537,2.03818785387557,-0.00893878147937358,100,900,0.05,25,4,-225,1450
"skew",158,200,"random","even",2,0.25,1158,1158,5.2507214192301,3.35611624852754,-0.0207984632346779,100,900,0.05,25,4,-225,1450
"skew",159,200,"random","even",2,0.25,1159,1159,11.4802299910225,1.68429250561167,-0.0105089734727517,100,900,0.05,25,4,-225,1450
"skew",160,200,"random","even",2,0.25,1160,1160,5.72934606368653,1.06806760758627,0.025657100812532,100,900,0.05,25,4,-225,1450
"skew",161,200,"random","even",2,0.25,1161,1161,7.05754543165676,1.47566270676907,0.0165379659924656,100,900,0.05,25,4,-225,1450
"skew",162,200,"random","even",2,0.25,1162,1162,13.1497357164044,0.865592324873433,0.0282419116934761,100,900,0.05,25,4,-225,1450
"skew",163,200,"random","even",2,0.25,1163,1163,12.5584795218892,3.15490164526273,0.0260574586037546,100,900,0.05,25,4,-225,1450
"skew",164,200,"random","even",2,0.25,1164,1164,14.7506256843917,2.19488459464628,0.0142330735735595,100,900,0.05,25,4,-225,1450
"skew",165,200,"random","even",2,0.25,1165,1165,11.4092230235692,3.86886671558022,0.00511784235946834,100,900,0.05,25,4,-225,1450
"skew",166,200,"random","even",2,0.25,1166,1166,10.8265395241324,1.52695765823592,-0.0185981094231829,100,900,0.05,25,4,-225,1450
"skew",167,200,"random","even",2,0.25,1167,1167,11.8549526715651,1.71372422238346,0.00826697709504515,100,900,0.05,25,4,-225,1450
"skew",168,200,"random","even",2,0.25,1168,1168,6.13395816925913,1.27339775813743,0.00239340058062226,100,900,0.05,25,4,-225,1450
"skew",169,200,"random","even",2,0.25,1169,1169,14.9682861783076,0.912878439528868,0.0153032068954781,100,900,0.05,25,4,-225,1450
"skew",170,200,"random","even",2,0.25,1170,1170,10.9447148733307,0.593171618063934,-0.0266079895058647,100,900,0.05,25,4,-225,1450
"skew",171,200,"random","even",2,0.25,1171,1171,9.9188190959394,1.1419864941854,4.79975994676363e-05,100,900,0.05,25,4,-225,1450
"skew",172,200,"random","even",2,0.25,1172,1172,9.39732686569914,3.89920196484309,-0.00753594520501793,100,900,0.05,25,4,-225,1450
"skew",173,200,"random","even",2,0.25,1173,1173,5.94831388932653,2.52399059874006,0.0291793454205617,100,900,0.05,25,4,-225,1450
"skew",174,200,"random","even",2,0.25,1174,1174,10.611751885619,2.94174963841215,-0.00670619859360158,100,900,0.05,25,4,-225,1450
"skew",175,200,"random","even",2,0.25,1175,1175,10.6263534030877,2.27194500574842,0.00671113705728203,100,900,0.05,25,4,-225,1450
"skew",176,200,"random","even",2,0.25,1176,1176,3.38991325022653,1.39287666685414,0.00875973321497441,100,900,0.05,25,4,-225,1450
"skew",177,200,"random","even",2,0.25,1177,1177,7.13873584126122,0.988880066084675,0.00731594427488744,100,900,0.05,25,4,-225,1450
"skew",178,200,"random","even",2,0.25,1178,1178,8.26913109677844,3.81165425153449,-0.0295446757553145,100,900,0.05,25,4,-225,1450
"skew",179,200,"random","even",2,0.25,1179,1179,4.86708366125822,2.56361857929733,0.0271997529454529,100,900,0.05,25,4,-225,1450
"skew",180,200,"random","even",2,0.25,1180,1180,7.61750782420859,1.96759113145526,0.0126323264837265,100,900,0.05,25,4,-225,1450
"skew",181,200,"random","even",2,0.25,1181,1181,6.5925407987088,2.11069315345958,-0.0292783595016226,100,900,0.05,25,4,-225,1450
"skew",182,200,"random","even",2,0.25,1182,1182,9.43315975740552,2.44174028374255,-0.00293967381119728,100,900,0.05,25,4,-225,1450
"skew",183,200,"random","even",2,0.25,1183,1183,9.07048825942911,2.68045756092761,0.0105866333143786,100,900,0.05,25,4,-225,1450
"skew",184,200,"random","even",2,0.25,1184,1184,2.75414967769757,2.82668471720535,0.014297887282446,100,900,0.05,25,4,-225,1450
"skew",185,200,"random","even",2,0.25,1185,1185,12.849986377405,2.09365915285889,-0.009219507900998,100,900,0.05,25,4,-225,1450
"skew",186,200,"random","even",2,0.25,1186,1186,6.89596678060479,2.72538817638997,-0.0060640832176432,100,900,0.05,25,4,-225,1450
"skew",187,200,"random","even",2,0.25,1187,1187,10.3128741707187,0.750844064401463,-0.0125414442596957,100,900,0.05,25,4,-225,1450
"skew",188,200,"random","even",2,0.25,1188,1188,8.42561945691705,3.04850641067605,-0.0272027653036639,100,900,0.05,25,4,-225,1450
"skew",189,200,"random","even",2,0.25,1189,1189,4.66398918651976,3.70659238775261,-0.00363991091027856,100,900,0.05,25,4,-225,1450
"skew",190,200,"random","even",2,0.25,1190,1190,8.38874464435503,2.57283439231105,-0.0155221897456795,100,900,0.05,25,4,-225,1450
"skew",191,200,"random","even",2,0.25,1191,1191,7.69610693422146,3.70020744029898,0.0296306386264041,100,900,0.05,25,4,-225,1450
"skew",192,200,"random","even",2,0.25,1192,1192,9.99278201651759,2.28233759454452,-0.0279214843176305,100,900,0.05,25,4,-225,1450
"skew",193,200,"random","even",2,0.25,1193,1193,2.81956485006958,2.30789475166239,0.0100719323800877,100,900,0.05,25,4,-225,1450
"skew",194,200,"random","even",2,0.25,1194,1194,3.5613875251729,1.45701277931221,0.00241295292042196,100,900,0.05,25,4,-225,1450
"skew",195,200,"random","even",2,0.25,1195,1195,7.45830268249847,3.7893326600315,-0.00801502163987607,100,900,0.05,25,4,-225,1450
"skew",196,200,"random","even",2,0.25,1196,1196,7.37075990997255,0.633204282377847,-0.0269693234330043,100,900,0.05,25,4,-225,1450
"skew",197,200,"random","even",2,0.25,1197,1197,3.23293995764107,3.37308452930301,-0.0232764156069607,100,900,0.05,25,4,-225,1450
"skew",198,200,"random","even",2,0.25,1198,1198,12.7615965008736,1.46677661500871,0.0279485908057541,100,900,0.05,25,4,-225,1450
"skew",199,200,"random","even",2,0.25,1199,1199,3.06928187492304,1.05568907188717,0.0286919560935348,100,900,0.05,25,4,-225,1450
"skew",200,200,"random","even",2,0.25,1200,1200,8.49070448125713,2.96134678879753,0.0210232178214937,100,900,0.05,25,4,-225,1450
"skew",201,200,"random","even",2,0.25,1201,1201,12.8161285957322,3.29869813285768,-0.0199303001537919,100,900,0.05,25,4,-225,1450
"skew",202,200,"random","even",2,0.25,1202,1202,6.10975103452802,3.10856660234276,0.0148476761346683,100,900,0.05,25,4,-225,1450
"skew",203,200,"random","even",2,0.25,1203,1203,7.58101139776409,0.96323893032968,0.00953268344979733,100,900,0.05,25,4,-225,1450
"skew",204,200,"random","even",2,0.25,1204,1204,3.89505770010874,2.62792741868179,-0.0280559289827943,100,900,0.05,25,4,-225,1450
"skew",205,200,"random","even",2,0.25,1205,1205,8.51706059440039,1.78760144521948,0.0170247941091657,100,900,0.05,25,4,-225,1450
"skew",206,200,"random","even",2,0.25,1206,1206,12.3128680523951,1.2275283515919,-0.0204499988816679,100,900,0.05,25,4,-225,1450
"skew",207,200,"random","even",2,0.25,1207,1207,11.0420175602194,2.90415639732964,0.0157252142066136,100,900,0.05,25,4,-225,1450
"skew",208,200,"random","even",2,0.25,1208,1208,11.5867915209383,3.55362221458927,0.00177045139018446,100,900,0.05,25,4,-225,1450
"skew",209,200,"random","even",2,0.25,1209,1209,6.21425123303197,3.68376839859411,-0.014871953339316,100,900,0.05,25,4,-225,1450
"skew",210,200,"random","even",2,0.25,1210,1210,4.97263252129778,3.79565768083557,-0.00818208931479603,100,900,0.05,25,4,-225,1450
"skew",211,200,"random","even",2,0.25,1211,1211,7.41425354359671,1.2754898784915,-0.0182016529049724,100,900,0.05,25,4,-225,1450
"skew",212,200,"random","even",2,0.25,1212,1212,9.81385797658004,1.39641232369468,-0.0287248636549339,100,900,0.05,25,4,-225,1450
"skew",213,200,"random","even",2,0.25,1213,1213,5.6851498556789,2.57577215170022,-0.021963976258412,100,900,0.05,25,4,-225,1450
"skew",214,200,"random","even",2,0.25,1214,1214,7.17857358977199,3.73127179930452,-0.0224814589926973,100,900,0.05,25,4,-225,1450
"skew",215,200,"random","even",2,0.25,1215,1215,6.70493663987145,3.59369556233287,0.00747516514733434,100,900,0.05,25,4,-225,1450
"skew",216,200,"random","even",2,0.25,1216,1216,2.45763436984271,2.96329099452123,-0.0111707871453837,100,900,0.05,25,4,-225,1450
"skew",217,200,"random","even",2,0.25,1217,1217,3.91019582655281,2.30250016425271,0.00670843294356018,100,900,0.05,25,4,-225,1450
"skew",218,200,"random","even",2,0.25,1218,1218,13.9613769229036,0.56703509693034,-0.0230407921783626,100,900,0.05,25,4,-225,1450
"skew",219,200,"random","even",2,0.25,1219,1219,12.2019369485788,0.626314843771979,-0.00444776633754372,100,900,0.05,25,4,-225,1450
"skew",220,200,"random","even",2,0.25,1220,1220,5.54580387705937,2.39922690566164,-0.0202121216151863,100,900,0.05,25,4,-225,1450
"skew",221,200,"random","even",2,0.25,1221,1221,11.5175352566876,3.38389997184277,-0.0239541123853996,100,900,0.05,25,4,-225,1450
"skew",222,200,"random","even",2,0.25,1222,1222,6.05101100588217,0.716969007160515,0.0194725176785141,100,900,0.05,25,4,-225,1450
"skew",223,200,"random","even",2,0.25,1223,1223,4.80802032514475,3.06359524722211,-0.0261368333688006,100,900,0.05,25,4,-225,1450
"skew",224,200,"random","even",2,0.25,1224,1224,4.69134764513001,2.21338717383333,0.00238799205981195,100,900,0.05,25,4,-225,1450
"skew",225,200,"random","even",2,0.25,1225,1225,14.5137101551518,3.38800786715001,0.0225472521269694,100,900,0.05,25,4,-225,1450
"skew",226,200,"random","even",2,0.25,1226,1226,6.06623648572713,1.53233119496144,0.0162765915272757,100,900,0.05,25,4,-225,1450
"skew",227,200,"random","even",2,0.25,1227,1227,7.21717688278295,2.17743204464205,-0.000893475324846803,100,900,0.05,25,4,-225,1450
"skew",228,200,"random","even",2,0.25,1228,1228,14.5730271127541,1.20538084057625,-0.0100182281574234,100,900,0.05,25,4,-225,1450
"skew",229,200,"random","even",2,0.25,1229,1229,6.9617114441935,3.61120076512452,0.0027459056256339,100,900,0.05,25,4,-225,1450
"skew",230,200,"random","even",2,0.25,1230,1230,7.52575466316193,3.51243554300163,-0.0250145115656778,100,900,0.05,25,4,-225,1450
"skew",231,200,"random","even",2,0.25,1231,1231,2.8696187029127,2.48652014380787,0.0187280487734824,100,900,0.05,25,4,-225,1450
"skew",232,200,"random","even",2,0.25,1232,1232,13.5802702887449,2.46895854861941,0.00249362939503044,100,900,0.05,25,4,-225,1450
"skew",233,200,"random","even",2,0.25,1233,1233,8.67736288392916,2.31711031123996,0.0108662293246016,100,900,0.05,25,4,-225,1450
"skew",234,200,"random","even",2,0.25,1234,1234,9.6353414284531,0.52655345457606,-0.0147781458869576,100,900,0.05,25,4,-225,1450
"skew",235,200,"random","even",2,0.25,1235,1235,4.35475825634785,2.13434681599028,-0.0195610853796825,100,900,0.05,25,4,-225,1450
"skew",236,200,"random","even",2,0.25,1236,1236,5.21802840102464,1.68490850785747,0.00163879200350493,100,900,0.05,25,4,-225,1450
"skew",237,200,"random","even",2,0.25,1237,1237,10.2855558716692,3.96346815687139,-0.0229181769490242,100,900,0.05,25,4,-225,1450
"skew",238,200,"random","even",2,0.25,1238,1238,12.0289719058201,2.97826056857593,0.00392141582909972,100,900,0.05,25,4,-225,1450
"skew",239,200,"random","even",2,0.25,1239,1239,9.50705430260859,3.28832847392187,-0.0267265606904402,100,900,0.05,25,4,-225,1450
"skew",240,200,"random","even",2,0.25,1240,1240,2.02080158097669,2.88764707720838,0.00700338828843087,100,900,0.05,25,4,-225,1450
"skew",241,200,"random","even",2,0.25,1241,1241,12.4650449894834,0.5272017972311,-0.021226687640883,100,900,0.05,25,4,-225,1450
"skew",242,200,"random","even",2,0.25,1242,1242,13.8573763670865,1.80531357740983,0.0112989935511723,100,900,0.05,25,4,-225,1450
"skew",243,200,"random","even",2,0.25,1243,1243,5.25138250528835,1.63693563255947,0.00288938525598496,100,900,0.05,25,4,-225,1450
"skew",244,200,"random","even",2,0.25,1244,1244,4.77543112612329,3.14288315514568,0.0277601039316505,100,900,0.05,25,4,-225,1450
"skew",245,200,"random","even",2,0.25,1245,1245,2.62657012953423,3.22121053107549,0.00746079484932125,100,900,0.05,25,4,-225,1450
"skew",246,200,"random","even",2,0.25,1246,1246,3.82935937377624,3.50223220745102,0.014798726211302,100,900,0.05,25,4,-225,1450
"skew",247,200,"random","even",2,0.25,1247,1247,10.4727324864361,1.42873177106958,-0.0206239673634991,100,900,0.05,25,4,-225,1450
"skew",248,200,"random","even",2,0.25,1248,1248,7.32793429680169,2.20020684192423,0.0276052644196898,100,900,0.05,25,4,-225,1450
"skew",249,200,"random","even",2,0.25,1249,1249,10.7168362077791,1.21275315491948,0.0259458095021546,100,900,0.05,25,4,-225,1450
"skew",250,200,"random","even",2,0.25,1250,1250,6.44454705738463,2.54211630532518,-0.00312901895027608,100,900,0.05,25,4,-225,1450
"skew",251,200,"random","even",2,0.25,1251,1251,13.7054998094682,1.26427850674372,0.00896148432511836,100,900,0.05,25,4,-225,1450
"skew",252,200,"random","even",2,0.25,1252,1252,7.78248884179629,2.8689345974708,-0.0284728070162237,100,900,0.05,25,4,-225,1450
"skew",253,200,"random","even",2,0.25,1253,1253,7.65741894533858,2.7357318487484,0.0294143368816003,100,900,0.05,25,4,-225,1450
"skew",254,200,"random","even",2,0.25,1254,1254,13.7709622362163,3.63332399516366,-0.000857117786072194,100,900,0.05,25,4,-225,1450
"skew",255,200,"random","even",2,0.25,1255,1255,10.9870393546298,1.5450333832996,0.016988605982624,100,900,0.05,25,4,-225,1450
"skew",256,200,"random","even",2,0.25,1256,1256,4.27008596016094,2.34045405476354,-0.00312552361283451,100,900,0.05,25,4,-225,1450
"skew",257,200,"random","even",2,0.25,1257,1257,10.8048167431261,2.23643775691744,-0.00255652208346873,100,900,0.05,25,4,-225,1450
"skew",258,200,"random","even",2,0.25,1258,1258,3.92919792747125,3.2859018977033,0.0105632159672678,100,900,0.05,25,4,-225,1450
"skew",259,200,"random","even",2,0.25,1259,1259,6.12017744989134,2.06399929057807,0.0200606883270666,100,900,0.05,25,4,-225,1450
"skew",260,200,"random","even",2,0.25,1260,1260,11.5934924711473,3.55881307600066,-0.00216848499141634,100,900,0.05,25,4,-225,1450
"skew",261,200,"random","even",2,0.25,1261,1261,2.77711014379747,2.03930149960797,0.00858462761621922,100,900,0.05,25,4,-225,1450
"skew",262,200,"random","even",2,0.25,1262,1262,14.775385358138,3.31318190891761,0.0139767915615812,100,900,0.05,25,4,-225,1450
"skew",263,200,"random","even",2,0.25,1263,1263,5.19025909691118,1.54599037778098,0.011384996320121,100,900,0.05,25,4,-225,1450
"skew",264,200,"random","even",2,0.25,1264,1264,2.77906830376014,3.55247482599225,-0.0163440519198775,100,900,0.05,25,4,-225,1450
"skew",265,200,"random","even",2,0.25,1265,1265,9.26686177076772,1.25395669590216,0.0243188313301653,100,900,0.05,25,4,-225,1450
"skew",266,200,"random","even",2,0.25,1266,1266,9.97697366611101,2.37948128569406,-0.0230443325266242,100,900,0.05,25,4,-225,1450
"skew",267,200,"random","even",2,0.25,1267,1267,9.20022998889908,3.77980318269692,0.0263682878902182,100,900,0.05,25,4,-225,1450
"skew",268,200,"random","even",2,0.25,1268,1268,14.9298577767331,1.955217948067,0.00199720983859152,100,900,0.05,25,4,-225,1450
"skew",269,200,"random","even",2,0.25,1269,1269,3.1047208015807,3.34318295167759,0.00163644419051707,100,900,0.05,25,4,-225,1450
"skew",270,200,"random","even",2,0.25,1270,1270,5.93095488892868,2.39907273824792,-0.00460639034863562,100,900,0.05,25,4,-225,1450
"skew",271,200,"random","even",2,0.25,1271,1271,8.01783772138879,2.43788698338903,0.00178924344945699,100,900,0.05,25,4,-225,1450
"skew",272,200,"random","even",2,0.25,1272,1272,11.5085219233297,3.02429796825163,0.0247921058954671,100,900,0.05,25,4,-225,1450
"skew",273,200,"random","even",2,0.25,1273,1273,3.7126082633622,2.44344788929448,0.0109574895584956,100,900,0.05,25,4,-225,1450
"skew",274,200,"random","even",2,0.25,1274,1274,7.79740598471835,0.873920360812917,-0.00782821512781083,100,900,0.05,25,4,-225,1450
"skew",275,200,"random","even",2,0.25,1275,1275,12.0335553986952,2.56661169044673,-0.0134974900027737,100,900,0.05,25,4,-225,1450
"skew",276,200,"random","even",2,0.25,1276,1276,11.943266027607,1.1449447957566,-0.00468206856865436,100,900,0.05,25,4,-225,1450
"skew",277,200,"random","even",2,0.25,1277,1277,8.90247647231445,3.88670318387449,0.0261270336667076,100,900,0.05,25,4,-225,1450
"skew",278,200,"random","even",2,0.25,1278,1278,4.2741754038725,3.19272615620866,-0.00737049483228475,100,900,0.05,25,4,-225,1450
"skew",279,200,"random","even",2,0.25,1279,1279,6.01131393387914,1.75592210015748,0.0187464692210779,100,900,0.05,25,4,-225,1450
"skew",280,200,"random","even",2,0.25,1280,1280,6.01315538655035,3.52044484426733,-0.0126281770924106,100,900,0.05,25,4,-225,1450
"skew",281,200,"random","even",2,0.25,1281,1281,11.4854013395961,0.935540681006387,-0.020928080608137,100,900,0.05,25,4,-225,1450
"skew",282,200,"random","even",2,0.25,1282,1282,9.28379455558024,3.90636547550093,0.0117623023409396,100,900,0.05,25,4,-225,1450
"skew",283,200,"random","even",2,0.25,1283,1283,4.50138275884092,2.35442669328768,-0.00621736562345177,100,900,0.05,25,4,-225,1450
"skew",284,200,"random","even",2,0.25,1284,1284,5.94716188381426,1.24762339319568,0.0157427466893569,100,900,0.05,25,4,-225,1450
"skew",285,200,"random","even",2,0.25,1285,1285,13.416921230033,2.99750331335235,0.00281745919492096,100,900,0.05,25,4,-225,1450
"skew",286,200,"random","even",2,0.25,1286,1286,10.4554985321593,3.77140743285418,0.0108870463818312,100,900,0.05,25,4,-225,1450
"skew",287,200,"random","even",2,0.25,1287,1287,4.86948417569511,2.43334900285117,0.0223072087392211,100,900,0.05,25,4,-225,1450
"skew",288,200,"random","even",2,0.25,1288,1288,9.52842961321585,2.30542117322329,-0.00521675707306713,100,900,0.05,25,4,-225,1450
"skew",289,200,"random","even",2,0.25,1289,1289,2.45970722124912,1.68738688935991,0.0202590511227027,100,900,0.05,25,4,-225,1450
"skew",290,200,"random","even",2,0.25,1290,1290,12.1932070597541,0.639731786446646,-0.000200553685426711,100,900,0.05,25,4,-225,1450
"skew",291,200,"random","even",2,0.25,1291,1291,4.33284106408246,3.32011931785382,0.0245796580798924,100,900,0.05,25,4,-225,1450
"skew",292,200,"random","even",2,0.25,1292,1292,12.9837303091772,1.43113499856554,0.0200646173441783,100,900,0.05,25,4,-225,1450
"skew",293,200,"random","even",2,0.25,1293,1293,6.68974089529365,3.77619607560337,0.0263353010080755,100,900,0.05,25,4,-225,1450
"skew",294,200,"random","even",2,0.25,1294,1294,7.64188380585983,1.69844501290936,0.0226310104038566,100,900,0.05,25,4,-225,1450
"skew",295,200,"random","even",2,0.25,1295,1295,7.58908316981979,2.32479741692077,0.00771651194896549,100,900,0.05,25,4,-225,1450
"skew",296,200,"random","even",2,0.25,1296,1296,14.5174026433378,2.04157754860353,0.0153368124878034,100,900,0.05,25,4,-225,1450
"skew",297,200,"random","even",2,0.25,1297,1297,4.75671458849683,3.89066568179987,0.000647331909276544,100,900,0.05,25,4,-225,1450
"skew",298,200,"random","even",2,0.25,1298,1298,7.38632658566348,2.9481295782607,-0.0270528727350757,100,900,0.05,25,4,-225,1450
"skew",299,200,"random","even",2,0.25,1299,1299,6.51405395870097,0.778659433824942,-0.00316629013046622,100,900,0.05,25,4,-225,1450
"skew",300,200,"random","even",2,0.25,1300,1300,6.69770395988598,1.62206953705754,-0.000411897869780659,100,900,0.05,25,4,-225,1450
"skew",1,200,"random","even",4,0.25,1301,1301,9.90207670885138,1.24321827269159,-0.00469662138260901,100,900,0.05,25,4,-225,1450
"skew",2,200,"random","even",4,0.25,1302,1302,2.7872165448498,1.7900015336927,0.0136893014470115,100,900,0.05,25,4,-225,1450
"skew",3,200,"random","even",4,0.25,1303,1303,9.82406728575006,3.54668734571896,0.0260667902883142,100,900,0.05,25,4,-225,1450
"skew",4,200,"random","even",4,0.25,1304,1304,10.4441023881081,2.42841122881509,0.00773542783688754,100,900,0.05,25,4,-225,1450
"skew",5,200,"random","even",4,0.25,1305,1305,9.07146318815649,1.49384108080994,0.0291608997294679,100,900,0.05,25,4,-225,1450
"skew",6,200,"random","even",4,0.25,1306,1306,11.9695136784576,3.91534000018146,0.00780366140417755,100,900,0.05,25,4,-225,1450
"skew",7,200,"random","even",4,0.25,1307,1307,4.34069590247236,3.56601280195173,0.0239598828647286,100,900,0.05,25,4,-225,1450
"skew",8,200,"random","even",4,0.25,1308,1308,3.44262263737619,1.836899346672,-0.0087009778758511,100,900,0.05,25,4,-225,1450
"skew",9,200,"random","even",4,0.25,1309,1309,9.59605353721417,1.38858423661441,0.0164753881562501,100,900,0.05,25,4,-225,1450
"skew",10,200,"random","even",4,0.25,1310,1310,13.5959411317017,0.96129466756247,0.00140458130277693,100,900,0.05,25,4,-225,1450
"skew",11,200,"random","even",4,0.25,1311,1311,13.956640379969,3.61557456059381,0.029056627987884,100,900,0.05,25,4,-225,1450
"skew",12,200,"random","even",4,0.25,1312,1312,9.67525189882144,1.82003173057456,0.0124873990193009,100,900,0.05,25,4,-225,1450
"skew",13,200,"random","even",4,0.25,1313,1313,4.72246208810247,1.73181994608603,-0.0031861049355939,100,900,0.05,25,4,-225,1450
"skew",14,200,"random","even",4,0.25,1314,1314,3.27280281344429,3.95089140965138,0.0148776853037998,100,900,0.05,25,4,-225,1450
"skew",15,200,"random","even",4,0.25,1315,1315,14.6430405336432,2.20443384244572,-0.0256394028570503,100,900,0.05,25,4,-225,1450
"skew",16,200,"random","even",4,0.25,1316,1316,2.6892407736741,0.896207482554018,0.00153123384341598,100,900,0.05,25,4,-225,1450
"skew",17,200,"random","even",4,0.25,1317,1317,12.4866334230173,2.73836347763427,-0.0290922212228179,100,900,0.05,25,4,-225,1450
"skew",18,200,"random","even",4,0.25,1318,1318,13.6266837809235,1.35691775323357,-0.0208055446716025,100,900,0.05,25,4,-225,1450
"skew",19,200,"random","even",4,0.25,1319,1319,3.34071050281636,0.873458076966926,-0.00911716111935675,100,900,0.05,25,4,-225,1450
"skew",20,200,"random","even",4,0.25,1320,1320,11.0060274323914,2.66079035378061,0.0170852857735008,100,900,0.05,25,4,-225,1450
"skew",21,200,"random","even",4,0.25,1321,1321,4.20191475469619,2.19121850212105,-0.0104627154534683,100,900,0.05,25,4,-225,1450
"skew",22,200,"random","even",4,0.25,1322,1322,9.41705590672791,2.58196783694439,-0.0237061825487763,100,900,0.05,25,4,-225,1450
"skew",23,200,"random","even",4,0.25,1323,1323,6.95045109442435,2.28035352437291,-0.00810039988718927,100,900,0.05,25,4,-225,1450
"skew",24,200,"random","even",4,0.25,1324,1324,4.96398543659598,3.06054121686611,-0.0216717946249992,100,900,0.05,25,4,-225,1450
"skew",25,200,"random","even",4,0.25,1325,1325,8.48857157514431,3.62475720606744,-0.00829335884191096,100,900,0.05,25,4,-225,1450
"skew",26,200,"random","even",4,0.25,1326,1326,12.3009785765316,2.85160961549263,-0.013638421674259,100,900,0.05,25,4,-225,1450
"skew",27,200,"random","even",4,0.25,1327,1327,4.34783263597637,1.01526728610042,-0.00826739116106182,100,900,0.05,25,4,-225,1450
"skew",28,200,"random","even",4,0.25,1328,1328,4.6260807949584,2.14223803963978,0.00685951272491366,100,900,0.05,25,4,-225,1450
"skew",29,200,"random","even",4,0.25,1329,1329,5.35349771985784,3.64957870566286,-0.022988329064101,100,900,0.05,25,4,-225,1450
"skew",30,200,"random","even",4,0.25,1330,1330,11.9714520915877,3.92536988679785,0.00990390235092491,100,900,0.05,25,4,-225,1450
"skew",31,200,"random","even",4,0.25,1331,1331,10.4065433465876,2.11937583622057,0.0228041973290965,100,900,0.05,25,4,-225,1450
"skew",32,200,"random","even",4,0.25,1332,1332,4.21292050834745,1.22323776630219,0.00790166489314288,100,900,0.05,25,4,-225,1450
"skew",33,200,"random","even",4,0.25,1333,1333,9.92340162023902,1.74723332596477,-0.012964753434062,100,900,0.05,25,4,-225,1450
"skew",34,200,"random","even",4,0.25,1334,1334,8.29679087619297,2.91478399804328,-0.0253611992206424,100,900,0.05,25,4,-225,1450
"skew",35,200,"random","even",4,0.25,1335,1335,4.9277070001699,3.38042260857765,-0.00617717328015715,100,900,0.05,25,4,-225,1450
"skew",36,200,"random","even",4,0.25,1336,1336,9.54931866866536,0.630109651712701,-0.000153441759757698,100,900,0.05,25,4,-225,1450
"skew",37,200,"random","even",4,0.25,1337,1337,6.13499277736992,2.66687098960392,-0.0189646157249808,100,900,0.05,25,4,-225,1450
"skew",38,200,"random","even",4,0.25,1338,1338,10.6562438572291,2.69672366301529,-0.0254464816488326,100,900,0.05,25,4,-225,1450
"skew",39,200,"random","even",4,0.25,1339,1339,4.34482874441892,3.34015904355329,-0.0292390004452318,100,900,0.05,25,4,-225,1450
"skew",40,200,"random","even",4,0.25,1340,1340,13.1300369009841,0.658549417741597,0.0277771224780008,100,900,0.05,25,4,-225,1450
"skew",41,200,"random","even",4,0.25,1341,1341,2.06001527328044,3.81521152460482,0.00565402778796852,100,900,0.05,25,4,-225,1450
"skew",42,200,"random","even",4,0.25,1342,1342,4.46494821831584,0.625497459201142,0.0298494260106236,100,900,0.05,25,4,-225,1450
"skew",43,200,"random","even",4,0.25,1343,1343,5.5936441202648,2.17455920728389,0.0158424362400547,100,900,0.05,25,4,-225,1450
"skew",44,200,"random","even",4,0.25,1344,1344,7.78679146897048,1.10545995365828,0.00171509895008057,100,900,0.05,25,4,-225,1450
"skew",45,200,"random","even",4,0.25,1345,1345,5.39843406481668,0.639478853903711,-0.0147826018324122,100,900,0.05,25,4,-225,1450
"skew",46,200,"random","even",4,0.25,1346,1346,12.1542315189727,1.48783214867581,0.0240279239276424,100,900,0.05,25,4,-225,1450
"skew",47,200,"random","even",4,0.25,1347,1347,7.95171360624954,1.56665753561538,0.0260406244453043,100,900,0.05,25,4,-225,1450
"skew",48,200,"random","even",4,0.25,1348,1348,5.20970702404156,3.36936490389053,0.0093377226870507,100,900,0.05,25,4,-225,1450
"skew",49,200,"random","even",4,0.25,1349,1349,4.12512571248226,1.95072236389387,0.0119789323909208,100,900,0.05,25,4,-225,1450
"skew",50,200,"random","even",4,0.25,1350,1350,6.9832157054916,3.34506504191086,-0.00805170276202261,100,900,0.05,25,4,-225,1450
"skew",51,200,"random","even",4,0.25,1351,1351,10.8796068332158,2.36486770794727,-0.0278897700319067,100,900,0.05,25,4,-225,1450
"skew",52,200,"random","even",4,0.25,1352,1352,8.80982625600882,1.1566629151348,0.022677260809578,100,900,0.05,25,4,-225,1450
"skew",53,200,"random","even",4,0.25,1353,1353,3.02592604840174,0.710944535559975,0.0229288377659395,100,900,0.05,25,4,-225,1450
"skew",54,200,"random","even",4,0.25,1354,1354,13.3503546272404,0.829146280069835,-0.0147409695759416,100,900,0.05,25,4,-225,1450
"skew",55,200,"random","even",4,0.25,1355,1355,14.3312173201703,1.33765726711135,0.0289232898177579,100,900,0.05,25,4,-225,1450
"skew",56,200,"random","even",4,0.25,1356,1356,4.33767695561983,2.61680993647315,-0.00960528936702758,100,900,0.05,25,4,-225,1450
"skew",57,200,"random","even",4,0.25,1357,1357,3.68561822664924,1.61897661036346,-0.0178294733120129,100,900,0.05,25,4,-225,1450
"skew",58,200,"random","even",4,0.25,1358,1358,6.01771295187064,0.734550490160473,0.0173277235217392,100,900,0.05,25,4,-225,1450
"skew",59,200,"random","even",4,0.25,1359,1359,10.7031144716311,1.94594330852851,-0.0203169177426025,100,900,0.05,25,4,-225,1450
"skew",60,200,"random","even",4,0.25,1360,1360,3.49335457477719,0.566254749894142,-0.0254378159763291,100,900,0.05,25,4,-225,1450
"skew",61,200,"random","even",4,0.25,1361,1361,14.6272390147205,1.42010613018647,0.0011048805853352,100,900,0.05,25,4,-225,1450
"skew",62,200,"random","even",4,0.25,1362,1362,8.98035780433565,1.32727234088816,0.000185174192301928,100,900,0.05,25,4,-225,1450
"skew",63,200,"random","even",4,0.25,1363,1363,5.14244147599675,1.56576101784594,0.00581112799700349,100,900,0.05,25,4,-225,1450
"skew",64,200,"random","even",4,0.25,1364,1364,11.8155159344897,2.37965068453923,-0.00437705507967621,100,900,0.05,25,4,-225,1450
"skew",65,200,"random","even",4,0.25,1365,1365,6.61556490021758,3.8647491253214,-0.00675809365231544,100,900,0.05,25,4,-225,1450
"skew",66,200,"random","even",4,0.25,1366,1366,3.89162377011962,3.99020938808098,-0.0237970057083294,100,900,0.05,25,4,-225,1450
"skew",67,200,"random","even",4,0.25,1367,1367,5.23344232025556,1.99874698172789,-0.00446448620874435,100,900,0.05,25,4,-225,1450
"skew",68,200,"random","even",4,0.25,1368,1368,5.25370757072233,3.7556629977189,0.0222815945092589,100,900,0.05,25,4,-225,1450
"skew",69,200,"random","even",4,0.25,1369,1369,9.02525053313002,0.841262927395292,-0.0059745515557006,100,900,0.05,25,4,-225,1450
"skew",70,200,"random","even",4,0.25,1370,1370,12.7454359612893,3.23120845621452,-0.0263495239242911,100,900,0.05,25,4,-225,1450
"skew",71,200,"random","even",4,0.25,1371,1371,11.2295332006179,0.996983340824954,0.0130257502337918,100,900,0.05,25,4,-225,1450
"skew",72,200,"random","even",4,0.25,1372,1372,14.4372331940103,2.24620477482677,0.00467613223940134,100,900,0.05,25,4,-225,1450
"skew",73,200,"random","even",4,0.25,1373,1373,2.83169914851896,2.28515351552051,0.0122240273701027,100,900,0.05,25,4,-225,1450
"skew",74,200,"random","even",4,0.25,1374,1374,8.81899555120617,0.60875112330541,-0.00730353151448071,100,900,0.05,25,4,-225,1450
"skew",75,200,"random","even",4,0.25,1375,1375,3.99546270701103,3.89132602477912,0.00729908656328917,100,900,0.05,25,4,-225,1450
"skew",76,200,"random","even",4,0.25,1376,1376,5.51102827326395,1.64150429761503,0.0138059837417677,100,900,0.05,25,4,-225,1450
"skew",77,200,"random","even",4,0.25,1377,1377,3.06809188309126,3.05038892792072,0.00626946052070707,100,900,0.05,25,4,-225,1450
"skew",78,200,"random","even",4,0.25,1378,1378,12.1368009136058,2.34441279433668,-0.0176207977021113,100,900,0.05,25,4,-225,1450
"skew",79,200,"random","even",4,0.25,1379,1379,10.6790084743407,0.849753227666952,-0.00175492668058723,100,900,0.05,25,4,-225,1450
"skew",80,200,"random","even",4,0.25,1380,1380,6.2873276618775,3.5438065630151,0.0239665480842814,100,900,0.05,25,4,-225,1450
"skew",81,200,"random","even",4,0.25,1381,1381,10.3745540045202,2.17663217813242,0.00520407767035067,100,900,0.05,25,4,-225,1450
"skew",82,200,"random","even",4,0.25,1382,1382,4.42134446068667,1.15148439141922,-0.000211073993705214,100,900,0.05,25,4,-225,1450
"skew",83,200,"random","even",4,0.25,1383,1383,5.1071182093583,1.26837452885229,0.0249250776087865,100,900,0.05,25,4,-225,1450
"skew",84,200,"random","even",4,0.25,1384,1384,14.0766278854571,3.38869932817761,-0.00751433387864381,100,900,0.05,25,4,-225,1450
"skew",85,200,"random","even",4,0.25,1385,1385,4.00347548979335,0.940325703122653,0.0218116873456165,100,900,0.05,25,4,-225,1450
"skew",86,200,"random","even",4,0.25,1386,1386,2.33648614468984,1.45786905940622,-0.00978035568259656,100,900,0.05,25,4,-225,1450
"skew",87,200,"random","even",4,0.25,1387,1387,2.65552559657954,2.37323288409971,-0.0220778784155846,100,900,0.05,25,4,-225,1450
"skew",88,200,"random","even",4,0.25,1388,1388,9.7294082317967,3.56683677341789,-0.00192053081933409,100,900,0.05,25,4,-225,1450
"skew",89,200,"random","even",4,0.25,1389,1389,11.7838664080482,3.97432782442775,0.0174113745801151,100,900,0.05,25,4,-225,1450
"skew",90,200,"random","even",4,0.25,1390,1390,9.18412549654022,3.87037059757859,0.00269899777136743,100,900,0.05,25,4,-225,1450
"skew",91,200,"random","even",4,0.25,1391,1391,4.93881383375265,3.7257536255056,-0.0217236268473789,100,900,0.05,25,4,-225,1450
"skew",92,200,"random","even",4,0.25,1392,1392,11.9697764257435,0.830801007919945,-0.00525680633727461,100,900,0.05,25,4,-225,1450
"skew",93,200,"random","even",4,0.25,1393,1393,11.9200069920626,0.78516088204924,-0.0103559205075726,100,900,0.05,25,4,-225,1450
"skew",94,200,"random","even",4,0.25,1394,1394,6.28397037950344,3.11101184482686,0.0298075513215736,100,900,0.05,25,4,-225,1450
"skew",95,200,"random","even",4,0.25,1395,1395,14.7007222452667,2.79283177328762,0.0210473862290382,100,900,0.05,25,4,-225,1450
"skew",96,200,"random","even",4,0.25,1396,1396,14.2949767126702,1.9502557903761,-0.0186380840465426,100,900,0.05,25,4,-225,1450
"skew",97,200,"random","even",4,0.25,1397,1397,13.841319471132,3.05085181316826,0.00505027273669839,100,900,0.05,25,4,-225,1450
"skew",98,200,"random","even",4,0.25,1398,1398,14.8352458954323,3.18015884887427,0.0121247584931552,100,900,0.05,25,4,-225,1450
"skew",99,200,"random","even",4,0.25,1399,1399,4.65388312144205,3.36100236722268,0.0209632398141548,100,900,0.05,25,4,-225,1450
"skew",100,200,"random","even",4,0.25,1400,1400,8.38425713428296,3.92901016143151,0.0231102289678529,100,900,0.05,25,4,-225,1450
"skew",101,200,"random","even",4,0.25,1401,1401,13.3429790763184,2.84395541006234,-0.00703730902634561,100,900,0.05,25,4,-225,1450
"skew",102,200,"random","even",4,0.25,1402,1402,13.5580903189257,3.71189253882039,0.0243565896386281,100,900,0.05,25,4,-225,1450
"skew",103,200,"random","even",4,0.25,1403,1403,5.26549571240321,3.7732620126335,0.000281921373680234,100,900,0.05,25,4,-225,1450
"skew",104,200,"random","even",4,0.25,1404,1404,7.0564067682717,2.40475713845808,0.0255700062029064,100,900,0.05,25,4,-225,1450
"skew",105,200,"random","even",4,0.25,1405,1405,9.97476536245085,0.857330883154646,-0.0297672821581364,100,900,0.05,25,4,-225,1450
"skew",106,200,"random","even",4,0.25,1406,1406,6.68933429638855,3.90766063693445,0.0123019572766498,100,900,0.05,25,4,-225,1450
"skew",107,200,"random","even",4,0.25,1407,1407,9.34593012533151,3.25800096953753,0.00309595780447126,100,900,0.05,25,4,-225,1450
"skew",108,200,"random","even",4,0.25,1408,1408,5.27838568738662,1.09886210272089,-0.0276476735947654,100,900,0.05,25,4,-225,1450
"skew",109,200,"random","even",4,0.25,1409,1409,11.1868145212065,1.77904123486951,0.00850906369742006,100,900,0.05,25,4,-225,1450
"skew",110,200,"random","even",4,0.25,1410,1410,5.15408391365781,3.13490200322121,-0.0243550036707893,100,900,0.05,25,4,-225,1450
"skew",111,200,"random","even",4,0.25,1411,1411,8.54647223325446,1.57033257582225,0.0255673763947561,100,900,0.05,25,4,-225,1450
"skew",112,200,"random","even",4,0.25,1412,1412,12.6841294346377,2.0402632181067,0.000329915955662726,100,900,0.05,25,4,-225,1450
"skew",113,200,"random","even",4,0.25,1413,1413,9.99035229044966,3.50828513724264,0.0296270627807826,100,900,0.05,25,4,-225,1450
"skew",114,200,"random","even",4,0.25,1414,1414,10.5399013978895,2.9692475036718,-0.0235990508738905,100,900,0.05,25,4,-225,1450
"skew",115,200,"random","even",4,0.25,1415,1415,11.5724109446164,3.93962886580266,0.0017482925998047,100,900,0.05,25,4,-225,1450
"skew",116,200,"random","even",4,0.25,1416,1416,9.6388180302456,1.25797554058954,-0.028573922929354,100,900,0.05,25,4,-225,1450
"skew",117,200,"random","even",4,0.25,1417,1417,2.21978446794674,2.79483218560927,-0.0164540753373876,100,900,0.05,25,4,-225,1450
"skew",118,200,"random","even",4,0.25,1418,1418,11.9371493039653,3.94545270723756,-0.0237492241105065,100,900,0.05,25,4,-225,1450
"skew",119,200,"random","even",4,0.25,1419,1419,7.10096548683941,3.23365606355947,0.00380257608834654,100,900,0.05,25,4,-225,1450
"skew",120,200,"random","even",4,0.25,1420,1420,2.76988287572749,0.610297515755519,-0.0285881439596415,100,900,0.05,25,4,-225,1450
"skew",121,200,"random","even",4,0.25,1421,1421,10.4208304311614,1.67098206561059,-0.0230820294376463,100,900,0.05,25,4,-225,1450
"skew",122,200,"random","even",4,0.25,1422,1422,4.0529522956349,2.80129609350115,0.0224702373985201,100,900,0.05,25,4,-225,1450
"skew",123,200,"random","even",4,0.25,1423,1423,9.56802515126765,2.59946279716678,0.00382819720543921,100,900,0.05,25,4,-225,1450
"skew",124,200,"random","even",4,0.25,1424,1424,5.83994950144552,1.04102461866569,0.0128310587676242,100,900,0.05,25,4,-225,1450
"skew",125,200,"random","even",4,0.25,1425,1425,9.17270640935749,0.792240538750775,-0.00242785796988755,100,900,0.05,25,4,-225,1450
"skew",126,200,"random","even",4,0.25,1426,1426,5.94911130238324,1.99832347442862,-0.0228572367550805,100,900,0.05,25,4,-225,1450
"skew",127,200,"random","even",4,0.25,1427,1427,14.4552585592028,2.51116467243992,0.0150566442031413,100,900,0.05,25,4,-225,1450
"skew",128,200,"random","even",4,0.25,1428,1428,11.8323096984532,3.73018103616778,0.0130741485161707,100,900,0.05,25,4,-225,1450
"skew",129,200,"random","even",4,0.25,1429,1429,7.81854241131805,3.75939428119455,-0.00441007265355438,100,900,0.05,25,4,-225,1450
"skew",130,200,"random","even",4,0.25,1430,1430,13.8672977641691,2.1408430300653,-0.00725162465125322,100,900,0.05,25,4,-225,1450
"skew",131,200,"random","even",4,0.25,1431,1431,8.96706300717779,3.72210972860921,0.00823271813336759,100,900,0.05,25,4,-225,1450
"skew",132,200,"random","even",4,0.25,1432,1432,11.3091861449648,2.85865556192584,-0.00220614495221525,100,900,0.05,25,4,-225,1450
"skew",133,200,"random","even",4,0.25,1433,1433,7.86546710552648,2.0784077423159,0.0261053272197023,100,900,0.05,25,4,-225,1450
"skew",134,200,"random","even",4,0.25,1434,1434,9.54734764178284,0.66293842997402,0.0024581203283742,100,900,0.05,25,4,-225,1450
"skew",135,200,"random","even",4,0.25,1435,1435,14.8773110164329,2.4532059741905,-0.00471593666821718,100,900,0.05,25,4,-225,1450
"skew",136,200,"random","even",4,0.25,1436,1436,9.9679620640818,0.546122729429044,-0.0269285642076284,100,900,0.05,25,4,-225,1450
"skew",137,200,"random","even",4,0.25,1437,1437,5.46907430537976,0.784737700712867,-0.00932159721851349,100,900,0.05,25,4,-225,1450
"skew",138,200,"random","even",4,0.25,1438,1438,5.15719080111012,1.1845946557587,-0.0106116029759869,100,900,0.05,25,4,-225,1450
"skew",139,200,"random","even",4,0.25,1439,1439,13.2252158559859,0.564961707219481,0.0171843941649422,100,900,0.05,25,4,-225,1450
"skew",140,200,"random","even",4,0.25,1440,1440,12.9312610591296,3.27485637587961,0.02799363150727,100,900,0.05,25,4,-225,1450
"skew",141,200,"random","even",4,0.25,1441,1441,13.3416047706269,3.04293755209073,-0.0274916993547231,100,900,0.05,25,4,-225,1450
"skew",142,200,"random","even",4,0.25,1442,1442,13.7210747180507,0.589274374651723,-0.0112259978335351,100,900,0.05,25,4,-225,1450
"skew",143,200,"random","even",4,0.25,1443,1443,4.98263115016744,1.25343288003933,-0.00189946377184242,100,900,0.05,25,4,-225,1450
"skew",144,200,"random","even",4,0.25,1444,1444,5.18904225132428,2.71872727444861,0.0226778484787792,100,900,0.05,25,4,-225,1450
"skew",145,200,"random","even",4,0.25,1445,1445,13.597080076579,2.36968007020187,-0.0281001444300637,100,900,0.05,25,4,-225,1450
"skew",146,200,"random","even",4,0.25,1446,1446,10.6565716564655,3.31777632667217,0.0216320114582777,100,900,0.05,25,4,-225,1450
"skew",147,200,"random","even",4,0.25,1447,1447,11.3896028473973,3.08404204435647,-0.0147209271602333,100,900,0.05,25,4,-225,1450
"skew",148,200,"random","even",4,0.25,1448,1448,7.09426818997599,1.24187133449595,-0.0283118960028514,100,900,0.05,25,4,-225,1450
"skew",149,200,"random","even",4,0.25,1449,1449,12.9607305401005,3.74436666700058,0.0289836360141635,100,900,0.05,25,4,-225,1450
"skew",150,200,"random","even",4,0.25,1450,1450,3.06266457028687,1.02835823409259,0.00622980984393507,100,900,0.05,25,4,-225,1450
"skew",151,200,"random","even",4,0.25,1451,1451,2.51740579819307,3.65553670283407,0.0259953936422244,100,900,0.05,25,4,-225,1450
"skew",152,200,"random","even",4,0.25,1452,1452,6.13284289394505,3.91697646107059,0.00619824824854732,100,900,0.05,25,4,-225,1450
"skew",153,200,"random","even",4,0.25,1453,1453,4.85523485345766,3.41196067805868,0.0252610981883481,100,900,0.05,25,4,-225,1450
"skew",154,200,"random","even",4,0.25,1454,1454,13.6104698425625,2.58365336910356,0.0141274564247578,100,900,0.05,25,4,-225,1450
"skew",155,200,"random","even",4,0.25,1455,1455,6.54318926297128,1.78635604854207,0.023882035408169,100,900,0.05,25,4,-225,1450
"skew",156,200,"random","even",4,0.25,1456,1456,2.08317028684542,1.86839144153055,0.0202592017315328,100,900,0.05,25,4,-225,1450
"skew",157,200,"random","even",4,0.25,1457,1457,9.47107248031534,3.52270363108255,0.0181743216142058,100,900,0.05,25,4,-225,1450
"skew",158,200,"random","even",4,0.25,1458,1458,9.74599738419056,1.29727150755934,-0.0161133020790294,100,900,0.05,25,4,-225,1450
"skew",159,200,"random","even",4,0.25,1459,1459,8.17894931929186,1.17498359561432,-0.0256100083189085,100,900,0.05,25,4,-225,1450
"skew",160,200,"random","even",4,0.25,1460,1460,14.7727849176154,2.03752245602664,-0.0102384006651118,100,900,0.05,25,4,-225,1450
"skew",161,200,"random","even",4,0.25,1461,1461,7.73323657293804,1.14392042311374,0.0225022621499375,100,900,0.05,25,4,-225,1450
"skew",162,200,"random","even",4,0.25,1462,1462,5.03628320340067,2.13696592871565,0.0270236385706812,100,900,0.05,25,4,-225,1450
"skew",163,200,"random","even",4,0.25,1463,1463,11.4308330987114,0.877445137826726,0.00469982581213117,100,900,0.05,25,4,-225,1450
"skew",164,200,"random","even",4,0.25,1464,1464,5.78389570792206,3.06453820329625,-0.0182861535530537,100,900,0.05,25,4,-225,1450
"skew",165,200,"random","even",4,0.25,1465,1465,12.6548208158929,2.30306377366651,-0.0215156415570527,100,900,0.05,25,4,-225,1450
"skew",166,200,"random","even",4,0.25,1466,1466,2.70305420667864,2.59995477378834,0.0177964329672977,100,900,0.05,25,4,-225,1450
"skew",167,200,"random","even",4,0.25,1467,1467,14.3786393355113,3.04885359213222,0.0225631602946669,100,900,0.05,25,4,-225,1450
"skew",168,200,"random","even",4,0.25,1468,1468,3.86720090638846,1.84895797993522,-0.00257984118070453,100,900,0.05,25,4,-225,1450
"skew",169,200,"random","even",4,0.25,1469,1469,11.4504515889566,3.53023124556057,0.00651614285074174,100,900,0.05,25,4,-225,1450
"skew",170,200,"random","even",4,0.25,1470,1470,13.3267612182535,1.90086717181839,-0.0151322438847274,100,900,0.05,25,4,-225,1450
"skew",171,200,"random","even",4,0.25,1471,1471,3.59400037257001,3.47447757795453,0.000868054339662194,100,900,0.05,25,4,-225,1450
"skew",172,200,"random","even",4,0.25,1472,1472,7.8354770091828,1.51864578924142,-0.00984157931059599,100,900,0.05,25,4,-225,1450
"skew",173,200,"random","even",4,0.25,1473,1473,3.10494302306324,2.48283337138128,0.0214850989216939,100,900,0.05,25,4,-225,1450
"skew",174,200,"random","even",4,0.25,1474,1474,6.81236899481155,1.99805018061306,0.00168072067201137,100,900,0.05,25,4,-225,1450
"skew",175,200,"random","even",4,0.25,1475,1475,13.8157630986534,1.80942310660612,0.010215336936526,100,900,0.05,25,4,-225,1450
"skew",176,200,"random","even",4,0.25,1476,1476,8.23929673223756,1.18026918021496,-0.0111250912165269,100,900,0.05,25,4,-225,1450
"skew",177,200,"random","even",4,0.25,1477,1477,6.51047218777239,2.27447164605837,-0.0271102792304009,100,900,0.05,25,4,-225,1450
"skew",178,200,"random","even",4,0.25,1478,1478,4.79667939292267,2.19382970454171,-0.0172497140709311,100,900,0.05,25,4,-225,1450
"skew",179,200,"random","even",4,0.25,1479,1479,10.2962762466632,2.98498275398742,-0.00185721963644028,100,900,0.05,25,4,-225,1450
"skew",180,200,"random","even",4,0.25,1480,1480,3.0159507652279,2.86384772148449,0.0255502612469718,100,900,0.05,25,4,-225,1450
"skew",181,200,"random","even",4,0.25,1481,1481,10.5207483142149,3.53706369036809,-0.0212147316383198,100,900,0.05,25,4,-225,1450
"skew",182,200,"random","even",4,0.25,1482,1482,6.94160829088651,3.32219988363795,-0.00216277203988284,100,900,0.05,25,4,-225,1450
"skew",183,200,"random","even",4,0.25,1483,1483,11.7179018415045,1.39492471376434,0.0254962404817343,100,900,0.05,25,4,-225,1450
"skew",184,200,"random","even",4,0.25,1484,1484,9.63095644512214,2.49203102337196,0.00733964178711176,100,900,0.05,25,4,-225,1450
"skew",185,200,"random","even",4,0.25,1485,1485,6.38300994923338,0.949695300543681,0.027825336791575,100,900,0.05,25,4,-225,1450
"skew",186,200,"random","even",4,0.25,1486,1486,10.7147673033178,3.68370916543063,0.0196438234532252,100,900,0.05,25,4,-225,1450
"skew",187,200,"random","even",4,0.25,1487,1487,6.82806754508056,0.589064588188194,-0.0231166841369122,100,900,0.05,25,4,-225,1450
"skew",188,200,"random","even",4,0.25,1488,1488,14.4349384086672,1.14812315732706,0.0152721932390705,100,900,0.05,25,4,-225,1450
"skew",189,200,"random","even",4,0.25,1489,1489,10.7006285772659,0.83265307045076,-0.00126792934723198,100,900,0.05,25,4,-225,1450
"skew",190,200,"random","even",4,0.25,1490,1490,3.36200766148977,1.48137231939472,-0.0095156219182536,100,900,0.05,25,4,-225,1450
"skew",191,200,"random","even",4,0.25,1491,1491,4.81459166482091,1.32397320191376,-0.00558109275531024,100,900,0.05,25,4,-225,1450
"skew",192,200,"random","even",4,0.25,1492,1492,7.37749235099182,3.25546770158689,0.00278454759623856,100,900,0.05,25,4,-225,1450
"skew",193,200,"random","even",4,0.25,1493,1493,7.3335769996047,1.5038845470408,0.019857878414914,100,900,0.05,25,4,-225,1450
"skew",194,200,"random","even",4,0.25,1494,1494,5.09676413144916,2.05486599018332,0.0101506459247321,100,900,0.05,25,4,-225,1450
"skew",195,200,"random","even",4,0.25,1495,1495,5.64276259555481,2.59359704179224,-0.00456179292406887,100,900,0.05,25,4,-225,1450
"skew",196,200,"random","even",4,0.25,1496,1496,13.2567821817938,2.12978325632866,-0.0272232420695946,100,900,0.05,25,4,-225,1450
"skew",197,200,"random","even",4,0.25,1497,1497,3.76901600160636,1.20941551728174,0.00518602961674332,100,900,0.05,25,4,-225,1450
"skew",198,200,"random","even",4,0.25,1498,1498,10.1617643677164,3.6451123310253,0.0118901852471754,100,900,0.05,25,4,-225,1450
"skew",199,200,"random","even",4,0.25,1499,1499,9.33831582963467,1.85889922827482,0.00215947668068111,100,900,0.05,25,4,-225,1450
"skew",200,200,"random","even",4,0.25,1500,1500,14.894052277552,2.66886950563639,-0.0202157770190388,100,900,0.05,25,4,-225,1450
"skew",201,200,"random","even",4,0.25,1501,1501,10.7602851507254,1.02970488544088,-0.0272779442137107,100,900,0.05,25,4,-225,1450
"skew",202,200,"random","even",4,0.25,1502,1502,8.70573006547056,2.53240113751963,0.0105270202830434,100,900,0.05,25,4,-225,1450
"skew",203,200,"random","even",4,0.25,1503,1503,9.00898608053103,0.964223619434051,-0.0148271689424291,100,900,0.05,25,4,-225,1450
"skew",204,200,"random","even",4,0.25,1504,1504,2.86045027640648,2.60990031424444,0.0127548609254882,100,900,0.05,25,4,-225,1450
"skew",205,200,"random","even",4,0.25,1505,1505,10.2008053690661,1.79213791654911,-0.0177292541787028,100,900,0.05,25,4,-225,1450
"skew",206,200,"random","even",4,0.25,1506,1506,5.23621111735702,1.04170954413712,0.0122807049192488,100,900,0.05,25,4,-225,1450
"skew",207,200,"random","even",4,0.25,1507,1507,8.0319441545289,0.789188183029182,-0.0246058037504554,100,900,0.05,25,4,-225,1450
"skew",208,200,"random","even",4,0.25,1508,1508,3.77198849921115,3.37538705707993,0.00586720277555287,100,900,0.05,25,4,-225,1450
"skew",209,200,"random","even",4,0.25,1509,1509,7.59478256455623,1.32640880323015,-0.00816386007238179,100,900,0.05,25,4,-225,1450
"skew",210,200,"random","even",4,0.25,1510,1510,8.93680243613198,2.94969371939078,-0.0114087456883863,100,900,0.05,25,4,-225,1450
"skew",211,200,"random","even",4,0.25,1511,1511,2.75560800428502,3.97359061858151,-0.0235307623492554,100,900,0.05,25,4,-225,1450
"skew",212,200,"random","even",4,0.25,1512,1512,14.8569383327849,0.555784379015677,0.0151009319722652,100,900,0.05,25,4,-225,1450
"skew",213,200,"random","even",4,0.25,1513,1513,13.533156743506,2.50761907373089,0.0219874969264492,100,900,0.05,25,4,-225,1450
"skew",214,200,"random","even",4,0.25,1514,1514,3.61204895027913,1.03119274717756,0.0228947071451694,100,900,0.05,25,4,-225,1450
"skew",215,200,"random","even",4,0.25,1515,1515,14.0584259005263,1.43728712620214,-0.00162727346643805,100,900,0.05,25,4,-225,1450
"skew",216,200,"random","even",4,0.25,1516,1516,4.4674277685117,1.97793775296304,0.0170634103193879,100,900,0.05,25,4,-225,1450
"skew",217,200,"random","even",4,0.25,1517,1517,12.4845171037596,2.17774408322293,-0.000719792358577252,100,900,0.05,25,4,-225,1450
"skew",218,200,"random","even",4,0.25,1518,1518,9.77627804712392,2.06005644740071,-0.00637685505207628,100,900,0.05,25,4,-225,1450
"skew",219,200,"random","even",4,0.25,1519,1519,11.3907181075774,3.14505494653713,0.0108198724407703,100,900,0.05,25,4,-225,1450
"skew",220,200,"random","even",4,0.25,1520,1520,7.42289048247039,3.45916983368807,0.0205625385185704,100,900,0.05,25,4,-225,1450
"skew",221,200,"random","even",4,0.25,1521,1521,8.92903642216697,2.66888075054158,-0.00890276442747563,100,900,0.05,25,4,-225,1450
"skew",222,200,"random","even",4,0.25,1522,1522,4.66474088584073,1.72028573986609,0.00773055508732796,100,900,0.05,25,4,-225,1450
"skew",223,200,"random","even",4,0.25,1523,1523,6.46188947395422,1.95900311402511,0.0143766684271395,100,900,0.05,25,4,-225,1450
"skew",224,200,"random","even",4,0.25,1524,1524,9.57585438597016,3.08296522672754,0.0113853406626731,100,900,0.05,25,4,-225,1450
"skew",225,200,"random","even",4,0.25,1525,1525,9.49872645130381,0.767523832153529,0.0240457216557115,100,900,0.05,25,4,-225,1450
"skew",226,200,"random","even",4,0.25,1526,1526,11.7597246763762,2.95251545635983,-0.0168295249622315,100,900,0.05,25,4,-225,1450
"skew",227,200,"random","even",4,0.25,1527,1527,5.77107708062977,1.85892731975764,-0.0118545124959201,100,900,0.05,25,4,-225,1450
"skew",228,200,"random","even",4,0.25,1528,1528,14.8812959508505,1.25132265407592,-0.00503084098454565,100,900,0.05,25,4,-225,1450
"skew",229,200,"random","even",4,0.25,1529,1529,11.8685182249174,3.56219492480159,-0.0184997501922771,100,900,0.05,25,4,-225,1450
"skew",230,200,"random","even",4,0.25,1530,1530,10.7712016501464,1.29586137982551,-0.0187389397714287,100,900,0.05,25,4,-225,1450
"skew",231,200,"random","even",4,0.25,1531,1531,10.5093164902646,2.39268650161102,0.0287646714644507,100,900,0.05,25,4,-225,1450
"skew",232,200,"random","even",4,0.25,1532,1532,8.25227094907314,2.90517314488534,0.00731723721139133,100,900,0.05,25,4,-225,1450
"skew",233,200,"random","even",4,0.25,1533,1533,8.55189042026177,2.77393550914712,-0.00335119214840233,100,900,0.05,25,4,-225,1450
"skew",234,200,"random","even",4,0.25,1534,1534,8.85373824159615,3.24943313980475,-0.0208035793947056,100,900,0.05,25,4,-225,1450
"skew",235,200,"random","even",4,0.25,1535,1535,7.1890009616036,2.34612923429813,0.0100901499018073,100,900,0.05,25,4,-225,1450
"skew",236,200,"random","even",4,0.25,1536,1536,2.89292427245528,2.64419882337097,-0.0175708410143852,100,900,0.05,25,4,-225,1450
"skew",237,200,"random","even",4,0.25,1537,1537,10.0417666649446,3.03565891215112,0.0225762809067965,100,900,0.05,25,4,-225,1450
"skew",238,200,"random","even",4,0.25,1538,1538,4.44629074865952,2.59253286826424,0.00308078122325241,100,900,0.05,25,4,-225,1450
"skew",239,200,"random","even",4,0.25,1539,1539,11.9494127014186,3.88964941829909,0.00534023084677756,100,900,0.05,25,4,-225,1450
"skew",240,200,"random","even",4,0.25,1540,1540,14.6427307862323,1.59049919480458,0.0280224353307858,100,900,0.05,25,4,-225,1450
"skew",241,200,"random","even",4,0.25,1541,1541,13.9793790543918,2.96038520231377,-0.0248815520480275,100,900,0.05,25,4,-225,1450
"skew",242,200,"random","even",4,0.25,1542,1542,5.25217828387395,0.972756906878203,-0.0042861336003989,100,900,0.05,25,4,-225,1450
"skew",243,200,"random","even",4,0.25,1543,1543,3.10262360563502,0.740307166124694,-0.0190462425118312,100,900,0.05,25,4,-225,1450
"skew",244,200,"random","even",4,0.25,1544,1544,11.3214919781312,3.0533321039984,-0.0134428025549278,100,900,0.05,25,4,-225,1450
"skew",245,200,"random","even",4,0.25,1545,1545,5.56724851042964,2.70647944661323,-0.02219922659453,100,900,0.05,25,4,-225,1450
"skew",246,200,"random","even",4,0.25,1546,1546,8.49923025188036,0.863689782912843,0.0198040631180629,100,900,0.05,25,4,-225,1450
"skew",247,200,"random","even",4,0.25,1547,1547,14.4329595181625,1.69572267099284,-0.0199229099415243,100,900,0.05,25,4,-225,1450
"skew",248,200,"random","even",4,0.25,1548,1548,5.61344026541337,2.36290318903048,-0.0260052143549547,100,900,0.05,25,4,-225,1450
"skew",249,200,"random","even",4,0.25,1549,1549,7.65357209951617,2.3973705151584,0.0280129097308964,100,900,0.05,25,4,-225,1450
"skew",250,200,"random","even",4,0.25,1550,1550,7.11062095849775,1.3315866595367,-0.0154454272426665,100,900,0.05,25,4,-225,1450
"skew",251,200,"random","even",4,0.25,1551,1551,14.2942199374083,1.41266310960054,-0.00901449142489582,100,900,0.05,25,4,-225,1450
"skew",252,200,"random","even",4,0.25,1552,1552,13.9167321766727,1.46955550333951,0.00616376684512943,100,900,0.05,25,4,-225,1450
"skew",253,200,"random","even",4,0.25,1553,1553,4.75911370152608,3.63049138570204,-0.00792267410550266,100,900,0.05,25,4,-225,1450
"skew",254,200,"random","even",4,0.25,1554,1554,7.44580317055807,2.2917672310723,-0.0256044762767851,100,900,0.05,25,4,-225,1450
"skew",255,200,"random","even",4,0.25,1555,1555,13.4539658278227,2.23667383554857,0.00653523678425699,100,900,0.05,25,4,-225,1450
"skew",256,200,"random","even",4,0.25,1556,1556,12.3951768579427,3.8254620245425,-0.0198885916778818,100,900,0.05,25,4,-225,1450
"skew",257,200,"random","even",4,0.25,1557,1557,4.53509867144749,2.94384501839522,-0.0235319651803002,100,900,0.05,25,4,-225,1450
"skew",258,200,"random","even",4,0.25,1558,1558,12.7678486313671,1.74602012138348,-0.0110949521418661,100,900,0.05,25,4,-225,1450
"skew",259,200,"random","even",4,0.25,1559,1559,4.49884199770167,1.65530307404697,-0.0145285867201164,100,900,0.05,25,4,-225,1450
"skew",260,200,"random","even",4,0.25,1560,1560,3.76845684298314,0.786358847864904,-0.00684501848649233,100,900,0.05,25,4,-225,1450
"skew",261,200,"random","even",4,0.25,1561,1561,10.0109421287198,3.97552124143112,-0.00185541388113052,100,900,0.05,25,4,-225,1450
"skew",262,200,"random","even",4,0.25,1562,1562,7.83586222678423,1.19729460147209,-0.0297375970194116,100,900,0.05,25,4,-225,1450
"skew",263,200,"random","even",4,0.25,1563,1563,7.09236490284093,2.05739003093913,-0.0203866625390947,100,900,0.05,25,4,-225,1450
"skew",264,200,"random","even",4,0.25,1564,1564,12.4909542019013,1.54406992823351,-0.0203434414789081,100,900,0.05,25,4,-225,1450
"skew",265,200,"random","even",4,0.25,1565,1565,3.72883410006762,2.85505842522252,-0.0193149828119203,100,900,0.05,25,4,-225,1450
"skew",266,200,"random","even",4,0.25,1566,1566,4.52595481346361,1.84702093072701,0.00524101980496198,100,900,0.05,25,4,-225,1450
"skew",267,200,"random","even",4,0.25,1567,1567,3.74640763690695,1.79677732288837,-0.028926922660321,100,900,0.05,25,4,-225,1450
"skew",268,200,"random","even",4,0.25,1568,1568,3.59545000921935,2.29505741747562,-0.0206343449139968,100,900,0.05,25,4,-225,1450
"skew",269,200,"random","even",4,0.25,1569,1569,10.0726061777677,1.57073849171866,-0.0274389378167689,100,900,0.05,25,4,-225,1450
"skew",270,200,"random","even",4,0.25,1570,1570,11.6037493252661,2.42386334307957,-0.0076551679847762,100,900,0.05,25,4,-225,1450
"skew",271,200,"random","even",4,0.25,1571,1571,3.80451107537374,2.32732171274256,0.0142133403103799,100,900,0.05,25,4,-225,1450
"skew",272,200,"random","even",4,0.25,1572,1572,5.49545705132186,2.9542795488378,0.021801643059589,100,900,0.05,25,4,-225,1450
"skew",273,200,"random","even",4,0.25,1573,1573,12.9900061183143,3.62861862208229,-0.00831560265272856,100,900,0.05,25,4,-225,1450
"skew",274,200,"random","even",4,0.25,1574,1574,14.6211434332654,0.742234050179832,-0.0052209182549268,100,900,0.05,25,4,-225,1450
"skew",275,200,"random","even",4,0.25,1575,1575,13.7281356938183,3.7924921605736,0.00859136262908578,100,900,0.05,25,4,-225,1450
"skew",276,200,"random","even",4,0.25,1576,1576,2.01056680129841,2.60647141351365,0.0285583376465365,100,900,0.05,25,4,-225,1450
"skew",277,200,"random","even",4,0.25,1577,1577,3.47848628135398,2.01353639690205,-0.0299272300908342,100,900,0.05,25,4,-225,1450
"skew",278,200,"random","even",4,0.25,1578,1578,10.0199979129247,2.21750981244259,0.0299850052641705,100,900,0.05,25,4,-225,1450
"skew",279,200,"random","even",4,0.25,1579,1579,2.52080161171034,2.28051851538476,-0.0127515919832513,100,900,0.05,25,4,-225,1450
"skew",280,200,"random","even",4,0.25,1580,1580,14.0180913787335,2.11358754674438,0.0299192276224494,100,900,0.05,25,4,-225,1450
"skew",281,200,"random","even",4,0.25,1581,1581,2.18295726692304,3.56790401833132,0.0202592442417517,100,900,0.05,25,4,-225,1450
"skew",282,200,"random","even",4,0.25,1582,1582,13.7548777873162,3.17282451572828,-0.00908418875187635,100,900,0.05,25,4,-225,1450
"skew",283,200,"random","even",4,0.25,1583,1583,12.1703034399543,3.7814084473066,-0.0183654198702425,100,900,0.05,25,4,-225,1450
"skew",284,200,"random","even",4,0.25,1584,1584,12.2916927526239,1.4932542424649,0.0293135922588408,100,900,0.05,25,4,-225,1450
"skew",285,200,"random","even",4,0.25,1585,1585,3.80515305628069,1.72938101587351,0.0249107402795926,100,900,0.05,25,4,-225,1450
"skew",286,200,"random","even",4,0.25,1586,1586,13.8322449994739,3.80049895518459,0.0187581349723041,100,900,0.05,25,4,-225,1450
"skew",287,200,"random","even",4,0.25,1587,1587,12.9878070009872,2.02863722480834,-0.00353675516322255,100,900,0.05,25,4,-225,1450
"skew",288,200,"random","even",4,0.25,1588,1588,5.21336237341166,0.584414029843174,-0.0268443865142763,100,900,0.05,25,4,-225,1450
"skew",289,200,"random","even",4,0.25,1589,1589,7.41677720332518,3.58319503255188,0.00256979973055423,100,900,0.05,25,4,-225,1450
"skew",290,200,"random","even",4,0.25,1590,1590,4.52447873773053,2.3086710665375,-0.0261540178209543,100,900,0.05,25,4,-225,1450
"skew",291,200,"random","even",4,0.25,1591,1591,3.17441488010809,2.76208287547342,-0.00104702691547573,100,900,0.05,25,4,-225,1450
"skew",292,200,"random","even",4,0.25,1592,1592,10.4212019857951,1.35260363016278,-0.00571807698346674,100,900,0.05,25,4,-225,1450
"skew",293,200,"random","even",4,0.25,1593,1593,4.47620170935988,1.15242285653949,0.00487735799979418,100,900,0.05,25,4,-225,1450
"skew",294,200,"random","even",4,0.25,1594,1594,4.00179580738768,2.02018506301101,0.0131288885045797,100,900,0.05,25,4,-225,1450
"skew",295,200,"random","even",4,0.25,1595,1595,8.7445596056059,3.24163384258281,0.00806845920626074,100,900,0.05,25,4,-225,1450
"skew",296,200,"random","even",4,0.25,1596,1596,12.1024082300719,1.18381217448041,0.0247805773839355,100,900,0.05,25,4,-225,1450
"skew",297,200,"random","even",4,0.25,1597,1597,14.7159468957689,0.509732528589666,-0.0179473089287058,100,900,0.05,25,4,-225,1450
"skew",298,200,"random","even",4,0.25,1598,1598,4.24885926232673,3.8098090342246,0.00706678178161382,100,900,0.05,25,4,-225,1450
"skew",299,200,"random","even",4,0.25,1599,1599,10.3890788350254,3.37396025145426,0.00868251796346158,100,900,0.05,25,4,-225,1450
"skew",300,200,"random","even",4,0.25,1600,1600,11.303428481333,2.58863370493054,0.0256530088791624,100,900,0.05,25,4,-225,1450
"overhang",1,200,"random","even",1,0.1,1601,1601,2.70483539276756,2.89962848171126,-0.0233063280209899,100,900,0.05,25,4,-225,1450
"overhang",2,200,"random","even",1,0.1,1602,1602,13.6643656741362,0.908093222649768,0.00346765415277332,100,900,0.05,25,4,-225,1450
"overhang",3,200,"random","even",1,0.1,1603,1603,5.99956135405228,2.94761698937509,0.0205313513288274,100,900,0.05,25,4,-225,1450
"overhang",4,200,"random","even",1,0.1,1604,1604,5.06189219979569,1.28444529441185,0.00950623024720699,100,900,0.05,25,4,-225,1450
"overhang",5,200,"random","even",1,0.1,1605,1605,3.50638907635584,3.06437353417277,0.0245781748183072,100,900,0.05,25,4,-225,1450
"overhang",6,200,"random","even",1,0.1,1606,1606,11.6504681669176,1.75556774670258,0.0263011177349836,100,900,0.05,25,4,-225,1450
"overhang",7,200,"random","even",1,0.1,1607,1607,3.84690372622572,1.7684285013238,0.0115572579111904,100,900,0.05,25,4,-225,1450
"overhang",8,200,"random","even",1,0.1,1608,1608,6.10001748660579,2.46983097121119,0.0085084352362901,100,900,0.05,25,4,-225,1450
"overhang",9,200,"random","even",1,0.1,1609,1609,12.0388948374894,2.13625949621201,-0.0222695818729699,100,900,0.05,25,4,-225,1450
"overhang",10,200,"random","even",1,0.1,1610,1610,4.59481379226781,1.84177816461306,0.00112051467876881,100,900,0.05,25,4,-225,1450
"overhang",11,200,"random","even",1,0.1,1611,1611,6.30425907555036,1.15042340173386,-0.0139943382516503,100,900,0.05,25,4,-225,1450
"overhang",12,200,"random","even",1,0.1,1612,1612,7.48648148821667,2.42051400092896,0.013058989061974,100,900,0.05,25,4,-225,1450
"overhang",13,200,"random","even",1,0.1,1613,1613,13.1714448707644,0.798571390216239,-0.0278791351849213,100,900,0.05,25,4,-225,1450
"overhang",14,200,"random","even",1,0.1,1614,1614,13.2992581513245,0.812864917214029,-0.0133495533932,100,900,0.05,25,4,-225,1450
"overhang",15,200,"random","even",1,0.1,1615,1615,9.74689310765825,3.06767959904391,0.0221758865285665,100,900,0.05,25,4,-225,1450
"overhang",16,200,"random","even",1,0.1,1616,1616,7.3540609786287,3.34923627180979,0.0165309140039608,100,900,0.05,25,4,-225,1450
"overhang",17,200,"random","even",1,0.1,1617,1617,8.76033139228821,1.00786847993731,-0.00902583142742515,100,900,0.05,25,4,-225,1450
"overhang",18,200,"random","even",1,0.1,1618,1618,13.6811822298914,1.04199913039338,-0.00182625402230769,100,900,0.05,25,4,-225,1450
"overhang",19,200,"random","even",1,0.1,1619,1619,14.3617798991036,3.68803841806948,0.00955664183478802,100,900,0.05,25,4,-225,1450
"overhang",20,200,"random","even",1,0.1,1620,1620,14.3940228717402,2.68057342118118,-0.0266153540834785,100,900,0.05,25,4,-225,1450
"overhang",21,200,"random","even",1,0.1,1621,1621,5.86416356451809,3.6007240738254,-0.00752250377554447,100,900,0.05,25,4,-225,1450
"overhang",22,200,"random","even",1,0.1,1622,1622,2.10667168116197,0.545276826363988,0.0120863934746012,100,900,0.05,25,4,-225,1450
"overhang",23,200,"random","even",1,0.1,1623,1623,10.1721154127736,1.88550991297234,-0.0183958927402273,100,900,0.05,25,4,-225,1450
"overhang",24,200,"random","even",1,0.1,1624,1624,7.99494643276557,1.0943935449468,-0.0121902274992317,100,900,0.05,25,4,-225,1450
"overhang",25,200,"random","even",1,0.1,1625,1625,14.9958765804768,2.48814666771796,-0.0155235818400979,100,900,0.05,25,4,-225,1450
"overhang",26,200,"random","even",1,0.1,1626,1626,9.10375090898015,2.21448116237298,-0.00885252832900733,100,900,0.05,25,4,-225,1450
"overhang",27,200,"random","even",1,0.1,1627,1627,6.69456556043588,3.76540585933253,0.00369440223556012,100,900,0.05,25,4,-225,1450
"overhang",28,200,"random","even",1,0.1,1628,1628,5.42622947809286,3.63011184183415,-0.00876233505550772,100,900,0.05,25,4,-225,1450
"overhang",29,200,"random","even",1,0.1,1629,1629,14.5203228984028,2.39016334258486,-0.0103614403959364,100,900,0.05,25,4,-225,1450
"overhang",30,200,"random","even",1,0.1,1630,1630,14.5176440305077,3.39491759450175,0.0126711489725858,100,900,0.05,25,4,-225,1450
"overhang",31,200,"random","even",1,0.1,1631,1631,2.73359471117146,3.06858191243373,0.000268237972632049,100,900,0.05,25,4,-225,1450
"overhang",32,200,"random","even",1,0.1,1632,1632,13.9048665429,0.692717205150984,-0.00947934821248055,100,900,0.05,25,4,-225,1450
"overhang",33,200,"random","even",1,0.1,1633,1633,9.90970015153289,3.17251558438875,-0.0130519138835371,100,900,0.05,25,4,-225,1450
"overhang",34,200,"random","even",1,0.1,1634,1634,3.51827687537298,1.56642013194505,0.0165054202219471,100,900,0.05,25,4,-225,1450
"overhang",35,200,"random","even",1,0.1,1635,1635,5.79751037107781,3.70435293298215,-0.00641576256137341,100,900,0.05,25,4,-225,1450
"overhang",36,200,"random","even",1,0.1,1636,1636,7.76657978375442,1.1259877004195,-0.0119297382887453,100,900,0.05,25,4,-225,1450
"overhang",37,200,"random","even",1,0.1,1637,1637,2.83105360204354,1.80955433030613,0.0272012536274269,100,900,0.05,25,4,-225,1450
"overhang",38,200,"random","even",1,0.1,1638,1638,14.8328293389641,1.29278224299196,-0.0126212962483987,100,900,0.05,25,4,-225,1450
"overhang",39,200,"random","even",1,0.1,1639,1639,5.48528683022596,2.39745104673784,0.00221681431867182,100,900,0.05,25,4,-225,1450
"overhang",40,200,"random","even",1,0.1,1640,1640,13.295783335343,2.15266626921948,0.0163270284980536,100,900,0.05,25,4,-225,1450
"overhang",41,200,"random","even",1,0.1,1641,1641,14.8696559770033,1.59382173873018,0.00651171300094575,100,900,0.05,25,4,-225,1450
"overhang",42,200,"random","even",1,0.1,1642,1642,9.6711310762912,1.96132469514851,0.00387456065509469,100,900,0.05,25,4,-225,1450
"overhang",43,200,"random","even",1,0.1,1643,1643,7.50937546463683,0.790397804463282,0.00444652891717851,100,900,0.05,25,4,-225,1450
"overhang",44,200,"random","even",1,0.1,1644,1644,12.2904193331487,2.96496224217117,0.0250680342782289,100,900,0.05,25,4,-225,1450
"overhang",45,200,"random","even",1,0.1,1645,1645,5.71819848031737,0.546915310667828,0.00641078354325145,100,900,0.05,25,4,-225,1450
"overhang",46,200,"random","even",1,0.1,1646,1646,11.3101072390564,3.24427838937845,0.00847747648134828,100,900,0.05,25,4,-225,1450
"overhang",47,200,"random","even",1,0.1,1647,1647,13.1015439892653,1.27578656503465,0.0203872370207682,100,900,0.05,25,4,-225,1450
"overhang",48,200,"random","even",1,0.1,1648,1648,8.70730791427195,1.08093724306673,0.00424215376842767,100,900,0.05,25,4,-225,1450
"overhang",49,200,"random","even",1,0.1,1649,1649,5.16751406015828,2.33359218121041,0.0122286727186292,100,900,0.05,25,4,-225,1450
"overhang",50,200,"random","even",1,0.1,1650,1650,4.04730871203355,2.1157092571957,0.00421744905877858,100,900,0.05,25,4,-225,1450
"overhang",51,200,"random","even",1,0.1,1651,1651,9.71309693949297,1.36281267658342,-0.0269403108581901,100,900,0.05,25,4,-225,1450
"overhang",52,200,"random","even",1,0.1,1652,1652,10.6453374763951,1.23663050215691,-0.00296734508592635,100,900,0.05,25,4,-225,1450
"overhang",53,200,"random","even",1,0.1,1653,1653,9.9342601201497,2.19698808947578,0.018213592171669,100,900,0.05,25,4,-225,1450
"overhang",54,200,"random","even",1,0.1,1654,1654,6.54116976796649,2.82394595327787,-0.0234142442699522,100,900,0.05,25,4,-225,1450
"overhang",55,200,"random","even",1,0.1,1655,1655,6.38880743947811,2.48502148455009,-0.0103117338800803,100,900,0.05,25,4,-225,1450
"overhang",56,200,"random","even",1,0.1,1656,1656,8.37571908696555,0.513749230885878,0.00424303650856018,100,900,0.05,25,4,-225,1450
"overhang",57,200,"random","even",1,0.1,1657,1657,6.59379579708911,3.48371912492439,0.0111890727141872,100,900,0.05,25,4,-225,1450
"overhang",58,200,"random","even",1,0.1,1658,1658,12.9516437856946,1.74312724138144,0.000363646312616765,100,900,0.05,25,4,-225,1450
"overhang",59,200,"random","even",1,0.1,1659,1659,14.3769029823598,0.619818519684486,-0.00898637705482543,100,900,0.05,25,4,-225,1450
"overhang",60,200,"random","even",1,0.1,1660,1660,14.6206305362284,3.79215656302404,-0.0273167352424935,100,900,0.05,25,4,-225,1450
"overhang",61,200,"random","even",1,0.1,1661,1661,7.67208554805256,3.94764782860875,-0.0196165354689583,100,900,0.05,25,4,-225,1450
"overhang",62,200,"random","even",1,0.1,1662,1662,4.11742033436894,2.43171962839551,0.0210935918893665,100,900,0.05,25,4,-225,1450
"overhang",63,200,"random","even",1,0.1,1663,1663,14.8074584789574,2.41163408209104,-0.0116634101327509,100,900,0.05,25,4,-225,1450
"overhang",64,200,"random","even",1,0.1,1664,1664,10.7220582037698,2.45497660303954,-0.0281992521090433,100,900,0.05,25,4,-225,1450
"overhang",65,200,"random","even",1,0.1,1665,1665,7.45360252470709,3.42183789180126,-0.0161165234120563,100,900,0.05,25,4,-225,1450
"overhang",66,200,"random","even",1,0.1,1666,1666,11.0511676261667,0.976699829101562,-0.0099731929320842,100,900,0.05,25,4,-225,1450
"overhang",67,200,"random","even",1,0.1,1667,1667,7.22746280930005,0.628621674259193,-0.00309052892960608,100,900,0.05,25,4,-225,1450
"overhang",68,200,"random","even",1,0.1,1668,1668,4.07068651309237,1.88744005013723,0.0120088041387498,100,900,0.05,25,4,-225,1450
"overhang",69,200,"random","even",1,0.1,1669,1669,5.51399640017189,3.79082589037716,-0.00543170001357794,100,900,0.05,25,4,-225,1450
"overhang",70,200,"random","even",1,0.1,1670,1670,5.38998515368439,1.62441365607083,-0.00830376987811178,100,900,0.05,25,4,-225,1450
"overhang",71,200,"random","even",1,0.1,1671,1671,2.02536042663269,2.38477213133592,-0.022088629854843,100,900,0.05,25,4,-225,1450
"overhang",72,200,"random","even",1,0.1,1672,1672,3.2700455756858,2.38302267051768,0.0255112128378823,100,900,0.05,25,4,-225,1450
"overhang",73,200,"random","even",1,0.1,1673,1673,2.37368210963905,1.57605965516996,0.0159693538583815,100,900,0.05,25,4,-225,1450
"overhang",74,200,"random","even",1,0.1,1674,1674,5.41192712332122,0.880782243330032,0.0287737751752138,100,900,0.05,25,4,-225,1450
"overhang",75,200,"random","even",1,0.1,1675,1675,8.00185859296471,1.44739995000418,0.0153559387894347,100,900,0.05,25,4,-225,1450
"overhang",76,200,"random","even",1,0.1,1676,1676,6.1554324682802,2.90176822606008,0.0206261990312487,100,900,0.05,25,4,-225,1450
"overhang",77,200,"random","even",1,0.1,1677,1677,4.98834185302258,2.11432550393511,-0.0062063874816522,100,900,0.05,25,4,-225,1450
"overhang",78,200,"random","even",1,0.1,1678,1678,5.90386886638589,3.1692365410272,0.0104902969161049,100,900,0.05,25,4,-225,1450
"overhang",79,200,"random","even",1,0.1,1679,1679,14.2309072185308,1.22212349879555,-0.0269799117743969,100,900,0.05,25,4,-225,1450
"overhang",80,200,"random","even",1,0.1,1680,1680,4.89500667224638,3.45966636319645,-0.0287257269909605,100,900,0.05,25,4,-225,1450
"overhang",81,200,"random","even",1,0.1,1681,1681,10.204564870568,1.39575870614499,-0.0191069415165111,100,900,0.05,25,4,-225,1450
"overhang",82,200,"random","even",1,0.1,1682,1682,11.2612948457245,2.93350043252576,0.0163007169775665,100,900,0.05,25,4,-225,1450
"overhang",83,200,"random","even",1,0.1,1683,1683,6.00023700809106,0.623126907041296,0.0137965690903366,100,900,0.05,25,4,-225,1450
"overhang",84,200,"random","even",1,0.1,1684,1684,3.56176287843846,2.52888431074098,0.00626535391900689,100,900,0.05,25,4,-225,1450
"overhang",85,200,"random","even",1,0.1,1685,1685,13.0435819961131,1.90253231092356,-0.00412563651334494,100,900,0.05,25,4,-225,1450
"overhang",86,200,"random","even",1,0.1,1686,1686,2.60905197402462,3.06928166025318,-0.0122763118240982,100,900,0.05,25,4,-225,1450
"overhang",87,200,"random","even",1,0.1,1687,1687,5.05344758066349,1.08206617645919,0.0192125295102596,100,900,0.05,25,4,-225,1450
"overhang",88,200,"random","even",1,0.1,1688,1688,8.48835454764776,1.93265367229469,0.00375748333521187,100,900,0.05,25,4,-225,1450
"overhang",89,200,"random","even",1,0.1,1689,1689,9.37111834227107,0.896921985899098,-0.0119290983304381,100,900,0.05,25,4,-225,1450
"overhang",90,200,"random","even",1,0.1,1690,1690,13.1600005279761,3.35141601343639,-0.00814095178619027,100,900,0.05,25,4,-225,1450
"overhang",91,200,"random","even",1,0.1,1691,1691,11.6151735065505,1.31511055829469,-0.00439374442677945,100,900,0.05,25,4,-225,1450
"overhang",92,200,"random","even",1,0.1,1692,1692,2.66010261815973,0.924098890158348,-0.0206207121955231,100,900,0.05,25,4,-225,1450
"overhang",93,200,"random","even",1,0.1,1693,1693,8.71594007685781,3.25230664864648,-0.0255901571363211,100,900,0.05,25,4,-225,1450
"overhang",94,200,"random","even",1,0.1,1694,1694,14.5575398723595,3.12202560238075,-0.0022301454283297,100,900,0.05,25,4,-225,1450
"overhang",95,200,"random","even",1,0.1,1695,1695,7.31471698870882,1.39604886365123,0.0224622561922297,100,900,0.05,25,4,-225,1450
"overhang",96,200,"random","even",1,0.1,1696,1696,8.17960804444738,0.527876894921064,0.00687980283983051,100,900,0.05,25,4,-225,1450
"overhang",97,200,"random","even",1,0.1,1697,1697,7.11354312952608,3.81829159206245,-0.000287438984960319,100,900,0.05,25,4,-225,1450
"overhang",98,200,"random","even",1,0.1,1698,1698,12.1118669931311,3.52782921842299,0.0220262123085558,100,900,0.05,25,4,-225,1450
"overhang",99,200,"random","even",1,0.1,1699,1699,6.58191031962633,3.94761094835121,7.87014467641713e-05,100,900,0.05,25,4,-225,1450
"overhang",100,200,"random","even",1,0.1,1700,1700,7.43370220321231,0.63968186522834,0.0213637376669794,100,900,0.05,25,4,-225,1450
"overhang",1,200,"random","even",1,0.25,1701,1701,14.0730936231557,0.706137746456079,-0.0270092656742781,100,900,0.05,25,4,-225,1450
"overhang",2,200,"random","even",1,0.25,1702,1702,2.83183704339899,0.857101575587876,-0.00309711998328567,100,900,0.05,25,4,-225,1450
"overhang",3,200,"random","even",1,0.25,1703,1703,8.57226241379976,1.49045464163646,0.0130400923267007,100,900,0.05,25,4,-225,1450
"overhang",4,200,"random","even",1,0.25,1704,1704,9.49386899382807,1.12468809366692,-0.0186252450942993,100,900,0.05,25,4,-225,1450
"overhang",5,200,"random","even",1,0.25,1705,1705,4.32712253089994,2.11831207748037,-0.0268719570385292,100,900,0.05,25,4,-225,1450
"overhang",6,200,"random","even",1,0.25,1706,1706,7.76333445659839,2.42489174136426,0.00646425251383334,100,900,0.05,25,4,-225,1450
"overhang",7,200,"random","even",1,0.25,1707,1707,5.8712053836789,1.30936497484799,0.0298766545951366,100,900,0.05,25,4,-225,1450
"overhang",8,200,"random","even",1,0.25,1708,1708,2.28614231548272,1.00982899928931,-0.00987817380577326,100,900,0.05,25,4,-225,1450
"overhang",9,200,"random","even",1,0.25,1709,1709,4.0062203570269,3.69370969338343,0.0117075343849137,100,900,0.05,25,4,-225,1450
"overhang",10,200,"random","even",1,0.25,1710,1710,14.0528114407789,3.79701504902914,-0.000199255091138183,100,900,0.05,25,4,-225,1450
"overhang",11,200,"random","even",1,0.25,1711,1711,10.6896463206504,2.46468094806187,-0.0235195369413123,100,900,0.05,25,4,-225,1450
"overhang",12,200,"random","even",1,0.25,1712,1712,12.1596255309414,2.09656685765367,-0.0190962554281577,100,900,0.05,25,4,-225,1450
"overhang",13,200,"random","even",1,0.25,1713,1713,7.00829071714543,1.21266200428363,-0.0103466453030705,100,900,0.05,25,4,-225,1450
"overhang",14,200,"random","even",1,0.25,1714,1714,8.68640731764026,1.30428728857078,-0.0119743354478851,100,900,0.05,25,4,-225,1450
"overhang",15,200,"random","even",1,0.25,1715,1715,9.96281427610666,1.56505900376942,-0.00177571606356651,100,900,0.05,25,4,-225,1450
"overhang",16,200,"random","even",1,0.25,1716,1716,14.8771519642323,2.3381137275137,-0.0171810610312968,100,900,0.05,25,4,-225,1450
"overhang",17,200,"random","even",1,0.25,1717,1717,10.0712384160142,0.985338389524259,0.00142174581997097,100,900,0.05,25,4,-225,1450
"overhang",18,200,"random","even",1,0.25,1718,1718,3.74253470613621,2.76149403734598,-0.0148411283735186,100,900,0.05,25,4,-225,1450
"overhang",19,200,"random","even",1,0.25,1719,1719,2.01497187651694,1.60187200538348,0.00454075793735683,100,900,0.05,25,4,-225,1450
"overhang",20,200,"random","even",1,0.25,1720,1720,2.35559450136498,3.03480592183769,-0.0228814001753926,100,900,0.05,25,4,-225,1450
"overhang",21,200,"random","even",1,0.25,1721,1721,4.45079208211973,3.51759144652169,-0.00126314836554229,100,900,0.05,25,4,-225,1450
"overhang",22,200,"random","even",1,0.25,1722,1722,7.10172584885731,2.70233878633007,0.0272354218130931,100,900,0.05,25,4,-225,1450
"overhang",23,200,"random","even",1,0.25,1723,1723,14.7971425387077,1.09420654003043,-0.0107257063547149,100,900,0.05,25,4,-225,1450
"overhang",24,200,"random","even",1,0.25,1724,1724,10.5642605263274,0.652606420568191,0.0229214667063206,100,900,0.05,25,4,-225,1450
"overhang",25,200,"random","even",1,0.25,1725,1725,9.52612434001639,3.05912882531993,0.00696283889003098,100,900,0.05,25,4,-225,1450
"overhang",26,200,"random","even",1,0.25,1726,1726,8.55754534830339,2.2315906820586,-0.00544978863559663,100,900,0.05,25,4,-225,1450
"overhang",27,200,"random","even",1,0.25,1727,1727,7.76734402007423,1.89930191996973,0.00165950008202344,100,900,0.05,25,4,-225,1450
"overhang",28,200,"random","even",1,0.25,1728,1728,5.82574641960673,3.4812670975225,-0.02718204644043,100,900,0.05,25,4,-225,1450
"overhang",29,200,"random","even",1,0.25,1729,1729,11.0995608835947,0.674676625407301,-0.0155691410461441,100,900,0.05,25,4,-225,1450
"overhang",30,200,"random","even",1,0.25,1730,1730,4.22330234805122,1.66859092318919,-0.0102194574521855,100,900,0.05,25,4,-225,1450
"overhang",31,200,"random","even",1,0.25,1731,1731,11.2658436938655,1.2564681887161,-0.00588109125383198,100,900,0.05,25,4,-225,1450
"overhang",32,200,"random","even",1,0.25,1732,1732,2.66965806321241,3.68227285309695,-0.0268348284205422,100,900,0.05,25,4,-225,1450
"overhang",33,200,"random","even",1,0.25,1733,1733,3.21249023894779,0.669409723370336,0.00235306823160499,100,900,0.05,25,4,-225,1450
"overhang",34,200,"random","even",1,0.25,1734,1734,7.43395359395072,2.99698009481654,0.0154532360332087,100,900,0.05,25,4,-225,1450
"overhang",35,200,"random","even",1,0.25,1735,1735,8.53918938105926,3.89697439712472,-0.00796727253589779,100,900,0.05,25,4,-225,1450
"overhang",36,200,"random","even",1,0.25,1736,1736,14.3717294484377,1.50668670749292,-0.0110218136524782,100,900,0.05,25,4,-225,1450
"overhang",37,200,"random","even",1,0.25,1737,1737,11.9693353394978,2.59550032857805,-0.0157608388736844,100,900,0.05,25,4,-225,1450
"overhang",38,200,"random","even",1,0.25,1738,1738,8.51940534915775,2.09408866113517,0.00827178893610835,100,900,0.05,25,4,-225,1450
"overhang",39,200,"random","even",1,0.25,1739,1739,9.69840817758814,2.44915328721981,0.0195425297040492,100,900,0.05,25,4,-225,1450
"overhang",40,200,"random","even",1,0.25,1740,1740,12.4500146866776,1.01002338074613,-0.0271317158220336,100,900,0.05,25,4,-225,1450
"overhang",41,200,"random","even",1,0.25,1741,1741,7.23225429165177,2.27017270715442,0.00484201928135008,100,900,0.05,25,4,-225,1450
"overhang",42,200,"random","even",1,0.25,1742,1742,10.9037860215176,3.68270908517297,0.0244644342642277,100,900,0.05,25,4,-225,1450
"overhang",43,200,"random","even",1,0.25,1743,1743,7.36756154359318,2.58542983513325,0.0125640840595588,100,900,0.05,25,4,-225,1450
"overhang",44,200,"random","even",1,0.25,1744,1744,14.0125949217472,2.48866054660175,0.00777730485890061,100,900,0.05,25,4,-225,1450
"overhang",45,200,"random","even",1,0.25,1745,1745,3.93136742454953,1.84865322499536,0.0135841769864783,100,900,0.05,25,4,-225,1450
"overhang",46,200,"random","even",1,0.25,1746,1746,4.84887234773487,2.43701925629284,0.0259804577892646,100,900,0.05,25,4,-225,1450
"overhang",47,200,"random","even",1,0.25,1747,1747,6.84538654331118,1.71386038116179,0.022726864926517,100,900,0.05,25,4,-225,1450
"overhang",48,200,"random","even",1,0.25,1748,1748,2.52781291469,1.49992606823798,0.0237164556607604,100,900,0.05,25,4,-225,1450
"overhang",49,200,"random","even",1,0.25,1749,1749,10.5243184955325,1.15754525270313,0.016615298059769,100,900,0.05,25,4,-225,1450
"overhang",50,200,"random","even",1,0.25,1750,1750,7.43689674069174,1.95559604058508,0.00564123256132006,100,900,0.05,25,4,-225,1450
"overhang",51,200,"random","even",1,0.25,1751,1751,5.26416715979576,2.00205679191276,-0.0245679117366672,100,900,0.05,25,4,-225,1450
"overhang",52,200,"random","even",1,0.25,1752,1752,11.2695928104222,3.80872241896577,0.0269166835583746,100,900,0.05,25,4,-225,1450
"overhang",53,200,"random","even",1,0.25,1753,1753,8.64907506201416,2.1067109380383,-0.0256085422122851,100,900,0.05,25,4,-225,1450
"overhang",54,200,"random","even",1,0.25,1754,1754,2.81334510631859,0.552603198681027,-0.0127308772690594,100,900,0.05,25,4,-225,1450
"overhang",55,200,"random","even",1,0.25,1755,1755,9.76448821951635,1.09025669272523,-0.00585722270887345,100,900,0.05,25,4,-225,1450
"overhang",56,200,"random","even",1,0.25,1756,1756,10.7752073544543,2.52970474632457,0.020764931878075,100,900,0.05,25,4,-225,1450
"overhang",57,200,"random","even",1,0.25,1757,1757,12.7790071414784,2.45163194253109,0.0169561924925074,100,900,0.05,25,4,-225,1450
"overhang",58,200,"random","even",1,0.25,1758,1758,12.3460416081361,2.77869762748014,-0.00964951545931399,100,900,0.05,25,4,-225,1450
"overhang",59,200,"random","even",1,0.25,1759,1759,2.70425570034422,0.82193195016589,0.0123744440730661,100,900,0.05,25,4,-225,1450
"overhang",60,200,"random","even",1,0.25,1760,1760,14.5014908248559,0.573330733808689,0.015665075769648,100,900,0.05,25,4,-225,1450
"overhang",61,200,"random","even",1,0.25,1761,1761,9.16887847799808,2.5865451938007,0.0232291475962847,100,900,0.05,25,4,-225,1450
"overhang",62,200,"random","even",1,0.25,1762,1762,12.5792676245328,2.46974932483863,0.0273452931828797,100,900,0.05,25,4,-225,1450
"overhang",63,200,"random","even",1,0.25,1763,1763,12.9469747373369,2.15828350640368,-0.00853180734906345,100,900,0.05,25,4,-225,1450
"overhang",64,200,"random","even",1,0.25,1764,1764,11.7933604968712,0.896989056840539,-0.0297048332216218,100,900,0.05,25,4,-225,1450
"overhang",65,200,"random","even",1,0.25,1765,1765,10.1652376551647,3.36318174377084,-0.0206386908749118,100,900,0.05,25,4,-225,1450
"overhang",66,200,"random","even",1,0.25,1766,1766,14.1037451052107,1.04903122014366,0.0073618862265721,100,900,0.05,25,4,-225,1450
"overhang",67,200,"random","even",1,0.25,1767,1767,2.40390898939222,2.25783098407555,-0.024156734906137,100,900,0.05,25,4,-225,1450
"overhang",68,200,"random","even",1,0.25,1768,1768,8.61925169383176,3.58552501862869,-0.0220148342382163,100,900,0.05,25,4,-225,1450
"overhang",69,200,"random","even",1,0.25,1769,1769,8.0091383184772,2.95881755952723,0.0251001965207979,100,900,0.05,25,4,-225,1450
"overhang",70,200,"random","even",1,0.25,1770,1770,9.27224650257267,0.911235535168089,0.00198098227847367,100,900,0.05,25,4,-225,1450
"overhang",71,200,"random","even",1,0.25,1771,1771,13.6972224633209,3.73790961981285,0.0272173505276442,100,900,0.05,25,4,-225,1450
"overhang",72,200,"random","even",1,0.25,1772,1772,11.4358245767653,2.6284280292457,0.00796419387683273,100,900,0.05,25,4,-225,1450
"overhang",73,200,"random","even",1,0.25,1773,1773,4.0806087849196,2.69733169383835,-0.0183414993155748,100,900,0.05,25,4,-225,1450
"overhang",74,200,"random","even",1,0.25,1774,1774,4.85818430501968,1.11445432540495,0.0133065834268928,100,900,0.05,25,4,-225,1450
"overhang",75,200,"random","even",1,0.25,1775,1775,9.28306713118218,3.32181244168896,-0.015402139951475,100,900,0.05,25,4,-225,1450
"overhang",76,200,"random","even",1,0.25,1776,1776,6.71090870373882,1.03823463211302,-0.00228956261649728,100,900,0.05,25,4,-225,1450
"overhang",77,200,"random","even",1,0.25,1777,1777,5.05314816674218,1.78284225077368,0.0290795148583129,100,900,0.05,25,4,-225,1450
"overhang",78,200,"random","even",1,0.25,1778,1778,14.5616390260402,2.01306830113754,-0.00283589137718081,100,900,0.05,25,4,-225,1450
"overhang",79,200,"random","even",1,0.25,1779,1779,13.0779759176075,1.52816197706852,-0.0195552907465026,100,900,0.05,25,4,-225,1450
"overhang",80,200,"random","even",1,0.25,1780,1780,4.52309304219671,0.79617882007733,-0.000352581222541629,100,900,0.05,25,4,-225,1450
"overhang",81,200,"random","even",1,0.25,1781,1781,13.4044009149075,1.85486808256246,-0.019522567782551,100,900,0.05,25,4,-225,1450
"overhang",82,200,"random","even",1,0.25,1782,1782,5.45449515897781,3.47023746313062,-0.00233764709439128,100,900,0.05,25,4,-225,1450
"overhang",83,200,"random","even",1,0.25,1783,1783,10.0158280017786,1.1147394166328,-0.0220188798476011,100,900,0.05,25,4,-225,1450
"overhang",84,200,"random","even",1,0.25,1784,1784,12.5692817748059,2.59753947996069,0.0241036362061277,100,900,0.05,25,4,-225,1450
"overhang",85,200,"random","even",1,0.25,1785,1785,10.9871132993139,2.49445383553393,-0.0239370116265491,100,900,0.05,25,4,-225,1450
"overhang",86,200,"random","even",1,0.25,1786,1786,10.8242612227332,3.76105970307253,-0.0162460220977664,100,900,0.05,25,4,-225,1450
"overhang",87,200,"random","even",1,0.25,1787,1787,7.89771495130844,2.59724382101558,-0.014555299077183,100,900,0.05,25,4,-225,1450
"overhang",88,200,"random","even",1,0.25,1788,1788,8.6924246835988,1.69499556836672,0.0123513491917402,100,900,0.05,25,4,-225,1450
"overhang",89,200,"random","even",1,0.25,1789,1789,14.8095086051617,1.05491228599567,0.0274357955250889,100,900,0.05,25,4,-225,1450
"overhang",90,200,"random","even",1,0.25,1790,1790,11.9493143153377,2.33891742897686,0.0140548235597089,100,900,0.05,25,4,-225,1450
"overhang",91,200,"random","even",1,0.25,1791,1791,13.0083601817023,2.17624533188064,-0.0105881456891075,100,900,0.05,25,4,-225,1450
"overhang",92,200,"random","even",1,0.25,1792,1792,9.14180169021711,1.13171972054988,-0.012277730111964,100,900,0.05,25,4,-225,1450
"overhang",93,200,"random","even",1,0.25,1793,1793,3.20359358564019,2.791968021309,-0.0272823568247259,100,900,0.05,25,4,-225,1450
"overhang",94,200,"random","even",1,0.25,1794,1794,6.21815108414739,2.46022004145198,-0.00310429234988988,100,900,0.05,25,4,-225,1450
"overhang",95,200,"random","even",1,0.25,1795,1795,3.10219242610037,1.47238556784578,0.0117663361318409,100,900,0.05,25,4,-225,1450
"overhang",96,200,"random","even",1,0.25,1796,1796,5.25824676640332,1.09264303860255,0.0169280521105975,100,900,0.05,25,4,-225,1450
"overhang",97,200,"random","even",1,0.25,1797,1797,8.43538625421934,1.01491232716944,-0.0286653881706297,100,900,0.05,25,4,-225,1450
"overhang",98,200,"random","even",1,0.25,1798,1798,2.32981909764931,3.1937402341282,0.00271106294821948,100,900,0.05,25,4,-225,1450
"overhang",99,200,"random","even",1,0.25,1799,1799,6.78904149611481,2.40624672290869,-0.0165292375115678,100,900,0.05,25,4,-225,1450
"overhang",100,200,"random","even",1,0.25,1800,1800,14.591159547912,2.18477083288599,0.0264396533137187,100,900,0.05,25,4,-225,1450
"overhang",1,200,"random","even",1,0.4,1801,1801,9.7429675499443,0.805530159501359,0.0231255552917719,100,900,0.05,25,4,-225,1450
"overhang",2,200,"random","even",1,0.4,1802,1802,4.50860681547783,3.29244334972464,0.0107572570815682,100,900,0.05,25,4,-225,1450
"overhang",3,200,"random","even",1,0.4,1803,1803,6.38208946958184,3.62334936088882,-0.00477537064813078,100,900,0.05,25,4,-225,1450
"overhang",4,200,"random","even",1,0.4,1804,1804,4.39593209419399,1.12961990339682,0.0146989346947521,100,900,0.05,25,4,-225,1450
"overhang",5,200,"random","even",1,0.4,1805,1805,5.75752523867413,2.07443443790544,-0.029562788978219,100,900,0.05,25,4,-225,1450
"overhang",6,200,"random","even",1,0.4,1806,1806,4.06526655238122,1.86292623344343,0.0288516815146431,100,900,0.05,25,4,-225,1450
"overhang",7,200,"random","even",1,0.4,1807,1807,12.8361999646295,1.04173100797925,0.0239999046782032,100,900,0.05,25,4,-225,1450
"overhang",8,200,"random","even",1,0.4,1808,1808,14.7486575632356,2.91915854078252,0.0161045120609924,100,900,0.05,25,4,-225,1450
"overhang",9,200,"random","even",1,0.4,1809,1809,12.6659979075193,1.63861057988834,-0.0258386797131971,100,900,0.05,25,4,-225,1450
"overhang",10,200,"random","even",1,0.4,1810,1810,12.5031783266459,0.657728740130551,0.018449424225837,100,900,0.05,25,4,-225,1450
"overhang",11,200,"random","even",1,0.4,1811,1811,11.8625806332566,3.19675875571556,-0.0040005989279598,100,900,0.05,25,4,-225,1450
"overhang",12,200,"random","even",1,0.4,1812,1812,8.68776383483782,3.52243902988266,-0.010387065494433,100,900,0.05,25,4,-225,1450
"overhang",13,200,"random","even",1,0.4,1813,1813,8.36151799373329,1.84732476074714,0.00820658977143467,100,900,0.05,25,4,-225,1450
"overhang",14,200,"random","even",1,0.4,1814,1814,8.04696049471386,3.39266421378125,0.0018225220637396,100,900,0.05,25,4,-225,1450
"overhang",15,200,"random","even",1,0.4,1815,1815,12.3843702494632,2.11601331457496,-0.0257113420497626,100,900,0.05,25,4,-225,1450
"overhang",16,200,"random","even",1,0.4,1816,1816,3.12463836069219,3.24977257556748,0.026060235556215,100,900,0.05,25,4,-225,1450
"overhang",17,200,"random","even",1,0.4,1817,1817,2.77214788948186,3.04325662006158,-0.0176963824778795,100,900,0.05,25,4,-225,1450
"overhang",18,200,"random","even",1,0.4,1818,1818,6.08070490881801,3.13777141959872,-0.0144700347818434,100,900,0.05,25,4,-225,1450
"overhang",19,200,"random","even",1,0.4,1819,1819,3.12573171593249,3.38539354444947,-0.00402667155023664,100,900,0.05,25,4,-225,1450
"overhang",20,200,"random","even",1,0.4,1820,1820,14.2588994342368,1.96572690154426,0.00437460102606565,100,900,0.05,25,4,-225,1450
"overhang",21,200,"random","even",1,0.4,1821,1821,13.4404697304126,1.69305211887695,-0.0108479119325057,100,900,0.05,25,4,-225,1450
"overhang",22,200,"random","even",1,0.4,1822,1822,7.19777002022602,3.5294649801217,-0.00365429868455976,100,900,0.05,25,4,-225,1450
"overhang",23,200,"random","even",1,0.4,1823,1823,6.25724783306941,2.94122661463916,0.00661033215466886,100,900,0.05,25,4,-225,1450
"overhang",24,200,"random","even",1,0.4,1824,1824,13.011869400274,0.908629468292929,0.0185424504149705,100,900,0.05,25,4,-225,1450
"overhang",25,200,"random","even",1,0.4,1825,1825,9.96909828786738,2.1950589872431,-0.000387355671264231,100,900,0.05,25,4,-225,1450
"overhang",26,200,"random","even",1,0.4,1826,1826,12.2068877131678,3.76752934302203,-0.0238834295142442,100,900,0.05,25,4,-225,1450
"overhang",27,200,"random","even",1,0.4,1827,1827,14.561129585607,2.5585324880667,-0.026087011070922,100,900,0.05,25,4,-225,1450
"overhang",28,200,"random","even",1,0.4,1828,1828,3.84068067115732,1.45500005863141,0.0229533572634682,100,900,0.05,25,4,-225,1450
"overhang",29,200,"random","even",1,0.4,1829,1829,6.42571467813104,2.67562003107741,-0.0246335145179182,100,900,0.05,25,4,-225,1450
"overhang",30,200,"random","even",1,0.4,1830,1830,13.0148529366124,2.64533707033843,0.0165512200305238,100,900,0.05,25,4,-225,1450
"overhang",31,200,"random","even",1,0.4,1831,1831,3.92824744014069,2.89988595328759,-0.0128183979028836,100,900,0.05,25,4,-225,1450
"overhang",32,200,"random","even",1,0.4,1832,1832,13.3206080610398,0.598784832865931,0.0200301014492288,100,900,0.05,25,4,-225,1450
"overhang",33,200,"random","even",1,0.4,1833,1833,2.01976011414081,2.53990235470701,0.00482688297517598,100,900,0.05,25,4,-225,1450
"overhang",34,200,"random","even",1,0.4,1834,1834,11.0922297569923,2.83307156746741,0.00424164141062647,100,900,0.05,25,4,-225,1450
"overhang",35,200,"random","even",1,0.4,1835,1835,7.53937841579318,1.72865796252154,0.0264029047032818,100,900,0.05,25,4,-225,1450
"overhang",36,200,"random","even",1,0.4,1836,1836,4.4751049883198,2.97309664229397,0.0030463003506884,100,900,0.05,25,4,-225,1450
"overhang",37,200,"random","even",1,0.4,1837,1837,7.54614498396404,2.71093490882777,0.026782004730776,100,900,0.05,25,4,-225,1450
"overhang",38,200,"random","even",1,0.4,1838,1838,2.95398647594266,2.61087638244499,0.0274225727235898,100,900,0.05,25,4,-225,1450
"overhang",39,200,"random","even",1,0.4,1839,1839,12.7965488333721,2.51243113446981,-0.000460536545142533,100,900,0.05,25,4,-225,1450
"overhang",40,200,"random","even",1,0.4,1840,1840,4.51277013425715,2.39165979751851,-0.00340130243450403,100,900,0.05,25,4,-225,1450
"overhang",41,200,"random","even",1,0.4,1841,1841,5.87231972976588,2.8007531859912,-0.0283738290332258,100,900,0.05,25,4,-225,1450
"overhang",42,200,"random","even",1,0.4,1842,1842,4.97633319091983,1.02577977871988,0.0238198796566576,100,900,0.05,25,4,-225,1450
"overhang",43,200,"random","even",1,0.4,1843,1843,6.96711177309044,1.83706608810462,0.0180494501860812,100,900,0.05,25,4,-225,1450
"overhang",44,200,"random","even",1,0.4,1844,1844,7.87555953790434,2.18353980628308,0.0197640017978847,100,900,0.05,25,4,-225,1450
"overhang",45,200,"random","even",1,0.4,1845,1845,7.80111881601624,2.65607890149113,0.0220034936210141,100,900,0.05,25,4,-225,1450
"overhang",46,200,"random","even",1,0.4,1846,1846,11.4426911261398,2.12949223665055,0.015342404670082,100,900,0.05,25,4,-225,1450
"overhang",47,200,"random","even",1,0.4,1847,1847,10.2414933179971,1.8214163541561,-0.00908397696912289,100,900,0.05,25,4,-225,1450
"overhang",48,200,"random","even",1,0.4,1848,1848,13.1403514912818,1.71270968974568,-0.0177551253419369,100,900,0.05,25,4,-225,1450
"overhang",49,200,"random","even",1,0.4,1849,1849,11.5787179358304,2.55068896012381,0.00681074737105519,100,900,0.05,25,4,-225,1450
"overhang",50,200,"random","even",1,0.4,1850,1850,5.57382246525958,0.588533043744974,0.0252077607996762,100,900,0.05,25,4,-225,1450
"overhang",51,200,"random","even",1,0.4,1851,1851,5.19742724555545,1.18680092995055,-0.017459954819642,100,900,0.05,25,4,-225,1450
"overhang",52,200,"random","even",1,0.4,1852,1852,11.1429749457166,1.41260740661528,-0.0221377913234755,100,900,0.05,25,4,-225,1450
"overhang",53,200,"random","even",1,0.4,1853,1853,9.95272129285149,3.89836799609475,-0.00153991763480008,100,900,0.05,25,4,-225,1450
"overhang",54,200,"random","even",1,0.4,1854,1854,13.4587644352578,3.51247367495671,0.0024916494358331,100,900,0.05,25,4,-225,1450
"overhang",55,200,"random","even",1,0.4,1855,1855,10.2895846492611,2.46077642997261,0.00756646335124969,100,900,0.05,25,4,-225,1450
"overhang",56,200,"random","even",1,0.4,1856,1856,4.11611340823583,2.64635528391227,-0.0134546662587672,100,900,0.05,25,4,-225,1450
"overhang",57,200,"random","even",1,0.4,1857,1857,8.87331310962327,2.10259146534372,0.0179995423229411,100,900,0.05,25,4,-225,1450
"overhang",58,200,"random","even",1,0.4,1858,1858,4.94565722509287,1.99164038337767,-0.00305544767528772,100,900,0.05,25,4,-225,1450
"overhang",59,200,"random","even",1,0.4,1859,1859,13.9704852886498,0.870159693411551,0.0119871913734823,100,900,0.05,25,4,-225,1450
"overhang",60,200,"random","even",1,0.4,1860,1860,11.9753566160798,1.51183770119678,-0.0191303275153041,100,900,0.05,25,4,-225,1450
"overhang",61,200,"random","even",1,0.4,1861,1861,2.49047488998622,2.13104701205157,0.00812230399344117,100,900,0.05,25,4,-225,1450
"overhang",62,200,"random","even",1,0.4,1862,1862,5.90757669741288,2.90931707131676,0.0135817724419758,100,900,0.05,25,4,-225,1450
"overhang",63,200,"random","even",1,0.4,1863,1863,11.5036819214001,2.54839434428141,-0.0239388368697837,100,900,0.05,25,4,-225,1450
"overhang",64,200,"random","even",1,0.4,1864,1864,13.0930533052888,3.59423301729839,-0.0181709378538653,100,900,0.05,25,4,-225,1450
"overhang",65,200,"random","even",1,0.4,1865,1865,13.5759413072374,2.63377966207918,0.0246997488336638,100,900,0.05,25,4,-225,1450
"overhang",66,200,"random","even",1,0.4,1866,1866,5.59447180735879,2.13694947899785,-0.016454921294935,100,900,0.05,25,4,-225,1450
"overhang",67,200,"random","even",1,0.4,1867,1867,3.38751730322838,2.13143511814997,-0.0294477358739823,100,900,0.05,25,4,-225,1450
"overhang",68,200,"random","even",1,0.4,1868,1868,4.31740304548293,0.589336154400371,0.0188168927002698,100,900,0.05,25,4,-225,1450
"overhang",69,200,"random","even",1,0.4,1869,1869,9.25020033237524,2.072613765602,-0.0186191157856956,100,900,0.05,25,4,-225,1450
"overhang",70,200,"random","even",1,0.4,1870,1870,7.91409519710578,1.07424740865827,0.0234380577038974,100,900,0.05,25,4,-225,1450
"overhang",71,200,"random","even",1,0.4,1871,1871,4.14508397900499,2.80915145145264,0.0226337303034961,100,900,0.05,25,4,-225,1450
"overhang",72,200,"random","even",1,0.4,1872,1872,14.0077396254055,2.99540044274181,0.00891741465311498,100,900,0.05,25,4,-225,1450
"overhang",73,200,"random","even",1,0.4,1873,1873,6.6830238183029,3.32773268013261,-0.0158886164193973,100,900,0.05,25,4,-225,1450
"overhang",74,200,"random","even",1,0.4,1874,1874,13.7266767104156,0.806062073097564,0.00103910515084863,100,900,0.05,25,4,-225,1450
"overhang",75,200,"random","even",1,0.4,1875,1875,8.68203208968043,1.41212001547683,-0.00915965348482132,100,900,0.05,25,4,-225,1450
"overhang",76,200,"random","even",1,0.4,1876,1876,13.1375075599644,0.972560235532001,0.011213907902129,100,900,0.05,25,4,-225,1450
"overhang",77,200,"random","even",1,0.4,1877,1877,7.64207868929952,1.96502812346444,0.0294606804661453,100,900,0.05,25,4,-225,1450
"overhang",78,200,"random","even",1,0.4,1878,1878,5.67627781326883,3.36591540882364,-0.00649766026530415,100,900,0.05,25,4,-225,1450
"overhang",79,200,"random","even",1,0.4,1879,1879,14.6740314499475,1.06105080794077,0.0196691204840317,100,900,0.05,25,4,-225,1450
"overhang",80,200,"random","even",1,0.4,1880,1880,3.52190754725598,1.2601042103488,-0.0179898636555299,100,900,0.05,25,4,-225,1450
"overhang",81,200,"random","even",1,0.4,1881,1881,8.02703348896466,1.60668326751329,-0.0251645353808999,100,900,0.05,25,4,-225,1450
"overhang",82,200,"random","even",1,0.4,1882,1882,13.0919312348124,1.5414298340911,-0.0142979765078053,100,900,0.05,25,4,-225,1450
"overhang",83,200,"random","even",1,0.4,1883,1883,3.1423061217647,0.925770200556144,-0.0114010750176385,100,900,0.05,25,4,-225,1450
"overhang",84,200,"random","even",1,0.4,1884,1884,6.80051544099115,1.15564743801951,0.00667783850803971,100,900,0.05,25,4,-225,1450
"overhang",85,200,"random","even",1,0.4,1885,1885,4.9263086435385,1.38791015755851,-0.0189395297504961,100,900,0.05,25,4,-225,1450
"overhang",86,200,"random","even",1,0.4,1886,1886,8.34935921151191,1.14705092192162,0.0222073951503262,100,900,0.05,25,4,-225,1450
"overhang",87,200,"random","even",1,0.4,1887,1887,6.86873090732843,3.49236270762049,0.00222336657810956,100,900,0.05,25,4,-225,1450
"overhang",88,200,"random","even",1,0.4,1888,1888,13.7926880076993,0.905841003987007,-0.0117393733654171,100,900,0.05,25,4,-225,1450
"overhang",89,200,"random","even",1,0.4,1889,1889,6.24727170844562,3.34621086099651,-0.0247583498759195,100,900,0.05,25,4,-225,1450
"overhang",90,200,"random","even",1,0.4,1890,1890,13.0605157010723,1.67923455801792,-0.0159837569994852,100,900,0.05,25,4,-225,1450
"overhang",91,200,"random","even",1,0.4,1891,1891,11.5353897530586,1.579934565234,-0.00693090456537902,100,900,0.05,25,4,-225,1450
"overhang",92,200,"random","even",1,0.4,1892,1892,12.4783314357046,1.25604208430741,0.00535735733807087,100,900,0.05,25,4,-225,1450
"overhang",93,200,"random","even",1,0.4,1893,1893,5.20252982224338,2.55987364938483,0.025393900796771,100,900,0.05,25,4,-225,1450
"overhang",94,200,"random","even",1,0.4,1894,1894,13.5429497226141,3.66061429702677,-0.0160960284713656,100,900,0.05,25,4,-225,1450
"overhang",95,200,"random","even",1,0.4,1895,1895,11.2057166984305,2.56148117291741,0.0148180679418147,100,900,0.05,25,4,-225,1450
"overhang",96,200,"random","even",1,0.4,1896,1896,8.61954537499696,0.803724746336229,-0.0110263946000487,100,900,0.05,25,4,-225,1450
"overhang",97,200,"random","even",1,0.4,1897,1897,6.84027419914491,3.93852646986488,0.0115587776619941,100,900,0.05,25,4,-225,1450
"overhang",98,200,"random","even",1,0.4,1898,1898,13.7053381996229,2.44320180034265,-0.0257122659450397,100,900,0.05,25,4,-225,1450
"overhang",99,200,"random","even",1,0.4,1899,1899,3.6310795545578,0.868086557136849,-0.0125963721144944,100,900,0.05,25,4,-225,1450
"overhang",100,200,"random","even",1,0.4,1900,1900,4.88083024742082,0.894397954922169,-0.0242318041948602,100,900,0.05,25,4,-225,1450
