"rep","N","slope_condition","overlap","assign_p","sweep","dataset_id","seed","period_start","period_end","slope","sigma","intercept","K","alpha_conc","x_min","x_max","grid_step"
1,50,"random",0.5,0.2,"core",1,1,100,900,-0.479469388350844,44.7888368461281,739.734694175422,5,0.206330425013235,0,1000,5
2,50,"random",0.5,0.2,"core",2,2,100,900,0.422612202353776,154.992232201621,288.693898823112,5,2.14349086196638,0,1000,5
3,50,"random",0.5,0.2,"core",3,3,100,900,0.256055983062834,77.9336913488805,371.972008468583,6,0.473971309506979,0,1000,5
4,50,"random",0.5,0.2,"core",4,4,100,900,0.31428932249546,84.4316175300628,342.85533875227,6,0.480375630839948,0,1000,5
5,50,"random",0.5,0.2,"core",5,5,100,900,-0.422147603984922,58.8079433701933,711.073801992461,9,0.205855048695831,0,1000,5
6,50,"random",0.5,0.2,"core",6,6,100,900,-0.210052460152656,129.97415099293,605.026230076328,10,0.377822947143114,0,1000,5
7,50,"random",0.5,0.2,"core",7,7,100,900,-0.386492221988738,102.490171315148,693.246110994369,5,1.43700400684916,0,1000,5
8,50,"random",0.5,0.2,"core",8,8,100,900,0.544404274038971,149.274702724069,227.797862980515,6,0.245061608610615,0,1000,5
9,50,"random",0.5,0.2,"core",9,9,100,900,-0.301000471506268,118.359931400046,650.500235753134,6,0.326732063619484,0,1000,5
10,50,"random",0.5,0.2,"core",10,10,100,900,-0.432322534918785,106.277459803969,716.161267459393,10,0.398348702376135,0,1000,5
11,50,"random",0.5,0.2,"core",11,11,100,900,0.202373302727938,104.780677063391,398.813348636031,6,0.121691267355352,0,1000,5
12,50,"random",0.5,0.2,"core",12,12,100,900,-0.476746375951916,114.559749560431,738.373187975958,7,0.551182645801691,0,1000,5
13,50,"random",0.5,0.2,"core",13,13,100,900,0.292450018785894,99.7190828062594,353.774990607053,9,0.118646021918812,0,1000,5
14,50,"random",0.5,0.2,"core",14,14,100,900,-0.539412984903902,109.98639781028,769.706492451951,7,3.79636062332027,0,1000,5
15,50,"random",0.5,0.2,"core",15,15,100,900,0.261534096300602,130.536579824984,369.232951849699,5,0.490657808379591,0,1000,5
16,50,"random",0.5,0.2,"core",16,16,100,900,-0.342723725922406,77.8291722852737,671.361862961203,5,0.326488740548773,0,1000,5
17,50,"random",0.5,0.2,"core",17,17,100,900,-0.418081801664084,77.7878996264189,709.040900832042,7,0.417191585017646,0,1000,5
18,50,"random",0.5,0.2,"core",18,18,100,900,-0.200479045510292,116.49847753346,600.239522755146,10,1.15598556446143,0,1000,5
19,50,"random",0.5,0.2,"core",19,19,100,900,-0.327129795961082,40.4207798372954,663.564897980541,5,0.436126818189827,0,1000,5
20,50,"random",0.5,0.2,"core",20,20,100,900,-0.206915741506964,156.037626154721,603.457870753482,7,0.668848887583852,0,1000,5
21,50,"random",0.5,0.2,"core",21,21,100,900,-0.336623210366815,144.399322085083,668.311605183408,6,0.948135702098671,0,1000,5
22,50,"random",0.5,0.2,"core",22,22,100,900,0.33737551998347,128.491285145283,331.312240008265,8,0.290481479838931,0,1000,5
23,50,"random",0.5,0.2,"core",23,23,100,900,0.293025077320635,94.5088812615723,353.487461339682,6,0.292697153370149,0,1000,5
24,50,"random",0.5,0.2,"core",24,24,100,900,0.224547531083226,61.7493933346123,387.726234458387,6,0.976010229360314,0,1000,5
25,50,"random",0.5,0.2,"core",25,25,100,900,-0.364950500708073,132.338412180543,682.475250354037,9,0.670567687910564,0,1000,5
26,50,"random",0.5,0.2,"core",26,26,100,900,0.2742048708722,114.617283446714,362.8975645639,5,0.744375094925636,0,1000,5
27,50,"random",0.5,0.2,"core",27,27,100,900,-0.364268825482577,124.6581246797,682.134412741289,6,0.854173371659669,0,1000,5
28,50,"random",0.5,0.2,"core",28,28,100,900,0.256032342277467,134.344183504581,371.983828861266,8,0.138481390071207,0,1000,5
29,50,"random",0.5,0.2,"core",29,29,100,900,0.202173806726933,93.2453928980976,398.913096636534,10,2.98058644973587,0,1000,5
30,50,"random",0.5,0.2,"core",30,30,100,900,0.440695526264608,101.097380276769,279.652236867696,6,0.115333673719337,0,1000,5
31,50,"random",0.5,0.2,"core",31,31,100,900,0.564404050912708,129.601856805384,217.797974543646,6,0.627704614998594,0,1000,5
32,50,"random",0.5,0.2,"core",32,32,100,900,0.270145113579929,73.1147926673293,364.927443210036,8,0.774464406239338,0,1000,5
33,50,"random",0.5,0.2,"core",33,33,100,900,0.49247496528551,51.908004572615,253.762517357245,7,0.409511736985619,0,1000,5
34,50,"random",0.5,0.2,"core",34,34,100,900,0.206462883856148,113.931495323777,396.768558071926,9,0.205329505658802,0,1000,5
35,50,"random",0.5,0.2,"core",35,35,100,900,-0.434446286503226,122.266743285581,717.223143251613,10,0.474133787660649,0,1000,5
36,50,"random",0.5,0.2,"core",36,36,100,900,0.370327371358871,75.8334810379893,314.836314320564,6,0.510792981580811,0,1000,5
37,50,"random",0.5,0.2,"core",37,37,100,900,-0.284196391049773,147.764665093273,642.098195524886,7,0.395164828596613,0,1000,5
38,50,"random",0.5,0.2,"core",38,38,100,900,-0.390880043338984,71.3082122430205,695.440021669492,9,0.35310199780556,0,1000,5
39,50,"random",0.5,0.2,"core",39,39,100,900,0.50192930996418,152.452624421567,249.03534501791,8,0.463317158024677,0,1000,5
40,50,"random",0.5,0.2,"core",40,40,100,900,-0.378731711953878,148.962759664282,689.365855976939,6,0.15012725920249,0,1000,5
41,50,"random",0.5,0.2,"core",41,41,100,900,-0.348480720818043,78.1920361053199,674.240360409021,8,2.83520529358606,0,1000,5
42,50,"random",0.5,0.2,"core",42,42,100,900,-0.549911361839622,138.404175760224,774.955680919811,8,1.3423159388013,0,1000,5
43,50,"random",0.5,0.2,"core",43,43,100,900,-0.373838922940195,86.1434102244675,686.919461470097,5,0.325745865693925,0,1000,5
44,50,"random",0.5,0.2,"core",44,44,100,900,0.376054710615426,133.146835146472,311.972644692287,8,0.303491841754452,0,1000,5
45,50,"random",0.5,0.2,"core",45,45,100,900,0.232782733347267,142.868149708957,383.608633326367,5,0.496577636355633,0,1000,5
46,50,"random",0.5,0.2,"core",46,46,100,900,-0.213847721368074,61.7253053095192,606.923860684037,10,0.649259454292654,0,1000,5
47,50,"random",0.5,0.2,"core",47,47,100,900,0.571460792701691,75.2563440054655,214.269603649154,9,0.600739342449601,0,1000,5
48,50,"random",0.5,0.2,"core",48,48,100,900,-0.317826518882066,145.072214258835,658.913259441033,5,0.199284872678008,0,1000,5
49,50,"random",0.5,0.2,"core",49,49,100,900,-0.407689714990556,124.847101699561,703.844857495278,8,1.33486134342503,0,1000,5
50,50,"random",0.5,0.2,"core",50,50,100,900,0.294558569975197,119.275984512642,352.720715012401,5,1.09537280321852,0,1000,5
51,50,"random",0.5,0.2,"core",51,51,100,900,0.588723923452198,88.7416745349765,205.638038273901,7,0.479712662599862,0,1000,5
52,50,"random",0.5,0.2,"core",52,52,100,900,-0.453004600480199,79.8837570752949,726.502300240099,9,0.569342801376552,0,1000,5
53,50,"random",0.5,0.2,"core",53,53,100,900,0.58330766633153,69.6466896496713,208.346166834235,6,0.502020445487204,0,1000,5
54,50,"random",0.5,0.2,"core",54,54,100,900,0.55454159155488,150.367509862408,222.72920422256,10,0.6968911789537,0,1000,5
55,50,"random",0.5,0.2,"core",55,55,100,900,-0.409273505490273,102.782649891451,704.636752745137,10,0.454165787224124,0,1000,5
56,50,"random",0.5,0.2,"core",56,56,100,900,-0.486366253718734,139.000539090484,743.183126859367,7,0.152213010513056,0,1000,5
57,50,"random",0.5,0.2,"core",57,57,100,900,-0.496257093176246,92.7378692757338,748.128546588123,5,1.00782379388928,0,1000,5
58,50,"random",0.5,0.2,"core",58,58,100,900,0.218358529545367,137.923985663801,390.820735227317,9,0.295193550158503,0,1000,5
59,50,"random",0.5,0.2,"core",59,59,100,900,0.583117165509611,80.6043144781142,208.441417245194,6,0.228811582790983,0,1000,5
60,50,"random",0.5,0.2,"core",60,60,100,900,0.280454673245549,59.4766036886722,359.772663377225,7,0.535793294297356,0,1000,5
61,50,"random",0.5,0.2,"core",61,61,100,900,0.31936567928642,73.451292803511,340.31716035679,5,0.811401088090223,0,1000,5
62,50,"random",0.5,0.2,"core",62,62,100,900,0.558229067269713,52.5345939956606,220.885466365144,10,1.80454963130935,0,1000,5
63,50,"random",0.5,0.2,"core",63,63,100,900,0.426430308818817,131.025199266151,286.784845590591,6,0.431813288328139,0,1000,5
64,50,"random",0.5,0.2,"core",64,64,100,900,0.38220319384709,98.1103289593011,308.898403076455,5,1.18018174108768,0,1000,5
65,50,"random",0.5,0.2,"core",65,65,100,900,0.359787322115153,155.504001677036,320.106338942423,5,0.166455778069219,0,1000,5
66,50,"random",0.5,0.2,"core",66,66,100,900,0.233202012162656,75.2099768538028,383.398993918672,8,0.213180715330818,0,1000,5
67,50,"random",0.5,0.2,"core",67,67,100,900,-0.452140284143388,81.6134019102901,726.070142071694,6,0.296322186137376,0,1000,5
68,50,"random",0.5,0.2,"core",68,68,100,900,0.386037995945662,66.516494564712,306.981002027169,7,0.408747168350388,0,1000,5
69,50,"random",0.5,0.2,"core",69,69,100,900,0.428951383661479,54.1558322124183,285.524308169261,9,0.480178517120532,0,1000,5
70,50,"random",0.5,0.2,"core",70,70,100,900,-0.464892677310854,43.1944554764777,732.446338655427,7,0.286277900324876,0,1000,5
71,50,"random",0.5,0.2,"core",71,71,100,900,-0.551163306459785,62.0109655149281,775.581653229892,8,0.815877984167897,0,1000,5
72,50,"random",0.5,0.2,"core",72,72,100,900,0.351574794854969,156.544067366049,324.212602572516,6,2.46119787833938,0,1000,5
73,50,"random",0.5,0.2,"core",73,73,100,900,0.489429725054651,109.393963385373,255.285137472674,5,0.267590207755476,0,1000,5
74,50,"random",0.5,0.2,"core",74,74,100,900,-0.543143177405,123.717130459845,771.5715887025,8,0.323953654125331,0,1000,5
75,50,"random",0.5,0.2,"core",75,75,100,900,-0.274502201192081,100.752400197089,637.25110059604,10,0.129084329872071,0,1000,5
76,50,"random",0.5,0.2,"core",76,76,100,900,0.453079248871654,70.6129142921418,273.460375564173,9,0.357888626695354,0,1000,5
77,50,"random",0.5,0.2,"core",77,77,100,900,0.48724632980302,56.7616022657603,256.37683509849,5,1.07693979819899,0,1000,5
78,50,"random",0.5,0.2,"core",78,78,100,900,-0.416722641605884,153.542431481183,708.361320802942,7,0.282006192977165,0,1000,5
79,50,"random",0.5,0.2,"core",79,79,100,900,0.281885039340705,110.75263700448,359.057480329648,10,0.161238854827151,0,1000,5
80,50,"random",0.5,0.2,"core",80,80,100,900,0.559995595458895,90.3174102213234,220.002202270553,8,0.172341023162943,0,1000,5
81,50,"random",0.5,0.2,"core",81,81,100,900,-0.249433731660247,95.2237652614713,624.716865830123,8,1.11471444916228,0,1000,5
82,50,"random",0.5,0.2,"core",82,82,100,900,0.580618778523058,106.573952585459,209.690610738471,7,2.08450278916719,0,1000,5
83,50,"random",0.5,0.2,"core",83,83,100,900,-0.512686050403863,114.758544946089,756.343025201932,6,0.247997502245302,0,1000,5
84,50,"random",0.5,0.2,"core",84,84,100,900,-0.584854385908693,119.772047447041,792.427192954347,8,1.46029476961776,0,1000,5
85,50,"random",0.5,0.2,"core",85,85,100,900,-0.245700771082193,94.6397423837334,622.850385541096,6,0.27314373668112,0,1000,5
86,50,"random",0.5,0.2,"core",86,86,100,900,0.591020855680108,116.299023190513,204.489572159946,8,0.22527043925472,0,1000,5
87,50,"random",0.5,0.2,"core",87,87,100,900,-0.448187800683081,48.6003679223359,724.093900341541,8,2.61477113446581,0,1000,5
88,50,"random",0.5,0.2,"core",88,88,100,900,0.570970906224102,127.37736265175,214.514546887949,6,0.440388411805002,0,1000,5
89,50,"random",0.5,0.2,"core",89,89,100,900,0.280894685164094,149.940310437232,359.552657417953,9,0.169117407680278,0,1000,5
90,50,"random",0.5,0.2,"core",90,90,100,900,-0.286211672704667,111.068607736379,643.105836352333,5,0.63212093356916,0,1000,5
91,50,"random",0.5,0.2,"core",91,91,100,900,-0.568770089093596,149.721397953108,784.385044546798,6,0.679544829570376,0,1000,5
92,50,"random",0.5,0.2,"core",92,92,100,900,0.488846220355481,101.108717527241,255.57688982226,7,2.30328032506152,0,1000,5
93,50,"random",0.5,0.2,"core",93,93,100,900,0.504680555313826,101.984962914139,247.659722343087,9,0.428094250965075,0,1000,5
94,50,"random",0.5,0.2,"core",94,94,100,900,0.314110980276018,72.8118667192757,342.944509861991,6,0.460293321397408,0,1000,5
95,50,"random",0.5,0.2,"core",95,95,100,900,-0.337463552318513,152.777119772509,668.731776159257,10,0.128972408731858,0,1000,5
96,50,"random",0.5,0.2,"core",96,96,100,900,-0.336557366605848,44.5670039672405,668.278683302924,9,0.297759531790758,0,1000,5
97,50,"random",0.5,0.2,"core",97,97,100,900,-0.515183918736875,138.505755290389,757.591959368438,6,3.07086870196701,0,1000,5
98,50,"random",0.5,0.2,"core",98,98,100,900,0.345799996424466,73.1466268002987,327.100001787767,5,0.161505445867325,0,1000,5
99,50,"random",0.5,0.2,"core",99,99,100,900,0.466049022041261,59.0521967504174,266.975488979369,9,0.780670374930857,0,1000,5
100,50,"random",0.5,0.2,"core",100,100,100,900,-0.34912470402196,124.389032758772,674.56235201098,9,0.237523658788052,0,1000,5
1,100,"random",0.5,0.2,"core",101,101,100,900,0.248408347740769,135.95536455512,375.795826129615,7,0.209176255478332,0,1000,5
2,100,"random",0.5,0.2,"core",102,102,100,900,-0.532338608056307,129.43656922318,766.169304028153,9,3.87635992743792,0,1000,5
3,100,"random",0.5,0.2,"core",103,103,100,900,-0.367326912935823,55.8824776113033,683.663456467912,6,0.174068528208857,0,1000,5
4,100,"random",0.5,0.2,"core",104,104,100,900,0.232812534179538,112.957511497661,383.593732910231,10,0.157691895804515,0,1000,5
5,100,"random",0.5,0.2,"core",105,105,100,900,-0.27041103830561,84.1463352646679,635.205519152805,7,0.745300570048742,0,1000,5
6,100,"random",0.5,0.2,"core",106,106,100,900,-0.272384454868734,64.9438291974366,636.192227434367,7,0.614062799872576,0,1000,5
7,100,"random",0.5,0.2,"core",107,107,100,900,-0.469371021073312,122.428219337016,734.685510536656,5,0.2289114230451,0,1000,5
8,100,"random",0.5,0.2,"core",108,108,100,900,0.442798191960901,144.695618785918,278.600904019549,8,0.175284974391618,0,1000,5
9,100,"random",0.5,0.2,"core",109,109,100,900,-0.303810522519052,149.157773666084,651.905261259526,5,0.21153191288079,0,1000,5
10,100,"random",0.5,0.2,"core",110,110,100,900,0.436145181395113,152.993977628648,281.927409302443,9,2.06615896221604,0,1000,5
11,100,"random",0.5,0.2,"core",111,111,100,900,-0.363397286273539,66.5882244054228,681.69864313677,7,0.45235667497073,0,1000,5
12,100,"random",0.5,0.2,"core",112,112,100,900,-0.546571560110897,70.7341368123889,773.285780055448,6,1.21244703361553,0,1000,5
13,100,"random",0.5,0.2,"core",113,113,100,900,0.243264362029731,111.169330915436,378.367818985134,10,0.910359569159141,0,1000,5
14,100,"random",0.5,0.2,"core",114,114,100,900,-0.328755974583328,150.786461690441,664.377987291664,9,2.00921684709536,0,1000,5
15,100,"random",0.5,0.2,"core",115,115,100,900,0.26731493100524,146.069562137127,366.34253449738,9,0.283065477906515,0,1000,5
16,100,"random",0.5,0.2,"core",116,116,100,900,0.220631966553628,124.455691240728,389.684016723186,8,1.22539455629492,0,1000,5
17,100,"random",0.5,0.2,"core",117,117,100,900,-0.421312573179603,101.800005631521,710.656286589801,6,1.39385243770725,0,1000,5
18,100,"random",0.5,0.2,"core",118,118,100,900,0.25676846280694,42.2983461804688,371.61576859653,9,0.271859216025336,0,1000,5
19,100,"random",0.5,0.2,"core",119,119,100,900,-0.263553829863667,44.3307946436107,631.776914931834,7,1.26781505753622,0,1000,5
20,100,"random",0.5,0.2,"core",120,120,100,900,0.51152360541746,105.116351051256,244.23819729127,6,0.684221872107849,0,1000,5
21,100,"random",0.5,0.2,"core",121,121,100,900,-0.377499623224139,138.876570463181,688.74981161207,9,0.835014435759516,0,1000,5
22,100,"random",0.5,0.2,"core",122,122,100,900,0.252608999889344,47.4389373883605,373.695500055328,6,0.670556718366055,0,1000,5
23,100,"random",0.5,0.2,"core",123,123,100,900,0.426577903330326,127.894694190472,286.711048334837,6,0.346394764441,0,1000,5
24,100,"random",0.5,0.2,"core",124,124,100,900,0.509552455041558,98.7447031028569,245.223772479221,7,1.1594835006734,0,1000,5
25,100,"random",0.5,0.2,"core",125,125,100,900,0.368485622294247,139.017412588,315.757188852876,5,0.227693213690038,0,1000,5
26,100,"random",0.5,0.2,"core",126,126,100,900,0.224332232959569,75.3942123986781,387.833883520216,8,0.179206889055602,0,1000,5
27,100,"random",0.5,0.2,"core",127,127,100,900,-0.354178573191166,97.5119558162987,677.089286595583,5,2.68244478719095,0,1000,5
28,100,"random",0.5,0.2,"core",128,128,100,900,-0.384962046053261,64.1844859626144,692.48102302663,8,1.95561726778297,0,1000,5
29,100,"random",0.5,0.2,"core",129,129,100,900,0.216569532547146,146.669740518555,391.715233726427,10,0.411585356687185,0,1000,5
30,100,"random",0.5,0.2,"core",130,130,100,900,-0.364290261268616,143.283504331484,682.145130634308,5,0.735685414676501,0,1000,5
31,100,"random",0.5,0.2,"core",131,131,100,900,-0.357012409064919,108.109262073413,678.506204532459,7,0.152383335072557,0,1000,5
32,100,"random",0.5,0.2,"core",132,132,100,900,0.456942751351744,107.50715023838,271.528624324128,8,0.518499756252273,0,1000,5
33,100,"random",0.5,0.2,"core",133,133,100,900,-0.214374355226755,102.300924956799,607.187177613378,9,0.597353938372457,0,1000,5
34,100,"random",0.5,0.2,"core",134,134,100,900,0.237217906583101,40.9104041568935,381.39104670845,9,0.241162239122734,0,1000,5
35,100,"random",0.5,0.2,"core",135,135,100,900,-0.550196658819914,96.0347479768098,775.098329409957,6,0.666686259583332,0,1000,5
36,100,"random",0.5,0.2,"core",136,136,100,900,-0.201679190061986,80.6254345551133,600.839595030993,8,0.32128373981302,0,1000,5
37,100,"random",0.5,0.2,"core",137,137,100,900,0.263141348864883,158.747479664162,368.429325567558,8,0.453781834304472,0,1000,5
38,100,"random",0.5,0.2,"core",138,138,100,900,0.403295155614614,124.968933779746,298.352422192693,7,0.264974923765987,0,1000,5
39,100,"random",0.5,0.2,"core",139,139,100,900,-0.423564600851387,135.599833391607,711.782300425693,5,0.610487957065353,0,1000,5
40,100,"random",0.5,0.2,"core",140,140,100,900,-0.334576526749879,121.862185504287,667.28826337494,8,1.8721012185036,0,1000,5
41,100,"random",0.5,0.2,"core",141,141,100,900,-0.479317114595324,40.9326330479235,739.658557297662,5,1.05607203817904,0,1000,5
42,100,"random",0.5,0.2,"core",142,142,100,900,0.313891942705959,84.7536083683372,343.05402864702,9,0.362012279671528,0,1000,5
43,100,"random",0.5,0.2,"core",143,143,100,900,-0.400867501273751,78.9806502591819,700.433750636876,7,0.765278377106662,0,1000,5
44,100,"random",0.5,0.2,"core",144,144,100,900,-0.456608872767538,130.613136747852,728.304436383769,5,0.327165490571524,0,1000,5
45,100,"random",0.5,0.2,"core",145,145,100,900,-0.564405296929181,133.298646779731,782.20264846459,8,0.138145282840322,0,1000,5
46,100,"random",0.5,0.2,"core",146,146,100,900,-0.22988711912185,142.933675684035,614.943559560925,5,0.155892251572262,0,1000,5
47,100,"random",0.5,0.2,"core",147,147,100,900,0.279395297821611,71.842232150957,360.302351089194,5,0.92868363253118,0,1000,5
48,100,"random",0.5,0.2,"core",148,148,100,900,0.455128554627299,98.2928060088307,272.43572268635,5,2.5260730359844,0,1000,5
49,100,"random",0.5,0.2,"core",149,149,100,900,-0.468504426255822,64.4372510258108,734.252213127911,5,0.481704221210995,0,1000,5
50,100,"random",0.5,0.2,"core",150,150,100,900,-0.222414777427912,110.015416182578,611.207388713956,9,0.256664374740606,0,1000,5
51,100,"random",0.5,0.2,"core",151,151,100,900,0.265699032787234,66.2038345169276,367.150483606383,5,1.64849802990225,0,1000,5
52,100,"random",0.5,0.2,"core",152,152,100,900,0.219405043777078,121.220614770427,390.297478111461,6,0.783797119022144,0,1000,5
53,100,"random",0.5,0.2,"core",153,153,100,900,-0.593274180125445,116.653663385659,796.637090062723,6,0.977839834767085,0,1000,5
54,100,"random",0.5,0.2,"core",154,154,100,900,0.414187322277576,147.428251262754,292.906338861212,10,1.13563058985799,0,1000,5
55,100,"random",0.5,0.2,"core",155,155,100,900,-0.501671525090933,75.8297159988433,750.835762545466,10,2.06141234278953,0,1000,5
56,100,"random",0.5,0.2,"core",156,156,100,900,0.495580552518368,103.101281877607,252.209723740816,7,1.52721486432738,0,1000,5
57,100,"random",0.5,0.2,"core",157,157,100,900,-0.346264293324202,99.5350088085979,673.132146662101,9,0.211040898638224,0,1000,5
58,100,"random",0.5,0.2,"core",158,158,100,900,0.478853132296354,135.516636492684,260.573433851823,8,2.43075042029652,0,1000,5
59,100,"random",0.5,0.2,"core",159,159,100,900,-0.513529159221798,93.6228328198195,756.764579610899,5,0.449720258705516,0,1000,5
60,100,"random",0.5,0.2,"core",160,160,100,900,0.210758208949119,144.873591177166,394.620895525441,7,2.12237348380847,0,1000,5
61,100,"random",0.5,0.2,"core",161,161,100,900,-0.24957080623135,92.7760514151305,624.785403115675,6,1.11354564593541,0,1000,5
62,100,"random",0.5,0.2,"core",162,162,100,900,-0.4021569092758,136.45195116289,701.0784546379,8,0.409245470290453,0,1000,5
63,100,"random",0.5,0.2,"core",163,163,100,900,0.573735969047993,75.8625272382051,213.132015476003,7,0.791271531383509,0,1000,5
64,100,"random",0.5,0.2,"core",164,164,100,900,0.245126232225448,144.656279748306,377.436883887276,6,0.440751712811928,0,1000,5
65,100,"random",0.5,0.2,"core",165,165,100,900,-0.2495774615556,65.8499438595027,624.7887307778,7,2.25981161622228,0,1000,5
66,100,"random",0.5,0.2,"core",166,166,100,900,0.351425002887845,104.439358366653,324.287498556077,8,0.296634914507096,0,1000,5
67,100,"random",0.5,0.2,"core",167,167,100,900,-0.223903035186231,152.450394835323,611.951517593116,9,1.28999008629815,0,1000,5
68,100,"random",0.5,0.2,"core",168,168,100,900,-0.379352470859885,89.8931867908687,689.676235429943,9,0.246296955811046,0,1000,5
69,100,"random",0.5,0.2,"core",169,169,100,900,-0.391188192181289,137.480558343232,695.594096090645,5,0.401714200029912,0,1000,5
70,100,"random",0.5,0.2,"core",170,170,100,900,0.239417515974492,105.111065311357,380.291242012754,5,2.65697304794742,0,1000,5
71,100,"random",0.5,0.2,"core",171,171,100,900,0.520845234766602,106.441839430481,239.577382616699,9,0.286512481812887,0,1000,5
72,100,"random",0.5,0.2,"core",172,172,100,900,-0.490705390460789,126.547358911484,745.352695230395,7,0.137455157747709,0,1000,5
73,100,"random",0.5,0.2,"core",173,173,100,900,0.398229255527258,106.632499061525,300.885372236371,8,0.266895705297763,0,1000,5
74,100,"random",0.5,0.2,"core",174,174,100,900,-0.513602358475328,52.8201266564429,756.801179237664,8,1.77349267745469,0,1000,5
75,100,"random",0.5,0.2,"core",175,175,100,900,-0.289413403254002,110.855257958174,644.706701627001,7,0.303724330011623,0,1000,5
76,100,"random",0.5,0.2,"core",176,176,100,900,-0.42835353249684,62.1123929973692,714.17676624842,8,1.00933112894521,0,1000,5
77,100,"random",0.5,0.2,"core",177,177,100,900,-0.552064976748079,156.11553773284,776.03248837404,7,0.168114664834484,0,1000,5
78,100,"random",0.5,0.2,"core",178,178,100,900,-0.576047339010984,132.32203964144,788.023669505492,9,0.728865798494539,0,1000,5
79,100,"random",0.5,0.2,"core",179,179,100,900,-0.59684820137918,83.0601862911135,798.42410068959,8,0.731352773497543,0,1000,5
80,100,"random",0.5,0.2,"core",180,180,100,900,-0.409955111704767,143.558108946308,704.977555852383,7,0.794151966118802,0,1000,5
81,100,"random",0.5,0.2,"core",181,181,100,900,0.21003397507593,54.9328233487904,394.983012462035,9,2.62767413737756,0,1000,5
82,100,"random",0.5,0.2,"core",182,182,100,900,-0.308326298836619,156.789673445746,654.163149418309,5,0.353332171217439,0,1000,5
83,100,"random",0.5,0.2,"core",183,183,100,900,-0.57188159134239,103.580343769863,785.940795671195,8,0.349515116763115,0,1000,5
84,100,"random",0.5,0.2,"core",184,184,100,900,0.451883905287832,65.6328020524234,274.058047356084,8,0.263630016027115,0,1000,5
85,100,"random",0.5,0.2,"core",185,185,100,900,0.326973936520517,125.628685029224,336.513031739742,10,2.71175937717307,0,1000,5
86,100,"random",0.5,0.2,"core",186,186,100,900,-0.304873017780483,152.162540555,652.436508890241,10,0.268026669453517,0,1000,5
87,100,"random",0.5,0.2,"core",187,187,100,900,0.534698315896094,106.286251526326,232.650842051953,7,1.34854794585831,0,1000,5
88,100,"random",0.5,0.2,"core",188,188,100,900,0.257232885528356,101.900154510513,371.383557235822,8,0.717013889291664,0,1000,5
89,100,"random",0.5,0.2,"core",189,189,100,900,0.213619678933173,80.7104076351971,393.190160533413,7,0.610898962991891,0,1000,5
90,100,"random",0.5,0.2,"core",190,190,100,900,-0.36448931787163,44.7908041067421,682.244658935815,9,0.903505153608756,0,1000,5
91,100,"random",0.5,0.2,"core",191,191,100,900,-0.358878530934453,136.68980518356,679.439265467227,10,0.322960919089248,0,1000,5
92,100,"random",0.5,0.2,"core",192,192,100,900,0.239980003330857,71.9246285222471,380.009998334572,9,0.135127293465107,0,1000,5
93,100,"random",0.5,0.2,"core",193,193,100,900,-0.267527334205806,152.326722592115,633.763667102903,10,0.458009023881912,0,1000,5
94,100,"random",0.5,0.2,"core",194,194,100,900,0.565724409557879,81.0895432997495,217.137795221061,6,0.131999279237035,0,1000,5
95,100,"random",0.5,0.2,"core",195,195,100,900,-0.324784932192415,102.564482865855,662.392466096207,9,1.29319854661649,0,1000,5
96,100,"random",0.5,0.2,"core",196,196,100,900,-0.32174867214635,92.8540873806924,660.874336073175,6,0.189919847419548,0,1000,5
97,100,"random",0.5,0.2,"core",197,197,100,900,-0.256269545014948,156.251394804567,628.134772507474,6,0.856791687320459,0,1000,5
98,100,"random",0.5,0.2,"core",198,198,100,900,-0.42065079882741,123.935871254653,710.325399413705,10,0.870751015004703,0,1000,5
99,100,"random",0.5,0.2,"core",199,199,100,900,-0.457637942675501,49.5540377311409,728.818971337751,7,0.431184205061852,0,1000,5
100,100,"random",0.5,0.2,"core",200,200,100,900,-0.277338993083686,78.4709555562586,638.669496541843,5,0.388237269297912,0,1000,5
1,200,"random",0.5,0.2,"core",201,201,100,900,0.555223314557225,65.481769349426,222.388342721388,10,1.82364823455522,0,1000,5
2,200,"random",0.5,0.2,"core",202,202,100,900,0.452165239769965,84.2286240123212,273.917380115017,6,0.345494107103823,0,1000,5
3,200,"random",0.5,0.2,"core",203,203,100,900,-0.32428337726742,144.457851853222,662.14168863371,9,2.85941020651639,0,1000,5
4,200,"random",0.5,0.2,"core",204,204,100,900,-0.585286107566208,106.116956416518,792.643053783104,7,0.297261886479934,0,1000,5
5,200,"random",0.5,0.2,"core",205,205,100,900,0.36396271949634,74.0745513420552,318.01864025183,10,0.49906298705206,0,1000,5
6,200,"random",0.5,0.2,"core",206,206,100,900,-0.499251980520785,157.097371434793,749.625990260392,9,1.80967064810733,0,1000,5
7,200,"random",0.5,0.2,"core",207,207,100,900,0.253257826995105,145.120438924059,373.371086502448,9,0.481640844559585,0,1000,5
8,200,"random",0.5,0.2,"core",208,208,100,900,-0.587728665955365,85.8365490287542,793.864332977682,6,0.147497508725806,0,1000,5
9,200,"random",0.5,0.2,"core",209,209,100,900,0.536133749037981,70.4657452553511,231.933125481009,5,0.240389743033971,0,1000,5
10,200,"random",0.5,0.2,"core",210,210,100,900,0.429861766751856,55.8158171735704,285.069116624072,10,0.847944184517232,0,1000,5
11,200,"random",0.5,0.2,"core",211,211,100,900,-0.485153478570282,146.819699220359,742.576739285141,9,0.317755446706762,0,1000,5
12,200,"random",0.5,0.2,"core",212,212,100,900,0.259008318558335,85.2582307625562,370.495840720832,6,4.54373765506133,0,1000,5
13,200,"random",0.5,0.2,"core",213,213,100,900,0.223550435807556,82.2338267229498,388.224782096222,9,0.19183599215418,0,1000,5
14,200,"random",0.5,0.2,"core",214,214,100,900,0.22956841122359,158.316276902333,385.215794388205,9,0.136999773187769,0,1000,5
15,200,"random",0.5,0.2,"core",215,215,100,900,-0.572282789181918,98.4377317409962,786.141394590959,7,0.253353264320581,0,1000,5
16,200,"random",0.5,0.2,"core",216,216,100,900,-0.422256696876138,53.5842565447092,711.128348438069,6,0.369247417618026,0,1000,5
17,200,"random",0.5,0.2,"core",217,217,100,900,-0.248464198131114,116.743890661746,624.232099065557,5,0.142995023876247,0,1000,5
18,200,"random",0.5,0.2,"core",218,218,100,900,-0.256673102919012,69.3800372537225,628.336551459506,8,0.142320261328484,0,1000,5
19,200,"random",0.5,0.2,"core",219,219,100,900,0.258558668289334,52.8042769245803,370.720665855333,9,0.628120982771063,0,1000,5
20,200,"random",0.5,0.2,"core",220,220,100,900,-0.338784086797386,114.08424070105,669.392043398693,6,0.200705342638758,0,1000,5
21,200,"random",0.5,0.2,"core",221,221,100,900,0.228212520107627,97.9846343584359,385.893739946187,9,0.58945039082715,0,1000,5
22,200,"random",0.5,0.2,"core",222,222,100,900,-0.45154035706073,111.381754409522,725.770178530365,9,0.295908072202543,0,1000,5
23,200,"random",0.5,0.2,"core",223,223,100,900,0.246539659332484,101.040692264214,376.730170333758,8,0.86778355761188,0,1000,5
24,200,"random",0.5,0.2,"core",224,224,100,900,-0.497300407849252,127.789984578267,748.650203924626,8,1.07581276212009,0,1000,5
25,200,"random",0.5,0.2,"core",225,225,100,900,-0.3455711257644,147.134532779455,672.7855628822,9,1.2693135560557,0,1000,5
26,200,"random",0.5,0.2,"core",226,226,100,900,-0.547209920920432,120.626615388319,773.604960460216,6,0.229635053470922,0,1000,5
27,200,"random",0.5,0.2,"core",227,227,100,900,-0.481168714817613,57.6663069520146,740.584357408807,6,0.143147171802127,0,1000,5
28,200,"random",0.5,0.2,"core",228,228,100,900,-0.252557406481355,96.305304216221,626.278703240678,5,0.62800386280205,0,1000,5
29,200,"random",0.5,0.2,"core",229,229,100,900,-0.295418264064938,147.985555622727,647.709132032469,8,0.234753525836446,0,1000,5
30,200,"random",0.5,0.2,"core",230,230,100,900,-0.273628097400069,157.441253261641,636.814048700035,8,0.31079667337994,0,1000,5
31,200,"random",0.5,0.2,"core",231,231,100,900,0.368454250600189,95.5214572418481,315.772874699906,9,0.298530020766742,0,1000,5
32,200,"random",0.5,0.2,"core",232,232,100,900,0.281358118541539,64.7967234160751,359.320940729231,6,2.43244483333789,0,1000,5
33,200,"random",0.5,0.2,"core",233,233,100,900,-0.355684816092253,82.7622854616493,677.842408046126,9,0.232039491506393,0,1000,5
34,200,"random",0.5,0.2,"core",234,234,100,900,0.398619334865361,122.792594218627,300.690332567319,5,1.12449821941108,0,1000,5
35,200,"random",0.5,0.2,"core",235,235,100,900,0.551674317196012,138.757346579805,224.162841401994,7,0.881792229510315,0,1000,5
36,200,"random",0.5,0.2,"core",236,236,100,900,-0.488703096937388,44.4609023444355,744.351548468694,6,1.51210194883995,0,1000,5
37,200,"random",0.5,0.2,"core",237,237,100,900,0.595581028144807,114.292719643563,202.209485927597,5,0.119029917614613,0,1000,5
38,200,"random",0.5,0.2,"core",238,238,100,900,0.228690467681736,115.31623987481,385.654766159132,7,1.40796831403322,0,1000,5
39,200,"random",0.5,0.2,"core",239,239,100,900,0.257026856765151,137.376881493255,371.486571617424,7,0.23562018421824,0,1000,5
40,200,"random",0.5,0.2,"core",240,240,100,900,-0.556969423685223,45.4359800368547,778.484711842611,7,1.32683435803739,0,1000,5
41,200,"random",0.5,0.2,"core",241,241,100,900,0.588675254955888,153.664395129308,205.662372522056,6,0.133372608780189,0,1000,5
42,200,"random",0.5,0.2,"core",242,242,100,900,-0.416240649670362,44.3027700297534,708.120324835181,9,0.35487857544317,0,1000,5
43,200,"random",0.5,0.2,"core",243,243,100,900,0.593395303282887,97.4134585354477,203.302348358557,8,0.58016091285654,0,1000,5
44,200,"random",0.5,0.2,"core",244,244,100,900,-0.527758153434843,60.7586269825697,763.879076717421,6,0.869459933729698,0,1000,5
45,200,"random",0.5,0.2,"core",245,245,100,900,-0.436607942357659,44.7821321338415,718.30397117883,8,0.915403417610967,0,1000,5
46,200,"random",0.5,0.2,"core",246,246,100,900,0.408531450107694,73.868530811742,295.734274946153,6,1.62567183426744,0,1000,5
47,200,"random",0.5,0.2,"core",247,247,100,900,-0.526050425134599,76.5711155068129,763.0252125673,8,0.284798308729157,0,1000,5
48,200,"random",0.5,0.2,"core",248,248,100,900,-0.326744168810546,138.378225276247,663.372084405273,10,0.178920803658604,0,1000,5
49,200,"random",0.5,0.2,"core",249,249,100,900,0.216414246335626,89.7390524763614,391.792876832187,10,1.33799338337412,0,1000,5
50,200,"random",0.5,0.2,"core",250,250,100,900,-0.230378327611834,137.545087151229,615.189163805917,10,0.510750427806152,0,1000,5
51,200,"random",0.5,0.2,"core",251,251,100,900,0.472164333797991,103.938321415335,263.917833101004,8,0.234519129098676,0,1000,5
52,200,"random",0.5,0.2,"core",252,252,100,900,-0.347249079588801,62.5141570903361,673.6245397944,9,0.425048376748699,0,1000,5
53,200,"random",0.5,0.2,"core",253,253,100,900,0.317267970088869,47.232384076342,341.366014955565,6,1.04768155146457,0,1000,5
54,200,"random",0.5,0.2,"core",254,254,100,900,-0.481163187325001,51.2850153166801,740.5815936625,10,0.412643744711411,0,1000,5
55,200,"random",0.5,0.2,"core",255,255,100,900,-0.373723602574319,68.7196777295321,686.861801287159,9,1.52573761789827,0,1000,5
56,200,"random",0.5,0.2,"core",256,256,100,900,0.267922928743064,112.576340679079,366.038535628468,5,0.282421900255796,0,1000,5
57,200,"random",0.5,0.2,"core",257,257,100,900,0.483833150286227,78.3649123553187,258.083424856886,8,0.4853776786228,0,1000,5
58,200,"random",0.5,0.2,"core",258,258,100,900,-0.562404929287732,48.0417310912162,781.202464643866,10,1.48057063794382,0,1000,5
59,200,"random",0.5,0.2,"core",259,259,100,900,-0.539710122160614,89.575199149549,769.855061080307,10,1.22282229418155,0,1000,5
60,200,"random",0.5,0.2,"core",260,260,100,900,-0.458536309190094,42.271591424942,729.268154595047,7,0.629885947367081,0,1000,5
61,200,"random",0.5,0.2,"core",261,261,100,900,0.392633547820151,71.5464958921075,303.683226089925,6,0.391495982986517,0,1000,5
62,200,"random",0.5,0.2,"core",262,262,100,900,-0.435913592483848,68.3636231161654,717.956796241924,5,1.31846384917982,0,1000,5
63,200,"random",0.5,0.2,"core",263,263,100,900,-0.598335543461144,76.5403777547181,799.167771730572,5,0.203434813388845,0,1000,5
64,200,"random",0.5,0.2,"core",264,264,100,900,-0.30229721525684,104.445166327059,651.14860762842,8,0.153110770498592,0,1000,5
65,200,"random",0.5,0.2,"core",265,265,100,900,-0.488828517775983,155.362827153876,744.414258887991,7,1.3821914934304,0,1000,5
66,200,"random",0.5,0.2,"core",266,266,100,900,0.282071408815682,159.664321877062,358.964295592159,5,0.858436676461798,0,1000,5
67,200,"random",0.5,0.2,"core",267,267,100,900,-0.367924350406975,91.3856108020991,683.962175203487,6,1.69708041833933,0,1000,5
68,200,"random",0.5,0.2,"core",268,268,100,900,0.437639726139605,151.622731350362,281.180136930197,6,0.251814670099918,0,1000,5
69,200,"random",0.5,0.2,"core",269,269,100,900,0.468238492123783,51.7004432249814,265.880753938109,7,0.629840836188449,0,1000,5
70,200,"random",0.5,0.2,"core",270,270,100,900,0.499492488615215,133.641432784498,250.253755692393,8,0.186009157211991,0,1000,5
71,200,"random",0.5,0.2,"core",271,271,100,900,-0.38402794841677,57.0394288282841,692.013974208385,9,1.6867233811051,0,1000,5
72,200,"random",0.5,0.2,"core",272,272,100,900,-0.390888844337314,99.8698779940605,695.444422168657,7,1.48858530393354,0,1000,5
73,200,"random",0.5,0.2,"core",273,273,100,900,-0.254843291640282,101.205263389274,627.421645820141,7,0.789185342554725,0,1000,5
74,200,"random",0.5,0.2,"core",274,274,100,900,-0.290998715627938,43.7286099418998,645.499357813969,8,0.463278735693634,0,1000,5
75,200,"random",0.5,0.2,"core",275,275,100,900,0.47704192250967,156.274035135284,261.479038745165,6,0.87896979970762,0,1000,5
76,200,"random",0.5,0.2,"core",276,276,100,900,-0.435636090952903,79.1372902039438,717.818045476452,8,0.156788109063057,0,1000,5
77,200,"random",0.5,0.2,"core",277,277,100,900,0.531500296667218,127.441906100139,234.249851666391,5,0.750878799702735,0,1000,5
78,200,"random",0.5,0.2,"core",278,278,100,900,-0.482464869692922,103.237010091543,741.232434846461,7,0.25298593209517,0,1000,5
79,200,"random",0.5,0.2,"core",279,279,100,900,-0.459626693092287,51.9915392342955,729.813346546143,5,0.146949447617345,0,1000,5
80,200,"random",0.5,0.2,"core",280,280,100,900,0.211106192227453,144.359082160518,394.446903886274,7,0.264267475632803,0,1000,5
81,200,"random",0.5,0.2,"core",281,281,100,900,-0.45795861678198,97.4845318216831,728.97930839099,9,0.642778849534557,0,1000,5
82,200,"random",0.5,0.2,"core",282,282,100,900,-0.504732058569789,62.3366077058017,752.366029284894,8,0.230518402792699,0,1000,5
83,200,"random",0.5,0.2,"core",283,283,100,900,0.424985138699412,66.34426956065,287.507430650294,5,0.19893744173743,0,1000,5
84,200,"random",0.5,0.2,"core",284,284,100,900,-0.460250241216272,139.041119823232,730.125120608136,6,0.294655829190432,0,1000,5
85,200,"random",0.5,0.2,"core",285,285,100,900,-0.520705710910261,55.0968812499195,760.35285545513,10,2.60819125536067,0,1000,5
86,200,"random",0.5,0.2,"core",286,286,100,900,0.413593735452741,72.8412248939276,293.203132273629,8,1.04766702579309,0,1000,5
87,200,"random",0.5,0.2,"core",287,287,100,900,0.239870909135789,104.225127454847,380.064545432106,9,0.24490013021504,0,1000,5
88,200,"random",0.5,0.2,"core",288,288,100,900,-0.228380849771202,145.148689374328,614.190424885601,7,1.65375065683667,0,1000,5
89,200,"random",0.5,0.2,"core",289,289,100,900,0.550649927742779,159.119811123237,224.67503612861,5,0.255108450629906,0,1000,5
90,200,"random",0.5,0.2,"core",290,290,100,900,-0.506766960117966,155.555563345552,753.383480058983,8,0.384356179502806,0,1000,5
91,200,"random",0.5,0.2,"core",291,291,100,900,0.272658811416477,150.597267160192,363.670594291762,8,1.38675156863766,0,1000,5
92,200,"random",0.5,0.2,"core",292,292,100,900,0.553424549009651,51.3417488429695,223.287725495175,10,1.5824162924936,0,1000,5
93,200,"random",0.5,0.2,"core",293,293,100,900,0.452473580464721,49.7769445274025,273.76320976764,5,0.117231360713729,0,1000,5
94,200,"random",0.5,0.2,"core",294,294,100,900,-0.548042081575841,129.52040610835,774.02104078792,7,3.2786481288985,0,1000,5
95,200,"random",0.5,0.2,"core",295,295,100,900,-0.512432969361544,118.611375084147,756.216484680772,7,1.0841854400038,0,1000,5
96,200,"random",0.5,0.2,"core",296,296,100,900,0.458217603433877,89.7230556700379,270.891198283061,8,0.443922869438192,0,1000,5
97,200,"random",0.5,0.2,"core",297,297,100,900,-0.437490386608988,127.457776451483,718.745193304494,7,0.20094761104111,0,1000,5
98,200,"random",0.5,0.2,"core",298,298,100,900,-0.402705426234752,131.891160532832,701.352713117376,10,0.373126453618644,0,1000,5
99,200,"random",0.5,0.2,"core",299,299,100,900,-0.223758116085082,138.091509733349,611.879058042541,10,0.408247739312966,0,1000,5
100,200,"random",0.5,0.2,"core",300,300,100,900,-0.373648866266012,157.566062677652,686.824433133006,6,0.215347786137029,0,1000,5
1,500,"random",0.5,0.2,"core",301,301,100,900,-0.403881604596972,120.364185487852,701.940802298486,9,0.666570070736692,0,1000,5
2,500,"random",0.5,0.2,"core",302,302,100,900,-0.401965177524835,150.122029902414,700.982588762417,6,1.82106461003957,0,1000,5
3,500,"random",0.5,0.2,"core",303,303,100,900,0.452419940382242,152.226126147434,273.790029808879,10,1.74506546044809,0,1000,5
4,500,"random",0.5,0.2,"core",304,304,100,900,-0.33718087291345,105.305959032848,668.590436456725,6,0.174893878274187,0,1000,5
5,500,"random",0.5,0.2,"core",305,305,100,900,-0.535507582407445,52.2513445653021,767.753791203722,5,0.375154514289368,0,1000,5
6,500,"random",0.5,0.2,"core",306,306,100,900,0.243009753990918,156.83407898061,378.495123004541,7,0.179019562762983,0,1000,5
7,500,"random",0.5,0.2,"core",307,307,100,900,0.4766378053464,134.560033241287,261.6810973268,9,0.81767506481284,0,1000,5
8,500,"random",0.5,0.2,"core",308,308,100,900,-0.31209708545357,60.5324149504304,656.048542726785,6,0.585673786310958,0,1000,5
9,500,"random",0.5,0.2,"core",309,309,100,900,0.48719965852797,83.8528423383832,256.400170736015,6,2.73969317587873,0,1000,5
10,500,"random",0.5,0.2,"core",310,310,100,900,-0.529688218794763,130.339497253299,764.844109397382,6,0.221037559290425,0,1000,5
11,500,"random",0.5,0.2,"core",311,311,100,900,0.549366613384336,76.6971168853343,225.316693307832,9,0.153235642218559,0,1000,5
12,500,"random",0.5,0.2,"core",312,312,100,900,-0.497545479610562,92.8090246208012,748.772739805281,6,0.261218908831804,0,1000,5
13,500,"random",0.5,0.2,"core",313,313,100,900,0.295857644453645,143.141204705462,352.071177773178,7,1.44686691421839,0,1000,5
14,500,"random",0.5,0.2,"core",314,314,100,900,-0.512130610272288,124.659914411604,756.065305136144,7,0.858508121978738,0,1000,5
15,500,"random",0.5,0.2,"core",315,315,100,900,-0.307241299096495,157.930132541806,653.620649548247,7,2.28026616284099,0,1000,5
16,500,"random",0.5,0.2,"core",316,316,100,900,0.535249014850706,65.9877328202128,232.375492574647,8,0.355413823362346,0,1000,5
17,500,"random",0.5,0.2,"core",317,317,100,900,-0.398673260211945,118.679960649461,699.336630105972,10,0.234243339343251,0,1000,5
18,500,"random",0.5,0.2,"core",318,318,100,900,0.377957259211689,158.129807105288,311.021370394155,6,0.313108312068402,0,1000,5
19,500,"random",0.5,0.2,"core",319,319,100,900,0.453065959177911,133.72535075061,273.467020411044,7,0.349963934842875,0,1000,5
20,500,"random",0.5,0.2,"core",320,320,100,900,0.444123412854969,43.7816291116178,277.938293572515,8,3.80042714581446,0,1000,5
21,500,"random",0.5,0.2,"core",321,321,100,900,-0.56801990121603,80.1479565352202,784.009950608015,9,0.127142011693641,0,1000,5
22,500,"random",0.5,0.2,"core",322,322,100,900,0.377079635299742,118.901580348611,311.460182350129,10,0.404762378839979,0,1000,5
23,500,"random",0.5,0.2,"core",323,323,100,900,0.277378136664629,111.981581617147,361.310931667686,6,0.96715708183658,0,1000,5
24,500,"random",0.5,0.2,"core",324,324,100,900,0.579013513866812,58.5494154971093,210.493243066594,10,0.621511668427968,0,1000,5
25,500,"random",0.5,0.2,"core",325,325,100,900,-0.276428665686399,50.0196756143123,638.214332843199,10,0.682502103520779,0,1000,5
26,500,"random",0.5,0.2,"core",326,326,100,900,0.47276928210631,91.3710905518383,263.615358946845,5,0.163333676380866,0,1000,5
27,500,"random",0.5,0.2,"core",327,327,100,900,0.512251471728086,108.954217340797,243.874264135957,6,2.3944566727929,0,1000,5
28,500,"random",0.5,0.2,"core",328,328,100,900,0.455688021704555,150.749064097181,272.155989147723,8,0.29132933676998,0,1000,5
29,500,"random",0.5,0.2,"core",329,329,100,900,0.337552961241454,151.750661069527,331.223519379273,9,0.371089645365094,0,1000,5
30,500,"random",0.5,0.2,"core",330,330,100,900,-0.499493098352104,96.2574753165245,749.746549176052,8,0.64623644865694,0,1000,5
31,500,"random",0.5,0.2,"core",331,331,100,900,-0.365931971091777,150.472333552316,682.965985545889,7,0.409264319416987,0,1000,5
32,500,"random",0.5,0.2,"core",332,332,100,900,0.481584310252219,120.8681906946,259.20784487389,9,1.72058479476775,0,1000,5
33,500,"random",0.5,0.2,"core",333,333,100,900,0.490998233668506,94.1168368794024,254.500883165747,7,0.368466236022148,0,1000,5
34,500,"random",0.5,0.2,"core",334,334,100,900,-0.543993201386183,45.5864604562521,771.996600693092,6,5.12254152965361,0,1000,5
35,500,"random",0.5,0.2,"core",335,335,100,900,0.307768050581217,106.967061972246,346.115974709392,5,1.4360591701109,0,1000,5
36,500,"random",0.5,0.2,"core",336,336,100,900,0.536727404594421,41.5813507232815,231.636297702789,10,0.420938743459422,0,1000,5
37,500,"random",0.5,0.2,"core",337,337,100,900,0.293761224299669,49.7624354530126,353.119387850165,5,0.615272005202616,0,1000,5
38,500,"random",0.5,0.2,"core",338,338,100,900,0.416401270590723,63.4718167688698,291.799364704639,7,0.263648265666159,0,1000,5
39,500,"random",0.5,0.2,"core",339,339,100,900,0.359444610681385,42.2272585332394,320.277694659308,7,0.406527258906956,0,1000,5
40,500,"random",0.5,0.2,"core",340,340,100,900,0.443580084480345,135.137932887301,278.209957759827,6,0.244994492074115,0,1000,5
41,500,"random",0.5,0.2,"core",341,341,100,900,0.339000894036144,127.186430357397,330.499552981928,8,0.330879033610985,0,1000,5
42,500,"random",0.5,0.2,"core",342,342,100,900,-0.41829527458176,43.0608357023448,709.14763729088,9,0.242186607696935,0,1000,5
43,500,"random",0.5,0.2,"core",343,343,100,900,-0.298454112932086,65.8319844584912,649.227056466043,6,0.514341046561671,0,1000,5
44,500,"random",0.5,0.2,"core",344,344,100,900,-0.238406517636031,116.070649409667,619.203258818015,8,0.328318551897922,0,1000,5
45,500,"random",0.5,0.2,"core",345,345,100,900,-0.523776634223759,104.103316692635,761.88831711188,8,1.37660118251272,0,1000,5
46,500,"random",0.5,0.2,"core",346,346,100,900,-0.224388450104743,136.609474057332,612.194225052372,9,0.609522874136559,0,1000,5
47,500,"random",0.5,0.2,"core",347,347,100,900,0.32609505681321,128.595727235079,336.952471593395,7,0.185897650711034,0,1000,5
48,500,"random",0.5,0.2,"core",348,348,100,900,0.323115932568908,65.4355886112899,338.442033715546,6,1.65157946021979,0,1000,5
49,500,"random",0.5,0.2,"core",349,349,100,900,-0.41089980462566,151.235428582877,705.44990231283,5,0.700218896334238,0,1000,5
50,500,"random",0.5,0.2,"core",350,350,100,900,-0.317538112401962,58.1151394546032,658.769056200981,10,0.95446531314443,0,1000,5
51,500,"random",0.5,0.2,"core",351,351,100,900,-0.421797775384039,148.189829811454,710.898887692019,7,2.07577749416115,0,1000,5
52,500,"random",0.5,0.2,"core",352,352,100,900,0.595113974623382,157.153478665277,202.443012688309,10,0.863875725305113,0,1000,5
53,500,"random",0.5,0.2,"core",353,353,100,900,0.212611992377788,139.838651819155,393.694003811106,10,2.13322646794394,0,1000,5
54,500,"random",0.5,0.2,"core",354,354,100,900,-0.218696360010654,111.439544083551,609.348180005327,8,1.29672087405416,0,1000,5
55,500,"random",0.5,0.2,"core",355,355,100,900,0.454173023439944,84.103635950014,272.913488280028,5,0.47014932580599,0,1000,5
56,500,"random",0.5,0.2,"core",356,356,100,900,0.558773591369391,86.9162779953331,220.613204315305,9,2.27173746146905,0,1000,5
57,500,"random",0.5,0.2,"core",357,357,100,900,0.573361660633236,143.635553065687,213.319169683382,5,0.13603234508828,0,1000,5
58,500,"random",0.5,0.2,"core",358,358,100,900,0.219199296738952,67.3350231163204,390.400351630524,8,0.578918602401108,0,1000,5
59,500,"random",0.5,0.2,"core",359,359,100,900,0.3978077811189,63.1422947067767,301.09610944055,7,0.342173244938272,0,1000,5
60,500,"random",0.5,0.2,"core",360,360,100,900,-0.499220637697727,92.715055635199,749.610318848863,6,1.2873912582238,0,1000,5
61,500,"random",0.5,0.2,"core",361,361,100,900,-0.287638957798481,62.077271649614,643.81947889924,10,0.656824510022417,0,1000,5
62,500,"random",0.5,0.2,"core",362,362,100,900,-0.305551165807992,96.1245461273939,652.775582903996,10,2.41475376909826,0,1000,5
63,500,"random",0.5,0.2,"core",363,363,100,900,-0.562039132509381,52.9409761540592,781.01956625469,9,0.606135074363165,0,1000,5
64,500,"random",0.5,0.2,"core",364,364,100,900,-0.265358360949904,127.927024113014,632.679180474952,10,0.774832783718032,0,1000,5
65,500,"random",0.5,0.2,"core",365,365,100,900,-0.44110816475004,101.819329382852,720.55408237502,8,1.04895906683503,0,1000,5
66,500,"random",0.5,0.2,"core",366,366,100,900,-0.289024847652763,111.998449387029,644.512423826382,6,3.15847403449344,0,1000,5
67,500,"random",0.5,0.2,"core",367,367,100,900,-0.537885072547942,127.389266015962,768.942536273971,6,0.305285734407015,0,1000,5
68,500,"random",0.5,0.2,"core",368,368,100,900,-0.572422393597662,86.2499878834933,786.211196798831,5,0.276980718219616,0,1000,5
69,500,"random",0.5,0.2,"core",369,369,100,900,0.434139184840024,143.893642704934,282.930407579988,10,0.198974970096403,0,1000,5
70,500,"random",0.5,0.2,"core",370,370,100,900,-0.564289254229516,88.029731605202,782.144627114758,5,2.26329592303409,0,1000,5
71,500,"random",0.5,0.2,"core",371,371,100,900,0.492078235279769,141.982088387013,253.960882360116,10,0.920300787265753,0,1000,5
72,500,"random",0.5,0.2,"core",372,372,100,900,0.420362306851894,74.9249984882772,289.818846574053,9,0.329787675537416,0,1000,5
73,500,"random",0.5,0.2,"core",373,373,100,900,-0.570363913848996,107.982858447358,785.181956924498,6,2.66108461693155,0,1000,5
74,500,"random",0.5,0.2,"core",374,374,100,900,-0.398179613333195,91.3617204781622,699.089806666598,8,1.04592277907354,0,1000,5
75,500,"random",0.5,0.2,"core",375,375,100,900,0.497903414256871,84.8945065122098,251.048292871565,10,0.246796410647008,0,1000,5
76,500,"random",0.5,0.2,"core",376,376,100,900,-0.252752466220409,63.3235147502273,626.376233110204,8,0.753229940778201,0,1000,5
77,500,"random",0.5,0.2,"core",377,377,100,900,0.458502786047757,100.839027864859,270.748606976122,7,0.508962497251484,0,1000,5
78,500,"random",0.5,0.2,"core",378,378,100,900,-0.233527124952525,98.074161298573,616.763562476262,6,1.1088475059624,0,1000,5
79,500,"random",0.5,0.2,"core",379,379,100,900,-0.29997476702556,125.19940870814,649.98738351278,9,0.722075482874111,0,1000,5
80,500,"random",0.5,0.2,"core",380,380,100,900,-0.278383306413889,121.046207593754,639.191653206944,8,0.694805326759264,0,1000,5
81,500,"random",0.5,0.2,"core",381,381,100,900,0.487681883201003,144.127897955477,256.159058399498,8,0.264599877344546,0,1000,5
82,500,"random",0.5,0.2,"core",382,382,100,900,-0.560145102161914,136.761138867587,780.072551080957,5,0.505405048481827,0,1000,5
83,500,"random",0.5,0.2,"core",383,383,100,900,-0.335741233453155,70.6831330433488,667.870616726577,10,0.362369518904001,0,1000,5
84,500,"random",0.5,0.2,"core",384,384,100,900,-0.411625467799604,108.29820651561,705.812733899802,8,0.22322917509588,0,1000,5
85,500,"random",0.5,0.2,"core",385,385,100,900,-0.594155974965543,55.4181245900691,797.077987482771,5,0.461681078342056,0,1000,5
86,500,"random",0.5,0.2,"core",386,386,100,900,-0.476004260033369,149.155742814764,738.002130016685,6,0.170075809416838,0,1000,5
87,500,"random",0.5,0.2,"core",387,387,100,900,-0.45365888774395,43.0536430235952,726.829443871975,9,0.581589249204925,0,1000,5
88,500,"random",0.5,0.2,"core",388,388,100,900,0.290572163462639,62.2213653940708,354.713918268681,9,0.142160231571994,0,1000,5
89,500,"random",0.5,0.2,"core",389,389,100,900,0.28497123522684,51.4052481297404,357.51438238658,6,0.504516580789326,0,1000,5
90,500,"random",0.5,0.2,"core",390,390,100,900,-0.406613097246736,73.6470509506762,703.306548623368,10,0.565064388262805,0,1000,5
91,500,"random",0.5,0.2,"core",391,391,100,900,-0.579842018801719,68.2505097799003,789.921009400859,7,0.108474411316188,0,1000,5
92,500,"random",0.5,0.2,"core",392,392,100,900,0.509190374892205,134.473178340122,245.404812553898,8,0.916568159350206,0,1000,5
93,500,"random",0.5,0.2,"core",393,393,100,900,-0.329102511703968,74.4188987556845,664.551255851984,10,0.253490162348133,0,1000,5
94,500,"random",0.5,0.2,"core",394,394,100,900,-0.210515646915883,93.3096910919994,605.257823457941,8,4.5656386120346,0,1000,5
95,500,"random",0.5,0.2,"core",395,395,100,900,-0.222526500560343,111.780470004305,611.263250280172,5,3.39608895149394,0,1000,5
96,500,"random",0.5,0.2,"core",396,396,100,900,-0.46878234744072,95.8782830741257,734.39117372036,8,0.14102006008672,0,1000,5
97,500,"random",0.5,0.2,"core",397,397,100,900,-0.259212388005108,64.322817735374,629.606194002554,7,0.51142323121864,0,1000,5
98,500,"random",0.5,0.2,"core",398,398,100,900,0.517825347371399,147.83242277801,241.0873263143,5,0.237815797208881,0,1000,5
99,500,"random",0.5,0.2,"core",399,399,100,900,-0.406645043380559,86.5908306837082,703.322521690279,6,1.0432668364379,0,1000,5
100,500,"random",0.5,0.2,"core",400,400,100,900,-0.208998105954379,114.361240193248,604.499052977189,10,0.126654449001874,0,1000,5
1,50,"zero",0.5,0.2,"core",401,401,100,900,0,58.161310357973,500,5,3.49943232786313,0,1000,5
2,50,"zero",0.5,0.2,"core",402,402,100,900,0,109.682324714959,500,8,0.178278353851849,0,1000,5
3,50,"zero",0.5,0.2,"core",403,403,100,900,0,55.916238380596,500,9,0.342458955199511,0,1000,5
4,50,"zero",0.5,0.2,"core",404,404,100,900,0,112.339439345524,500,7,0.861217260240722,0,1000,5
5,50,"zero",0.5,0.2,"core",405,405,100,900,0,84.3018714245409,500,7,0.361074438258686,0,1000,5
6,50,"zero",0.5,0.2,"core",406,406,100,900,0,58.5728986561298,500,10,0.412845014059638,0,1000,5
7,50,"zero",0.5,0.2,"core",407,407,100,900,0,49.9150234181434,500,8,0.596818797934207,0,1000,5
8,50,"zero",0.5,0.2,"core",408,408,100,900,0,138.584699099883,500,6,0.618071658287377,0,1000,5
9,50,"zero",0.5,0.2,"core",409,409,100,900,0,68.3340161107481,500,10,0.265858906955356,0,1000,5
10,50,"zero",0.5,0.2,"core",410,410,100,900,0,123.989498950541,500,8,0.1556761399105,0,1000,5
11,50,"zero",0.5,0.2,"core",411,411,100,900,0,159.094535494223,500,6,2.99540534519678,0,1000,5
12,50,"zero",0.5,0.2,"core",412,412,100,900,0,41.9126072805375,500,10,0.538186681848335,0,1000,5
13,50,"zero",0.5,0.2,"core",413,413,100,900,0,108.832653956488,500,9,2.34870416234105,0,1000,5
14,50,"zero",0.5,0.2,"core",414,414,100,900,0,58.2123227603734,500,6,0.547265292427678,0,1000,5
15,50,"zero",0.5,0.2,"core",415,415,100,900,0,72.1355586126447,500,5,0.96712996251168,0,1000,5
16,50,"zero",0.5,0.2,"core",416,416,100,900,0,90.6721515301615,500,8,0.214762478859073,0,1000,5
17,50,"zero",0.5,0.2,"core",417,417,100,900,0,97.5226542819291,500,9,0.900594468559448,0,1000,5
18,50,"zero",0.5,0.2,"core",418,418,100,900,0,93.4876496251673,500,9,0.347692870452904,0,1000,5
19,50,"zero",0.5,0.2,"core",419,419,100,900,0,130.687598166987,500,5,0.221265125011488,0,1000,5
20,50,"zero",0.5,0.2,"core",420,420,100,900,0,141.457251440734,500,9,0.488525149983086,0,1000,5
21,50,"zero",0.5,0.2,"core",421,421,100,900,0,114.361625732854,500,7,0.197977565352049,0,1000,5
22,50,"zero",0.5,0.2,"core",422,422,100,900,0,81.8383682239801,500,6,0.740045000545777,0,1000,5
23,50,"zero",0.5,0.2,"core",423,423,100,900,0,90.0229639094323,500,5,0.629094858564372,0,1000,5
24,50,"zero",0.5,0.2,"core",424,424,100,900,0,128.558807773516,500,7,1.27351793192973,0,1000,5
25,50,"zero",0.5,0.2,"core",425,425,100,900,0,49.1722456738353,500,8,0.837400747052793,0,1000,5
26,50,"zero",0.5,0.2,"core",426,426,100,900,0,124.086244218051,500,8,0.175605224479967,0,1000,5
27,50,"zero",0.5,0.2,"core",427,427,100,900,0,86.591793820262,500,7,0.115265513837189,0,1000,5
28,50,"zero",0.5,0.2,"core",428,428,100,900,0,65.7596338540316,500,10,1.96963481248586,0,1000,5
29,50,"zero",0.5,0.2,"core",429,429,100,900,0,144.989540278912,500,6,1.4395380807417,0,1000,5
30,50,"zero",0.5,0.2,"core",430,430,100,900,0,67.2866758797318,500,10,0.92798437432798,0,1000,5
31,50,"zero",0.5,0.2,"core",431,431,100,900,0,104.892108626664,500,8,0.195369303668171,0,1000,5
32,50,"zero",0.5,0.2,"core",432,432,100,900,0,122.463079253212,500,5,0.231047888600695,0,1000,5
33,50,"zero",0.5,0.2,"core",433,433,100,900,0,117.963503170759,500,7,0.263787445332295,0,1000,5
34,50,"zero",0.5,0.2,"core",434,434,100,900,0,134.26627907902,500,5,0.582964930349561,0,1000,5
35,50,"zero",0.5,0.2,"core",435,435,100,900,0,103.29585946165,500,6,3.25419455357812,0,1000,5
36,50,"zero",0.5,0.2,"core",436,436,100,900,0,113.515388229862,500,6,3.37688662814922,0,1000,5
37,50,"zero",0.5,0.2,"core",437,437,100,900,0,126.936876988038,500,10,0.789428396640116,0,1000,5
38,50,"zero",0.5,0.2,"core",438,438,100,900,0,111.743984054774,500,6,0.209303020157925,0,1000,5
39,50,"zero",0.5,0.2,"core",439,439,100,900,0,156.21655148454,500,10,1.6266163827756,0,1000,5
40,50,"zero",0.5,0.2,"core",440,440,100,900,0,77.3885438218713,500,9,0.404139405108045,0,1000,5
41,50,"zero",0.5,0.2,"core",441,441,100,900,0,124.356064079329,500,9,0.168050400712742,0,1000,5
42,50,"zero",0.5,0.2,"core",442,442,100,900,0,56.2088082358241,500,5,0.216709165926648,0,1000,5
43,50,"zero",0.5,0.2,"core",443,443,100,900,0,48.2391028385609,500,8,0.286383509843937,0,1000,5
44,50,"zero",0.5,0.2,"core",444,444,100,900,0,127.542814994231,500,10,0.381355312297871,0,1000,5
45,50,"zero",0.5,0.2,"core",445,445,100,900,0,115.650723883882,500,8,2.73106412591455,0,1000,5
46,50,"zero",0.5,0.2,"core",446,446,100,900,0,52.4693639855832,500,10,1.39852254048346,0,1000,5
47,50,"zero",0.5,0.2,"core",447,447,100,900,0,80.9962058626115,500,10,0.430563866728813,0,1000,5
48,50,"zero",0.5,0.2,"core",448,448,100,900,0,103.870966481045,500,5,4.28182266612921,0,1000,5
49,50,"zero",0.5,0.2,"core",449,449,100,900,0,105.052703376859,500,9,3.49460035931319,0,1000,5
50,50,"zero",0.5,0.2,"core",450,450,100,900,0,68.5115426126868,500,8,0.532369358485397,0,1000,5
51,50,"zero",0.5,0.2,"core",451,451,100,900,0,71.2913066148758,500,10,0.403640145928425,0,1000,5
52,50,"zero",0.5,0.2,"core",452,452,100,900,0,73.2419029716402,500,9,2.0238151307261,0,1000,5
53,50,"zero",0.5,0.2,"core",453,453,100,900,0,147.33113322407,500,8,0.111130347663185,0,1000,5
54,50,"zero",0.5,0.2,"core",454,454,100,900,0,101.43201935105,500,8,0.305177541194415,0,1000,5
55,50,"zero",0.5,0.2,"core",455,455,100,900,0,99.5431029330939,500,10,0.333141867080291,0,1000,5
56,50,"zero",0.5,0.2,"core",456,456,100,900,0,154.015840841457,500,5,0.551785392400834,0,1000,5
57,50,"zero",0.5,0.2,"core",457,457,100,900,0,123.788972059265,500,6,0.28164714289866,0,1000,5
58,50,"zero",0.5,0.2,"core",458,458,100,900,0,82.7206898760051,500,8,0.339424640480697,0,1000,5
59,50,"zero",0.5,0.2,"core",459,459,100,900,0,79.6103911101818,500,8,0.928363360747909,0,1000,5
60,50,"zero",0.5,0.2,"core",460,460,100,900,0,49.8180176410824,500,7,0.980575781638134,0,1000,5
61,50,"zero",0.5,0.2,"core",461,461,100,900,0,159.160728277639,500,5,0.16598179284946,0,1000,5
62,50,"zero",0.5,0.2,"core",462,462,100,900,0,63.9072434790433,500,8,0.612594636396925,0,1000,5
63,50,"zero",0.5,0.2,"core",463,463,100,900,0,93.3962296321988,500,6,0.866244433888798,0,1000,5
64,50,"zero",0.5,0.2,"core",464,464,100,900,0,75.7966832537204,500,7,0.457767420271894,0,1000,5
65,50,"zero",0.5,0.2,"core",465,465,100,900,0,120.744860293344,500,7,0.94157682784305,0,1000,5
66,50,"zero",0.5,0.2,"core",466,466,100,900,0,86.1835747677833,500,5,0.215821042063426,0,1000,5
67,50,"zero",0.5,0.2,"core",467,467,100,900,0,84.4609367847443,500,7,0.34959073627479,0,1000,5
68,50,"zero",0.5,0.2,"core",468,468,100,900,0,101.544825742021,500,6,1.34032444921657,0,1000,5
69,50,"zero",0.5,0.2,"core",469,469,100,900,0,76.7110340017825,500,10,0.517945637832895,0,1000,5
70,50,"zero",0.5,0.2,"core",470,470,100,900,0,105.961028905585,500,8,2.23903923451131,0,1000,5
71,50,"zero",0.5,0.2,"core",471,471,100,900,0,102.651030151173,500,7,0.80152436063964,0,1000,5
72,50,"zero",0.5,0.2,"core",472,472,100,900,0,124.146727388725,500,5,0.916191579829916,0,1000,5
73,50,"zero",0.5,0.2,"core",473,473,100,900,0,147.266924185678,500,5,5.32520534645648,0,1000,5
74,50,"zero",0.5,0.2,"core",474,474,100,900,0,48.3051674347371,500,10,0.145777219811438,0,1000,5
75,50,"zero",0.5,0.2,"core",475,475,100,900,0,152.885445505381,500,6,0.175369564478218,0,1000,5
76,50,"zero",0.5,0.2,"core",476,476,100,900,0,112.221877034754,500,9,0.154062783507621,0,1000,5
77,50,"zero",0.5,0.2,"core",477,477,100,900,0,91.8926764652133,500,7,0.137148460581313,0,1000,5
78,50,"zero",0.5,0.2,"core",478,478,100,900,0,98.8860507123172,500,6,0.390379602701273,0,1000,5
79,50,"zero",0.5,0.2,"core",479,479,100,900,0,101.046349098906,500,9,0.295317973337244,0,1000,5
80,50,"zero",0.5,0.2,"core",480,480,100,900,0,95.3230016026646,500,7,1.83067470866921,0,1000,5
81,50,"zero",0.5,0.2,"core",481,481,100,900,0,145.185280628502,500,9,2.41770680035719,0,1000,5
82,50,"zero",0.5,0.2,"core",482,482,100,900,0,131.639697682112,500,5,0.226339585075345,0,1000,5
83,50,"zero",0.5,0.2,"core",483,483,100,900,0,152.505432479084,500,10,0.481900104683241,0,1000,5
84,50,"zero",0.5,0.2,"core",484,484,100,900,0,74.0544311702251,500,10,0.105064414430444,0,1000,5
85,50,"zero",0.5,0.2,"core",485,485,100,900,0,82.1502062585205,500,9,0.201609086749926,0,1000,5
86,50,"zero",0.5,0.2,"core",486,486,100,900,0,153.159964177758,500,8,3.86581026541016,0,1000,5
87,50,"zero",0.5,0.2,"core",487,487,100,900,0,92.4104191362858,500,5,0.828855611567977,0,1000,5
88,50,"zero",0.5,0.2,"core",488,488,100,900,0,42.8941953089088,500,6,0.452319870699178,0,1000,5
89,50,"zero",0.5,0.2,"core",489,489,100,900,0,145.709543973208,500,10,0.304312195888009,0,1000,5
90,50,"zero",0.5,0.2,"core",490,490,100,900,0,102.011579424143,500,9,0.214628254026311,0,1000,5
91,50,"zero",0.5,0.2,"core",491,491,100,900,0,117.557127159089,500,8,0.268466309902143,0,1000,5
92,50,"zero",0.5,0.2,"core",492,492,100,900,0,69.2321244627237,500,9,1.14161555072978,0,1000,5
93,50,"zero",0.5,0.2,"core",493,493,100,900,0,62.3687836527824,500,10,0.766632303223957,0,1000,5
94,50,"zero",0.5,0.2,"core",494,494,100,900,0,92.1206307318062,500,5,6.16486483074918,0,1000,5
95,50,"zero",0.5,0.2,"core",495,495,100,900,0,133.998874602839,500,6,0.50402474756944,0,1000,5
96,50,"zero",0.5,0.2,"core",496,496,100,900,0,63.4449888393283,500,9,0.910274673051957,0,1000,5
97,50,"zero",0.5,0.2,"core",497,497,100,900,0,40.3336866945028,500,7,0.274384617248193,0,1000,5
98,50,"zero",0.5,0.2,"core",498,498,100,900,0,153.479166887701,500,9,0.402599598343071,0,1000,5
99,50,"zero",0.5,0.2,"core",499,499,100,900,0,138.53578004986,500,10,1.00964891036877,0,1000,5
100,50,"zero",0.5,0.2,"core",500,500,100,900,0,111.610298454762,500,5,2.26278673897765,0,1000,5
1,100,"zero",0.5,0.2,"core",501,501,100,900,0,122.272976515815,500,7,5.24654790286625,0,1000,5
2,100,"zero",0.5,0.2,"core",502,502,100,900,0,53.9917676337063,500,8,0.374904974972236,0,1000,5
3,100,"zero",0.5,0.2,"core",503,503,100,900,0,123.918296778575,500,8,0.205642097238477,0,1000,5
4,100,"zero",0.5,0.2,"core",504,504,100,900,0,66.8952672369778,500,7,0.339935195842122,0,1000,5
5,100,"zero",0.5,0.2,"core",505,505,100,900,0,127.921378314495,500,8,1.27001099529681,0,1000,5
6,100,"zero",0.5,0.2,"core",506,506,100,900,0,83.0480370298028,500,6,0.552172251143343,0,1000,5
7,100,"zero",0.5,0.2,"core",507,507,100,900,0,83.4889771882445,500,7,2.43212222682921,0,1000,5
8,100,"zero",0.5,0.2,"core",508,508,100,900,0,107.537061870098,500,8,0.559405309753266,0,1000,5
9,100,"zero",0.5,0.2,"core",509,509,100,900,0,96.1003255844116,500,8,0.187678937944559,0,1000,5
10,100,"zero",0.5,0.2,"core",510,510,100,900,0,86.0038227867335,500,8,0.454651288885885,0,1000,5
11,100,"zero",0.5,0.2,"core",511,511,100,900,0,62.3002309165895,500,9,0.763363852702779,0,1000,5
12,100,"zero",0.5,0.2,"core",512,512,100,900,0,105.846194317564,500,6,1.069782264422,0,1000,5
13,100,"zero",0.5,0.2,"core",513,513,100,900,0,50.2367333788425,500,8,0.417333492040601,0,1000,5
14,100,"zero",0.5,0.2,"core",514,514,100,900,0,50.7267971616238,500,6,0.752613579939762,0,1000,5
15,100,"zero",0.5,0.2,"core",515,515,100,900,0,128.034729110077,500,9,1.51799692032446,0,1000,5
16,100,"zero",0.5,0.2,"core",516,516,100,900,0,137.688100747764,500,6,0.22945453290441,0,1000,5
17,100,"zero",0.5,0.2,"core",517,517,100,900,0,57.4126335978508,500,5,0.175785597002793,0,1000,5
18,100,"zero",0.5,0.2,"core",518,518,100,900,0,58.582827327773,500,5,0.168740986318509,0,1000,5
19,100,"zero",0.5,0.2,"core",519,519,100,900,0,149.304174333811,500,5,1.07828107276775,0,1000,5
20,100,"zero",0.5,0.2,"core",520,520,100,900,0,114.76251729764,500,10,0.31605014515378,0,1000,5
21,100,"zero",0.5,0.2,"core",521,521,100,900,0,146.310539674014,500,10,0.345765417603542,0,1000,5
22,100,"zero",0.5,0.2,"core",522,522,100,900,0,41.5523483324796,500,6,0.264169586580713,0,1000,5
23,100,"zero",0.5,0.2,"core",523,523,100,900,0,87.5031970161945,500,9,1.07511304384221,0,1000,5
24,100,"zero",0.5,0.2,"core",524,524,100,900,0,60.3792072553188,500,5,0.434180779790612,0,1000,5
25,100,"zero",0.5,0.2,"core",525,525,100,900,0,108.165028607473,500,7,0.265462034835333,0,1000,5
26,100,"zero",0.5,0.2,"core",526,526,100,900,0,98.7822112813592,500,5,0.640619314869953,0,1000,5
27,100,"zero",0.5,0.2,"core",527,527,100,900,0,151.956772319973,500,10,0.478143895202221,0,1000,5
28,100,"zero",0.5,0.2,"core",528,528,100,900,0,147.318120291457,500,10,0.285939851743005,0,1000,5
29,100,"zero",0.5,0.2,"core",529,529,100,900,0,104.805600317195,500,7,0.491200365606053,0,1000,5
30,100,"zero",0.5,0.2,"core",530,530,100,900,0,139.254317525774,500,9,1.24508230748187,0,1000,5
31,100,"zero",0.5,0.2,"core",531,531,100,900,0,128.065665569156,500,8,0.508499858435348,0,1000,5
32,100,"zero",0.5,0.2,"core",532,532,100,900,0,46.607447033748,500,6,0.231344867014552,0,1000,5
33,100,"zero",0.5,0.2,"core",533,533,100,900,0,131.629105750471,500,7,0.236787219316446,0,1000,5
34,100,"zero",0.5,0.2,"core",534,534,100,900,0,76.5629759524018,500,6,0.352130012715614,0,1000,5
35,100,"zero",0.5,0.2,"core",535,535,100,900,0,149.863529130816,500,8,0.162895259586081,0,1000,5
36,100,"zero",0.5,0.2,"core",536,536,100,900,0,61.4624354429543,500,8,0.556859108522892,0,1000,5
37,100,"zero",0.5,0.2,"core",537,537,100,900,0,84.8990056104958,500,6,0.663747669375465,0,1000,5
38,100,"zero",0.5,0.2,"core",538,538,100,900,0,67.1811054740101,500,10,0.222472288882619,0,1000,5
39,100,"zero",0.5,0.2,"core",539,539,100,900,0,105.055464459583,500,10,2.74903257014937,0,1000,5
40,100,"zero",0.5,0.2,"core",540,540,100,900,0,96.6628435160965,500,6,3.79495388874926,0,1000,5
41,100,"zero",0.5,0.2,"core",541,541,100,900,0,77.5024596136063,500,10,1.41670776100076,0,1000,5
42,100,"zero",0.5,0.2,"core",542,542,100,900,0,90.1025609765202,500,5,1.92862193159098,0,1000,5
43,100,"zero",0.5,0.2,"core",543,543,100,900,0,49.9564961530268,500,5,0.179427701012894,0,1000,5
44,100,"zero",0.5,0.2,"core",544,544,100,900,0,124.512991160154,500,10,0.522234209901576,0,1000,5
45,100,"zero",0.5,0.2,"core",545,545,100,900,0,41.6085249371827,500,10,0.185847899847242,0,1000,5
46,100,"zero",0.5,0.2,"core",546,546,100,900,0,134.08954477869,500,8,0.676884944954109,0,1000,5
47,100,"zero",0.5,0.2,"core",547,547,100,900,0,66.5983965154737,500,8,0.215749041203075,0,1000,5
48,100,"zero",0.5,0.2,"core",548,548,100,900,0,59.9178483337164,500,6,1.00045432117439,0,1000,5
49,100,"zero",0.5,0.2,"core",549,549,100,900,0,102.8660176415,500,9,3.18104498936932,0,1000,5
50,100,"zero",0.5,0.2,"core",550,550,100,900,0,95.3957459609956,500,10,0.310906250167024,0,1000,5
51,100,"zero",0.5,0.2,"core",551,551,100,900,0,69.5821489114314,500,9,0.925083624777269,0,1000,5
52,100,"zero",0.5,0.2,"core",552,552,100,900,0,65.2559029310942,500,6,0.154082032413046,0,1000,5
53,100,"zero",0.5,0.2,"core",553,553,100,900,0,98.1824487820268,500,10,0.297666586104328,0,1000,5
54,100,"zero",0.5,0.2,"core",554,554,100,900,0,119.678146969527,500,5,1.15763095602351,0,1000,5
55,100,"zero",0.5,0.2,"core",555,555,100,900,0,108.057879470289,500,5,1.20131262729171,0,1000,5
56,100,"zero",0.5,0.2,"core",556,556,100,900,0,40.4714022018015,500,6,0.499419447981858,0,1000,5
57,100,"zero",0.5,0.2,"core",557,557,100,900,0,142.298941425979,500,9,0.259573362304009,0,1000,5
58,100,"zero",0.5,0.2,"core",558,558,100,900,0,82.6215054187924,500,5,0.770098906462811,0,1000,5
59,100,"zero",0.5,0.2,"core",559,559,100,900,0,44.1080635320395,500,7,0.156683189441652,0,1000,5
60,100,"zero",0.5,0.2,"core",560,560,100,900,0,152.873939303681,500,7,0.238622707567469,0,1000,5
61,100,"zero",0.5,0.2,"core",561,561,100,900,0,158.205068409443,500,6,0.714258504126288,0,1000,5
62,100,"zero",0.5,0.2,"core",562,562,100,900,0,106.230387259275,500,6,0.294187360269438,0,1000,5
63,100,"zero",0.5,0.2,"core",563,563,100,900,0,105.541739957407,500,5,0.162472043836687,0,1000,5
64,100,"zero",0.5,0.2,"core",564,564,100,900,0,107.02776924707,500,8,0.400491763488063,0,1000,5
65,100,"zero",0.5,0.2,"core",565,565,100,900,0,140.177299147472,500,7,1.54466422089004,0,1000,5
66,100,"zero",0.5,0.2,"core",566,566,100,900,0,56.343994140625,500,10,0.352850083991608,0,1000,5
67,100,"zero",0.5,0.2,"core",567,567,100,900,0,44.4098859746009,500,7,0.486927626131158,0,1000,5
68,100,"zero",0.5,0.2,"core",568,568,100,900,0,87.5693731475622,500,8,0.697845677732598,0,1000,5
69,100,"zero",0.5,0.2,"core",569,569,100,900,0,152.828316241503,500,8,2.50840702194147,0,1000,5
70,100,"zero",0.5,0.2,"core",570,570,100,900,0,78.5513253509998,500,5,1.24460151096931,0,1000,5
71,100,"zero",0.5,0.2,"core",571,571,100,900,0,104.62075878866,500,8,0.439458241133809,0,1000,5
72,100,"zero",0.5,0.2,"core",572,572,100,900,0,104.560777274892,500,6,0.21819312493572,0,1000,5
73,100,"zero",0.5,0.2,"core",573,573,100,900,0,76.8934738915414,500,9,1.07047383023852,0,1000,5
74,100,"zero",0.5,0.2,"core",574,574,100,900,0,53.0553911998868,500,6,1.04240233974541,0,1000,5
75,100,"zero",0.5,0.2,"core",575,575,100,900,0,72.4822840001434,500,7,0.882681815236056,0,1000,5
76,100,"zero",0.5,0.2,"core",576,576,100,900,0,122.346339179203,500,10,0.261298629543635,0,1000,5
77,100,"zero",0.5,0.2,"core",577,577,100,900,0,95.3483029920608,500,5,0.971393476683364,0,1000,5
78,100,"zero",0.5,0.2,"core",578,578,100,900,0,131.516681406647,500,8,1.64019858889128,0,1000,5
79,100,"zero",0.5,0.2,"core",579,579,100,900,0,64.7585199587047,500,8,0.278278581471038,0,1000,5
80,100,"zero",0.5,0.2,"core",580,580,100,900,0,141.474275309593,500,5,2.79780604525067,0,1000,5
81,100,"zero",0.5,0.2,"core",581,581,100,900,0,70.7117270678282,500,7,0.901601917714019,0,1000,5
82,100,"zero",0.5,0.2,"core",582,582,100,900,0,123.43430054374,500,10,0.318974044197011,0,1000,5
83,100,"zero",0.5,0.2,"core",583,583,100,900,0,44.2214939557016,500,10,0.353957538893242,0,1000,5
84,100,"zero",0.5,0.2,"core",584,584,100,900,0,109.561747796834,500,7,0.524200497682639,0,1000,5
85,100,"zero",0.5,0.2,"core",585,585,100,900,0,88.0868220888078,500,8,1.41377597781453,0,1000,5
86,100,"zero",0.5,0.2,"core",586,586,100,900,0,128.089656922966,500,9,0.889849842977944,0,1000,5
87,100,"zero",0.5,0.2,"core",587,587,100,900,0,59.9565546214581,500,10,3.34188162016378,0,1000,5
88,100,"zero",0.5,0.2,"core",588,588,100,900,0,89.1195544786751,500,9,0.997721964848457,0,1000,5
89,100,"zero",0.5,0.2,"core",589,589,100,900,0,53.6087538022548,500,7,0.168494615817904,0,1000,5
90,100,"zero",0.5,0.2,"core",590,590,100,900,0,137.762834746391,500,8,0.220452952464109,0,1000,5
91,100,"zero",0.5,0.2,"core",591,591,100,900,0,67.9466477129608,500,8,2.99679045815845,0,1000,5
92,100,"zero",0.5,0.2,"core",592,592,100,900,0,54.5405333768576,500,10,0.832125860121138,0,1000,5
93,100,"zero",0.5,0.2,"core",593,593,100,900,0,134.364799382165,500,5,0.299971699168398,0,1000,5
94,100,"zero",0.5,0.2,"core",594,594,100,900,0,129.898020653054,500,9,0.306084372192128,0,1000,5
95,100,"zero",0.5,0.2,"core",595,595,100,900,0,70.7216753251851,500,8,0.434858578901583,0,1000,5
96,100,"zero",0.5,0.2,"core",596,596,100,900,0,40.9557792544365,500,8,0.18863934396405,0,1000,5
97,100,"zero",0.5,0.2,"core",597,597,100,900,0,153.769997442141,500,8,1.79213753493949,0,1000,5
98,100,"zero",0.5,0.2,"core",598,598,100,900,0,143.811287488788,500,10,0.236731972781055,0,1000,5
99,100,"zero",0.5,0.2,"core",599,599,100,900,0,158.20380394347,500,5,2.14159985409194,0,1000,5
100,100,"zero",0.5,0.2,"core",600,600,100,900,0,44.7890925221145,500,5,3.44637482354625,0,1000,5
1,200,"zero",0.5,0.2,"core",601,601,100,900,0,47.0675798784942,500,5,1.14231511341804,0,1000,5
2,200,"zero",0.5,0.2,"core",602,602,100,900,0,52.2434825915843,500,5,0.3316707924009,0,1000,5
3,200,"zero",0.5,0.2,"core",603,603,100,900,0,73.9584448561072,500,6,0.106481378435587,0,1000,5
4,200,"zero",0.5,0.2,"core",604,604,100,900,0,61.4178774971515,500,6,0.47881713048671,0,1000,5
5,200,"zero",0.5,0.2,"core",605,605,100,900,0,95.4849855136126,500,7,0.993093070461196,0,1000,5
6,200,"zero",0.5,0.2,"core",606,606,100,900,0,105.996288275346,500,6,1.68806865713959,0,1000,5
7,200,"zero",0.5,0.2,"core",607,607,100,900,0,67.7496562805027,500,5,2.6097001878832,0,1000,5
8,200,"zero",0.5,0.2,"core",608,608,100,900,0,57.479851404205,500,5,2.74871935990859,0,1000,5
9,200,"zero",0.5,0.2,"core",609,609,100,900,0,149.49861805886,500,8,2.33164126479109,0,1000,5
10,200,"zero",0.5,0.2,"core",610,610,100,900,0,153.040515966713,500,10,0.760781399003527,0,1000,5
11,200,"zero",0.5,0.2,"core",611,611,100,900,0,107.360489647836,500,7,2.38858193209384,0,1000,5
12,200,"zero",0.5,0.2,"core",612,612,100,900,0,94.7394351195544,500,9,0.241594007123115,0,1000,5
13,200,"zero",0.5,0.2,"core",613,613,100,900,0,64.434125861153,500,8,0.596683111107391,0,1000,5
14,200,"zero",0.5,0.2,"core",614,614,100,900,0,67.5755641795695,500,7,0.879127036736654,0,1000,5
15,200,"zero",0.5,0.2,"core",615,615,100,900,0,76.5163087006658,500,10,1.01128053518612,0,1000,5
16,200,"zero",0.5,0.2,"core",616,616,100,900,0,103.021042086184,500,8,0.430180235643809,0,1000,5
17,200,"zero",0.5,0.2,"core",617,617,100,900,0,56.6401733551174,500,5,1.58399476152953,0,1000,5
18,200,"zero",0.5,0.2,"core",618,618,100,900,0,117.536938423291,500,7,0.665966911505701,0,1000,5
19,200,"zero",0.5,0.2,"core",619,619,100,900,0,77.7784687560052,500,7,0.285743668907997,0,1000,5
20,200,"zero",0.5,0.2,"core",620,620,100,900,0,126.907631605864,500,7,0.357075349261931,0,1000,5
21,200,"zero",0.5,0.2,"core",621,621,100,900,0,143.460278166458,500,5,0.412391380685307,0,1000,5
22,200,"zero",0.5,0.2,"core",622,622,100,900,0,115.50875838846,500,10,1.40981008164394,0,1000,5
23,200,"zero",0.5,0.2,"core",623,623,100,900,0,60.3727956581861,500,10,0.438479123111021,0,1000,5
24,200,"zero",0.5,0.2,"core",624,624,100,900,0,45.2322201337665,500,7,0.279675234092854,0,1000,5
25,200,"zero",0.5,0.2,"core",625,625,100,900,0,127.741559725255,500,7,1.32799552369032,0,1000,5
26,200,"zero",0.5,0.2,"core",626,626,100,900,0,99.3688233848661,500,8,0.252853579104292,0,1000,5
27,200,"zero",0.5,0.2,"core",627,627,100,900,0,87.9760658275336,500,8,0.3245180169409,0,1000,5
28,200,"zero",0.5,0.2,"core",628,628,100,900,0,142.214871915057,500,8,0.753118171343581,0,1000,5
29,200,"zero",0.5,0.2,"core",629,629,100,900,0,45.9889128711075,500,8,0.8293957643448,0,1000,5
30,200,"zero",0.5,0.2,"core",630,630,100,900,0,80.0659745093435,500,5,0.289011873798212,0,1000,5
31,200,"zero",0.5,0.2,"core",631,631,100,900,0,65.936052184552,500,6,0.750402212395744,0,1000,5
32,200,"zero",0.5,0.2,"core",632,632,100,900,0,149.106497820467,500,8,0.143007934392303,0,1000,5
33,200,"zero",0.5,0.2,"core",633,633,100,900,0,45.8083333726972,500,5,0.385371108919255,0,1000,5
34,200,"zero",0.5,0.2,"core",634,634,100,900,0,125.610746107996,500,6,0.334270221238709,0,1000,5
35,200,"zero",0.5,0.2,"core",635,635,100,900,0,156.467693615705,500,9,0.933532368884267,0,1000,5
36,200,"zero",0.5,0.2,"core",636,636,100,900,0,74.5149728283286,500,7,3.5290617104748,0,1000,5
37,200,"zero",0.5,0.2,"core",637,637,100,900,0,111.845725551248,500,5,0.808932500269037,0,1000,5
38,200,"zero",0.5,0.2,"core",638,638,100,900,0,94.6544683817774,500,8,0.903482205447045,0,1000,5
39,200,"zero",0.5,0.2,"core",639,639,100,900,0,106.828112704679,500,9,0.281669898838631,0,1000,5
40,200,"zero",0.5,0.2,"core",640,640,100,900,0,57.486515911296,500,10,1.29356099970013,0,1000,5
41,200,"zero",0.5,0.2,"core",641,641,100,900,0,100.691635673866,500,8,1.06145216434673,0,1000,5
42,200,"zero",0.5,0.2,"core",642,642,100,900,0,149.121454348788,500,10,1.39814732461834,0,1000,5
43,200,"zero",0.5,0.2,"core",643,643,100,900,0,111.500451490283,500,5,0.169578553736713,0,1000,5
44,200,"zero",0.5,0.2,"core",644,644,100,900,0,108.18264731206,500,9,0.404885968243741,0,1000,5
45,200,"zero",0.5,0.2,"core",645,645,100,900,0,86.2395391426981,500,9,0.324726905384155,0,1000,5
46,200,"zero",0.5,0.2,"core",646,646,100,900,0,106.412088787183,500,5,0.136707950177497,0,1000,5
47,200,"zero",0.5,0.2,"core",647,647,100,900,0,81.6180702112615,500,8,0.514296325439185,0,1000,5
48,200,"zero",0.5,0.2,"core",648,648,100,900,0,74.2831794824451,500,10,0.251569889798011,0,1000,5
49,200,"zero",0.5,0.2,"core",649,649,100,900,0,62.5444086641073,500,6,0.235449350751624,0,1000,5
50,200,"zero",0.5,0.2,"core",650,650,100,900,0,89.906149962917,500,6,0.353408369251945,0,1000,5
51,200,"zero",0.5,0.2,"core",651,651,100,900,0,91.4990900084376,500,9,0.577160927527797,0,1000,5
52,200,"zero",0.5,0.2,"core",652,652,100,900,0,153.441911507398,500,7,0.181895500665812,0,1000,5
53,200,"zero",0.5,0.2,"core",653,653,100,900,0,95.0872321613133,500,6,0.98520460598363,0,1000,5
54,200,"zero",0.5,0.2,"core",654,654,100,900,0,41.8035382404923,500,7,0.475394107329143,0,1000,5
55,200,"zero",0.5,0.2,"core",655,655,100,900,0,60.237372322008,500,9,0.629083648618788,0,1000,5
56,200,"zero",0.5,0.2,"core",656,656,100,900,0,109.589877016842,500,5,0.644777315257441,0,1000,5
57,200,"zero",0.5,0.2,"core",657,657,100,900,0,106.913095172495,500,6,0.342849181997602,0,1000,5
58,200,"zero",0.5,0.2,"core",658,658,100,900,0,118.126775799319,500,7,0.13479298151826,0,1000,5
59,200,"zero",0.5,0.2,"core",659,659,100,900,0,51.0376668628305,500,8,1.55605269903546,0,1000,5
60,200,"zero",0.5,0.2,"core",660,660,100,900,0,42.5141965877265,500,10,0.349379893908228,0,1000,5
61,200,"zero",0.5,0.2,"core",661,661,100,900,0,111.538692358881,500,9,0.788958151862326,0,1000,5
62,200,"zero",0.5,0.2,"core",662,662,100,900,0,107.534262565896,500,8,0.950406303655329,0,1000,5
63,200,"zero",0.5,0.2,"core",663,663,100,900,0,96.8554345052689,500,9,0.343082985523628,0,1000,5
64,200,"zero",0.5,0.2,"core",664,664,100,900,0,53.6110533773899,500,9,1.85999865172694,0,1000,5
65,200,"zero",0.5,0.2,"core",665,665,100,900,0,138.166231215,500,10,0.360270128806616,0,1000,5
66,200,"zero",0.5,0.2,"core",666,666,100,900,0,58.8239275477827,500,10,0.349397858096321,0,1000,5
67,200,"zero",0.5,0.2,"core",667,667,100,900,0,100.26849088259,500,9,0.918721706215849,0,1000,5
68,200,"zero",0.5,0.2,"core",668,668,100,900,0,145.789429210126,500,10,0.997976167910995,0,1000,5
69,200,"zero",0.5,0.2,"core",669,669,100,900,0,124.302316326648,500,10,0.291825240683069,0,1000,5
70,200,"zero",0.5,0.2,"core",670,670,100,900,0,54.0995040629059,500,6,0.674043059403839,0,1000,5
71,200,"zero",0.5,0.2,"core",671,671,100,900,0,151.014044107869,500,5,0.978386377929646,0,1000,5
72,200,"zero",0.5,0.2,"core",672,672,100,900,0,112.974675288424,500,6,0.181486448078924,0,1000,5
73,200,"zero",0.5,0.2,"core",673,673,100,900,0,115.337086645886,500,5,0.319026150841037,0,1000,5
74,200,"zero",0.5,0.2,"core",674,674,100,900,0,61.0670054424554,500,10,0.312179532007995,0,1000,5
75,200,"zero",0.5,0.2,"core",675,675,100,900,0,136.747855143622,500,9,0.594668744890756,0,1000,5
76,200,"zero",0.5,0.2,"core",676,676,100,900,0,58.4537588153034,500,7,0.632976773060155,0,1000,5
77,200,"zero",0.5,0.2,"core",677,677,100,900,0,83.9831628836692,500,6,1.53687801389334,0,1000,5
78,200,"zero",0.5,0.2,"core",678,678,100,900,0,91.8766274675727,500,5,0.280603129622577,0,1000,5
79,200,"zero",0.5,0.2,"core",679,679,100,900,0,75.2512677852064,500,5,1.00414277110893,0,1000,5
80,200,"zero",0.5,0.2,"core",680,680,100,900,0,50.1547024026513,500,5,0.180983018355763,0,1000,5
81,200,"zero",0.5,0.2,"core",681,681,100,900,0,86.4526199735701,500,5,1.5009582615925,0,1000,5
82,200,"zero",0.5,0.2,"core",682,682,100,900,0,141.836713021621,500,7,0.229796747566995,0,1000,5
83,200,"zero",0.5,0.2,"core",683,683,100,900,0,61.0767799988389,500,9,1.03007028503902,0,1000,5
84,200,"zero",0.5,0.2,"core",684,684,100,900,0,111.915639312938,500,9,1.13065817319081,0,1000,5
85,200,"zero",0.5,0.2,"core",685,685,100,900,0,108.381274361163,500,7,0.331528434417637,0,1000,5
86,200,"zero",0.5,0.2,"core",686,686,100,900,0,151.807761248201,500,9,2.38003131264003,0,1000,5
87,200,"zero",0.5,0.2,"core",687,687,100,900,0,111.90550243482,500,8,0.380355934060388,0,1000,5
88,200,"zero",0.5,0.2,"core",688,688,100,900,0,80.9712766297162,500,8,4.71323902649194,0,1000,5
89,200,"zero",0.5,0.2,"core",689,689,100,900,0,59.0255640912801,500,8,0.253171701488456,0,1000,5
90,200,"zero",0.5,0.2,"core",690,690,100,900,0,103.048597564921,500,6,0.976929078761897,0,1000,5
91,200,"zero",0.5,0.2,"core",691,691,100,900,0,97.4712685216218,500,10,1.24398947931374,0,1000,5
92,200,"zero",0.5,0.2,"core",692,692,100,900,0,61.6589618474245,500,10,0.783199526560768,0,1000,5
93,200,"zero",0.5,0.2,"core",693,693,100,900,0,118.581760730594,500,8,1.10268264673952,0,1000,5
94,200,"zero",0.5,0.2,"core",694,694,100,900,0,107.207544278353,500,7,1.4437018166296,0,1000,5
95,200,"zero",0.5,0.2,"core",695,695,100,900,0,73.3389337547123,500,9,0.142578937409891,0,1000,5
96,200,"zero",0.5,0.2,"core",696,696,100,900,0,60.3191898949444,500,7,4.45241262148226,0,1000,5
97,200,"zero",0.5,0.2,"core",697,697,100,900,0,57.6541369315237,500,10,0.312937382418179,0,1000,5
98,200,"zero",0.5,0.2,"core",698,698,100,900,0,132.356808027253,500,5,1.08151464577596,0,1000,5
99,200,"zero",0.5,0.2,"core",699,699,100,900,0,105.357030499727,500,10,0.335068703176291,0,1000,5
100,200,"zero",0.5,0.2,"core",700,700,100,900,0,97.7635714132339,500,10,0.361513642039149,0,1000,5
1,500,"zero",0.5,0.2,"core",701,701,100,900,0,50.4753197543323,500,5,0.482523535783245,0,1000,5
2,500,"zero",0.5,0.2,"core",702,702,100,900,0,135.740914847702,500,6,1.33705247926629,0,1000,5
3,500,"zero",0.5,0.2,"core",703,703,100,900,0,147.086263801903,500,7,6.07101796565298,0,1000,5
4,500,"zero",0.5,0.2,"core",704,704,100,900,0,61.5869681164622,500,10,0.363782165630239,0,1000,5
5,500,"zero",0.5,0.2,"core",705,705,100,900,0,93.980609299615,500,9,1.53513954803652,0,1000,5
6,500,"zero",0.5,0.2,"core",706,706,100,900,0,86.7288994323462,500,7,0.230099212812466,0,1000,5
7,500,"zero",0.5,0.2,"core",707,707,100,900,0,58.5736345592886,500,8,1.32055211778003,0,1000,5
8,500,"zero",0.5,0.2,"core",708,708,100,900,0,122.942578541115,500,10,0.307623680198906,0,1000,5
9,500,"zero",0.5,0.2,"core",709,709,100,900,0,79.038077024743,500,7,1.65812179961945,0,1000,5
10,500,"zero",0.5,0.2,"core",710,710,100,900,0,45.4078425187618,500,5,1.1842302687456,0,1000,5
11,500,"zero",0.5,0.2,"core",711,711,100,900,0,132.460300195962,500,9,2.00643887028751,0,1000,5
12,500,"zero",0.5,0.2,"core",712,712,100,900,0,143.626481024548,500,9,0.383061287412432,0,1000,5
13,500,"zero",0.5,0.2,"core",713,713,100,900,0,86.1939917970449,500,5,0.435486929951234,0,1000,5
14,500,"zero",0.5,0.2,"core",714,714,100,900,0,139.177058758214,500,6,0.319555725579388,0,1000,5
15,500,"zero",0.5,0.2,"core",715,715,100,900,0,95.4061707854271,500,10,0.2359098666453,0,1000,5
16,500,"zero",0.5,0.2,"core",716,716,100,900,0,134.277916876599,500,6,0.212434287025514,0,1000,5
17,500,"zero",0.5,0.2,"core",717,717,100,900,0,127.197369830683,500,5,0.204758374912397,0,1000,5
18,500,"zero",0.5,0.2,"core",718,718,100,900,0,130.437877243385,500,5,1.85259519806782,0,1000,5
19,500,"zero",0.5,0.2,"core",719,719,100,900,0,138.927778666839,500,5,0.220169112533337,0,1000,5
20,500,"zero",0.5,0.2,"core",720,720,100,900,0,90.2534937672317,500,9,0.373786860657196,0,1000,5
21,500,"zero",0.5,0.2,"core",721,721,100,900,0,80.9046440757811,500,7,1.32480571521904,0,1000,5
22,500,"zero",0.5,0.2,"core",722,722,100,900,0,143.86737074703,500,8,0.133535147556086,0,1000,5
23,500,"zero",0.5,0.2,"core",723,723,100,900,0,123.6991982162,500,9,1.47210148313093,0,1000,5
24,500,"zero",0.5,0.2,"core",724,724,100,900,0,54.0101531986147,500,6,0.435627850100812,0,1000,5
25,500,"zero",0.5,0.2,"core",725,725,100,900,0,98.1163081340492,500,9,0.737597743453291,0,1000,5
26,500,"zero",0.5,0.2,"core",726,726,100,900,0,152.029577475041,500,10,0.295012622606782,0,1000,5
27,500,"zero",0.5,0.2,"core",727,727,100,900,0,110.578256733716,500,6,0.382922805242226,0,1000,5
28,500,"zero",0.5,0.2,"core",728,728,100,900,0,72.742859153077,500,5,1.06870676366563,0,1000,5
29,500,"zero",0.5,0.2,"core",729,729,100,900,0,114.592686779797,500,7,0.761818534928021,0,1000,5
30,500,"zero",0.5,0.2,"core",730,730,100,900,0,113.554413840175,500,10,0.351005321599204,0,1000,5
31,500,"zero",0.5,0.2,"core",731,731,100,900,0,122.281804112718,500,10,0.170177883841736,0,1000,5
32,500,"zero",0.5,0.2,"core",732,732,100,900,0,43.3869085554034,500,5,1.6352454903617,0,1000,5
33,500,"zero",0.5,0.2,"core",733,733,100,900,0,109.93950930424,500,7,0.729139238620183,0,1000,5
34,500,"zero",0.5,0.2,"core",734,734,100,900,0,119.991025170311,500,10,0.136733136742934,0,1000,5
35,500,"zero",0.5,0.2,"core",735,735,100,900,0,82.1254158578813,500,9,0.239353782530829,0,1000,5
36,500,"zero",0.5,0.2,"core",736,736,100,900,0,124.79188487865,500,9,0.518319274743495,0,1000,5
37,500,"zero",0.5,0.2,"core",737,737,100,900,0,115.803482588381,500,7,0.138696818827169,0,1000,5
38,500,"zero",0.5,0.2,"core",738,738,100,900,0,112.372904540971,500,5,0.648387071474493,0,1000,5
39,500,"zero",0.5,0.2,"core",739,739,100,900,0,108.997638896108,500,9,0.64028570456192,0,1000,5
40,500,"zero",0.5,0.2,"core",740,740,100,900,0,104.856907343492,500,8,1.50553350859434,0,1000,5
41,500,"zero",0.5,0.2,"core",741,741,100,900,0,118.882966376841,500,7,0.818242345271502,0,1000,5
42,500,"zero",0.5,0.2,"core",742,742,100,900,0,58.0267352703959,500,6,0.761198420828599,0,1000,5
43,500,"zero",0.5,0.2,"core",743,743,100,900,0,85.8422658778727,500,6,3.34391422730461,0,1000,5
44,500,"zero",0.5,0.2,"core",744,744,100,900,0,97.7213647868484,500,7,0.958213305480201,0,1000,5
45,500,"zero",0.5,0.2,"core",745,745,100,900,0,113.922705193982,500,9,0.880640566308252,0,1000,5
46,500,"zero",0.5,0.2,"core",746,746,100,900,0,95.8683052565903,500,9,0.134022769280008,0,1000,5
47,500,"zero",0.5,0.2,"core",747,747,100,900,0,85.3057035710663,500,6,1.15840273200094,0,1000,5
48,500,"zero",0.5,0.2,"core",748,748,100,900,0,81.5786179341376,500,9,0.361490861344265,0,1000,5
49,500,"zero",0.5,0.2,"core",749,749,100,900,0,110.309335775673,500,7,0.30531814761167,0,1000,5
50,500,"zero",0.5,0.2,"core",750,750,100,900,0,43.0354186426848,500,7,0.226965536364637,0,1000,5
51,500,"zero",0.5,0.2,"core",751,751,100,900,0,63.5474604554474,500,7,0.756376544633585,0,1000,5
52,500,"zero",0.5,0.2,"core",752,752,100,900,0,71.2893967982382,500,9,1.53406585778832,0,1000,5
53,500,"zero",0.5,0.2,"core",753,753,100,900,0,156.51547415182,500,10,0.445129515831536,0,1000,5
54,500,"zero",0.5,0.2,"core",754,754,100,900,0,143.284811712801,500,8,1.22096616193908,0,1000,5
55,500,"zero",0.5,0.2,"core",755,755,100,900,0,107.226620456204,500,10,0.752050233143305,0,1000,5
56,500,"zero",0.5,0.2,"core",756,756,100,900,0,113.589324019849,500,6,0.794551791383649,0,1000,5
57,500,"zero",0.5,0.2,"core",757,757,100,900,0,94.945993097499,500,5,0.175368811814237,0,1000,5
58,500,"zero",0.5,0.2,"core",758,758,100,900,0,91.1419560015202,500,7,0.392415873403787,0,1000,5
59,500,"zero",0.5,0.2,"core",759,759,100,900,0,52.691189488396,500,8,5.58679679085821,0,1000,5
60,500,"zero",0.5,0.2,"core",760,760,100,900,0,74.6915783267468,500,5,0.225325609030527,0,1000,5
61,500,"zero",0.5,0.2,"core",761,761,100,900,0,95.921611841768,500,9,0.657992757352121,0,1000,5
62,500,"zero",0.5,0.2,"core",762,762,100,900,0,122.605156730861,500,5,0.50433378071539,0,1000,5
63,500,"zero",0.5,0.2,"core",763,763,100,900,0,110.230663232505,500,9,0.444366780057132,0,1000,5
64,500,"zero",0.5,0.2,"core",764,764,100,900,0,146.087989164516,500,7,0.31953293080311,0,1000,5
65,500,"zero",0.5,0.2,"core",765,765,100,900,0,113.158159842715,500,7,0.363442077380764,0,1000,5
66,500,"zero",0.5,0.2,"core",766,766,100,900,0,96.1239821370691,500,10,2.61386906132459,0,1000,5
67,500,"zero",0.5,0.2,"core",767,767,100,900,0,95.9349183365703,500,7,2.87582151962429,0,1000,5
68,500,"zero",0.5,0.2,"core",768,768,100,900,0,43.0629538651556,500,6,0.246486359433312,0,1000,5
69,500,"zero",0.5,0.2,"core",769,769,100,900,0,93.9181862492114,500,8,1.80267960091831,0,1000,5
70,500,"zero",0.5,0.2,"core",770,770,100,900,0,59.6884825825691,500,5,1.60037950569757,0,1000,5
71,500,"zero",0.5,0.2,"core",771,771,100,900,0,119.170906906947,500,5,0.150216982491126,0,1000,5
72,500,"zero",0.5,0.2,"core",772,772,100,900,0,125.556586608291,500,9,0.991549804120467,0,1000,5
73,500,"zero",0.5,0.2,"core",773,773,100,900,0,136.950834747404,500,6,0.157715631615581,0,1000,5
74,500,"zero",0.5,0.2,"core",774,774,100,900,0,50.4935567919165,500,7,0.989001416993924,0,1000,5
75,500,"zero",0.5,0.2,"core",775,775,100,900,0,71.2726862449199,500,8,0.227225067310219,0,1000,5
76,500,"zero",0.5,0.2,"core",776,776,100,900,0,56.20206521824,500,10,0.175764794318599,0,1000,5
77,500,"zero",0.5,0.2,"core",777,777,100,900,0,90.2295356616378,500,7,2.68369721695409,0,1000,5
78,500,"zero",0.5,0.2,"core",778,778,100,900,0,138.259956873953,500,5,0.712396735886844,0,1000,5
79,500,"zero",0.5,0.2,"core",779,779,100,900,0,59.2360277008265,500,9,0.342525438924565,0,1000,5
80,500,"zero",0.5,0.2,"core",780,780,100,900,0,66.0607157833874,500,6,0.318272830697436,0,1000,5
81,500,"zero",0.5,0.2,"core",781,781,100,900,0,77.9434263147414,500,5,0.769010715457163,0,1000,5
82,500,"zero",0.5,0.2,"core",782,782,100,900,0,75.7061657402665,500,10,1.037204838865,0,1000,5
83,500,"zero",0.5,0.2,"core",783,783,100,900,0,54.5978354476392,500,9,1.53211614671884,0,1000,5
84,500,"zero",0.5,0.2,"core",784,784,100,900,0,62.4793407320976,500,9,0.955550805589894,0,1000,5
85,500,"zero",0.5,0.2,"core",785,785,100,900,0,70.4426339734346,500,9,0.153056385759274,0,1000,5
86,500,"zero",0.5,0.2,"core",786,786,100,900,0,62.1846030373126,500,9,0.246015606626592,0,1000,5
87,500,"zero",0.5,0.2,"core",787,787,100,900,0,142.595292832702,500,10,3.6195733981454,0,1000,5
88,500,"zero",0.5,0.2,"core",788,788,100,900,0,53.914548708126,500,9,1.07598350775981,0,1000,5
89,500,"zero",0.5,0.2,"core",789,789,100,900,0,137.584372377023,500,10,1.88616019534423,0,1000,5
90,500,"zero",0.5,0.2,"core",790,790,100,900,0,80.4308991320431,500,7,0.551801810797762,0,1000,5
91,500,"zero",0.5,0.2,"core",791,791,100,900,0,77.0263279508799,500,10,1.65114618484593,0,1000,5
92,500,"zero",0.5,0.2,"core",792,792,100,900,0,65.9214428905398,500,5,0.207631625590132,0,1000,5
93,500,"zero",0.5,0.2,"core",793,793,100,900,0,110.62423940748,500,6,0.601891335948032,0,1000,5
94,500,"zero",0.5,0.2,"core",794,794,100,900,0,148.363918755203,500,7,0.184680310614624,0,1000,5
95,500,"zero",0.5,0.2,"core",795,795,100,900,0,110.679354500026,500,6,0.730841227407463,0,1000,5
96,500,"zero",0.5,0.2,"core",796,796,100,900,0,50.413419874385,500,6,1.63295794037435,0,1000,5
97,500,"zero",0.5,0.2,"core",797,797,100,900,0,157.892336109653,500,5,0.410877280277539,0,1000,5
98,500,"zero",0.5,0.2,"core",798,798,100,900,0,106.624061726034,500,7,1.07642346608884,0,1000,5
99,500,"zero",0.5,0.2,"core",799,799,100,900,0,52.6201105304062,500,6,0.732976139877276,0,1000,5
100,500,"zero",0.5,0.2,"core",800,800,100,900,0,53.5222155973315,500,9,0.261773799629947,0,1000,5
1,200,"random",0,0.5,"factor",801,801,100,900,-0.563748459797353,85.9823486860842,781.874229898676,5,0.276069661019627,0,1000,5
2,200,"random",0,0.5,"factor",802,802,100,900,0.331067904084921,78.5200954694301,334.46604795754,6,0.592068958909808,0,1000,5
3,200,"random",0,0.5,"factor",803,803,100,900,0.483907654602081,111.596612539142,258.04617269896,8,1.12295359693284,0,1000,5
4,200,"random",0,0.5,"factor",804,804,100,900,0.517739305458963,130.619752751663,241.130347270519,10,1.91689939743476,0,1000,5
5,200,"random",0,0.5,"factor",805,805,100,900,-0.258145553059876,66.082471376285,629.072776529938,6,0.562283107349361,0,1000,5
6,200,"random",0,0.5,"factor",806,806,100,900,-0.568804978579283,88.4721607528627,784.402489289641,5,0.467215661917933,0,1000,5
7,200,"random",0,0.5,"factor",807,807,100,900,0.369833146501333,98.3424615766853,315.083426749334,9,0.505299625023801,0,1000,5
8,200,"random",0,0.5,"factor",808,808,100,900,0.562608767580241,48.4374681487679,218.69561620988,6,0.609636418143169,0,1000,5
9,200,"random",0,0.5,"factor",809,809,100,900,-0.272646359633654,59.9151466228068,636.323179816827,10,0.565192194122327,0,1000,5
10,200,"random",0,0.5,"factor",810,810,100,900,-0.525830298289657,70.7064507715404,762.915149144828,5,0.6545873094381,0,1000,5
11,200,"random",0,0.5,"factor",811,811,100,900,0.209080299455672,91.3088529929519,395.459850272164,9,0.494502198437327,0,1000,5
12,200,"random",0,0.5,"factor",812,812,100,900,0.534041202627122,95.3866701480001,232.979398686439,7,0.18002434718999,0,1000,5
13,200,"random",0,0.5,"factor",813,813,100,900,-0.58874682970345,140.534663740546,794.373414851725,5,0.551715496032441,0,1000,5
14,200,"random",0,0.5,"factor",814,814,100,900,0.485053023695946,153.330333512276,257.473488152027,5,0.698922780150445,0,1000,5
15,200,"random",0,0.5,"factor",815,815,100,900,0.576669488567859,99.7568581998348,211.665255716071,9,3.88304016981713,0,1000,5
16,200,"random",0,0.5,"factor",816,816,100,900,0.516258334554732,125.039672907442,241.870832722634,9,0.493521348431112,0,1000,5
17,200,"random",0,0.5,"factor",817,817,100,900,-0.422315602470189,103.443784406409,711.157801235095,9,0.243974693036139,0,1000,5
18,200,"random",0,0.5,"factor",818,818,100,900,0.231814314331859,83.7870264332742,384.09284283407,9,0.524191026553126,0,1000,5
19,200,"random",0,0.5,"factor",819,819,100,900,-0.231088974047452,95.7740117795766,615.544487023726,5,0.112786774828932,0,1000,5
20,200,"random",0,0.5,"factor",820,820,100,900,0.450378142949194,152.796903438866,274.810928525403,7,0.21547268610325,0,1000,5
21,200,"random",0,0.5,"factor",821,821,100,900,0.478419081307948,60.4544498678297,260.790459346026,6,0.126269486393449,0,1000,5
22,200,"random",0,0.5,"factor",822,822,100,900,0.294478505756706,127.805021852255,352.760747121647,6,0.385189484097774,0,1000,5
23,200,"random",0,0.5,"factor",823,823,100,900,0.264683320838958,41.2754098325968,367.658339580521,6,1.60311153570785,0,1000,5
24,200,"random",0,0.5,"factor",824,824,100,900,0.327746970858425,144.54469602555,336.126514570788,5,1.38603525735362,0,1000,5
25,200,"random",0,0.5,"factor",825,825,100,900,-0.48992841988802,115.909268436953,744.96420994401,8,0.216744738628013,0,1000,5
26,200,"random",0,0.5,"factor",826,826,100,900,-0.590067975502461,147.628714814782,795.033987751231,5,0.760404673672756,0,1000,5
27,200,"random",0,0.5,"factor",827,827,100,900,-0.522905850131065,60.4022485762835,761.452925065532,8,0.266942501391607,0,1000,5
28,200,"random",0,0.5,"factor",828,828,100,900,-0.290029154997319,119.66541396454,645.014577498659,5,1.20667775074928,0,1000,5
29,200,"random",0,0.5,"factor",829,829,100,900,-0.430021841824055,40.47367897816,715.010920912027,8,0.329485110453395,0,1000,5
30,200,"random",0,0.5,"factor",830,830,100,900,0.248697965871543,56.5421090275049,375.651017064229,7,0.230086975909502,0,1000,5
31,200,"random",0,0.5,"factor",831,831,100,900,0.388949145842344,90.9596179239452,305.525427078828,5,0.632000418779761,0,1000,5
32,200,"random",0,0.5,"factor",832,832,100,900,0.376916366443038,90.0944819115102,311.541816778481,9,0.237216926475459,0,1000,5
33,200,"random",0,0.5,"factor",833,833,100,900,-0.543637740984559,56.9289543665946,771.81887049228,10,0.335355929906023,0,1000,5
34,200,"random",0,0.5,"factor",834,834,100,900,-0.442517299484462,139.285094700754,721.258649742231,10,1.61152392582567,0,1000,5
35,200,"random",0,0.5,"factor",835,835,100,900,-0.543156339600682,100.733327288181,771.578169800341,7,0.584667516808666,0,1000,5
36,200,"random",0,0.5,"factor",836,836,100,900,-0.571113057248294,58.3188917860389,785.556528624147,7,1.0936330854193,0,1000,5
37,200,"random",0,0.5,"factor",837,837,100,900,-0.465341471508145,83.8401630055159,732.670735754073,10,1.33282614282299,0,1000,5
38,200,"random",0,0.5,"factor",838,838,100,900,-0.521096464153379,52.4611986149103,760.54823207669,5,0.265396874721968,0,1000,5
39,200,"random",0,0.5,"factor",839,839,100,900,0.38017599619925,104.913079729304,309.912001900375,6,0.172621755421652,0,1000,5
40,200,"random",0,0.5,"factor",840,840,100,900,-0.436533056758344,115.68436219357,718.266528379172,8,0.852000726293069,0,1000,5
41,200,"random",0,0.5,"factor",841,841,100,900,-0.530268045328558,140.71572849527,765.134022664279,6,0.576314711451969,0,1000,5
42,200,"random",0,0.5,"factor",842,842,100,900,0.549753552209586,108.283824427053,225.123223895207,6,0.595503906750689,0,1000,5
43,200,"random",0,0.5,"factor",843,843,100,900,0.431800718419254,58.9072598144412,284.099640790373,6,0.389671132826183,0,1000,5
44,200,"random",0,0.5,"factor",844,844,100,900,0.548923351522535,68.2422400545329,225.538324238732,6,0.157868893201543,0,1000,5
45,200,"random",0,0.5,"factor",845,845,100,900,0.570486592222005,130.479081086814,214.756703888997,8,3.10039249159307,0,1000,5
46,200,"random",0,0.5,"factor",846,846,100,900,-0.433020353130996,104.285807264969,716.510176565498,10,0.386487624214225,0,1000,5
47,200,"random",0,0.5,"factor",847,847,100,900,-0.23995572058484,93.6500994022936,619.97786029242,5,1.64095237734072,0,1000,5
48,200,"random",0,0.5,"factor",848,848,100,900,0.446392177511007,144.564552754164,276.803911244497,10,0.264302835176726,0,1000,5
49,200,"random",0,0.5,"factor",849,849,100,900,0.386523161362857,71.6777418833226,306.738419318572,6,1.04269679992939,0,1000,5
50,200,"random",0,0.5,"factor",850,850,100,900,-0.243927939236164,105.513636497781,621.963969618082,6,0.408856343956003,0,1000,5
51,200,"random",0,0.5,"factor",851,851,100,900,0.545874092914164,70.5853340309113,227.062953542918,8,1.20449939052063,0,1000,5
52,200,"random",0,0.5,"factor",852,852,100,900,-0.212380076106638,73.340506143868,606.190038053319,9,1.35295704143755,0,1000,5
53,200,"random",0,0.5,"factor",853,853,100,900,-0.297950870171189,76.0765727423131,648.975435085595,5,0.806313053486983,0,1000,5
54,200,"random",0,0.5,"factor",854,854,100,900,0.396213169768453,104.731297511607,301.893415115774,7,0.326094983575428,0,1000,5
55,200,"random",0,0.5,"factor",855,855,100,900,-0.2168905261904,71.8438408058137,608.4452630952,6,0.368332849495819,0,1000,5
56,200,"random",0,0.5,"factor",856,856,100,900,0.490411537885666,99.6419824846089,254.794231057167,7,0.367123893796079,0,1000,5
57,200,"random",0,0.5,"factor",857,857,100,900,0.485705703031272,51.3233128748834,257.147148484364,5,0.337250184624176,0,1000,5
58,200,"random",0,0.5,"factor",858,858,100,900,-0.442683961708099,104.801742685959,721.341980854049,9,0.466401831976916,0,1000,5
59,200,"random",0,0.5,"factor",859,859,100,900,0.310213880613446,73.4404067508876,344.893059693277,10,0.491798580805515,0,1000,5
60,200,"random",0,0.5,"factor",860,860,100,900,0.417024843022227,100.640809042379,291.487578488886,5,1.13754310754492,0,1000,5
61,200,"random",0,0.5,"factor",861,861,100,900,-0.324919489305466,121.740485941991,662.459744652733,5,0.670500420880177,0,1000,5
62,200,"random",0,0.5,"factor",862,862,100,900,0.336698988731951,115.384099371731,331.650505634025,7,0.293348052317746,0,1000,5
63,200,"random",0,0.5,"factor",863,863,100,900,-0.511608678009361,83.9435441698879,755.804339004681,10,0.980226892363773,0,1000,5
64,200,"random",0,0.5,"factor",864,864,100,900,0.342899617366493,135.726594813168,328.550191316754,5,0.960969851361785,0,1000,5
65,200,"random",0,0.5,"factor",865,865,100,900,-0.593107392452657,66.7522233258933,796.553696226329,6,0.378449373556268,0,1000,5
66,200,"random",0,0.5,"factor",866,866,100,900,0.430003431998193,71.9259570818394,284.998284000903,10,0.779895034945742,0,1000,5
67,200,"random",0,0.5,"factor",867,867,100,900,0.407143625430763,120.877993833274,296.428187284619,5,0.543378635843853,0,1000,5
68,200,"random",0,0.5,"factor",868,868,100,900,0.307345965411514,65.9361345227808,346.327017294243,5,0.426923520280851,0,1000,5
69,200,"random",0,0.5,"factor",869,869,100,900,0.531296809576452,61.866323677823,234.351595211774,9,0.346184448183125,0,1000,5
70,200,"random",0,0.5,"factor",870,870,100,900,-0.478985531628132,141.079310644418,739.492765814066,5,0.214380744201723,0,1000,5
71,200,"random",0,0.5,"factor",871,871,100,900,0.206725524179637,68.6195940617472,396.637237910181,6,0.362229545018334,0,1000,5
72,200,"random",0,0.5,"factor",872,872,100,900,-0.582951244805008,131.990973604843,791.475622402504,7,0.294520170786633,0,1000,5
73,200,"random",0,0.5,"factor",873,873,100,900,0.414410631824285,111.711218161508,292.794684087858,8,0.255102418373944,0,1000,5
74,200,"random",0,0.5,"factor",874,874,100,900,0.280946791172028,106.809631446376,359.526604413986,6,0.528806565271665,0,1000,5
75,200,"random",0,0.5,"factor",875,875,100,900,-0.216401719953865,76.2371574342251,608.200859976932,10,0.548039051258972,0,1000,5
76,200,"random",0,0.5,"factor",876,876,100,900,0.432902656681836,84.4688179530203,283.548671659082,10,1.33949411568909,0,1000,5
77,200,"random",0,0.5,"factor",877,877,100,900,-0.217740265373141,104.05877369456,608.87013268657,10,0.609572521069976,0,1000,5
78,200,"random",0,0.5,"factor",878,878,100,900,0.432000810932368,112.617765329778,283.999594533816,6,1.2618020542524,0,1000,5
79,200,"random",0,0.5,"factor",879,879,100,900,-0.56819133553654,55.3475522901863,784.09566776827,8,0.320507759900254,0,1000,5
80,200,"random",0,0.5,"factor",880,880,100,900,0.317016114294529,56.1125233583152,341.491942852736,10,0.133330662189118,0,1000,5
81,200,"random",0,0.5,"factor",881,881,100,900,-0.502985585480928,71.4861262403429,751.492792740464,6,1.45565589211155,0,1000,5
82,200,"random",0,0.5,"factor",882,882,100,900,0.486685149185359,109.352565249428,256.65742540732,5,0.13306001864787,0,1000,5
83,200,"random",0,0.5,"factor",883,883,100,900,-0.487088516168296,140.437352666631,743.544258084148,9,1.77914303721207,0,1000,5
84,200,"random",0,0.5,"factor",884,884,100,900,-0.206170662585646,52.8402422461659,603.085331292823,10,0.369360318220882,0,1000,5
85,200,"random",0,0.5,"factor",885,885,100,900,0.318621810618788,93.4549611248076,340.689094690606,5,0.210757397098168,0,1000,5
86,200,"random",0,0.5,"factor",886,886,100,900,-0.365060443431139,125.107004120946,682.530221715569,7,0.511686549513013,0,1000,5
87,200,"random",0,0.5,"factor",887,887,100,900,0.239969487208873,135.440913513303,380.015256395563,9,0.233773520233725,0,1000,5
88,200,"random",0,0.5,"factor",888,888,100,900,0.316906213015318,130.081143472344,341.546893492341,5,2.16360201145853,0,1000,5
89,200,"random",0,0.5,"factor",889,889,100,900,0.466504741925746,57.9521362483502,266.747629037127,7,0.469591690805556,0,1000,5
90,200,"random",0,0.5,"factor",890,890,100,900,0.306405049469322,85.3622373566032,346.797475265339,7,0.683301787407383,0,1000,5
91,200,"random",0,0.5,"factor",891,891,100,900,-0.251742651965469,60.0273406598717,625.871325982735,8,0.148196597233506,0,1000,5
92,200,"random",0,0.5,"factor",892,892,100,900,0.204457727912813,114.027517624199,397.771136043593,6,0.823087268408803,0,1000,5
93,200,"random",0,0.5,"factor",893,893,100,900,0.596893880609423,96.4052795059979,201.553059695289,5,0.256311204927164,0,1000,5
94,200,"random",0,0.5,"factor",894,894,100,900,0.325048061367124,78.6443192418665,337.475969316438,7,0.462261442697216,0,1000,5
95,200,"random",0,0.5,"factor",895,895,100,900,-0.412478314246982,137.050019931048,706.239157123491,9,0.187399724054724,0,1000,5
96,200,"random",0,0.5,"factor",896,896,100,900,0.488782964460552,83.442971073091,255.608517769724,10,0.719997642107738,0,1000,5
97,200,"random",0,0.5,"factor",897,897,100,900,0.449633688014001,63.1038122158498,275.183155993,8,0.502081011111969,0,1000,5
98,200,"random",0,0.5,"factor",898,898,100,900,-0.351956740580499,117.466690363362,675.97837029025,5,0.600157402250879,0,1000,5
99,200,"random",0,0.5,"factor",899,899,100,900,-0.222848859336227,74.5072132814676,611.424429668114,7,0.614111781690452,0,1000,5
100,200,"random",0,0.5,"factor",900,900,100,900,0.39597002742812,152.072084760293,302.01498628594,8,0.303510437944925,0,1000,5
1,200,"random",0.25,0.5,"factor",901,901,100,900,0.479234688449651,135.234748115763,260.382655775174,6,0.528088604199271,0,1000,5
2,200,"random",0.25,0.5,"factor",902,902,100,900,0.443238102272153,131.348473792896,278.380948863924,7,0.152220178027101,0,1000,5
3,200,"random",0.25,0.5,"factor",903,903,100,900,-0.548757811076939,122.747462615371,774.37890553847,10,0.559130547804563,0,1000,5
4,200,"random",0.25,0.5,"factor",904,904,100,900,0.304171179793775,69.2614672426134,347.914410103112,5,0.243595032898411,0,1000,5
5,200,"random",0.25,0.5,"factor",905,905,100,900,0.449053370207548,90.2613148093224,275.473314896226,5,0.451406531170593,0,1000,5
6,200,"random",0.25,0.5,"factor",906,906,100,900,0.24891702355817,93.8440237846226,375.541488220915,9,1.73473194238339,0,1000,5
7,200,"random",0.25,0.5,"factor",907,907,100,900,0.408859003707767,94.3806655518711,295.570498146117,6,0.433127506460139,0,1000,5
8,200,"random",0.25,0.5,"factor",908,908,100,900,-0.564636586606503,74.1487174108624,782.318293303251,10,0.80597550483185,0,1000,5
9,200,"random",0.25,0.5,"factor",909,909,100,900,0.576504646986723,132.123988373205,211.747676506639,10,0.637095792089492,0,1000,5
10,200,"random",0.25,0.5,"factor",910,910,100,900,0.343002992868423,132.617187043652,328.498503565788,10,2.66973137248867,0,1000,5
11,200,"random",0.25,0.5,"factor",911,911,100,900,0.505550962220877,155.920522585511,247.224518889561,8,0.812197806904831,0,1000,5
12,200,"random",0.25,0.5,"factor",912,912,100,900,0.273413813021034,109.489866159856,363.293093489483,5,0.180308906312252,0,1000,5
13,200,"random",0.25,0.5,"factor",913,913,100,900,-0.494826344959438,104.402052136138,747.413172479719,7,5.08456637173147,0,1000,5
14,200,"random",0.25,0.5,"factor",914,914,100,900,-0.234604989457876,120.14289567247,617.302494728938,6,2.02826594186502,0,1000,5
15,200,"random",0.25,0.5,"factor",915,915,100,900,0.542706833221018,123.740608533844,228.646583389491,9,0.491790615003117,0,1000,5
16,200,"random",0.25,0.5,"factor",916,916,100,900,0.571157197467983,50.2712055761367,214.421401266009,6,0.425014245513877,0,1000,5
17,200,"random",0.25,0.5,"factor",917,917,100,900,-0.453513048309833,106.787675051019,726.756524154916,8,0.223948649094167,0,1000,5
18,200,"random",0.25,0.5,"factor",918,918,100,900,0.225028426107019,110.013579260558,387.48578694649,6,0.608795285303765,0,1000,5
19,200,"random",0.25,0.5,"factor",919,919,100,900,0.599665966816247,122.859694147483,200.167016591877,9,2.41133268522628,0,1000,5
20,200,"random",0.25,0.5,"factor",920,920,100,900,-0.326274669729173,105.706708664075,663.137334864587,9,0.234362064235578,0,1000,5
21,200,"random",0.25,0.5,"factor",921,921,100,900,0.454724880773574,126.301525682211,272.637559613213,7,0.378613590052608,0,1000,5
22,200,"random",0.25,0.5,"factor",922,922,100,900,0.533526753168553,114.739052858204,233.236623415723,8,0.717040481104814,0,1000,5
23,200,"random",0.25,0.5,"factor",923,923,100,900,0.543375870771706,105.395445656031,228.312064614147,10,1.46475785460813,0,1000,5
24,200,"random",0.25,0.5,"factor",924,924,100,900,0.551805371884257,145.261824196205,224.097314057872,5,0.537869023895363,0,1000,5
25,200,"random",0.25,0.5,"factor",925,925,100,900,0.528112542815506,117.803483111784,235.943728592247,8,1.26871564710152,0,1000,5
26,200,"random",0.25,0.5,"factor",926,926,100,900,-0.410193957854062,94.412643937394,705.096978927031,8,0.191949793357634,0,1000,5
27,200,"random",0.25,0.5,"factor",927,927,100,900,0.505406224913895,123.88151768595,247.296887543052,6,0.679335634871727,0,1000,5
28,200,"random",0.25,0.5,"factor",928,928,100,900,-0.581222233083099,144.308892358094,790.61111654155,8,1.27349746418777,0,1000,5
29,200,"random",0.25,0.5,"factor",929,929,100,900,0.541759289614856,149.382171407342,229.120355192572,6,0.198342272107586,0,1000,5
30,200,"random",0.25,0.5,"factor",930,930,100,900,-0.356932577397674,100.035453885794,678.466288698837,10,0.132522527357922,0,1000,5
31,200,"random",0.25,0.5,"factor",931,931,100,900,0.454821136593819,144.851054335013,272.589431703091,5,0.192927264297127,0,1000,5
32,200,"random",0.25,0.5,"factor",932,932,100,900,0.403213197272271,55.9502924047411,298.393401363865,8,0.739812161851837,0,1000,5
33,200,"random",0.25,0.5,"factor",933,933,100,900,-0.210572599153966,45.6983996834606,605.286299576983,10,0.280957238630546,0,1000,5
34,200,"random",0.25,0.5,"factor",934,934,100,900,0.236348671559244,72.3620395641774,381.825664220378,8,0.587059713507444,0,1000,5
35,200,"random",0.25,0.5,"factor",935,935,100,900,0.284656211547554,73.1180291995406,357.671894226223,7,0.326161645225725,0,1000,5
36,200,"random",0.25,0.5,"factor",936,936,100,900,0.54516115244478,134.942928105593,227.41942377761,6,0.124714146708434,0,1000,5
37,200,"random",0.25,0.5,"factor",937,937,100,900,0.596173501200974,159.317744458094,201.913249399513,7,0.16517025067494,0,1000,5
38,200,"random",0.25,0.5,"factor",938,938,100,900,-0.572662435658276,144.793192716315,786.331217829138,9,0.243068765890945,0,1000,5
39,200,"random",0.25,0.5,"factor",939,939,100,900,0.589050592295825,135.727953854948,205.474703852087,8,0.482659446882073,0,1000,5
40,200,"random",0.25,0.5,"factor",940,940,100,900,0.313461293466389,52.5722031760961,343.269353266805,5,0.128095956341355,0,1000,5
41,200,"random",0.25,0.5,"factor",941,941,100,900,-0.382555053476244,43.8341849856079,691.277526738122,6,2.64835083945022,0,1000,5
42,200,"random",0.25,0.5,"factor",942,942,100,900,-0.541058411356062,64.7899379301816,770.529205678031,10,0.109901451299217,0,1000,5
43,200,"random",0.25,0.5,"factor",943,943,100,900,0.202395403012633,114.761750018224,398.802298493683,10,0.645522627864535,0,1000,5
44,200,"random",0.25,0.5,"factor",944,944,100,900,-0.576942165568471,89.6026508603245,788.471082784235,5,0.148827086330129,0,1000,5
45,200,"random",0.25,0.5,"factor",945,945,100,900,-0.289495915360749,89.6301977615804,644.747957680374,5,1.95852850303768,0,1000,5
46,200,"random",0.25,0.5,"factor",946,946,100,900,-0.537154624704272,153.365767952055,768.577312352136,7,0.819727730859936,0,1000,5
47,200,"random",0.25,0.5,"factor",947,947,100,900,-0.226441024895757,150.538205727935,613.220512447879,8,0.654042796189799,0,1000,5
48,200,"random",0.25,0.5,"factor",948,948,100,900,0.307661472354084,118.600161019713,346.169263822958,6,0.348991906810365,0,1000,5
49,200,"random",0.25,0.5,"factor",949,949,100,900,-0.218659828510135,73.4482424892485,609.329914255068,6,0.245702646745315,0,1000,5
50,200,"random",0.25,0.5,"factor",950,950,100,900,-0.371791692730039,50.8421216160059,685.89584636502,10,0.793733036080696,0,1000,5
51,200,"random",0.25,0.5,"factor",951,951,100,900,-0.531587571371347,81.1098045948893,765.793785685673,10,0.530810596849506,0,1000,5
52,200,"random",0.25,0.5,"factor",952,952,100,900,-0.316549146175385,92.1235599275678,658.274573087692,7,5.2037869412201,0,1000,5
53,200,"random",0.25,0.5,"factor",953,953,100,900,-0.419887942355126,152.923864014447,709.943971177563,5,0.259416353503435,0,1000,5
54,200,"random",0.25,0.5,"factor",954,954,100,900,-0.203985914681107,70.2015689294785,601.992957340553,7,2.97145893642741,0,1000,5
55,200,"random",0.25,0.5,"factor",955,955,100,900,-0.569935427047312,70.628223195672,784.967713523656,9,0.614263836142045,0,1000,5
56,200,"random",0.25,0.5,"factor",956,956,100,900,0.207241736352444,139.349314942956,396.379131823778,9,0.425720914087416,0,1000,5
57,200,"random",0.25,0.5,"factor",957,957,100,900,-0.237010934948921,75.3692307788879,618.505467474461,8,3.65292945008102,0,1000,5
58,200,"random",0.25,0.5,"factor",958,958,100,900,-0.591642630007118,141.252625854686,795.821315003559,9,2.9034188167175,0,1000,5
59,200,"random",0.25,0.5,"factor",959,959,100,900,-0.263082029484212,56.2464406341314,631.541014742106,7,0.292455453162053,0,1000,5
60,200,"random",0.25,0.5,"factor",960,960,100,900,-0.304944817442447,71.701996261254,652.472408721223,6,0.320937481587516,0,1000,5
61,200,"random",0.25,0.5,"factor",961,961,100,900,0.495852443855256,61.3411394134164,252.073778072372,8,0.196192863040563,0,1000,5
62,200,"random",0.25,0.5,"factor",962,962,100,900,-0.470682354830205,148.387070354074,735.341177415103,8,0.354775044987972,0,1000,5
63,200,"random",0.25,0.5,"factor",963,963,100,900,0.550508836098015,51.2735470291227,224.745581950992,6,0.318269028391667,0,1000,5
64,200,"random",0.25,0.5,"factor",964,964,100,900,-0.246542941499501,159.782750234008,623.271470749751,5,0.605979289216237,0,1000,5
65,200,"random",0.25,0.5,"factor",965,965,100,900,-0.372440132964402,120.682295672596,686.220066482201,6,1.77300896417176,0,1000,5
66,200,"random",0.25,0.5,"factor",966,966,100,900,-0.54928261814639,148.71498725377,774.641309073195,5,0.465829708868202,0,1000,5
67,200,"random",0.25,0.5,"factor",967,967,100,900,-0.266952137928456,77.8978318627924,633.476068964228,9,0.703862927345582,0,1000,5
68,200,"random",0.25,0.5,"factor",968,968,100,900,-0.266408929228783,40.9606413450092,633.204464614391,7,0.280494924669632,0,1000,5
69,200,"random",0.25,0.5,"factor",969,969,100,900,0.587246417161077,141.932816905901,206.376791419461,8,1.2914071162039,0,1000,5
70,200,"random",0.25,0.5,"factor",970,970,100,900,-0.350945468619466,120.088124433532,675.472734309733,9,0.930559876271501,0,1000,5
71,200,"random",0.25,0.5,"factor",971,971,100,900,-0.581577773205936,80.8871075697243,790.788886602968,9,0.8242924580147,0,1000,5
72,200,"random",0.25,0.5,"factor",972,972,100,900,-0.50440254593268,68.3603451773524,752.20127296634,5,0.827937669604908,0,1000,5
73,200,"random",0.25,0.5,"factor",973,973,100,900,-0.541926169209182,101.994672622532,770.963084604591,6,0.202290810480535,0,1000,5
74,200,"random",0.25,0.5,"factor",974,974,100,900,0.56742838267237,138.68735967204,216.285808663815,6,0.332503296768447,0,1000,5
75,200,"random",0.25,0.5,"factor",975,975,100,900,0.51693534469232,67.8949709050357,241.53232765384,7,0.796135972021542,0,1000,5
76,200,"random",0.25,0.5,"factor",976,976,100,900,0.307992907706648,140.484624449164,346.003546146676,5,0.566116266991791,0,1000,5
77,200,"random",0.25,0.5,"factor",977,977,100,900,-0.246448907442391,121.197414109483,623.224453721195,9,1.5264538560758,0,1000,5
78,200,"random",0.25,0.5,"factor",978,978,100,900,-0.506204731017351,60.1668058056384,753.102365508676,9,0.42248186560802,0,1000,5
79,200,"random",0.25,0.5,"factor",979,979,100,900,0.208494581654668,153.172564748675,395.752709172666,7,1.1601804836848,0,1000,5
80,200,"random",0.25,0.5,"factor",980,980,100,900,0.221434506028891,109.551073219627,389.282746985555,7,2.17275530294437,0,1000,5
81,200,"random",0.25,0.5,"factor",981,981,100,900,0.593267419561744,112.999842120335,203.366290219128,5,1.42041019387356,0,1000,5
82,200,"random",0.25,0.5,"factor",982,982,100,900,-0.39856002740562,63.6640647705644,699.28001370281,5,0.96185486396823,0,1000,5
83,200,"random",0.25,0.5,"factor",983,983,100,900,0.447045420203358,134.429052453488,276.477289898321,9,0.623367943138423,0,1000,5
84,200,"random",0.25,0.5,"factor",984,984,100,900,-0.245600576885045,145.966708306223,622.800288442522,5,0.322996343278557,0,1000,5
85,200,"random",0.25,0.5,"factor",985,985,100,900,0.281914855912328,97.8900437708944,359.042572043836,10,1.54889055213337,0,1000,5
86,200,"random",0.25,0.5,"factor",986,986,100,900,0.252706700656563,81.6568437498063,373.646649671718,5,0.449225747817045,0,1000,5
87,200,"random",0.25,0.5,"factor",987,987,100,900,-0.574515521805733,100.069204149768,787.257760902867,10,2.88344463444009,0,1000,5
88,200,"random",0.25,0.5,"factor",988,988,100,900,-0.470950170140713,113.763452582061,735.475085070357,9,0.153504228978382,0,1000,5
89,200,"random",0.25,0.5,"factor",989,989,100,900,0.30773466611281,65.2634591888636,346.132666943595,9,0.154366532949128,0,1000,5
90,200,"random",0.25,0.5,"factor",990,990,100,900,-0.343218811135739,137.696474939585,671.60940556787,6,0.520943802205025,0,1000,5
91,200,"random",0.25,0.5,"factor",991,991,100,900,0.329137603286654,60.3405285999179,335.431198356673,6,0.674443354048458,0,1000,5
92,200,"random",0.25,0.5,"factor",992,992,100,900,-0.43669765945524,97.0379758439958,718.34882972762,5,0.758907482240242,0,1000,5
93,200,"random",0.25,0.5,"factor",993,993,100,900,0.468539567571133,46.6913786623627,265.730216214433,7,0.293827393741493,0,1000,5
94,200,"random",0.25,0.5,"factor",994,994,100,900,0.303917104844004,142.604072093964,348.041447577998,10,0.235331389391264,0,1000,5
95,200,"random",0.25,0.5,"factor",995,995,100,900,0.232544013857841,61.4088826533407,383.727993071079,10,0.258336152307574,0,1000,5
96,200,"random",0.25,0.5,"factor",996,996,100,900,-0.323716424591839,84.3016995955259,661.85821229592,8,1.31240786626394,0,1000,5
97,200,"random",0.25,0.5,"factor",997,997,100,900,-0.323066283017397,127.871918855235,661.533141508698,5,0.734002907031794,0,1000,5
98,200,"random",0.25,0.5,"factor",998,998,100,900,0.465891768876463,110.315242921934,267.054115561768,10,0.111350596060701,0,1000,5
99,200,"random",0.25,0.5,"factor",999,999,100,900,0.257774454727769,123.897217996418,371.112772636116,10,0.987625732585329,0,1000,5
100,200,"random",0.25,0.5,"factor",1000,1000,100,900,0.319422776717693,72.2762518748641,340.288611641154,6,0.491465025895806,0,1000,5
1,200,"random",0.5,0.5,"factor",1001,1001,100,900,-0.551969616208225,109.459374556318,775.984808104113,10,0.658003225757013,0,1000,5
2,200,"random",0.5,0.5,"factor",1002,1002,100,900,0.427799150813371,75.8035292569548,286.100424593315,10,0.799041936010002,0,1000,5
3,200,"random",0.5,0.5,"factor",1003,1003,100,900,-0.451776140648872,107.832548795268,725.888070324436,7,0.719809588474177,0,1000,5
4,200,"random",0.5,0.5,"factor",1004,1004,100,900,-0.370500196143985,86.0530887357891,685.250098071992,7,0.57792242700304,0,1000,5
5,200,"random",0.5,0.5,"factor",1005,1005,100,900,-0.354603027366102,103.846637280658,677.301513683051,6,0.305061707753767,0,1000,5
6,200,"random",0.5,0.5,"factor",1006,1006,100,900,0.597304232511669,95.3273990005255,201.347883744165,9,1.06057257070767,0,1000,5
7,200,"random",0.5,0.5,"factor",1007,1007,100,900,0.562737198732793,64.5523622166365,218.631400633603,10,0.419654858669975,0,1000,5
8,200,"random",0.5,0.5,"factor",1008,1008,100,900,0.37803449826315,133.642042204738,310.982750868425,9,1.32089413165285,0,1000,5
9,200,"random",0.5,0.5,"factor",1009,1009,100,900,0.392745896149427,72.1375438664109,303.627051925287,7,0.757433400022059,0,1000,5
10,200,"random",0.5,0.5,"factor",1010,1010,100,900,0.352403010427952,147.770381690934,323.798494786024,10,0.833473960395895,0,1000,5
11,200,"random",0.5,0.5,"factor",1011,1011,100,900,-0.36598560065031,127.245850339532,682.992800325155,7,0.397616912133758,0,1000,5
12,200,"random",0.5,0.5,"factor",1012,1012,100,900,0.520469473674893,56.2388661038131,239.765263162553,7,0.390259666042331,0,1000,5
13,200,"random",0.5,0.5,"factor",1013,1013,100,900,-0.421446712594479,85.170845175162,710.72335629724,5,1.49780308814299,0,1000,5
14,200,"random",0.5,0.5,"factor",1014,1014,100,900,-0.411036958359182,158.196753785014,705.518479179591,5,0.607133476491037,0,1000,5
15,200,"random",0.5,0.5,"factor",1015,1015,100,900,0.303785761911422,110.638656923547,348.107119044289,7,0.171490962297768,0,1000,5
16,200,"random",0.5,0.5,"factor",1016,1016,100,900,0.460413492750376,114.599662926048,269.793253624812,9,0.831667652582462,0,1000,5
17,200,"random",0.5,0.5,"factor",1017,1017,100,900,-0.409102418925613,76.708527058363,704.551209462807,8,0.887497823102497,0,1000,5
18,200,"random",0.5,0.5,"factor",1018,1018,100,900,-0.514041127450764,50.223126616329,757.020563725382,6,0.186721825731744,0,1000,5
19,200,"random",0.5,0.5,"factor",1019,1019,100,900,-0.529648391529918,48.564311824739,764.824195764959,10,1.17730083368321,0,1000,5
20,200,"random",0.5,0.5,"factor",1020,1020,100,900,-0.263644612580538,64.0735567826778,631.822306290269,10,0.728251251176745,0,1000,5
21,200,"random",0.5,0.5,"factor",1021,1021,100,900,0.432276701368392,142.61687098071,283.861649315804,9,0.526332785182532,0,1000,5
22,200,"random",0.5,0.5,"factor",1022,1022,100,900,0.22312885010615,74.6762021724135,388.435574946925,10,1.31397221731922,0,1000,5
23,200,"random",0.5,0.5,"factor",1023,1023,100,900,0.579201393853873,95.2810701262206,210.399303073063,7,0.260373835782482,0,1000,5
24,200,"random",0.5,0.5,"factor",1024,1024,100,900,0.468461090885103,83.8959683477879,265.769454557449,7,0.481687358031604,0,1000,5
25,200,"random",0.5,0.5,"factor",1025,1025,100,900,0.310588590428233,87.4767678137869,344.705704785883,8,0.490816560965176,0,1000,5
26,200,"random",0.5,0.5,"factor",1026,1026,100,900,-0.463677883800119,145.016575297341,731.83894190006,6,1.09795532722119,0,1000,5
27,200,"random",0.5,0.5,"factor",1027,1027,100,900,-0.351529869344085,119.572755685076,675.764934672043,8,0.747695143563306,0,1000,5
28,200,"random",0.5,0.5,"factor",1028,1028,100,900,0.481995540950447,58.7102954555303,259.002229524776,10,2.51750219368991,0,1000,5
29,200,"random",0.5,0.5,"factor",1029,1029,100,900,0.56371944276616,157.90943633765,218.14027861692,7,3.4801530356657,0,1000,5
30,200,"random",0.5,0.5,"factor",1030,1030,100,900,-0.433418324775994,155.725124720484,716.709162387997,5,5.94879546398978,0,1000,5
31,200,"random",0.5,0.5,"factor",1031,1031,100,900,-0.245527718681842,101.622663196176,622.763859340921,5,1.60886572914846,0,1000,5
32,200,"random",0.5,0.5,"factor",1032,1032,100,900,0.416833564266562,159.972676057369,291.583217866719,5,0.374299331319767,0,1000,5
33,200,"random",0.5,0.5,"factor",1033,1033,100,900,-0.231774025503546,150.658480841666,615.887012751773,6,0.323313584450424,0,1000,5
34,200,"random",0.5,0.5,"factor",1034,1034,100,900,0.303658826556057,101.7155880481,348.170586721972,8,1.70027621277016,0,1000,5
35,200,"random",0.5,0.5,"factor",1035,1035,100,900,-0.496139975450933,136.51616550982,748.069987725466,8,0.963811654986348,0,1000,5
36,200,"random",0.5,0.5,"factor",1036,1036,100,900,-0.512804520037025,60.5694581568241,756.402260018513,10,1.13790485398382,0,1000,5
37,200,"random",0.5,0.5,"factor",1037,1037,100,900,-0.336527391895652,76.6957552731037,668.263695947826,7,0.618899836598361,0,1000,5
38,200,"random",0.5,0.5,"factor",1038,1038,100,900,-0.372131829615682,48.5891921911389,686.065914807841,9,0.856902331739984,0,1000,5
39,200,"random",0.5,0.5,"factor",1039,1039,100,900,-0.265492640435696,128.621556181461,632.746320217848,6,2.8872301780067,0,1000,5
40,200,"random",0.5,0.5,"factor",1040,1040,100,900,0.396462712623179,71.8286439403892,301.768643688411,7,0.351210132971349,0,1000,5
41,200,"random",0.5,0.5,"factor",1041,1041,100,900,0.270761300530285,107.802718970925,364.619349734858,8,0.869752724246255,0,1000,5
42,200,"random",0.5,0.5,"factor",1042,1042,100,900,-0.272082454990596,50.30971089378,636.041227495298,6,0.316881497063948,0,1000,5
43,200,"random",0.5,0.5,"factor",1043,1043,100,900,-0.514409954659641,135.96047190018,757.20497732982,7,0.151004821954819,0,1000,5
44,200,"random",0.5,0.5,"factor",1044,1044,100,900,0.281190122105181,68.949268758297,359.404938947409,8,0.181717799551028,0,1000,5
45,200,"random",0.5,0.5,"factor",1045,1045,100,900,-0.298152188770473,129.618231188506,649.076094385237,7,0.216137605983075,0,1000,5
46,200,"random",0.5,0.5,"factor",1046,1046,100,900,-0.449920837208629,92.5382467918098,724.960418604314,6,0.128982054018267,0,1000,5
47,200,"random",0.5,0.5,"factor",1047,1047,100,900,-0.39335528081283,82.0044951699674,696.677640406415,6,0.393178953686961,0,1000,5
48,200,"random",0.5,0.5,"factor",1048,1048,100,900,0.334880759287626,125.52189941518,332.559620356187,5,0.256788970156549,0,1000,5
49,200,"random",0.5,0.5,"factor",1049,1049,100,900,-0.286418171320111,48.1103185843676,643.209085660055,5,0.455282861591212,0,1000,5
50,200,"random",0.5,0.5,"factor",1050,1050,100,900,0.518739911261946,104.504329292104,240.630044369027,7,0.654193895978964,0,1000,5
51,200,"random",0.5,0.5,"factor",1051,1051,100,900,0.467208451684564,120.144753158092,266.395774157718,6,0.397775549307602,0,1000,5
52,200,"random",0.5,0.5,"factor",1052,1052,100,900,-0.524613788723946,136.010702271014,762.306894361973,6,0.554574735228123,0,1000,5
53,200,"random",0.5,0.5,"factor",1053,1053,100,900,-0.301137594226748,111.854233266786,650.568797113374,10,1.0819826999848,0,1000,5
54,200,"random",0.5,0.5,"factor",1054,1054,100,900,0.227026368211955,56.161838285625,386.486815894023,7,1.60583459412287,0,1000,5
55,200,"random",0.5,0.5,"factor",1055,1055,100,900,-0.469448702968657,74.5051852520555,734.724351484329,5,0.266549010888371,0,1000,5
56,200,"random",0.5,0.5,"factor",1056,1056,100,900,0.263416431378573,114.981096098199,368.291784310713,9,5.22918387718033,0,1000,5
57,200,"random",0.5,0.5,"factor",1057,1057,100,900,-0.316732824128121,126.599099338055,658.366412064061,9,2.12648000750176,0,1000,5
58,200,"random",0.5,0.5,"factor",1058,1058,100,900,-0.200661138631403,89.7201638296247,600.330569315702,9,0.349624934046551,0,1000,5
59,200,"random",0.5,0.5,"factor",1059,1059,100,900,0.587335973512381,88.9300858322531,206.332013243809,10,0.248320508440146,0,1000,5
60,200,"random",0.5,0.5,"factor",1060,1060,100,900,-0.596468585636467,90.7071851752699,798.234292818233,6,1.25308400478727,0,1000,5
61,200,"random",0.5,0.5,"factor",1061,1061,100,900,0.46247469317168,153.123148176819,268.76265341416,5,0.25113727493532,0,1000,5
62,200,"random",0.5,0.5,"factor",1062,1062,100,900,-0.379952669236809,143.045144937932,689.976334618405,7,0.193828288972868,0,1000,5
63,200,"random",0.5,0.5,"factor",1063,1063,100,900,0.212447410542518,107.163207447156,393.776294728741,6,0.157585231881378,0,1000,5
64,200,"random",0.5,0.5,"factor",1064,1064,100,900,0.382872874196619,55.3561555314809,308.563562901691,9,0.759373030163638,0,1000,5
65,200,"random",0.5,0.5,"factor",1065,1065,100,900,-0.566169402934611,81.412605708465,783.084701467305,8,1.25744003802522,0,1000,5
66,200,"random",0.5,0.5,"factor",1066,1066,100,900,-0.304530638549477,96.5287199057639,652.265319274738,8,0.27769673955667,0,1000,5
67,200,"random",0.5,0.5,"factor",1067,1067,100,900,-0.38810603749007,148.180348062888,694.053018745035,7,2.77318676665982,0,1000,5
68,200,"random",0.5,0.5,"factor",1068,1068,100,900,0.306025441270322,93.2397368177772,346.987279364839,9,0.137593144170189,0,1000,5
69,200,"random",0.5,0.5,"factor",1069,1069,100,900,-0.436038705799729,41.4799667708576,718.019352899864,6,0.250401000512148,0,1000,5
70,200,"random",0.5,0.5,"factor",1070,1070,100,900,-0.256596485804766,119.243885539472,628.298242902383,9,0.533590167676937,0,1000,5
71,200,"random",0.5,0.5,"factor",1071,1071,100,900,-0.567012536432594,91.8851877935231,783.506268216297,7,0.665923890335202,0,1000,5
72,200,"random",0.5,0.5,"factor",1072,1072,100,900,0.500124978180975,77.0564173348248,249.937510909513,10,0.175730521973553,0,1000,5
73,200,"random",0.5,0.5,"factor",1073,1073,100,900,0.463025340158492,136.202869974077,268.487329920754,7,0.750355641430661,0,1000,5
74,200,"random",0.5,0.5,"factor",1074,1074,100,900,-0.565311022195965,147.861868236214,782.655511097983,5,0.331347212311198,0,1000,5
75,200,"random",0.5,0.5,"factor",1075,1075,100,900,0.597914779838175,101.807442698628,201.042610080913,6,0.277003001959715,0,1000,5
76,200,"random",0.5,0.5,"factor",1076,1076,100,900,-0.380652419757098,93.0626105517149,690.326209878549,7,0.145184622986091,0,1000,5
77,200,"random",0.5,0.5,"factor",1077,1077,100,900,0.319731154665351,100.718126427382,340.134422667325,6,0.397753674078738,0,1000,5
78,200,"random",0.5,0.5,"factor",1078,1078,100,900,0.40430215569213,41.1927421670407,297.848922153935,9,0.409598477022238,0,1000,5
79,200,"random",0.5,0.5,"factor",1079,1079,100,900,-0.455093448143452,128.482373896986,727.546724071726,5,1.86393623636531,0,1000,5
80,200,"random",0.5,0.5,"factor",1080,1080,100,900,-0.477718539629132,96.8029927648604,738.859269814566,8,0.12353120488652,0,1000,5
81,200,"random",0.5,0.5,"factor",1081,1081,100,900,-0.473065573722124,51.7811780516058,736.532786861062,7,5.17547187767037,0,1000,5
82,200,"random",0.5,0.5,"factor",1082,1082,100,900,-0.556182517204434,124.417246971279,778.091258602217,10,0.359820090535332,0,1000,5
83,200,"random",0.5,0.5,"factor",1083,1083,100,900,0.514316797442734,78.0528672318906,242.841601278633,10,0.67263910618817,0,1000,5
84,200,"random",0.5,0.5,"factor",1084,1084,100,900,0.351895737741143,128.771114228293,324.052131129429,10,1.37829021557269,0,1000,5
85,200,"random",0.5,0.5,"factor",1085,1085,100,900,-0.518835891503841,80.2522549591959,759.41794575192,10,0.779133863413642,0,1000,5
86,200,"random",0.5,0.5,"factor",1086,1086,100,900,0.520110374130309,67.3613711260259,239.944812934846,8,0.325279465885053,0,1000,5
87,200,"random",0.5,0.5,"factor",1087,1087,100,900,-0.483357445057482,83.0388867575675,741.678722528741,9,0.299234683708987,0,1000,5
88,200,"random",0.5,0.5,"factor",1088,1088,100,900,0.491876588668674,119.80211048387,254.061705665663,7,0.170992647789777,0,1000,5
89,200,"random",0.5,0.5,"factor",1089,1089,100,900,0.242827022448182,138.822859954089,378.586488775909,10,0.862835091547193,0,1000,5
90,200,"random",0.5,0.5,"factor",1090,1090,100,900,-0.540155244898051,147.67503041774,770.077622449026,10,0.168980659880063,0,1000,5
91,200,"random",0.5,0.5,"factor",1091,1091,100,900,0.335867060255259,76.1314634233713,332.06646987237,5,0.468615797656419,0,1000,5
92,200,"random",0.5,0.5,"factor",1092,1092,100,900,-0.512439190410078,138.897624658421,756.219595205039,9,0.289413801010405,0,1000,5
93,200,"random",0.5,0.5,"factor",1093,1093,100,900,0.411326605919749,91.3945666421205,294.336697040126,8,0.613241781754153,0,1000,5
94,200,"random",0.5,0.5,"factor",1094,1094,100,900,0.40962933851406,127.316382937133,295.18533074297,10,0.140935341011885,0,1000,5
95,200,"random",0.5,0.5,"factor",1095,1095,100,900,0.324222845770419,65.6378482375294,337.888577114791,6,0.714439015175469,0,1000,5
96,200,"random",0.5,0.5,"factor",1096,1096,100,900,0.230886499024928,97.4210770707578,384.556750487536,6,0.33935687019947,0,1000,5
97,200,"random",0.5,0.5,"factor",1097,1097,100,900,-0.450531168375164,46.0609290096909,725.265584187582,5,0.866412305685361,0,1000,5
98,200,"random",0.5,0.5,"factor",1098,1098,100,900,-0.339732302166522,159.436394153163,669.866151083261,9,0.199999477737112,0,1000,5
99,200,"random",0.5,0.5,"factor",1099,1099,100,900,-0.285156529117376,155.973154623061,642.578264558688,5,0.163333102608506,0,1000,5
100,200,"random",0.5,0.5,"factor",1100,1100,100,900,0.578166307508945,123.460056288168,210.916846245527,9,0.744949922971149,0,1000,5
1,200,"random",0.25,0.35,"factor",1101,1101,100,900,-0.5271309399046,127.805802626535,763.5654699523,5,0.707045584724631,0,1000,5
2,200,"random",0.25,0.35,"factor",1102,1102,100,900,-0.281468411628157,44.5261773932725,640.734205814078,5,1.01345941870795,0,1000,5
3,200,"random",0.25,0.35,"factor",1103,1103,100,900,0.432882234733552,86.4584438316524,283.558882633224,7,0.197895359560499,0,1000,5
4,200,"random",0.25,0.35,"factor",1104,1104,100,900,0.390443210303783,140.368848489597,304.778394848108,10,0.130042627390461,0,1000,5
5,200,"random",0.25,0.35,"factor",1105,1105,100,900,0.483239977248013,121.530118333176,258.380011375993,7,3.31521986354282,0,1000,5
6,200,"random",0.25,0.35,"factor",1106,1106,100,900,0.291634493973106,66.8355796206743,354.182753013447,6,0.4154747124198,0,1000,5
7,200,"random",0.25,0.35,"factor",1107,1107,100,900,0.364910220261663,102.198379104957,317.544889869168,8,0.520595285042309,0,1000,5
8,200,"random",0.25,0.35,"factor",1108,1108,100,900,0.48886284166947,66.4858494885266,255.568579165265,6,0.520182019556149,0,1000,5
9,200,"random",0.25,0.35,"factor",1109,1109,100,900,0.299073442071676,80.9622649941594,350.463278964162,9,0.332001604481865,0,1000,5
10,200,"random",0.25,0.35,"factor",1110,1110,100,900,-0.391286278609186,42.7657717559487,695.643139304593,7,0.155404619534376,0,1000,5
11,200,"random",0.25,0.35,"factor",1111,1111,100,900,0.571134128142148,61.3335655257106,214.432935928926,5,0.606749488223828,0,1000,5
12,200,"random",0.25,0.35,"factor",1112,1112,100,900,-0.44357656147331,48.4262562636286,721.788280736655,6,0.252469136204229,0,1000,5
13,200,"random",0.25,0.35,"factor",1113,1113,100,900,-0.277681617252529,79.3117916211486,638.840808626264,5,0.316098484147337,0,1000,5
14,200,"random",0.25,0.35,"factor",1114,1114,100,900,-0.596860313601792,56.1068288050592,798.430156800896,10,0.574988231334356,0,1000,5
15,200,"random",0.25,0.35,"factor",1115,1115,100,900,-0.284697686973959,48.5715934634209,642.34884348698,9,0.17030076410871,0,1000,5
16,200,"random",0.25,0.35,"factor",1116,1116,100,900,0.438766574207693,64.0764073841274,280.616712896153,10,0.241555614280972,0,1000,5
17,200,"random",0.25,0.35,"factor",1117,1117,100,900,0.298650868143886,45.5595002043992,350.674565928057,8,0.36702240152991,0,1000,5
18,200,"random",0.25,0.35,"factor",1118,1118,100,900,0.390339718200266,42.2630651295185,304.830140899867,5,4.73439618903976,0,1000,5
19,200,"random",0.25,0.35,"factor",1119,1119,100,900,-0.586288434825838,45.7757810503244,793.144217412919,9,0.771855506342831,0,1000,5
20,200,"random",0.25,0.35,"factor",1120,1120,100,900,-0.223155245371163,48.5309214517474,611.577622685581,10,0.590815228000781,0,1000,5
21,200,"random",0.25,0.35,"factor",1121,1121,100,900,-0.383315755333751,64.1151966527104,691.657877666876,9,0.561784969676961,0,1000,5
22,200,"random",0.25,0.35,"factor",1122,1122,100,900,0.261416505090892,56.9383336603642,369.291747454554,10,0.48386857385137,0,1000,5
23,200,"random",0.25,0.35,"factor",1123,1123,100,900,-0.546727170422673,94.3231130857021,773.363585211337,5,0.267188652054431,0,1000,5
24,200,"random",0.25,0.35,"factor",1124,1124,100,900,-0.426768666505814,79.4081241078675,713.384333252907,10,0.381843026833427,0,1000,5
25,200,"random",0.25,0.35,"factor",1125,1125,100,900,-0.260834935400635,57.8676111530513,630.417467700318,5,1.28937310596004,0,1000,5
26,200,"random",0.25,0.35,"factor",1126,1126,100,900,0.485884658526629,76.9378018938005,257.057670736685,5,0.274939020987263,0,1000,5
27,200,"random",0.25,0.35,"factor",1127,1127,100,900,0.334295137319714,140.002244273201,332.852431340143,9,0.131377596412227,0,1000,5
28,200,"random",0.25,0.35,"factor",1128,1128,100,900,-0.431602932885289,86.3253905903548,715.801466442645,6,0.536167059346054,0,1000,5
29,200,"random",0.25,0.35,"factor",1129,1129,100,900,-0.374710229970515,73.3669654093683,687.355114985257,6,1.41390115909043,0,1000,5
30,200,"random",0.25,0.35,"factor",1130,1130,100,900,-0.44356137001887,44.299798393622,721.780685009435,10,0.360453206233321,0,1000,5
31,200,"random",0.25,0.35,"factor",1131,1131,100,900,0.497914327960461,66.6495764162391,251.042836019769,6,2.20720906980186,0,1000,5
32,200,"random",0.25,0.35,"factor",1132,1132,100,900,0.477115328982472,42.585169877857,261.442335508764,6,0.921517400621022,0,1000,5
33,200,"random",0.25,0.35,"factor",1133,1133,100,900,0.352307172678411,105.991551801562,323.846413660794,8,2.45001823392739,0,1000,5
34,200,"random",0.25,0.35,"factor",1134,1134,100,900,0.237091457657516,73.7665388081223,381.454271171242,5,1.966514203025,0,1000,5
35,200,"random",0.25,0.35,"factor",1135,1135,100,900,0.502784711960703,96.2797980569303,248.607644019648,8,1.10185067754618,0,1000,5
36,200,"random",0.25,0.35,"factor",1136,1136,100,900,0.266829162836075,80.0828091707081,366.585418581963,9,0.111822798918054,0,1000,5
37,200,"random",0.25,0.35,"factor",1137,1137,100,900,0.41795777734369,56.6044553834945,291.021111328155,10,0.287404714991423,0,1000,5
38,200,"random",0.25,0.35,"factor",1138,1138,100,900,-0.359092528838664,68.4469789359719,679.546264419332,10,0.14530974349844,0,1000,5
39,200,"random",0.25,0.35,"factor",1139,1139,100,900,0.428609769791365,144.613694148138,285.695115104318,7,0.1896168839229,0,1000,5
40,200,"random",0.25,0.35,"factor",1140,1140,100,900,0.36698657060042,86.8726140912622,316.50671469979,6,0.334321843650348,0,1000,5
41,200,"random",0.25,0.35,"factor",1141,1141,100,900,0.593219078425318,102.159121120349,203.390460787341,10,0.486418025234403,0,1000,5
42,200,"random",0.25,0.35,"factor",1142,1142,100,900,0.454658960737288,122.406133469194,272.670519631356,7,0.419050789830542,0,1000,5
43,200,"random",0.25,0.35,"factor",1143,1143,100,900,0.299650084413588,143.024987382814,350.174957793206,9,0.621623473276285,0,1000,5
44,200,"random",0.25,0.35,"factor",1144,1144,100,900,0.48601321047172,80.372664462775,256.99339476414,7,0.834148421042351,0,1000,5
45,200,"random",0.25,0.35,"factor",1145,1145,100,900,-0.534115684311837,125.729423183948,767.057842155918,10,0.424855324555449,0,1000,5
46,200,"random",0.25,0.35,"factor",1146,1146,100,900,0.504256642889231,123.279476454481,247.871678555384,6,0.747131222937391,0,1000,5
47,200,"random",0.25,0.35,"factor",1147,1147,100,900,-0.545501318760216,135.701460922137,772.750659380108,10,0.12789032763703,0,1000,5
48,200,"random",0.25,0.35,"factor",1148,1148,100,900,-0.527580514922738,117.268924191594,763.790257461369,7,0.518911178551855,0,1000,5
49,200,"random",0.25,0.35,"factor",1149,1149,100,900,-0.580912458803505,56.2903954740614,790.456229401752,10,1.99233148927534,0,1000,5
50,200,"random",0.25,0.35,"factor",1150,1150,100,900,0.349312082305551,150.799066117033,325.343958847225,9,0.969425545734363,0,1000,5
51,200,"random",0.25,0.35,"factor",1151,1151,100,900,0.450830542296171,68.2817133981735,274.584728851914,9,0.58998780143019,0,1000,5
52,200,"random",0.25,0.35,"factor",1152,1152,100,900,-0.280737769883126,158.153604250401,640.368884941563,10,0.501295637692079,0,1000,5
53,200,"random",0.25,0.35,"factor",1153,1153,100,900,0.439603926148266,86.1276365723461,280.198036925867,9,0.528949549736306,0,1000,5
54,200,"random",0.25,0.35,"factor",1154,1154,100,900,-0.250357682444155,51.2561501655728,625.178841222078,8,0.354178231847563,0,1000,5
55,200,"random",0.25,0.35,"factor",1155,1155,100,900,-0.424369101785123,48.1288644112647,712.184550892562,9,0.52028201944319,0,1000,5
56,200,"random",0.25,0.35,"factor",1156,1156,100,900,-0.495699675939977,151.074668848887,747.849837969989,8,0.522907835183801,0,1000,5
57,200,"random",0.25,0.35,"factor",1157,1157,100,900,-0.505106529127806,121.937482962385,752.553264563903,6,1.39119585445674,0,1000,5
58,200,"random",0.25,0.35,"factor",1158,1158,100,900,-0.300022197514772,96.9834407791495,650.011098757386,6,0.712467375101387,0,1000,5
59,200,"random",0.25,0.35,"factor",1159,1159,100,900,0.491699384339154,115.372308129445,254.150307830423,9,0.821170070172687,0,1000,5
60,200,"random",0.25,0.35,"factor",1160,1160,100,900,-0.314749109651893,144.72641909495,657.374554825947,6,1.22287970880661,0,1000,5
61,200,"random",0.25,0.35,"factor",1161,1161,100,900,-0.355616782512516,100.694424081594,677.808391256258,5,1.11972028336322,0,1000,5
62,200,"random",0.25,0.35,"factor",1162,1162,100,900,0.543068791273981,134.704018691555,228.465604363009,9,0.152908926289678,0,1000,5
63,200,"random",0.25,0.35,"factor",1163,1163,100,900,-0.524876292981207,46.9154063984752,762.438146490604,10,1.17271174642311,0,1000,5
64,200,"random",0.25,0.35,"factor",1164,1164,100,900,0.592326944135129,126.59342286177,203.836527932435,8,0.429825160176925,0,1000,5
65,200,"random",0.25,0.35,"factor",1165,1165,100,900,0.48951455457136,77.5111480429769,255.24272271432,7,0.158332830672455,0,1000,5
66,200,"random",0.25,0.35,"factor",1166,1166,100,900,0.471585831511766,154.860412636772,264.207084244117,6,0.153072617009409,0,1000,5
67,200,"random",0.25,0.35,"factor",1167,1167,100,900,-0.503229312971234,126.308433404192,751.614656485617,9,0.203837057786297,0,1000,5
68,200,"random",0.25,0.35,"factor",1168,1168,100,900,0.327198712900281,141.312032761052,336.40064354986,7,3.44304585708832,0,1000,5
69,200,"random",0.25,0.35,"factor",1169,1169,100,900,-0.599024190101773,72.4968975130469,799.512095050886,8,0.430645099381713,0,1000,5
70,200,"random",0.25,0.35,"factor",1170,1170,100,900,0.475221996102482,131.588163059205,262.389001948759,6,1.35567541600368,0,1000,5
71,200,"random",0.25,0.35,"factor",1171,1171,100,900,0.443655972182751,95.8505852147937,278.172013908625,8,0.50216557699247,0,1000,5
72,200,"random",0.25,0.35,"factor",1172,1172,100,900,0.427610057406127,139.309825729579,286.194971296936,5,0.115109787338035,0,1000,5
73,200,"random",0.25,0.35,"factor",1173,1173,100,900,0.321486581210047,106.11552445218,339.256709394976,8,0.818429229858218,0,1000,5
74,200,"random",0.25,0.35,"factor",1174,1174,100,900,-0.46497698109597,112.09454880096,732.488490547985,7,0.682999591227082,0,1000,5
75,200,"random",0.25,0.35,"factor",1175,1175,100,900,0.465426258556545,145.147644234821,267.286870721728,7,0.273964602362026,0,1000,5
76,200,"random",0.25,0.35,"factor",1176,1176,100,900,0.242766561545432,153.284880239516,378.616719227284,7,1.43330323614527,0,1000,5
77,200,"random",0.25,0.35,"factor",1177,1177,100,900,-0.358114948961884,101.126937130466,679.057474480942,5,0.398224905567544,0,1000,5
78,200,"random",0.25,0.35,"factor",1178,1178,100,900,0.392896341439337,134.487037006766,303.551829280332,10,0.285711889743617,0,1000,5
79,200,"random",0.25,0.35,"factor",1179,1179,100,900,0.288217958807945,82.3269537463784,355.891020596027,8,0.183469370069306,0,1000,5
80,200,"random",0.25,0.35,"factor",1180,1180,100,900,-0.372846394591033,70.2692630514503,686.423197295517,10,0.887650945317477,0,1000,5
81,200,"random",0.25,0.35,"factor",1181,1181,100,900,-0.341308947652578,117.872213181108,670.654473826289,10,0.185271397482491,0,1000,5
82,200,"random",0.25,0.35,"factor",1182,1182,100,900,-0.42871260792017,77.3549420293421,714.356303960085,5,0.307192019928691,0,1000,5
83,200,"random",0.25,0.35,"factor",1183,1183,100,900,-0.417553484905511,61.0423223581165,708.776742452756,8,0.170809671195777,0,1000,5
84,200,"random",0.25,0.35,"factor",1184,1184,100,900,0.223204605467618,81.4876801241189,388.397697266191,7,0.553085411673178,0,1000,5
85,200,"random",0.25,0.35,"factor",1185,1185,100,900,-0.533845734689385,40.4742598440498,766.922867344692,9,1.31851316343878,0,1000,5
86,200,"random",0.25,0.35,"factor",1186,1186,100,900,-0.350645131710917,95.8150039799512,675.322565855458,10,1.01821500854864,0,1000,5
87,200,"random",0.25,0.35,"factor",1187,1187,100,900,-0.455780743714422,96.7086487449706,727.890371857211,10,0.311559503682876,0,1000,5
88,200,"random",0.25,0.35,"factor",1188,1188,100,900,-0.39771136790514,54.952631406486,698.85568395257,6,0.692763163874956,0,1000,5
89,200,"random",0.25,0.35,"factor",1189,1189,100,900,-0.281968898046762,64.7155169676989,640.984449023381,7,0.527669893861432,0,1000,5
90,200,"random",0.25,0.35,"factor",1190,1190,100,900,-0.396576758287847,95.3532114624977,698.288379143924,10,0.453186938910287,0,1000,5
91,200,"random",0.25,0.35,"factor",1191,1191,100,900,-0.375264828745276,65.6065335310996,687.632414372638,8,0.628619914229235,0,1000,5
92,200,"random",0.25,0.35,"factor",1192,1192,100,900,0.445931754354388,77.2444174718112,277.034122822806,7,0.148075526026136,0,1000,5
93,200,"random",0.25,0.35,"factor",1193,1193,100,900,-0.225217380002141,150.237736012787,612.60869000107,5,1.43812044998542,0,1000,5
94,200,"random",0.25,0.35,"factor",1194,1194,100,900,-0.248042693082243,52.045634360984,624.021346541122,8,1.76513587533385,0,1000,5
95,200,"random",0.25,0.35,"factor",1195,1195,100,900,-0.367947774846107,125.585660105571,683.973887423053,6,1.1011571057242,0,1000,5
96,200,"random",0.25,0.35,"factor",1196,1196,100,900,0.365254151076078,149.745210101828,317.372924461961,6,3.20688309219974,0,1000,5
97,200,"random",0.25,0.35,"factor",1197,1197,100,900,0.237936614081264,137.171184280887,381.031692959368,10,0.368165947697501,0,1000,5
98,200,"random",0.25,0.35,"factor",1198,1198,100,900,-0.531126046180725,154.815419558436,765.563023090363,8,0.383719928195271,0,1000,5
99,200,"random",0.25,0.35,"factor",1199,1199,100,900,-0.232900980766863,153.208951093256,616.450490383431,10,0.425590195725272,0,1000,5
100,200,"random",0.25,0.35,"factor",1200,1200,100,900,0.399713984038681,71.9396800734103,300.14300798066,10,1.95277835053874,0,1000,5
1,200,"random",0.5,0.35,"factor",1201,1201,100,900,-0.532803956791759,58.6106931325048,766.401978395879,8,1.04000644942099,0,1000,5
2,200,"random",0.5,0.35,"factor",1202,1202,100,900,0.326453877985477,136.134444950148,336.773061007261,9,0.537716442989784,0,1000,5
3,200,"random",0.5,0.35,"factor",1203,1203,100,900,-0.37172342762351,98.2982743624598,685.861713811755,6,0.791021709167119,0,1000,5
4,200,"random",0.5,0.35,"factor",1204,1204,100,900,-0.258309467695653,114.038355564699,629.154733847827,7,1.67569746339146,0,1000,5
5,200,"random",0.5,0.35,"factor",1205,1205,100,900,-0.400524941366166,142.090742802247,700.262470683083,8,0.171860587817892,0,1000,5
6,200,"random",0.5,0.35,"factor",1206,1206,100,900,-0.517319016996771,79.6343255508691,758.659508498386,10,0.183986501283393,0,1000,5
7,200,"random",0.5,0.35,"factor",1207,1207,100,900,0.478215924929827,115.43617663905,260.892037535086,5,0.181049509165291,0,1000,5
8,200,"random",0.5,0.35,"factor",1208,1208,100,900,0.494978200644255,79.4879429601133,252.510899677873,9,2.0992222997289,0,1000,5
9,200,"random",0.5,0.35,"factor",1209,1209,100,900,-0.329669268708676,77.0990953873843,664.834634354338,7,0.421966087082529,0,1000,5
10,200,"random",0.5,0.35,"factor",1210,1210,100,900,0.291465616039932,158.629356352612,354.267191980034,10,0.248393582028395,0,1000,5
11,200,"random",0.5,0.35,"factor",1211,1211,100,900,0.366592416726053,96.865927586332,316.703791636974,6,1.46670086908284,0,1000,5
12,200,"random",0.5,0.35,"factor",1212,1212,100,900,-0.440426399279386,88.2128993235528,720.213199639693,5,0.155149440301228,0,1000,5
13,200,"random",0.5,0.35,"factor",1213,1213,100,900,-0.313389226328582,53.3616536762565,656.694613164291,7,0.292837601709108,0,1000,5
14,200,"random",0.5,0.35,"factor",1214,1214,100,900,-0.359340725839138,140.904936436564,679.670362919569,5,0.225183095985433,0,1000,5
15,200,"random",0.5,0.35,"factor",1215,1215,100,900,-0.344767281226814,138.829795029014,672.383640613407,9,0.311653679997968,0,1000,5
16,200,"random",0.5,0.35,"factor",1216,1216,100,900,0.214081057533622,135.347543722019,392.959471233189,5,0.158999452064018,0,1000,5
17,200,"random",0.5,0.35,"factor",1217,1217,100,900,-0.258775256201625,135.355624882504,629.387628100812,10,0.873124301512646,0,1000,5
18,200,"random",0.5,0.35,"factor",1218,1218,100,900,0.568042366858572,133.528753714636,215.978816570714,10,0.247753221015965,0,1000,5
19,200,"random",0.5,0.35,"factor",1219,1219,100,900,-0.513905752263963,68.7386778555811,756.952876131982,5,0.577571491510938,0,1000,5
20,200,"random",0.5,0.35,"factor",1220,1220,100,900,0.309101657755673,103.223181851208,345.449171122164,8,4.45095704918556,0,1000,5
21,200,"random",0.5,0.35,"factor",1221,1221,100,900,-0.492847238667309,151.350042587146,746.423619333655,9,1.5163181800587,0,1000,5
22,200,"random",0.5,0.35,"factor",1222,1222,100,900,-0.324646492488682,103.787864660844,662.323246244341,8,0.660901500104002,0,1000,5
23,200,"random",0.5,0.35,"factor",1223,1223,100,900,-0.286400625389069,148.43203753233,643.200312694535,9,0.849064956208714,0,1000,5
24,200,"random",0.5,0.35,"factor",1224,1224,100,900,0.282810696773231,127.841441864148,358.594651613384,10,0.280828316541228,0,1000,5
25,200,"random",0.5,0.35,"factor",1225,1225,100,900,0.585037235543132,48.2727953791618,207.481382228434,7,0.137407769207526,0,1000,5
26,200,"random",0.5,0.35,"factor",1226,1226,100,900,0.325114968791604,40.8275769837201,337.442515604198,7,0.155524570645017,0,1000,5
27,200,"random",0.5,0.35,"factor",1227,1227,100,900,0.360528519470245,154.993668692187,319.735740264878,8,0.405538980063076,0,1000,5
28,200,"random",0.5,0.35,"factor",1228,1228,100,900,-0.586862372700125,53.326172074303,793.431186350062,5,0.702070365274983,0,1000,5
29,200,"random",0.5,0.35,"factor",1229,1229,100,900,0.352668044436723,87.4649824108929,323.665977781639,9,0.272310170945301,0,1000,5
30,200,"random",0.5,0.35,"factor",1230,1230,100,900,0.370023220404983,104.250908931717,314.988389797509,5,1.38188529991601,0,1000,5
31,200,"random",0.5,0.35,"factor",1231,1231,100,900,0.22675749855116,149.935792787001,386.62125072442,7,1.38850954361505,0,1000,5
32,200,"random",0.5,0.35,"factor",1232,1232,100,900,-0.55631600888446,116.187882004306,778.15800444223,9,0.532765712421923,0,1000,5
33,200,"random",0.5,0.35,"factor",1233,1233,100,900,-0.405457319505513,45.0010306481272,702.728659752756,5,1.77578275944037,0,1000,5
34,200,"random",0.5,0.35,"factor",1234,1234,100,900,-0.434933582413942,64.5838760770857,717.466791206971,6,1.0689913496605,0,1000,5
35,200,"random",0.5,0.35,"factor",1235,1235,100,900,-0.272454100195318,100.240581296384,636.227050097659,7,2.66697973560836,0,1000,5
36,200,"random",0.5,0.35,"factor",1236,1236,100,900,-0.299016258493066,142.659526513889,649.508129246533,8,5.40362822343505,0,1000,5
37,200,"random",0.5,0.35,"factor",1237,1237,100,900,-0.454940180666745,106.235493877903,727.470090333372,9,0.192003676410073,0,1000,5
38,200,"random",0.5,0.35,"factor",1238,1238,100,900,0.50858375094831,47.2321717627347,245.708124525845,9,1.27437900449954,0,1000,5
39,200,"random",0.5,0.35,"factor",1239,1239,100,900,-0.430986286234111,82.934789750725,715.493143117055,5,0.341777848431998,0,1000,5
40,200,"random",0.5,0.35,"factor",1240,1240,100,900,-0.200640048645437,124.055682178587,600.320024322718,9,0.975580329219185,0,1000,5
41,200,"random",0.5,0.35,"factor",1241,1241,100,900,-0.522001384291798,121.829772768542,761.000692145899,10,0.458630474386192,0,1000,5
42,200,"random",0.5,0.35,"factor",1242,1242,100,900,-0.564842349756509,86.2286713067442,782.421174878255,10,0.146196810731978,0,1000,5
43,200,"random",0.5,0.35,"factor",1243,1243,100,900,-0.300042538624257,61.6735376417637,650.021269312128,9,0.269654798012971,0,1000,5
44,200,"random",0.5,0.35,"factor",1244,1244,100,900,-0.285397880803794,81.2657926790416,642.698940401897,10,0.165668151445668,0,1000,5
45,200,"random",0.5,0.35,"factor",1245,1245,100,900,0.219279080908746,85.1492416020483,390.360459545627,9,0.179358638698939,0,1000,5
46,200,"random",0.5,0.35,"factor",1246,1246,100,900,-0.256287980731577,106.811434924603,628.143990365788,8,0.117787356190482,0,1000,5
47,200,"random",0.5,0.35,"factor",1247,1247,100,900,0.460699461121112,57.8774536866695,269.650269439444,5,0.461058204790565,0,1000,5
48,200,"random",0.5,0.35,"factor",1248,1248,100,900,0.36393643990159,45.3477951232344,318.031780049205,10,0.162574025719497,0,1000,5
49,200,"random",0.5,0.35,"factor",1249,1249,100,900,-0.468210344854742,107.310886159539,734.105172427371,5,0.392577902925382,0,1000,5
50,200,"random",0.5,0.35,"factor",1250,1250,100,900,-0.336755294073373,154.721287544817,668.377647036687,8,0.513175034348092,0,1000,5
51,200,"random",0.5,0.35,"factor",1251,1251,100,900,-0.560169224906713,90.6826098263264,780.084612453356,10,0.440739707252364,0,1000,5
52,200,"random",0.5,0.35,"factor",1252,1252,100,900,0.377922733593732,93.9928401727229,311.038633203134,5,0.261773458117663,0,1000,5
53,200,"random",0.5,0.35,"factor",1253,1253,100,900,-0.374074429087341,96.895235972479,687.03721454367,9,0.377647398807463,0,1000,5
54,200,"random",0.5,0.35,"factor",1254,1254,100,900,0.56218345342204,40.9783643204719,218.90827328898,5,0.275005896440996,0,1000,5
55,200,"random",0.5,0.35,"factor",1255,1255,100,900,-0.476524287834764,131.122673368081,738.262143917382,8,0.724238898728188,0,1000,5
56,200,"random",0.5,0.35,"factor",1256,1256,100,900,0.269848798774183,46.1314120143652,365.075600612909,7,0.151165793939966,0,1000,5
57,200,"random",0.5,0.35,"factor",1257,1257,100,900,-0.470917438250035,77.2964754607528,735.458719125018,7,2.5099222855879,0,1000,5
58,200,"random",0.5,0.35,"factor",1258,1258,100,900,0.259359936229885,131.206855196506,370.320031885058,5,0.176949985742675,0,1000,5
59,200,"random",0.5,0.35,"factor",1259,1259,100,900,-0.326774690765887,85.3427363280207,663.387345382944,8,0.295216004937623,0,1000,5
60,200,"random",0.5,0.35,"factor",1260,1260,100,900,0.49518438372761,110.849143136293,252.407808136195,9,0.534329147054828,0,1000,5
61,200,"random",0.5,0.35,"factor",1261,1261,100,900,0.223911081347615,98.3301761653274,388.044459326193,6,0.187302107808275,0,1000,5
62,200,"random",0.5,0.35,"factor",1262,1262,100,900,0.5930887802504,115.042035216466,203.4556098748,8,0.378480755568955,0,1000,5
63,200,"random",0.5,0.35,"factor",1263,1263,100,900,0.298161818366498,88.70929739438,350.919090816751,8,3.12724267774573,0,1000,5
64,200,"random",0.5,0.35,"factor",1264,1264,100,900,0.223971332423389,86.732844458893,388.014333788306,10,0.55488694474885,0,1000,5
65,200,"random",0.5,0.35,"factor",1265,1265,100,900,-0.423595746792853,136.956101013348,711.797873396426,6,0.795251304799673,0,1000,5
66,200,"random",0.5,0.35,"factor",1266,1266,100,900,-0.445445343572646,85.2872323431075,722.722671786323,9,1.75118783423583,0,1000,5
67,200,"random",0.5,0.35,"factor",1267,1267,100,900,-0.421545538119972,140.177810359746,710.772769059986,10,0.586384032992321,0,1000,5
68,200,"random",0.5,0.35,"factor",1268,1268,100,900,0.597841777745634,48.5305424500257,201.079111127183,8,0.913144013732616,0,1000,5
69,200,"random",0.5,0.35,"factor",1269,1269,100,900,0.233991409279406,156.908896351233,383.004295360297,6,0.499109747964997,0,1000,5
70,200,"random",0.5,0.35,"factor",1270,1270,100,900,0.320952458120883,46.0571049898863,339.523770939559,7,1.23281221987103,0,1000,5
71,200,"random",0.5,0.35,"factor",1271,1271,100,900,0.385164237581193,84.7202158160508,307.417881209403,6,0.303859915274032,0,1000,5
72,200,"random",0.5,0.35,"factor",1272,1272,100,900,-0.492569905333221,119.351634792984,746.28495266661,9,0.294347860736605,0,1000,5
73,200,"random",0.5,0.35,"factor",1273,1273,100,900,0.252695638872683,154.752211989835,373.652180563658,5,2.20635863418158,0,1000,5
74,200,"random",0.5,0.35,"factor",1274,1274,100,900,-0.378381722606719,89.015740333125,689.190861303359,9,0.651011813717026,0,1000,5
75,200,"random",0.5,0.35,"factor",1275,1275,100,900,-0.508724781498313,108.280819542706,754.362390749156,7,1.35375199404668,0,1000,5
76,200,"random",0.5,0.35,"factor",1276,1276,100,900,-0.505946647003293,106.785845253617,752.973323501647,8,0.501024497681608,0,1000,5
77,200,"random",0.5,0.35,"factor",1277,1277,100,900,-0.412383891455829,42.8155723027885,706.191945727915,7,0.132613608175181,0,1000,5
78,200,"random",0.5,0.35,"factor",1278,1278,100,900,0.269974627811462,131.969958553091,365.012686094269,9,0.198805929682505,0,1000,5
79,200,"random",0.5,0.35,"factor",1279,1279,100,900,0.323425044119358,48.8223980553448,338.287477940321,10,1.23569351697635,0,1000,5
80,200,"random",0.5,0.35,"factor",1280,1280,100,900,-0.323481704201549,87.6313841715455,661.740852100775,8,0.359815627843999,0,1000,5
81,200,"random",0.5,0.35,"factor",1281,1281,100,900,0.491858502756804,53.9768571499735,254.070748621598,7,1.08205009568706,0,1000,5
82,200,"random",0.5,0.35,"factor",1282,1282,100,900,-0.424116755556315,66.0425465274602,712.058377778158,9,0.256296560533611,0,1000,5
83,200,"random",0.5,0.35,"factor",1283,1283,100,900,-0.276965623348951,54.7831228934228,638.482811674476,8,4.00313215869749,0,1000,5
84,200,"random",0.5,0.35,"factor",1284,1284,100,900,-0.321451134886593,94.2697081528604,660.725567443296,7,1.61192538812546,0,1000,5
85,200,"random",0.5,0.35,"factor",1285,1285,100,900,-0.551289884001017,110.426516123116,775.644942000508,7,0.682520202639664,0,1000,5
86,200,"random",0.5,0.35,"factor",1286,1286,100,900,-0.4601691856049,158.596364762634,730.08459280245,6,0.143896283231817,0,1000,5
87,200,"random",0.5,0.35,"factor",1287,1287,100,900,-0.288291820790619,153.899636538699,644.145910395309,8,0.186086867290003,0,1000,5
88,200,"random",0.5,0.35,"factor",1288,1288,100,900,0.431643988098949,82.0560592692346,284.178005950525,10,2.13681641735434,0,1000,5
89,200,"random",0.5,0.35,"factor",1289,1289,100,900,0.214144837576896,112.399850264192,392.927581211552,6,0.577417394802217,0,1000,5
90,200,"random",0.5,0.35,"factor",1290,1290,100,900,-0.513637140300125,68.4861188475043,756.818570150062,5,0.405390985731869,0,1000,5
91,200,"random",0.5,0.35,"factor",1291,1291,100,900,-0.271779725048691,83.0117323249578,635.889862524346,6,0.314227706192332,0,1000,5
92,200,"random",0.5,0.35,"factor",1292,1292,100,900,0.537960932590067,138.241397831589,231.019533704966,5,0.316683471226771,0,1000,5
93,200,"random",0.5,0.35,"factor",1293,1293,100,900,-0.344299719855189,67.1055534575135,672.149859927595,9,0.165564434448274,0,1000,5
94,200,"random",0.5,0.35,"factor",1294,1294,100,900,0.373596424795687,41.1159544344991,313.201787602156,7,0.585276860067071,0,1000,5
95,200,"random",0.5,0.35,"factor",1295,1295,100,900,0.371971789840609,150.902531826869,314.014105079696,7,0.163757080031475,0,1000,5
96,200,"random",0.5,0.35,"factor",1296,1296,100,900,-0.585150850564241,87.2168864309788,792.575425282121,5,0.753315966666534,0,1000,5
97,200,"random",0.5,0.35,"factor",1297,1297,100,900,-0.284821987338364,74.2469954770058,642.410993669182,6,0.53526578383919,0,1000,5
98,200,"random",0.5,0.35,"factor",1298,1298,100,900,-0.365733125712723,69.4395691342652,682.866562856361,9,1.85682387248656,0,1000,5
99,200,"random",0.5,0.35,"factor",1299,1299,100,900,0.33889396796003,134.464544812217,330.553016019985,7,0.827732084793754,0,1000,5
100,200,"random",0.5,0.35,"factor",1300,1300,100,900,0.344544737227261,89.9583202693612,327.727631386369,6,0.175559281215253,0,1000,5
1,200,"random",0.25,0.2,"factor",1301,1301,100,900,-0.443140821810812,53.1500816997141,721.570410905406,7,1.24588656266581,0,1000,5
2,200,"random",0.25,0.2,"factor",1302,1302,100,900,0.22422204753384,119.511538147926,387.88897623308,10,0.201286092612008,0,1000,5
3,200,"random",0.25,0.2,"factor",1303,1303,100,900,0.440740531869233,74.5097629725933,279.629734065384,8,0.400427863526044,0,1000,5
4,200,"random",0.25,0.2,"factor",1304,1304,100,900,0.459818535018712,113.383710179478,270.090732490644,5,0.224200229141967,0,1000,5
5,200,"random",0.25,0.2,"factor",1305,1305,100,900,-0.417583482712507,48.7665491551161,708.791741356254,5,0.586863858653032,0,1000,5
6,200,"random",0.25,0.2,"factor",1306,1306,100,900,0.506754267029464,69.5539156999439,246.622866485268,7,0.689332267818291,0,1000,5
7,200,"random",0.25,0.2,"factor",1307,1307,100,900,-0.272021412383765,73.344761999324,636.010706191882,10,0.637513679897076,0,1000,5
8,200,"random",0.25,0.2,"factor",1308,1308,100,900,-0.244388388842344,66.033918056637,622.194194421172,6,0.277086742179115,0,1000,5
9,200,"random",0.25,0.2,"factor",1309,1309,100,900,0.433724724221975,144.810380032286,283.137637889013,7,0.57970909270309,0,1000,5
10,200,"random",0.25,0.2,"factor",1310,1310,100,900,-0.556798188667744,60.0561112072319,778.399094333872,9,1.69171393078949,0,1000,5
11,200,"random",0.25,0.2,"factor",1311,1311,100,900,-0.56789662707597,83.2388828229159,783.948313537985,5,0.882880936704213,0,1000,5
12,200,"random",0.25,0.2,"factor",1312,1312,100,900,-0.436161596886814,154.807121055201,718.080798443407,7,0.607880316519637,0,1000,5
13,200,"random",0.25,0.2,"factor",1313,1313,100,900,0.283768064249307,128.894198508933,358.115967875347,7,4.55888501143682,0,1000,5
14,200,"random",0.25,0.2,"factor",1314,1314,100,900,-0.239163163490593,55.3042135480791,619.581581745297,6,2.85815742651788,0,1000,5
15,200,"random",0.25,0.2,"factor",1315,1315,100,900,0.589016631804407,44.7492415457964,205.491684097797,9,0.996569751831399,0,1000,5
16,200,"random",0.25,0.2,"factor",1316,1316,100,900,0.221207408420742,126.916853263974,389.396295789629,6,0.221009504604552,0,1000,5
17,200,"random",0.25,0.2,"factor",1317,1317,100,900,-0.522665643785149,84.4199953507632,761.332821892574,8,0.215062178861855,0,1000,5
18,200,"random",0.25,0.2,"factor",1318,1318,100,900,-0.557744116336107,155.174792511389,778.872058168054,5,5.02518099655736,0,1000,5
19,200,"random",0.25,0.2,"factor",1319,1319,100,900,0.241252630855888,97.1670339908451,379.373684572056,6,0.161564155973462,0,1000,5
20,200,"random",0.25,0.2,"factor",1320,1320,100,900,-0.477108536381274,125.32634165138,738.554268190637,8,1.15235621455647,0,1000,5
21,200,"random",0.25,0.2,"factor",1321,1321,100,900,0.267751223221421,69.9618228897452,366.124388389289,10,0.229621038221932,0,1000,5
22,200,"random",0.25,0.2,"factor",1322,1322,100,900,-0.428217104822397,88.5704441834241,714.108552411199,6,2.48381257956447,0,1000,5
23,200,"random",0.25,0.2,"factor",1323,1323,100,900,-0.352321572136134,125.211818730459,676.160786068067,5,0.268778061525595,0,1000,5
24,200,"random",0.25,0.2,"factor",1324,1324,100,900,0.291199551895261,130.91053603217,354.40022405237,7,0.373756422180638,0,1000,5
25,200,"random",0.25,0.2,"factor",1325,1325,100,900,0.399648356158286,56.5762992296368,300.175821920857,6,0.630915466848446,0,1000,5
26,200,"random",0.25,0.2,"factor",1326,1326,100,900,-0.516953186970204,70.5381837580353,758.476593485102,10,0.313302470731697,0,1000,5
27,200,"random",0.25,0.2,"factor",1327,1327,100,900,-0.272241004183888,115.388770690188,636.120502091944,5,0.221150878737782,0,1000,5
28,200,"random",0.25,0.2,"factor",1328,1328,100,900,0.28080248599872,142.562735117972,359.59875700064,7,0.97721118196537,0,1000,5
29,200,"random",0.25,0.2,"factor",1329,1329,100,900,-0.303184545226395,111.903047403321,651.592272613198,9,1.02137598149897,0,1000,5
30,200,"random",0.25,0.2,"factor",1330,1330,100,900,0.506813910510391,155.227921735495,246.593044744804,5,0.709974028369862,0,1000,5
31,200,"random",0.25,0.2,"factor",1331,1331,100,900,-0.458662872202694,130.080789867789,729.331436101347,9,1.70269130441172,0,1000,5
32,200,"random",0.25,0.2,"factor",1332,1332,100,900,0.268089861795306,137.008772864938,365.955069102347,8,0.247096243703009,0,1000,5
33,200,"random",0.25,0.2,"factor",1333,1333,100,900,-0.443796972930431,143.026286996901,721.898486465216,7,0.648939045527805,0,1000,5
34,200,"random",0.25,0.2,"factor",1334,1334,100,900,0.393747411575168,107.820643726736,303.126294212416,9,0.110609008894098,0,1000,5
35,200,"random",0.25,0.2,"factor",1335,1335,100,900,-0.29008329231292,139.72417762503,645.04164615646,6,0.247885352703396,0,1000,5
36,200,"random",0.25,0.2,"factor",1336,1336,100,900,-0.432286728266627,124.418517164886,716.143364133313,8,1.87576483614434,0,1000,5
37,200,"random",0.25,0.2,"factor",1337,1337,100,900,-0.327230546995997,146.552894245833,663.615273497999,5,0.945238563923438,0,1000,5
38,200,"random",0.25,0.2,"factor",1338,1338,100,900,-0.466345964837819,108.316544555128,733.17298241891,7,0.533890163729174,0,1000,5
39,200,"random",0.25,0.2,"factor",1339,1339,100,900,0.272148576751351,113.575693285093,363.925711624324,9,0.146194062072398,0,1000,5
40,200,"random",0.25,0.2,"factor",1340,1340,100,900,-0.542462673876435,46.612452538684,771.231336938217,9,0.427526938856217,0,1000,5
41,200,"random",0.25,0.2,"factor",1341,1341,100,900,-0.201846623793244,55.87631191127,600.923311896622,5,0.601015991685377,0,1000,5
42,200,"random",0.25,0.2,"factor",1342,1342,100,900,-0.275844560563564,157.513939142227,637.922280281782,6,0.730528887784429,0,1000,5
43,200,"random",0.25,0.2,"factor",1343,1343,100,900,0.310573665238917,140.78302805312,344.713167380542,8,0.344940962750076,0,1000,5
44,200,"random",0.25,0.2,"factor",1344,1344,100,900,-0.378055122122169,142.750504221767,689.027561061084,10,0.838587474698474,0,1000,5
45,200,"random",0.25,0.2,"factor",1345,1345,100,900,0.304567201994359,154.71362114884,347.71639900282,7,0.509413784394363,0,1000,5
46,200,"random",0.25,0.2,"factor",1346,1346,100,900,-0.512437892891467,80.6807889509946,756.218946445733,6,2.86156779205271,0,1000,5
47,200,"random",0.25,0.2,"factor",1347,1347,100,900,-0.383129649423063,119.034596066922,691.564824711531,5,5.83524072156582,0,1000,5
48,200,"random",0.25,0.2,"factor",1348,1348,100,900,-0.298760216124356,77.0617046393454,649.380108062178,6,0.377775576730985,0,1000,5
49,200,"random",0.25,0.2,"factor",1349,1349,100,900,0.265388483460993,69.9894985929132,367.305758269504,8,0.230403227081602,0,1000,5
50,200,"random",0.25,0.2,"factor",1350,1350,100,900,-0.353329714015126,141.720360722393,676.664857007563,8,2.27111940892079,0,1000,5
51,200,"random",0.25,0.2,"factor",1351,1351,100,900,-0.473218671791255,112.297588111833,736.609335895628,6,0.358372963646799,0,1000,5
52,200,"random",0.25,0.2,"factor",1352,1352,100,900,-0.409533115569502,92.7819029055536,704.766557784751,8,0.325115893289238,0,1000,5
53,200,"random",0.25,0.2,"factor",1353,1353,100,900,-0.231566955335438,76.9180062692612,615.783477667719,7,0.196341315171034,0,1000,5
54,200,"random",0.25,0.2,"factor",1354,1354,100,900,0.549241680838168,84.6912304405123,225.379159580916,8,0.450629932220695,0,1000,5
55,200,"random",0.25,0.2,"factor",1355,1355,100,900,-0.579422071389854,108.581070378423,789.711035694927,5,0.41959853212834,0,1000,5
56,200,"random",0.25,0.2,"factor",1356,1356,100,900,0.271928521711379,132.558627687395,364.03573914431,5,0.167434983840929,0,1000,5
57,200,"random",0.25,0.2,"factor",1357,1357,100,900,0.251865176204592,111.180564342067,374.067411897704,8,0.188770806111842,0,1000,5
58,200,"random",0.25,0.2,"factor",1358,1358,100,900,0.323621936980635,62.613224061206,338.189031509683,10,0.888584328872709,0,1000,5
59,200,"random",0.25,0.2,"factor",1359,1359,100,900,0.46778813758865,42.66153591685,266.105931205675,6,0.364107408307138,0,1000,5
60,200,"random",0.25,0.2,"factor",1360,1360,100,900,-0.245949371531606,109.57634982653,622.974685765803,10,0.40821876777451,0,1000,5
61,200,"random",0.25,0.2,"factor",1361,1361,100,900,-0.588530431222171,154.548786720261,794.265215611085,10,0.302195392019559,0,1000,5
62,200,"random",0.25,0.2,"factor",1362,1362,100,900,-0.414780240133405,112.451038630679,707.390120066702,7,0.140893025646801,0,1000,5
63,200,"random",0.25,0.2,"factor",1363,1363,100,900,0.296690506953746,128.277224218473,351.654746523127,6,1.18467008726212,0,1000,5
64,200,"random",0.25,0.2,"factor",1364,1364,100,900,-0.502015874907374,138.764412496239,751.007937453687,7,0.663007940512125,0,1000,5
65,200,"random",0.25,0.2,"factor",1365,1365,100,900,-0.342017381545156,127.403238872066,671.008690772578,10,0.154703846300236,0,1000,5
66,200,"random",0.25,0.2,"factor",1366,1366,100,900,-0.258203808311373,159.477034593001,629.101904155686,10,0.331476283905945,0,1000,5
67,200,"random",0.25,0.2,"factor",1367,1367,100,900,-0.29949053293094,77.1738001890481,649.74526646547,7,0.775759729775634,0,1000,5
68,200,"random",0.25,0.2,"factor",1368,1368,100,900,0.300114079099149,124.091385928914,349.942960450426,6,0.108536197664945,0,1000,5
69,200,"random",0.25,0.2,"factor",1369,1369,100,900,0.416161554865539,63.4699458722025,291.91922256723,7,0.193563644768118,0,1000,5
70,200,"random",0.25,0.2,"factor",1370,1370,100,900,0.530628798808902,131.279571112245,234.685600595549,6,0.493773918925458,0,1000,5
71,200,"random",0.25,0.2,"factor",1371,1371,100,900,-0.483985636942089,143.697373010218,741.992818471044,5,0.21872129372823,0,1000,5
72,200,"random",0.25,0.2,"factor",1372,1372,100,900,-0.582684098277241,110.992332976311,791.34204913862,9,0.262229522773678,0,1000,5
73,200,"random",0.25,0.2,"factor",1373,1373,100,900,-0.225590743031353,48.368037994951,612.795371515676,8,0.497290141152273,0,1000,5
74,200,"random",0.25,0.2,"factor",1374,1374,100,900,-0.409815247729421,137.376313591376,704.90762386471,7,0.191379346833119,0,1000,5
75,200,"random",0.25,0.2,"factor",1375,1375,100,900,-0.261398852523416,145.578333772719,630.699426261708,8,0.23328766491529,0,1000,5
76,200,"random",0.25,0.2,"factor",1376,1376,100,900,-0.308031639177352,135.321517800912,654.015819588676,9,2.86318867328588,0,1000,5
77,200,"random",0.25,0.2,"factor",1377,1377,100,900,-0.232864365633577,43.2531472109258,616.432182816789,9,0.347252053660816,0,1000,5
78,200,"random",0.25,0.2,"factor",1378,1378,100,900,0.511901566572487,135.679068025202,244.049216713756,10,0.526387638340827,0,1000,5
79,200,"random",0.25,0.2,"factor",1379,1379,100,900,0.467046414595097,121.565149463713,266.476792702451,6,0.371460718156805,0,1000,5
80,200,"random",0.25,0.2,"factor",1380,1380,100,900,0.331917774211615,155.404764218256,334.041112894192,6,0.166169201517712,0,1000,5
81,200,"random",0.25,0.2,"factor",1381,1381,100,900,0.457678584754467,57.5219164043665,271.160707622766,5,0.646477285656839,0,1000,5
82,200,"random",0.25,0.2,"factor",1382,1382,100,900,0.274502906482667,146.320600975305,362.748546758667,10,0.592972481876516,0,1000,5
83,200,"random",0.25,0.2,"factor",1383,1383,100,900,-0.295603637211025,61.9239732064307,647.801818605512,6,0.823737041395326,0,1000,5
84,200,"random",0.25,0.2,"factor",1384,1384,100,900,-0.571588550321758,44.1916848625988,785.794275160879,7,0.59145865868594,0,1000,5
85,200,"random",0.25,0.2,"factor",1385,1385,100,900,0.261645399685949,63.08334056288,369.177300157025,6,0.230004941114743,0,1000,5
86,200,"random",0.25,0.2,"factor",1386,1386,100,900,0.210353419836611,40.814001429826,394.823290081695,6,0.584350263713759,0,1000,5
87,200,"random",0.25,0.2,"factor",1387,1387,100,900,-0.220170018356293,110.251980787143,610.085009178147,7,0.264040730263244,0,1000,5
88,200,"random",0.25,0.2,"factor",1388,1388,100,900,-0.437827945593744,56.3557719718665,718.913972796872,10,0.423609798960522,0,1000,5
89,200,"random",0.25,0.2,"factor",1389,1389,100,900,0.50104204332456,149.329680548981,249.47897833772,9,0.42531951778487,0,1000,5
90,200,"random",0.25,0.2,"factor",1390,1390,100,900,0.421050015278161,45.5758938100189,289.47499236092,5,1.54145446736142,0,1000,5
91,200,"random",0.25,0.2,"factor",1391,1391,100,900,-0.290425041038543,111.259201485664,645.212520519271,6,1.02659437660576,0,1000,5
92,200,"random",0.25,0.2,"factor",1392,1392,100,900,-0.506762351561338,47.9570657666773,753.381175780669,8,0.360236374475488,0,1000,5
93,200,"random",0.25,0.2,"factor",1393,1393,100,900,0.505230984371156,145.261728251353,247.384507814422,5,1.41248791800559,0,1000,5
94,200,"random",0.25,0.2,"factor",1394,1394,100,900,0.331814473215491,98.9594615995884,334.092763392255,7,0.33963235508921,0,1000,5
95,200,"random",0.25,0.2,"factor",1395,1395,100,900,0.590791453700513,122.479171948507,204.604273149744,5,0.522658488207,0,1000,5
96,200,"random",0.25,0.2,"factor",1396,1396,100,900,-0.578306975774467,49.2787978518754,789.153487887233,6,0.106728932114756,0,1000,5
97,200,"random",0.25,0.2,"factor",1397,1397,100,900,-0.564348291419446,40.8097497653216,782.174145709723,8,0.216551650283026,0,1000,5
98,200,"random",0.25,0.2,"factor",1398,1398,100,900,-0.594930642936379,135.881897034124,797.465321468189,10,0.750036350710433,0,1000,5
99,200,"random",0.25,0.2,"factor",1399,1399,100,900,0.281657942198217,109.734549140558,359.171028900892,5,0.169593088447436,0,1000,5
100,200,"random",0.25,0.2,"factor",1400,1400,100,900,-0.39643868105486,56.364052509889,698.21934052743,5,0.298051893805156,0,1000,5
1,200,"random",0.5,0.2,"factor",1401,1401,100,900,-0.549014740809798,69.2951510939747,774.507370404899,7,0.323226301696663,0,1000,5
2,200,"random",0.5,0.2,"factor",1402,1402,100,900,-0.555633548274636,50.1522360555828,777.816774137318,10,0.355898994236333,0,1000,5
3,200,"random",0.5,0.2,"factor",1403,1403,100,900,0.300476791150868,143.803490726277,349.761604424566,8,0.206462135113071,0,1000,5
4,200,"random",0.5,0.2,"factor",1404,1404,100,900,0.355581746716052,143.996910713613,322.209126641974,10,0.284914750362333,0,1000,5
5,200,"random",0.5,0.2,"factor",1405,1405,100,900,-0.445377395767719,52.2817206103355,722.688697883859,5,1.5907658521347,0,1000,5
6,200,"random",0.5,0.2,"factor",1406,1406,100,900,0.344287209119648,59.8043000325561,327.856395440176,10,0.304272485273665,0,1000,5
7,200,"random",0.5,0.2,"factor",1407,1407,100,900,-0.426028619240969,66.6046347189695,713.014309620485,6,0.193737051383814,0,1000,5
8,200,"random",0.5,0.2,"factor",1408,1408,100,900,0.300873405765742,74.7359159123152,349.563297117129,9,0.605157126239837,0,1000,5
9,200,"random",0.5,0.2,"factor",1409,1409,100,900,0.482671216037124,91.9276683684439,258.664391981438,6,1.15126790100961,0,1000,5
10,200,"random",0.5,0.2,"factor",1410,1410,100,900,-0.297048735804856,124.488346576691,648.524367902428,6,1.5232197612452,0,1000,5
11,200,"random",0.5,0.2,"factor",1411,1411,100,900,-0.401429914869368,139.934862488881,700.714957434684,6,0.45184659975918,0,1000,5
12,200,"random",0.5,0.2,"factor",1412,1412,100,900,-0.528742444142699,85.3974508494139,764.37122207135,5,0.52329573684146,0,1000,5
13,200,"random",0.5,0.2,"factor",1413,1413,100,900,0.445856993552297,87.8030956722796,277.071503223851,5,0.220995921983695,0,1000,5
14,200,"random",0.5,0.2,"factor",1414,1414,100,900,-0.462766196858138,140.253729335964,731.383098429069,9,0.994457962609961,0,1000,5
15,200,"random",0.5,0.2,"factor",1415,1415,100,900,-0.494535721372813,142.557199541479,747.267860686406,5,0.81641388124403,0,1000,5
16,200,"random",0.5,0.2,"factor",1416,1416,100,900,0.435040554776788,118.087680451572,282.479722611606,10,0.113868124777408,0,1000,5
17,200,"random",0.5,0.2,"factor",1417,1417,100,900,-0.206762599013746,133.566328166053,603.381299506873,6,0.33258794135462,0,1000,5
18,200,"random",0.5,0.2,"factor",1418,1418,100,900,-0.505758440122008,67.1119200158864,752.879220061004,8,0.358121602219632,0,1000,5
19,200,"random",0.5,0.2,"factor",1419,1419,100,900,0.356952784210444,129.161458564922,321.523607894778,9,0.625150702214985,0,1000,5
20,200,"random",0.5,0.2,"factor",1420,1420,100,900,-0.223688703868538,99.8692627064884,611.844351934269,7,0.131533002759312,0,1000,5
21,200,"random",0.5,0.2,"factor",1421,1421,100,900,0.459102474804968,40.9719869494438,270.448762597516,7,0.502820798532751,0,1000,5
22,200,"random",0.5,0.2,"factor",1422,1422,100,900,-0.263167762942612,126.84603350237,631.583881471306,7,0.332567256671831,0,1000,5
23,200,"random",0.5,0.2,"factor",1423,1423,100,900,0.432862312346697,89.5162510685623,283.568843826652,5,0.6401434359148,0,1000,5
24,200,"random",0.5,0.2,"factor",1424,1424,100,900,-0.31815229235217,156.807112721726,659.076146176085,7,0.322687962795496,0,1000,5
25,200,"random",0.5,0.2,"factor",1425,1425,100,900,0.420698658749461,103.490906795487,289.650670625269,8,0.760817468771746,0,1000,5
26,200,"random",0.5,0.2,"factor",1426,1426,100,900,-0.321511116996407,56.1520523019135,660.755558498204,9,1.84715164319578,0,1000,5
27,200,"random",0.5,0.2,"factor",1427,1427,100,900,-0.583238724898547,145.420839684084,791.619362449273,6,0.736361255629459,0,1000,5
28,200,"random",0.5,0.2,"factor",1428,1428,100,900,-0.502532606106252,72.2657727915794,751.266303053126,7,0.341748656511892,0,1000,5
29,200,"random",0.5,0.2,"factor",1429,1429,100,900,0.379032074194401,108.474023332819,310.483962902799,8,0.35405494645165,0,1000,5
30,200,"random",0.5,0.2,"factor",1430,1430,100,900,0.565147623512894,76.503589944914,217.426188243553,6,0.320772617532318,0,1000,5
31,200,"random",0.5,0.2,"factor",1431,1431,100,900,0.414371169451624,117.745648119599,292.814415274188,9,0.671780066697223,0,1000,5
32,200,"random",0.5,0.2,"factor",1432,1432,100,900,-0.486436496768147,95.6704369653016,743.218248384073,10,0.345906222594591,0,1000,5
33,200,"random",0.5,0.2,"factor",1433,1433,100,900,0.380475910939276,134.509133743122,309.762044530362,5,2.64741788793933,0,1000,5
34,200,"random",0.5,0.2,"factor",1434,1434,100,900,-0.432226081285626,68.5706794261932,716.113040642813,8,0.148472814029915,0,1000,5
35,200,"random",0.5,0.2,"factor",1435,1435,100,900,0.596224954351783,119.861355898902,201.887522824109,7,0.35874693519815,0,1000,5
36,200,"random",0.5,0.2,"factor",1436,1436,100,900,-0.445168063510209,63.727263007313,722.584031755105,9,0.483946015323033,0,1000,5
37,200,"random",0.5,0.2,"factor",1437,1437,100,900,0.306740747857839,61.4409098494798,346.629626071081,6,0.497127300334987,0,1000,5
38,200,"random",0.5,0.2,"factor",1438,1438,100,900,0.29714433234185,50.5640059057623,351.427833829075,9,0.523722338684146,0,1000,5
39,200,"random",0.5,0.2,"factor",1439,1439,100,900,-0.545391257107258,46.0378152132034,772.695628553629,10,0.74808828252055,0,1000,5
40,200,"random",0.5,0.2,"factor",1440,1440,100,900,0.536346494127065,110.922739850357,231.826752936468,5,1.18880521840384,0,1000,5
41,200,"random",0.5,0.2,"factor",1441,1441,100,900,-0.548972454480827,66.7752421554178,774.486227240413,9,0.476986598817347,0,1000,5
42,200,"random",0.5,0.2,"factor",1442,1442,100,900,0.560648452863097,123.957000635564,219.675773568451,8,0.131239057994486,0,1000,5
43,200,"random",0.5,0.2,"factor",1443,1443,100,900,-0.291773266158998,44.7637019492686,645.886633079499,9,0.303983929641072,0,1000,5
44,200,"random",0.5,0.2,"factor",1444,1444,100,900,0.298124376963824,98.1852739304304,350.937811518088,6,0.542566123851633,0,1000,5
45,200,"random",0.5,0.2,"factor",1445,1445,100,900,0.556833233125508,48.7616110127419,221.583383437246,9,1.24121429402528,0,1000,5
46,200,"random",0.5,0.2,"factor",1446,1446,100,900,-0.46635605096817,46.2183344457299,733.178025484085,6,0.11327525488365,0,1000,5
47,200,"random",0.5,0.2,"factor",1447,1447,100,900,0.488910856842995,105.839288886636,255.544571578503,10,0.407595301274299,0,1000,5
48,200,"random",0.5,0.2,"factor",1448,1448,100,900,0.356746713537723,126.002249466255,321.626643231139,6,1.41956932657102,0,1000,5
49,200,"random",0.5,0.2,"factor",1449,1449,100,900,-0.537253247387707,103.775667510927,768.626623693854,6,0.290072975337146,0,1000,5
50,200,"random",0.5,0.2,"factor",1450,1450,100,900,0.232697371393442,113.193112043664,383.651314303279,6,0.67462941272151,0,1000,5
51,200,"random",0.5,0.2,"factor",1451,1451,100,900,0.215920178405941,58.477152204141,392.03991079703,6,0.240917430849452,0,1000,5
52,200,"random",0.5,0.2,"factor",1452,1452,100,900,0.327164396736771,106.705003865063,336.417801631615,5,1.69721639063917,0,1000,5
53,200,"random",0.5,0.2,"factor",1453,1453,100,900,0.28785338010639,115.020594224334,356.073309946805,8,0.138794061292257,0,1000,5
54,200,"random",0.5,0.2,"factor",1454,1454,100,900,-0.557245225924998,64.7555691096932,778.622612962499,6,0.196518230715656,0,1000,5
55,200,"random",0.5,0.2,"factor",1455,1455,100,900,-0.339790438860655,68.934294488281,669.895219430327,8,0.396492384443491,0,1000,5
56,200,"random",0.5,0.2,"factor",1456,1456,100,900,-0.20255908574909,145.136640081182,601.279542874545,6,0.403650362096116,0,1000,5
57,200,"random",0.5,0.2,"factor",1457,1457,100,900,-0.429879153240472,136.431041946635,714.939576620236,8,0.142422765049076,0,1000,5
58,200,"random",0.5,0.2,"factor",1458,1458,100,900,0.438338381052017,57.420152137056,280.830809473991,7,1.00798200474082,0,1000,5
59,200,"random",0.5,0.2,"factor",1459,1459,100,900,0.390121517516673,58.1227942556143,304.939241241664,6,0.174594281934979,0,1000,5
60,200,"random",0.5,0.2,"factor",1460,1460,100,900,0.593008766695857,60.0544614810497,203.495616652071,8,0.87813179442588,0,1000,5
61,200,"random",0.5,0.2,"factor",1461,1461,100,900,0.376407279167324,123.410076592118,311.796360416338,6,4.36485799246468,0,1000,5
62,200,"random",0.5,0.2,"factor",1462,1462,100,900,-0.293424098566175,65.6659206002951,646.712049283087,8,0.214122009314473,0,1000,5
63,200,"random",0.5,0.2,"factor",1463,1463,100,900,-0.490179479960352,61.6264892928302,745.089739980176,5,1.10839425814319,0,1000,5
64,200,"random",0.5,0.2,"factor",1464,1464,100,900,-0.316427560243756,109.654573211446,658.213780121878,8,0.178877097155631,0,1000,5
65,200,"random",0.5,0.2,"factor",1465,1465,100,900,-0.527840640489012,88.9117165002972,763.920320244506,8,1.31763148337912,0,1000,5
66,200,"random",0.5,0.2,"factor",1466,1466,100,900,-0.221632437128574,80.1603877637535,610.816218564287,6,0.667229264341709,0,1000,5
67,200,"random",0.5,0.2,"factor",1467,1467,100,900,-0.580881210323423,47.493263296783,790.440605161712,7,0.156721016301787,0,1000,5
68,200,"random",0.5,0.2,"factor",1468,1468,100,900,0.257452335581183,65.1768276933581,371.273832209408,5,0.14783681724593,0,1000,5
69,200,"random",0.5,0.2,"factor",1469,1469,100,900,-0.49078312581405,63.7613351922482,745.391562907025,6,0.738004548272696,0,1000,5
70,200,"random",0.5,0.2,"factor",1470,1470,100,900,-0.548515729792416,144.350053174421,774.257864896208,8,0.766049711793083,0,1000,5
71,200,"random",0.5,0.2,"factor",1471,1471,100,900,-0.249046165309846,154.204874271527,624.523082654923,5,0.744359445333036,0,1000,5
72,200,"random",0.5,0.2,"factor",1472,1472,100,900,0.379553138744086,83.1856318376959,310.223430627957,6,0.980657173529063,0,1000,5
73,200,"random",0.5,0.2,"factor",1473,1473,100,900,0.233998246863484,76.9145893584937,383.000876568258,6,4.22868765276056,0,1000,5
74,200,"random",0.5,0.2,"factor",1474,1474,100,900,-0.348072892148048,95.0484386179596,674.036446074024,6,0.710992686358153,0,1000,5
75,200,"random",0.5,0.2,"factor",1475,1475,100,900,-0.563561941497028,59.4242114014924,781.780970748514,5,0.282344606698219,0,1000,5
76,200,"random",0.5,0.2,"factor",1476,1476,100,900,-0.391978360991925,151.810247180983,695.989180495963,5,0.498457995174236,0,1000,5
77,200,"random",0.5,0.2,"factor",1477,1477,100,900,-0.338783759623766,85.9363462589681,669.391879811883,5,0.313925489692024,0,1000,5
78,200,"random",0.5,0.2,"factor",1478,1478,100,900,-0.28605167362839,60.6657936889678,643.025836814195,10,0.122009675667441,0,1000,5
79,200,"random",0.5,0.2,"factor",1479,1479,100,900,-0.455270038358867,146.945908665657,727.635019179434,10,1.74524474717423,0,1000,5
80,200,"random",0.5,0.2,"factor",1480,1480,100,900,0.231260023545474,136.23691894114,384.369988227263,7,0.105630081086495,0,1000,5
81,200,"random",0.5,0.2,"factor",1481,1481,100,900,-0.462176871206611,125.531736975536,731.088435603306,8,1.53965975002656,0,1000,5
82,200,"random",0.5,0.2,"factor",1482,1482,100,900,-0.352049485873431,112.514619249851,676.024742936715,7,0.365137439314028,0,1000,5
83,200,"random",0.5,0.2,"factor",1483,1483,100,900,-0.499012364353985,93.4138453193009,749.506182176992,9,0.184926751410648,0,1000,5
84,200,"random",0.5,0.2,"factor",1484,1484,100,900,0.434798659849912,156.973625151441,282.600670075044,6,0.230790252155226,0,1000,5
85,200,"random",0.5,0.2,"factor",1485,1485,100,900,0.334861844591796,158.311810661107,332.569077704102,10,1.03559712247394,0,1000,5
86,200,"random",0.5,0.2,"factor",1486,1486,100,900,0.468146686255932,66.9950040336698,265.926656872034,10,0.660387692027068,0,1000,5
87,200,"random",0.5,0.2,"factor",1487,1487,100,900,0.348555924464017,103.324260869995,325.722037767991,5,2.18725855271451,0,1000,5
88,200,"random",0.5,0.2,"factor",1488,1488,100,900,0.582613489497453,156.655723480508,208.693255251274,8,0.757753336569135,0,1000,5
89,200,"random",0.5,0.2,"factor",1489,1489,100,900,0.467711648531258,132.068518195301,266.144175734371,10,0.165827989191522,0,1000,5
90,200,"random",0.5,0.2,"factor",1490,1490,100,900,0.241907928045839,123.497897619382,379.04603597708,10,2.34231239518883,0,1000,5
91,200,"random",0.5,0.2,"factor",1491,1491,100,900,-0.286602820456028,55.7502257078886,643.301410228014,10,0.720126290900098,0,1000,5
92,200,"random",0.5,0.2,"factor",1492,1492,100,900,0.36546130310744,100.813143597916,317.26934844628,9,1.33394500159197,0,1000,5
93,200,"random",0.5,0.2,"factor",1493,1493,100,900,-0.364110061526299,139.720214186236,682.055030763149,7,0.161936178131246,0,1000,5
94,200,"random",0.5,0.2,"factor",1494,1494,100,900,0.295285050198436,45.0121672917157,352.357474900782,6,0.333713515987683,0,1000,5
95,200,"random",0.5,0.2,"factor",1495,1495,100,900,0.312085002940148,101.853185286745,343.957498529926,5,0.285386306735395,0,1000,5
96,200,"random",0.5,0.2,"factor",1496,1496,100,900,0.546362528670579,109.999200245366,226.81873566471,5,0.675472381985565,0,1000,5
97,200,"random",0.5,0.2,"factor",1497,1497,100,900,-0.254431261587888,99.0541120618582,627.215630793944,6,2.69555121065266,0,1000,5
98,200,"random",0.5,0.2,"factor",1498,1498,100,900,0.45113121131435,47.8219539299607,274.434394342825,9,0.212885198200276,0,1000,5
99,200,"random",0.5,0.2,"factor",1499,1499,100,900,-0.425794333219528,151.873250929639,712.897166609764,5,0.197872461794206,0,1000,5
100,200,"random",0.5,0.2,"factor",1500,1500,100,900,0.596740070078522,102.735790722072,201.629964960739,5,0.18853861415855,0,1000,5
