ID,Site,Start_date,End_date,Midpoint,RoofedArea,Value
1,Great Holts Farm,250,360,305,405,6.003887067106539
2,Great Holts Farm,250,360,305,64.80000305,4.171305650426129
3,Great Holts Farm,250,360,305,288,5.662960480135946
4,Strood Hall,270,375,322.5,112,4.718498871295094
5,East of Little Dunmow Road,-100,60,-20,78.5,4.363098624788363
6,East of Little Dunmow Road,-100,60,-20,78.5,4.363098624788363
7,Little Oakley,150,350,250,428,6.059123195581797
8,Little Oakley,50,70,60,287,5.659482215759621
9,Orsett 'Cock',50,100,75,37.09999847,3.6136169283734967
10,Orsett 'Cock',50,100,75,31.89999962,3.462605997878573
11,Orsett 'Cock',-100,50,-25,31.299999239999998,3.443618073264957
12,Orsett 'Cock',75,175,125,51.79999924,3.9473901345936224
13,Orsett 'Cock',75,175,125,330,5.799092654460526
14,Orsett 'Cock',175,325,250,95.09999847,4.554928953463016
15,Orsett 'Cock',50,100,75,29.10000038,3.370738187235866
16,Orsett 'Cock',43,60,51.5,243.3000031,5.494295262530948
17,Orsett 'Cock',175,325,250,16,2.772588722239781
18,Orsett 'Cock',175,325,250,12.600000380000001,2.5336968441161623
19,Orsett 'Cock',50,100,75,86.59999847,4.461299797900953
20,Stansted 85-91 (ACS),-50,-25,-37.5,95,4.553876891600541
21,Stansted 85-91 (ACS),-50,40,-5,78.5,4.363098624788363
22,Stansted 85-91 (ACS),-30,40,5,176.6999969,5.174453361781791
23,Stansted 85-91 (ACS),-75,-25,-50,40.70000076,3.7062281111217676
24,Stansted 85-91 (ACS),-70,-40,-55,132.6999969,4.888090917977197
25,Stansted 85-91 (ACS),-50,75,12.5,47.79999924,3.8670256235978284
26,Stansted 85-91 (ACS),-75,75,0,91.59999847,4.517431254977028
27,Stansted 85-91 (ACS),-75,75,0,109.4000015,4.695010903699033
28,Stansted 85-91 (ACS),-75,-50,-62.5,24,3.1780538303479458
29,Stansted 85-91 (ACS),-75,75,0,103.8000031,4.642466000596913
30,Stansted 85-91 (ACS),-75,75,0,95,4.553876891600541
31,Stansted 85-91 (ACS),-50,40,-5,75,4.31748811353631
32,Chignall,120,245,182.5,122.8000031,4.810557040957342
33,Chignall,-100,75,-12.5,138.8999939,4.933754205843811
34,Chignall,75,120,97.5,114,4.736198448394496
35,"Frogs Hall Borrow Pit, Takeley",350,400,375,56.79999924,4.039536312346824
36,Ardale,-100,350,125,122.6999969,4.809742326451992
37,Billericay,1,350,175.5,314.2000122,5.750029764650291
38,Hill Farm,75,400,237.5,662.4000244,6.495869639906798
39,Curry Hill,100,275,187.5,91,4.51085950651685
40,Little Waltham,-25,0,-12.5,143.8000031,4.968423466844665
41,Little Waltham,-125,50,-37.5,203.6000061,5.316157314637074
42,Cressing Churchyard,75,100,87.5,40,3.6888794541139363
43,Cressing Churchyard,150,225,187.5,120.4000015,4.790819545333193
44,Kelvedon,100,400,250,58.90000153,4.075841116633772
45,Kelvedon,-100,50,-25,13.5,2.6026896854443837
46,Kelvedon,-100,50,-25,44,3.784189633918261
47,Kelvedon,-100,50,-25,105,4.653960350157523
48,"Ship Lane, Aveley",50,125,87.5,78.5,4.363098624788363
49,Mucking,-100,400,150,25,3.2188758248682006
50,Mucking,-100,400,150,22,3.091042453358316
51,Mucking,-100,400,150,32.79999924,3.490428492219366
52,Mucking,-100,400,150,154,5.0369526024136295
53,Mucking,-100,400,150,36,3.58351893845611
54,Mucking,-100,400,150,6.599999905,1.8870696346384404
55,Mucking,-100,400,150,32,3.4657359027997265
56,Mucking,-100,400,150,55.59999847,4.018183173738551
57,Mucking,-100,400,150,50,3.912023005428146
58,Mucking,-100,400,150,136,4.912654885736052
59,Mucking,-100,400,150,40,3.6888794541139363
60,Mucking,-100,400,150,139.1000061,4.935193142782739
61,Mucking,-100,400,150,104.0999985,4.645351961211701
62,Mucking,-100,400,150,26.799999239999998,3.2884018591586015
63,"Old House Site, Harlow",100,400,250,143.1000061,4.963543729189937
64,Rayne,75,125,100,78.5,4.363098624788363
65,Rayne,75,125,100,45.70000076,3.822098314530356
66,Rivenhall,200,400,300,971.2999878,6.8786353678477985
67,Rivenhall,100,400,250,585.7999878,6.372978413567412
68,Rivenhall,100,400,250,719.7999878,6.578973378695777
69,Nazeingbury,1,150,75.5,44.20000076,3.7887248062782226
70,Nazeingbury,69,150,109.5,378,5.934894195619588
71,Great Dumnow,375,400,387.5,32,3.4657359027997265
72,"Abbotstone Field, Warren Lane, Stanway",-100,200,50,120,4.787491742782046
73,"Maltings Lane, Witham",200,300,250,90,4.499809670330265
74,"London Gateway, Stanford Wharf Nature Reserve, Stanford-le-Hope",250,400,325,64,4.1588830833596715
75,Passingford,150,250,200,113.0999985,4.728272369859475
76,Passingford,1,50,25.5,162.8999939,5.093136478161712
77,Passingford,1,50,25.5,15,2.70805020110221
78,Passingford,1,400,200.5,12.30000019,2.5095992778255263
79,Passingford,1,50,25.5,109.4000015,4.695010903699033
80,Heybridge,0,50,25,28.299999239999998,3.342861777794068
81,Heybridge,0,50,25,23.799999239999998,3.1696855487446554
82,Heybridge,0,50,25,21.200000760000002,3.054001217527023
83,Heybridge,-50,50,0,50.29999924,3.9180050619963493
84,Heybridge,50,150,100,176,5.170483995038151
85,Heybridge,100,150,125,72.30000305,4.280824171350057
86,Heybridge,0,50,25,28,3.332204510175204
87,Heybridge,50,100,75,40,3.6888794541139363
88,Heybridge,0,50,25,47.79999924,3.8670256235978284
89,Heybridge,-50,0,-25,50.29999924,3.9180050619963493
90,Heybridge,-50,0,-25,19.60000038,2.9755295856242263
91,Heybridge,0,50,25,22.89999962,3.1311368939663073
92,Heybridge,-50,0,-25,38.5,3.6506582412937387
93,Heybridge,-50,50,0,21.200000760000002,3.054001217527023
94,Heybridge,-50,50,0,44.20000076,3.7887248062782226
95,Heybridge,250,350,300,42,3.7376696182833684
96,Heybridge,150,200,175,60,4.0943445622221
97,Heybridge,0,50,25,26.39999962,3.273363995758331
98,Heybridge,150,200,175,14.399999619999999,2.6672281801930655
99,Heybridge,0,100,50,95,4.553876891600541
100,Heybridge,50,150,100,46,3.828641396489095
101,Heybridge,0,50,25,40.70000076,3.7062281111217676
102,Heybridge,50,100,75,69.40000153,4.239886889558868
103,Heybridge,50,150,100,14.30000019,2.660259550552575
104,Heybridge,0,50,25,154,5.0369526024136295
105,Heybridge,250,400,325,16.799999239999998,2.821378841171117
106,Heybridge,0,50,25,19.60000038,2.9755295856242263
107,Heybridge,0,50,25,24.60000038,3.2027464583854717
108,Heybridge,-50,0,-25,15,2.70805020110221
109,Heybridge,-50,0,-25,60,4.0943445622221
110,Heybridge,-50,50,0,28.299999239999998,3.342861777794068
111,Heybridge,0,50,25,16.60000038,2.8094027182540637
112,Ash Plantation (Site 2),100,300,200,54.09999847,3.990834157571474
113,Orton Longueville,-200,80,-60,95,4.553876891600541
114,Orton Longueville,-200,80,-60,120,4.787491742782046
115,Orton hall Farm,300,500,400,507.2000122,6.2289054271766435
116,Orton hall Farm,225,500,362.5,203,5.313205979041787
117,"Plant's Farm, Maxey",-100,100,0,143.1000061,4.963543729189937
118,Bluntisham,1,125,63,49,3.8918202981106265
119,Hurst Lane Reservoir,-100,50,-25,27.299999239999998,3.3068866743520857
120,Hurst Lane Reservoir,50,150,100,100,4.605170185988092
121,Hurst Lane Reservoir,-100,50,-25,40.70000076,3.7062281111217676
122,Hurst Lane Reservoir,-100,50,-25,40.70000076,3.7062281111217676
123,Hurst Lane Reservoir,50,150,100,100,4.605170185988092
124,Hurst Lane Reservoir,-100,50,-25,23.799999239999998,3.1696855487446554
125,Hurst Lane Reservoir,-100,50,-25,49,3.8918202981106265
126,Hurst Lane Reservoir,-100,50,-25,65,4.174387269895637
127,Hurst Lane Reservoir,-100,50,-25,153.8999939,5.036303001208705
128,Hurst Lane Reservoir,-100,50,-25,59.5,4.085976312551584
129,Hurst Lane Reservoir,50,150,100,110,4.700480365792417
130,Hurst Lane Reservoir,-100,50,-25,113.0999985,4.728272369859475
131,Hurst Lane Reservoir,-100,50,-25,69.40000153,4.239886889558868
132,Hurst Lane Reservoir,-100,50,-25,132.6999969,4.888090917977197
133,Hurst Lane Reservoir,-100,50,-25,54.09999847,3.990834157571474
134,Hurst Lane Reservoir,-100,50,-25,113.0999985,4.728272369859475
135,Hurst Lane Reservoir,-100,50,-25,38.5,3.6506582412937387
136,Hurst Lane Reservoir,-100,50,-25,176.6999969,5.174453361781791
137,Hurst Lane Reservoir,-100,50,-25,176.6999969,5.174453361781791
138,Hurst Lane Reservoir,50,150,100,60,4.0943445622221
139,Hurst Lane Reservoir,-100,50,-25,17.39999962,2.8564701843814024
140,Hurst Lane Reservoir,-100,50,-25,100.3000031,4.608165725875168
141,Hurst Lane Reservoir,-100,50,-25,91.59999847,4.517431254977028
142,Hurst Lane Reservoir,50,150,100,62.20000076,4.1303550119637835
143,Hurst Lane Reservoir,-100,50,-25,80.09999847,4.3832758349731895
144,Parson Drove,0,100,50,50.29999924,3.9180050619963493
145,Parson Drove,0,100,50,95,4.553876891600541
146,Parson Drove,0,100,50,38.5,3.6506582412937387
147,Wardy Hill,-100,75,-12.5,132,4.882801922586371
148,Wardy Hill,-100,75,-12.5,44.20000076,3.7887248062782226
149,Wardy Hill,-100,75,-12.5,19.60000038,2.9755295856242263
150,Lower Cambourne,300,400,350,45.5,3.817712325956905
151,Lower Cambourne,200,300,250,108.8000031,4.689511362914489
152,Lower Cambourne,300,400,350,19.39999962,2.9652730464816535
153,Lower Cambourne,200,300,250,78.5,4.363098624788363
154,Lower Cambourne,50,200,125,95,4.553876891600541
155,Lower Cambourne,50,200,125,153.8999939,5.036303001208705
156,Lower Cambourne,50,200,125,95,4.553876891600541
157,Lower Cambourne,50,200,125,132.6999969,4.888090917977197
158,Poplar Plantation,1,75,38,66.5,4.197201947661808
159,Knapwell Plantation,-100,50,-25,78.5,4.363098624788363
160,Knapwell Plantation,-100,50,-25,70.90000153,4.261270455117772
161,Knapwell Plantation,-100,50,-25,91.59999847,4.517431254977028
162,Knapwell Plantation,-100,50,-25,113.0999985,4.728272369859475
163,Jeavsons Lane,-100,400,150,30,3.4011973816621555
164,Little Common Farm,-100,50,-25,63.59999847,4.152613446289473
165,Little Common Farm,-100,50,-25,56.79999924,4.039536312346824
166,Little Common Farm,-100,50,-25,95,4.553876891600541
167,Little Common Farm,-100,50,-25,63.59999847,4.152613446289473
168,The Grange,0,250,125,56.79999924,4.039536312346824
169,The Grange,0,250,125,33.20000076,3.502549898814009
170,Stonea Grange,125,220,172.5,20,2.995732273553991
171,Stonea Grange,125,220,172.5,758.2000122,6.630947219172976
172,Stonea Grange,125,220,172.5,18,2.8903717578961645
173,Stonea Grange,125,220,172.5,55,4.007333185232471
174,Stonea Grange,125,220,172.5,147.3000031,4.99247134451407
175,Stonea Grange,125,220,172.5,109.3000031,4.694096423544798
176,Stonea Grange,125,220,172.5,31,3.4339872044851463
177,Stonea Grange,125,220,172.5,60,4.0943445622221
178,Stonea Grange,125,220,172.5,240,5.480638923341991
179,Stonea Grange,125,220,172.5,99.40000153,4.5991521290548825
180,Haddenham Iron Age settlement,-100,50,-25,33.20000076,3.502549898814009
181,Haddenham Iron Age settlement,-100,50,-25,373.2999878,5.9223823532390485
182,Haddenham Iron Age settlement,-100,50,-25,642.4000244,6.465211200615117
183,Haddenham Iron Age settlement,-100,50,-25,206.1000061,5.328361517493696
184,Haddenham Iron Age settlement,-100,50,-25,81.69999695,4.403053964534255
185,Haddenham Iron Age settlement,-100,50,-25,576.7999878,6.35749556481956
186,"Rectory Field, Godmanchester",100,425,262.5,291.2000122,5.674010358218134
187,"Rectory Field, Godmanchester",100,425,262.5,20.799999239999998,3.03495295016881
188,"Rectory Field, Godmanchester",125,350,237.5,18.39999962,2.9123506439627658
189,"Rectory Field, Godmanchester",100,425,262.5,13.19999981,2.5802168151983857
190,Camp Ground,270,350,310,27,3.295836866004329
191,Camp Ground,350,410,380,61.79999924,4.12390335216591
192,Camp Ground,270,350,310,27.5,3.3141860046725258
193,Camp Ground,-100,50,-25,50.29999924,3.9180050619963493
194,Camp Ground,270,350,310,123.8000031,4.818667385290883
195,Camp Ground,270,350,310,64,4.1588830833596715
196,Camp Ground,270,350,310,168,5.123963979403259
197,Camp Ground,-100,50,-25,23.799999239999998,3.1696855487446554
198,Camp Ground,350,410,380,55,4.007333185232471
199,Camp Ground,190,270,230,90,4.499809670330265
200,Camp Ground,190,270,230,44,3.784189633918261
201,Camp Ground,-100,50,-25,54.09999847,3.990834157571474
202,Camp Ground,270,350,310,72,4.276666119016055
203,Camp Ground,270,350,310,84,4.430816798843313
204,Camp Ground,270,350,310,128.3000031,4.854371295783711
205,Camp Ground,270,350,310,153,5.030437921392435
206,Camp Ground,270,350,310,20,2.995732273553991
207,Camp Ground,270,350,310,165,5.10594547390058
208,Camp Ground,270,350,310,61.59999847,4.120661845701812
209,Camp Ground,270,350,310,320,5.768320995793772
210,Camp Ground,190,270,230,120,4.787491742782046
211,Camp Ground,-100,50,-25,50.29999924,3.9180050619963493
212,Camp Ground,270,350,310,54,3.9889840465642745
213,Camp Ground,190,270,230,643.5,6.466922027036182
214,Camp Ground,120,190,155,87.80000305,4.475061535379111
215,Camp Ground,120,190,155,42.29999924,3.744787068085329
216,Camp Ground,190,270,230,78,4.356708826689592
217,Camp Ground,-100,50,-25,83.30000305,4.422448585787442
218,Camp Ground,350,410,380,9.199999809,2.2192034632941247
219,"Cat's water, Fengate",-100,50,-25,113.0999985,4.728272369859475
220,"Cat's water, Fengate",-100,200,50,70.90000153,4.261270455117772
221,"Cat's water, Fengate",-100,50,-25,103.9000015,4.643428912542141
222,"Cat's water, Fengate",-100,50,-25,86.59999847,4.461299797900953
223,"Cat's water, Fengate",-100,50,-25,8,2.0794415416798357
224,"Cat's water, Fengate",-100,50,-25,15,2.70805020110221
225,"Cat's water, Fengate",-100,50,-25,56.79999924,4.039536312346824
226,"Cat's water, Fengate",-100,50,-25,38.5,3.6506582412937387
227,"Cat's water, Fengate",-100,50,-25,47.79999924,3.8670256235978284
228,"Cat's water, Fengate",-100,50,-25,63.59999847,4.152613446289473
229,"Cat's water, Fengate",-100,50,-25,81.69999695,4.403053964534255
230,"Cat's water, Fengate",-100,50,-25,25,3.2188758248682006
231,"Cat's water, Fengate",-100,50,-25,38.5,3.6506582412937387
232,"Cat's water, Fengate",-100,200,50,44.20000076,3.7887248062782226
233,"Land off Broadway, Yaxley, Peterborough",-100,400,150,15.600000380000001,2.7472709386144656
234,"Land off Broadway, Yaxley, Peterborough",200,400,300,300,5.703782474656201
235,"Land off Broadway, Yaxley, Peterborough",50,150,100,122.6999969,4.809742326451992
236,"Land off Broadway, Yaxley, Peterborough",1,50,25.5,63.59999847,4.152613446289473
237,"Land off Broadway, Yaxley, Peterborough",-100,50,-25,95,4.553876891600541
238,"Land off Broadway, Yaxley, Peterborough",-100,50,-25,85,4.442651256490317
239,"Land off Broadway, Yaxley, Peterborough",150,300,225,80,4.382026634673881
240,Castor,150,400,275,4364.100098,8.381167283903473
241,"New Road, Haslingfield",-50,50,0,27,3.295836866004329
242,"Langdale Hale, Earith, Colne Fen",180,250,215,15.80000019,2.7600099520582377
243,"Langdale Hale, Earith, Colne Fen",250,325,287.5,22.10000038,3.095577625718277
244,"Langdale Hale, Earith, Colne Fen",180,250,215,63.29999924,4.147885317143811
245,"Langdale Hale, Earith, Colne Fen",50,350,200,24,3.1780538303479458
246,"Langdale Hale, Earith, Colne Fen",50,70,60,23.799999239999998,3.1696855487446554
247,"Langdale Hale, Earith, Colne Fen",70,120,95,312,5.7430031878094825
248,"Langdale Hale, Earith, Colne Fen",130,180,155,95,4.553876891600541
249,"Langdale Hale, Earith, Colne Fen",180,325,252.5,82.80000305,4.416428098226962
250,"Langdale Hale, Earith, Colne Fen",50,70,60,17.39999962,2.8564701843814024
251,"Langdale Hale, Earith, Colne Fen",180,325,252.5,40,3.6888794541139363
252,"Langdale Hale, Earith, Colne Fen",130,180,155,150.3999939,5.013298370957228
253,New Fen Drove,1,50,25.5,27.299999239999998,3.3068866743520857
254,New Fen Drove,1,50,25.5,10.19999981,2.322387701662774
255,New Fen Drove,250,350,300,135,4.90527477843843
256,New Fen Drove,100,350,225,31.39999962,3.4468078808122966
257,"Hinxton Quarry, Cambridge",1,350,175.5,17.5,2.8622008809294686
258,"Bannold Lodge, Chittering",75,300,187.5,95,4.553876891600541
259,Vicar's Farm,120,180,150,136,4.912654885736052
260,Vicar's Farm,180,270,225,45.09999847,3.8088822125840203
261,Vicar's Farm,270,410,340,14,2.6390573296152584
262,Vicar's Farm,180,270,225,55,4.007333185232471
263,Vicar's Farm,80,180,130,19.60000038,2.9755295856242263
264,Great Wilbraham,0,400,200,27.10000038,3.2995337419077955
265,"Clay Farm, Trumpington",-100,43,-28.5,78.5,4.363098624788363
266,"Clay Farm, Trumpington",43,200,121.5,28.299999239999998,3.342861777794068
267,"Owl's End Road, Bury",-100,100,0,19.60000038,2.9755295856242263
268,"Owl's End Road, Bury",-100,100,0,78.5,4.363098624788363
269,"ARES Site, Babraham",50,150,100,112.5,4.722953221644475
270,North-west Cambridge Site II/RB 1,50,200,125,135,4.90527477843843
271,Werrington,-200,60,-70,176.6999969,5.174453361781791
272,Werrington,-200,60,-70,78.5,4.363098624788363
273,"Bretton Way, Peterborough",1,100,50.5,56.79999924,4.039536312346824
274,"Bretton Way, Peterborough",275,325,300,178.5,5.184588601219693
275,"Bretton Way, Peterborough",50,100,75,65,4.174387269895637
276,Low Park Corner Chippenham,-100,200,50,44.20000076,3.7887248062782226
277,Low Park Corner Chippenham,-100,200,50,23,3.1354942159291497
278,Low Park Corner Chippenham,-100,200,50,62.29999924,4.131961413594371
279,Low Park Corner Chippenham,-100,200,50,63.59999847,4.152613446289473
280,Low Park Corner Chippenham,-100,200,50,56.79999924,4.039536312346824
281,Baldock bypass,1,400,200.5,86.59999847,4.461299797900953
282,Ware,0,200,100,44,3.784189633918261
283,Baldock,100,550,325,40.79999924,3.708682062782665
284,Baldock,50,550,300,44.20000076,3.7887248062782226
285,Baldock,-100,550,225,94.5,4.548599834499697
286,Baldock,160,550,355,38.5,3.6506582412937387
287,Baldock,-100,550,225,69,4.23410650459726
288,Gorhambury,43,62,52.5,19.60000038,2.9755295856242263
289,Gorhambury,250,300,275,37.5,3.624340932976365
290,Gorhambury,20,43,31.5,41.90000153,3.7352858634436044
291,Gorhambury,20,43,31.5,189.8000031,5.24597090250881
292,Gorhambury,20,43,31.5,92.69999695,4.529368439669975
293,Gorhambury,20,43,31.5,50.29999924,3.9180050619963493
294,Gorhambury,20,43,31.5,23.799999239999998,3.1696855487446554
295,Gorhambury,300,350,325,90.30000305,4.50313749419924
296,Gorhambury,175,250,212.5,113.0999985,4.728272369859475
297,Gorhambury,62,100,81,27,3.295836866004329
298,Gorhambury,62,100,81,41.90000153,3.7352858634436044
299,Gorhambury,62,100,81,41.90000153,3.7352858634436044
300,Gorhambury,43,62,52.5,189.8000031,5.24597090250881
301,Gorhambury,100,175,137.5,45,3.8066624897703196
302,Gorhambury,62,100,81,38.5,3.6506582412937387
303,Gorhambury,100,175,137.5,165.8000031,5.11078226139842
304,Gorhambury,20,43,31.5,24,3.1780538303479458
305,Park Street,65,350,207.5,20.10000038,3.0007198339705026
306,Park Street,300,350,325,44.59999847,3.7977338247210852
307,Braughing,45,90,67.5,39.29999924,3.671224499536793
308,Braughing,-15,45,15,37.59999847,3.6270040097043585
309,Braughing,-15,45,15,17,2.833213344056216
310,Braughing,45,90,67.5,24.799999239999998,3.2108436225257746
311,Braughing,-15,45,15,15.19999981,2.7212954153522304
312,Braughing,-15,45,15,28.5,3.349904087274605
313,Braughing,45,90,67.5,40,3.6888794541139363
314,Braughing,45,90,67.5,28.5,3.349904087274605
315,Braughing,-15,45,15,23.10000038,3.139832633977964
316,Braughing,45,90,67.5,26.5,3.2771447329921766
317,Ware,300,350,325,42.40000153,3.747148398322817
318,Ware,355,400,377.5,100,4.605170185988092
319,Little Wymondley,50,150,100,97.19999695,4.576770680087792
320,"Foxholes Farm, Hertford",-100,50,-25,60.5,4.102643365036796
321,"Foxholes Farm, Hertford",1,450,225.5,11.30000019,2.424802742532454
322,"Foxholes Farm, Hertford",1,450,225.5,20.5,3.0204248861443626
323,"Foxholes Farm, Hertford",1,450,225.5,7.099999905,1.960094770666988
324,"Dicket Mead, Lockleys",270,360,315,364.5,5.898526551448713
325,"Dicket Mead, Lockleys",260,330,295,364.5,5.898526551448713
326,"Lobs Hole, Stevenage",100,300,200,12.600000380000001,2.5336968441161623
327,"Lobs Hole, Stevenage",100,300,200,18,2.8903717578961645
328,"Boxfield Farm, Chells, Stevenage",125,210,167.5,140,4.941642422609304
329,Turner's Hall Farm & Sandridge,43,200,121.5,26.5,3.2771447329921766
330,Turner's Hall Farm & Sandridge,50,150,100,24,3.1780538303479458
331,"Kilverstone, Thetford",200,400,300,50.29999924,3.9180050619963493
332,"Kilverstone, Thetford",50,100,75,104.9000015,4.6530075297015845
333,"Kilverstone, Thetford",200,400,300,23.799999239999998,3.1696855487446554
334,"Kilverstone, Thetford",100,200,150,209.8999939,5.346631197765129
335,"Kilverstone, Thetford",50,100,75,20.299999239999998,3.0106208486093173
336,"Melford Meadows, Brettenham, Thetford",50,400,225,44.20000076,3.7887248062782226
337,"Melford Meadows, Brettenham, Thetford",100,400,250,63.59999847,4.152613446289473
338,"Melford Meadows, Brettenham, Thetford",350,400,375,72,4.276666119016055
339,"Melford Meadows, Brettenham, Thetford",250,400,325,50,3.912023005428146
340,"Brandon Road, Thetford",75,100,87.5,63.59999847,4.152613446289473
341,"Brandon Road, Thetford",75,100,87.5,26.39999962,3.273363995758331
342,Snettisham Bypass,50,100,75,8.899999619,2.1860512339291045
343,Snettisham Bypass,75,125,100,54.09999847,3.990834157571474
344,"Crow Hall Park, London Road, Downham Market, 1999-2000",1,75,38,18.10000038,2.895911959266255
345,"Crow Hall Park, London Road, Downham Market, 1999-2000",1,75,38,12.600000380000001,2.5336968441161623
346,"Brandon Road, Thetford, 1964-6",50,70,60,41.90000153,3.7352858634436044
347,"Brandon Road, Thetford, 1964-6",50,70,60,24.60000038,3.2027464583854717
348,"Brandon Road, Thetford, 1964-6",50,70,60,22.10000038,3.095577625718277
349,"Brandon Road, Thetford, 1964-6",50,70,60,56.79999924,4.039536312346824
350,"Brandon Road, Thetford, 1964-6",50,70,60,85,4.442651256490317
351,"Brandon Road, Thetford, 1964-6",50,70,60,19.60000038,2.9755295856242263
352,"Brandon Road, Thetford, 1964-6",50,70,60,38.5,3.6506582412937387
353,"Brandon Road, Thetford, 1964-6",50,70,60,52.79999924,3.966511176318276
354,"Brandon Road, Thetford, 1964-6",50,70,60,16.60000038,2.8094027182540637
355,"Brandon Road, Thetford, 1964-6",50,70,60,29.200000760000002,3.374168735301633
356,Fison Way,40,70,55,90,4.499809670330265
357,Fison Way,40,70,55,86.59999847,4.461299797900953
358,Fison Way,40,70,55,95,4.553876891600541
359,Fison Way,-100,40,-30,37.40000153,3.6216707453295762
360,Fison Way,40,70,55,132.6999969,4.888090917977197
361,Fison Way,40,70,55,81.69999695,4.403053964534255
362,Brampton,150,300,225,49.59999847,3.903990802884107
363,Brampton,175,300,237.5,49.5,3.901972669574645
364,Scole,145,275,210,82.5,4.412798293340635
365,"Fosters End Drove, East Winch",175,250,212.5,199,5.293304824724492
366,"Fosters End Drove, East Winch",200,250,225,132,4.882801922586371
367,Caistor St Edmund villa,100,200,150,254.1000061,5.5377279143324145
368,Caistor St Edmund villa,100,450,275,372.7000122,5.920773839219315
369,Wixoe,150,275,212.5,42,3.7376696182833684
370,Wixoe,150,275,212.5,54.09999847,3.990834157571474
371,Wixoe,75,150,112.5,42,3.7376696182833684
372,Wixoe,275,425,350,60,4.0943445622221
373,Wixoe,150,275,212.5,66,4.189654742026425
374,Wixoe,75,150,112.5,50,3.912023005428146
375,Hacheston,50,75,62.5,30.39999962,3.414442595912176
376,Hacheston,50,75,62.5,78.5,4.363098624788363
377,West Stow,-100,0,-50,15.899999619999999,2.7663190853268143
378,West Stow,-100,150,25,40.20000076,3.693867014530448
379,West Stow,-100,150,25,32.70000076,3.4873751011447975
380,West Stow,25,50,37.5,75.40000153,4.3228072953056875
381,West Stow,25,50,37.5,89.09999847,4.4897593173050465
382,RAF Lakenheath Caudle Head Mere,1,400,200.5,19.60000038,2.9755295856242263
383,RAF Lakenheath Caudle Head Mere,1,400,200.5,19.60000038,2.9755295856242263
384,RAF Lakenheath Caudle Head Mere,1,400,200.5,28.299999239999998,3.342861777794068
385,"Smye's Corner, Shrublands Quarry, Coddenham",-100,400,150,120.8000031,4.794136311162966
386,Wenhaston,200,300,250,45.90000153,3.8264651503998324
387,Wenhaston,200,300,250,116.8000031,4.760463096935222
388,Wixoe Pipeline WIX021,1,100,50.5,12,2.4849066497880004
389,Wixoe Pipeline WIX021,43,100,71.5,40,3.6888794541139363
390,"Land north of Ann Suckling Road, Haverhill",1,100,50.5,122.6999969,4.809742326451992
391,West Stagsden,1,325,163,95,4.553876891600541
392,East Stagsden,-100,40,-30,113.0999985,4.728272369859475
393,East Stagsden,-100,40,-30,78.5,4.363098624788363
394,Puddlehill,-50,200,75,56,4.02535169073515
395,Puddlehill,0,100,50,7.5,2.0149030205422647
396,Puddlehill,0,100,50,23.10000038,3.139832633977964
397,Puddlehill,-50,200,75,8.100000381,2.091864108715429
398,Puddlehill,-50,200,75,20.299999239999998,3.0106208486093173
399,Puddlehill,-50,200,75,29.200000760000002,3.374168735301633
400,"Luton Road, Wilstead",1,400,200.5,78.5,4.363098624788363
401,"Luton Road, Wilstead",1,400,200.5,254.5,5.539300835990577
402,Ampthill Road,1,150,75.5,113.0999985,4.728272369859475
403,"Ursula Taylor School, Clapham",1,50,25.5,78.5,4.363098624788363
404,"Marsh Leys, Kempston, Farmstead 2/4",50,150,100,63.59999847,4.152613446289473
405,"Marsh Leys, Kempston, Farmstead 2/4",50,150,100,19.60000038,2.9755295856242263
406,"Marsh Leys, Kempston, Farmstead 2/4",150,300,225,16,2.772588722239781
407,"Marsh Leys, Kempston, Farmstead 2/4",150,300,225,200,5.298317366548036
408,"Marsh Leys, Kempston, Farmstead 2/4",150,300,225,171,5.14166355650266
409,Eastcotts,100,400,250,52,3.9512437185814275
410,Biddenham Loop Farmstead 6/8/10/14,1,325,163,86.59999847,4.461299797900953
411,Biddenham Loop Farmstead 6/8/10/14,1,325,163,33.20000076,3.502549898814009
412,Biddenham Loop Farmstead 6/8/10/14,1,325,163,113.0999985,4.728272369859475
413,Biddenham Loop Farmstead 6/8/10/14,1,325,163,55.40000153,4.014579621370566
414,Biddenham Loop Farmstead 6/8/10/14,1,325,163,78.5,4.363098624788363
415,A421: Roxton Road West (Site 1),50,200,125,78.5,4.363098624788363
416,A421: High Barns Road (Site 2),-100,50,-25,113.0999985,4.728272369859475
417,A421 Birchfield Road (Site 4),-100,350,125,38.5,3.6506582412937387
418,A421 Birchfield Road (Site 4),-100,350,125,42,3.7376696182833684
419,A421 Water End East (Site 8),50,250,150,78.5,4.363098624788363
420,A421 Water End East (Site 8),50,250,150,50.29999924,3.9180050619963493
421,A421 Water End East (Site 8),50,250,150,50.29999924,3.9180050619963493
422,A421 Water End East (Site 8),50,250,150,63.59999847,4.152613446289473
423,A421 Water End East (Site 8),50,250,150,49,3.8918202981106265
424,A421 Water End East (Site 8),50,250,150,480,6.173786103901937
425,"Spring Lane, Yelden",1,200,100.5,50.29999924,3.9180050619963493
426,Willington to Steppingley 900 mm gas pipeline. Site 13,175,325,250,176.6999969,5.174453361781791
427,"Marston Park, Marston Moretaine",-100,300,100,13.19999981,2.5802168151983857
428,Kempston,75,400,237.5,31.200000760000002,3.440418119174411
429,Kempston,75,400,237.5,16,2.772588722239781
430,Kempston,75,400,237.5,28,3.332204510175204
431,Kempston,75,400,237.5,180,5.19295685089021
432,Kempston,75,400,237.5,95,4.553876891600541
433,Kempston,75,400,237.5,24,3.1780538303479458
434,Kempston,75,400,237.5,15,2.70805020110221
435,Kempston,75,400,237.5,15,2.70805020110221
436,Brogborough Hill (A421 Site 2),1,300,150.5,254.5,5.539300835990577
437,Stagsden Golf Course Site B/C,1,100,50.5,213.8000031,5.365041013090477
438,Stagsden Golf Course Site B/C,1,100,50.5,193.6000061,5.265794206350741
439,Stagsden Golf Course Site B/C,1,100,50.5,246.1000061,5.505737982183682
440,"Land at North Brickhill, Bedford",1,400,200.5,36,3.58351893845611
441,"Land at North Brickhill, Bedford",1,400,200.5,153.8999939,5.036303001208705
442,"Manor Farm, Pertenhall",-100,200,50,19.60000038,2.9755295856242263
443,"Manor Farm, Pertenhall",-100,200,50,33.20000076,3.502549898814009
444,"Manor Farm, Pertenhall",-100,200,50,33.20000076,3.502549898814009
445,"Frost Hill (Site 44), Bullock Down",-50,400,175,60.29999924,4.099332091129491
446,"Rookery Hill, Bishopstone",350,400,375,30,3.4011973816621555
447,"The Dyke Golf Course, Brighton",-50,75,12.5,59.40000153,4.084294252126175
448,"Highdole Hill, Telscombe",25,350,187.5,12.600000380000001,2.5336968441161623
449,"Highdole Hill, Telscombe",25,350,187.5,12.600000380000001,2.5336968441161623
450,"West Blatchington, Hove",100,300,200,33.59999847,3.5145260214334435
451,Beauport Park,75,250,162.5,246.8000031,5.50857830459201
452,Barcombe,40,300,170,663,6.4967749901858625
453,Barcombe,200,300,250,853.5,6.7493455422344955
454,Barcombe,40,100,70,83.30000305,4.422448585787442
455,Barcombe,40,100,70,467.6000061,6.147613242643251
456,Barcombe,40,300,170,216.3000031,5.37666634729096
457,Preston Court Farm,40,425,232.5,72.40000153,4.282206320524267
458,Charleston Brow,-50,150,50,22,3.091042453358316
459,"Innova Park, Enfield",-70,150,40,102.0999985,4.625952710479141
460,"Lincoln Road, Enfield",85,130,107.5,18.89999962,2.9391619019597766
461,"Hunt's Hill Farm, Havering",50,200,125,41.40000153,3.7232809177877897
462,"Hunt's Hill Farm, Havering",50,200,125,131.1999969,4.876722852881939
463,"Perry Oaks/Heathrow Terminal 5, Hillingdon",50,400,225,136,4.912654885736052
464,"Perry Oaks/Heathrow Terminal 5, Hillingdon",250,400,325,198,5.288267030694535
465,"Perry Oaks/Heathrow Terminal 5, Hillingdon",-100,150,25,122.6999969,4.809742326451992
466,"Perry Oaks/Heathrow Terminal 5, Hillingdon",-100,50,-25,174,5.159055299214529
467,"Alpine Avenue, Tolworth",-100,50,-25,63.59999847,4.152613446289473
468,"Alpine Avenue, Tolworth",-100,50,-25,122.6999969,4.809742326451992
469,"Kings Wood, Sanderstead",30,100,65,42.90000153,3.758871861598306
470,"Imperial Sports College, Harlington",-50,50,0,96.80000305,4.572647025790795
471,Brentford,70,200,135,17.5,2.8622008809294686
472,Brentford,250,375,312.5,43.59999847,3.775057115263245
473,Brentford,250,375,312.5,35.40000153,3.5667118633600667
474,Darenth,250,400,325,858.5,6.7551866803375304
475,Lullingstone,80,410,245,499.0000124,6.212606120601218
476,Lullingstone,100,420,260,46.20000076,3.8329798145379095
477,Keston,160,200,180,96.90000153,4.573679534686194
478,Keston,160,200,180,118.3000031,4.773223797188906
479,Keston,300,450,375,46.40000153,3.837299492206347
480,Keston,300,450,375,2758.899902,7.922587293022706
481,Keston,160,200,180,66.59999847,4.1987045545733706
482,Westhawk Farm,70,150,110,78.5,4.363098624788363
483,Westhawk Farm,1,350,175.5,88,4.477336814478207
484,Westhawk Farm,150,200,175,138.8999939,4.933754205843811
485,Westhawk Farm,43,70,56.5,50,3.912023005428146
486,Westhawk Farm,150,200,175,31.39999962,3.4468078808122966
487,Westhawk Farm,150,200,175,113.0999985,4.728272369859475
488,Westhawk Farm,43,70,56.5,70.90000153,4.261270455117772
489,Minster-in-Thanet,75,275,175,89.09999847,4.4897593173050465
490,Minster-in-Thanet,75,400,237.5,352,5.863631175598097
491,Minster-in-Thanet,75,275,175,1392,7.238496840894365
492,Minster-in-Thanet,75,400,237.5,243.8999939,5.496758280211624
493,Allen's Farm,25,400,212.5,24.5,3.1986731175506815
494,Monkton,75,450,262.5,20.700000760000002,3.030133736986299
495,Monkton,75,450,262.5,52.29999924,3.9569963565393285
496,Monkton,75,450,262.5,19.200000760000002,2.9549103186170687
497,Monkton,75,450,262.5,14.899999619999999,2.7013611874480574
498,Monkton,75,450,262.5,54,3.9889840465642745
499,Monkton,75,450,262.5,12.399999619999999,2.517696441965829
500,Monkton,75,450,262.5,40.5,3.7013019741124933
501,Monkton,75,450,262.5,36.09999847,3.586292822956563
502,Monkton,75,450,262.5,19.799999239999998,2.9856818993166505
503,Monkton,75,450,262.5,22.799999239999998,3.1267605026270613
504,Monkton,75,450,262.5,16.299999239999998,2.7911650611869487
505,Monkton,75,450,262.5,12.899999619999999,2.5572272819102615
506,Eccles,65,400,232.5,210.8999996,5.351384085588095
507,"Snarkhurst Wood, Hollingbourne",-50,50,0,16.799999239999998,2.821378841171117
508,Thurnham,170,230,200,100.8000031,4.613138386391236
509,Thurnham,-50,60,5,118.8000031,4.77744143302282
510,Thurnham,-50,60,5,78.5,4.363098624788363
511,Thurnham,170,230,200,71.5,4.269697449699962
512,Medway Tunnel eastern approach,-25,25,0,32.20000076,3.471966476152847
513,Swan Valley Community School,170,300,235,19.60000038,2.9755295856242263
514,"Shelford Farm Estate, Canterbury",1,300,150.5,93.5,4.537961436294641
515,"Furfield Quarry, Boughton Monchelsea",45,100,72.5,113.0999985,4.728272369859475
516,"Furfield Quarry, Boughton Monchelsea",-75,250,87.5,9.100000381,2.2082744553909355
517,"Furfield Quarry, Boughton Monchelsea",-75,250,87.5,96.59999847,4.570578725379963
518,"Furfield Quarry, Boughton Monchelsea",50,120,85,214.1999969,5.366910143541193
519,"Furfield Quarry, Boughton Monchelsea",50,120,85,172.6999969,5.15155596720243
520,"Furfield Quarry, Boughton Monchelsea",-75,250,87.5,27.5,3.3141860046725258
521,Bax Farm,50,410,230,800,6.684611727667927
522,Bax Farm,50,410,230,270,5.598421958998375
523,Deerton Street,70,650,360,549.7999878,6.309554553541258
524,East Kent Access (Zone 6 and 7),150,400,275,25.10000038,3.22286786127718
525,East Kent Access (Zone 6 and 7),150,400,275,26.39999962,3.273363995758331
526,East Kent Access (Zone 6 and 7),150,400,275,44.20000076,3.7887248062782226
527,East Kent Access (Zone 6 and 7),-100,50,-25,26.39999962,3.273363995758331
528,East Kent Access (Zone 6 and 7),-100,50,-25,86.59999847,4.461299797900953
529,East Kent Access (Zone 6 and 7),-100,50,-25,25.5,3.2386784521643803
530,East Kent Access (Zone 6 and 7),-100,50,-25,95,4.553876891600541
531,East Kent Access (Zone 6 and 7),-100,400,150,70.90000153,4.261270455117772
532,East Kent Access (Zone 6 and 7),-100,50,-25,86.59999847,4.461299797900953
533,East Kent Access (Zone 6 and 7),-100,50,-25,56.79999924,4.039536312346824
534,East Kent Access (Zone 6 and 7),-100,50,-25,105.6999969,4.660604863547904
535,East Kent Access (Zone 6 and 7),-100,50,-25,109.4000015,4.695010903699033
536,East Kent Access (Zone 6 and 7),-100,50,-25,44.20000076,3.7887248062782226
537,East Kent Access (Zone 6 and 7),-100,50,-25,124.6999969,4.825910827826327
538,East Kent Access (Zone 6 and 7),-100,50,-25,44.20000076,3.7887248062782226
539,East Kent Access (Zone 11),43,400,221.5,78.09999847,4.357990037255371
540,East Kent Access (Zone 20),50,350,200,12.19999981,2.50143593616544
541,East Kent Access (Zone 20),50,350,200,64.80000305,4.171305650426129
542,East Kent Access (Zone 20),50,350,200,60.20000076,4.09767236493936
543,East Kent Access (Zone 20),50,350,200,80.59999847,4.389498630529952
544,East Kent Access (Zone 20),50,350,200,314.2000122,5.750029764650291
545,Iwade,-25,50,12.5,78.5,4.363098624788363
546,Iwade,-25,50,12.5,132,4.882801922586371
547,Iwade,-100,-25,-62.5,153.8999939,5.036303001208705
548,Iwade,-100,-25,-62.5,50.29999924,3.9180050619963493
549,"Brisley Farm, Ashford",-75,-25,-50,21.200000760000002,3.054001217527023
550,"Brisley Farm, Ashford",-25,50,12.5,69.40000153,4.239886889558868
551,"Brisley Farm, Ashford",-25,50,12.5,45.40000153,3.815512138747742
552,"Brisley Farm, Ashford",-75,-25,-50,107.5,4.677490847567717
553,"Brisley Farm, Ashford",-25,50,12.5,98.5,4.590056548178043
554,"Brisley Farm, Ashford",-75,-25,-50,128.6999969,4.857484090515056
555,"Brisley Farm, Ashford",-75,-25,-50,62.20000076,4.1303550119637835
556,"Brisley Farm, Ashford",-25,50,12.5,130.6999969,4.872904596911737
557,"Brisley Farm, Ashford",-25,50,12.5,30.200000760000002,3.4078419495463868
558,"Brisley Farm, Ashford",-75,-25,-50,124.6999969,4.825910827826327
559,"Brisley Farm, Ashford",-75,-25,-50,60.79999924,4.107589776472121
560,"Reader's Estate, Chalk",0,300,150,45.70000076,3.822098314530356
561,"Park Farm East, Ashford",-100,75,-12.5,81.69999695,4.403053964534255
562,"Park Farm East, Ashford",-100,75,-12.5,83.30000305,4.422448585787442
563,"Park Farm East, Ashford",-100,75,-12.5,36,3.58351893845611
564,"Park Farm East, Ashford",-100,75,-12.5,65,4.174387269895637
565,"Park Farm East, Ashford",-100,75,-12.5,198.6000061,5.291292782326077
566,"Park Farm East, Ashford",-100,75,-12.5,126.6999969,4.841822062859848
567,"Park Farm East, Ashford",-100,75,-12.5,73.90000153,4.3027128486578095
568,"Park Farm East, Ashford",-100,75,-12.5,105.6999969,4.660604863547904
569,"Wokingpark Farm, Old Woking",0,350,175,75,4.31748811353631
570,Rapsley,120,200,160,49.5,3.901972669574645
571,Rapsley,220,330,275,422,6.045005314036012
572,Rapsley,200,330,265,404.5,6.002651736498547
573,Rapsley,200,220,210,372.1000061,5.919162651746019
574,Rapsley,280,330,305,76.40000153,4.335982716198653
575,"Ashford Prison, Spelthorne",-100,250,75,188.6999969,5.240158435946311
576,"Ashford Prison, Spelthorne",-100,250,75,189.5,5.244389024522481
577,"Ashford Prison, Spelthorne",-100,250,75,105.6999969,4.660604863547904
578,"Ashford Prison, Spelthorne",-100,250,75,143.1000061,4.963543729189937
579,Staines,193,211,202,58.5,4.069026754237811
580,Hale Road,300,400,350,157.3999939,5.058790297228537
581,Ashtead,25,300,162.5,251.8999939,5.529032159142606
582,Titsey Park,100,400,250,697.2000122,6.547072331144431
583,Titsey Park,100,400,250,144,4.969813299576001
584,Staines,50,100,75,50.29999924,3.9180050619963493
585,North East Horley,50,100,75,43,3.7612001156935624
586,North East Horley,50,100,75,100.3000031,4.608165725875168
587,North East Horley,200,300,250,102.0999985,4.625952710479141
588,North East Horley,50,100,75,115,4.74493212836325
589,North East Horley,50,100,75,70.90000153,4.261270455117772
590,North East Horley,-100,50,-25,98.5,4.590056548178043
591,North East Horley,-100,50,-25,283.5,5.647212123167807
592,North East Horley,-100,50,-25,143.1000061,4.963543729189937
593,North East Horley,-100,50,-25,62.20000076,4.1303550119637835
594,North East Horley,-100,50,-25,118.8000031,4.77744143302282
595,North East Horley,50,100,75,50.29999924,3.9180050619963493
596,North East Horley,50,100,75,50.29999924,3.9180050619963493
597,North East Horley,50,100,75,50.29999924,3.9180050619963493
598,North East Horley,50,100,75,72.40000153,4.282206320524267
599,North East Horley,50,100,75,115,4.74493212836325
600,Hengrove Farm,100,200,150,72,4.276666119016055
601,Alfoldean,0,400,200,149.6000061,5.007965106315777
602,Chilgrove 1,1,400,200.5,638,6.45833828334479
603,Chilgrove 2,275,375,325,171.1000061,5.142248216549813
604,Angmering villa,250,300,275,35.40000153,3.5667118633600667
605,Angmering villa,250,300,275,161,5.081404364984463
606,Angmering villa,50,250,150,155.3000031,5.045358750116006
607,Angmering villa,250,300,275,53.79999924,3.9852734530413447
608,Elsted,0,275,137.5,85.80000305,4.452019042041702
609,"Titnore Lane, Goring-by-Sea",-100,43,-28.5,176.6999969,5.174453361781791
610,"Titnore Lane, Goring-by-Sea",-100,43,-28.5,78.5,4.363098624788363
611,Bignor Roman villa,150,300,225,145.6999969,4.981549691924563
612,Bignor Roman villa,150,300,225,84,4.430816798843313
613,Bignor Roman villa,150,300,225,39.5,3.676300671907076
614,"Mackie Avenue, Hassocks",0,400,200,66,4.189654742026425
615,"Moraunt Drive, Middleton-on-Sea",50,400,225,22.5,3.1135153092103742
616,"Wren Crescent, North Bersted",-100,1,-49.5,28.299999239999998,3.342861777794068
617,Fishbourne Palace,50,70,60,477.5999756,6.168773510989614
618,Fishbourne Palace,43,300,171.5,204.3999939,5.320078828486104
619,Fishbourne Palace,50,300,175,100,4.605170185988092
620,Fishbourne Palace,43,300,171.5,470.6000061,6.154008489255438
621,Fishbourne Palace,65,300,182.5,2243.900085,7.715970740250232
622,Fishbourne Palace,50,300,175,91.90000153,4.520701046010172
623,"Copse Farm, Oving",-100,200,50,38.5,3.6506582412937387
624,Batten Hanger,50,400,225,517.0999756,6.248236232215944
625,Lamb Lea,300,400,350,49.59999847,3.903990802884107
626,Park Brow,-100,300,100,63.40000153,4.149463885575672
627,Park Brow,-100,300,100,54.90000153,4.005513376384337
628,Park Brow,138,161,149.5,75.19999695,4.320151190397283
629,Park Brow,-100,300,100,49,3.8918202981106265
630,Park Brow,-100,300,100,75.69999695,4.326778120152781
631,"Middle Barn, Selhurst Park",-100,100,0,63.59999847,4.152613446289473
632,"Jennett's Park, Bracknell",-50,50,0,176.6999969,5.174453361781791
633,"Temple Lane, Bisham",275,400,337.5,95,4.553876891600541
634,"Park Farm, Binfield",-100,150,25,81.69999695,4.403053964534255
635,"Park Farm, Binfield",-100,150,25,151.8000031,5.0225638853831365
636,"Park Farm, Binfield",-100,150,25,156.1999969,5.051137217559234
637,"George's Farm, Crookham Common",200,300,250,176.6999969,5.174453361781791
638,Bancroft villa,50,200,125,360,5.886104031450156
639,Bancroft villa,50,200,125,149.6000061,5.007965106315777
640,Bancroft villa,250,400,325,514.7999878,6.243778452023448
641,Bancroft villa,50,200,125,51.59999847,3.943521642836354
642,Bancroft villa,350,400,375,134.8999939,4.904533717995029
643,Bancroft villa,150,250,200,107.5,4.677490847567717
644,Holne Chase (MK45),300,400,350,34.20000076,3.5322256662907816
645,Holne Chase (MK45),117,150,133.5,167.1000061,5.118592472106434
646,Shenley Road (MK46),150,400,275,95,4.553876891600541
647,Wood Corner (MK64),175,225,200,63.59999847,4.152613446289473
648,Wood Corner (MK64),175,225,200,153.8999939,5.036303001208705
649,Wood Corner (MK64),175,225,200,143.1000061,4.963543729189937
650,Wood Corner (MK64),175,225,200,70.90000153,4.261270455117772
651,Wood Corner (MK64),175,225,200,143.1000061,4.963543729189937
652,Wood Corner (MK64),175,225,200,63.59999847,4.152613446289473
653,Wood Corner (MK64),175,225,200,122.6999969,4.809742326451992
654,Wymbush (MK211),275,375,325,242,5.488937726156687
655,Wymbush (MK211),150,300,225,195.8999939,5.277604293812159
656,Woughton (MK297),0,200,100,63.59999847,4.152613446289473
657,Woughton (MK297),0,100,50,28.299999239999998,3.342861777794068
658,Woughton (MK297),0,100,50,78.5,4.363098624788363
659,Woughton (MK297),200,300,250,56,4.02535169073515
660,Woughton (MK297),0,100,50,19.60000038,2.9755295856242263
661,Stantonbury (MK301),100,200,150,176.6999969,5.174453361781791
662,Stantonbury (MK301),300,400,350,165.1000061,5.106551387873386
663,Stantonbury (MK301),175,400,287.5,184,5.214935757608986
664,Stantonbury (MK301),100,200,150,47.79999924,3.8670256235978284
665,"Wavendon Gate, Milton Keynes",50,150,100,70.90000153,4.261270455117772
666,"Wavendon Gate, Milton Keynes",-100,400,150,95,4.553876891600541
667,"Wavendon Gate, Milton Keynes",-100,400,150,63.59999847,4.152613446289473
668,"Wavendon Gate, Milton Keynes",-100,400,150,122.6999969,4.809742326451992
669,"Wavendon Gate, Milton Keynes",275,400,337.5,132.6999969,4.888090917977197
670,"Wavendon Gate, Milton Keynes",-100,400,150,70.90000153,4.261270455117772
671,"Renny Lodge, Newport Pagnell, Milton Keynes",75,125,100,19.60000038,2.9755295856242263
672,"Renny Lodge, Newport Pagnell, Milton Keynes",0,150,75,112,4.718498871295094
673,"Brinklow, Milton Keynes",0,100,50,78.5,4.363098624788363
674,A428 Lavendon Bypass,150,400,275,12.600000380000001,2.5336968441161623
675,Broughton Manor Farm,300,410,355,221,5.3981627015177525
676,Broughton Manor Farm,-100,10,-45,13.19999981,2.5802168151983857
677,Broughton Manor Farm,-100,10,-45,34.20000076,3.5322256662907816
678,Broughton Manor Farm,-100,10,-45,113.0999985,4.728272369859475
679,Broughton Manor Farm,-10,50,20,78.5,4.363098624788363
680,Broughton Manor Farm,-10,50,20,153.8999939,5.036303001208705
681,Broughton Manor Farm,-100,10,-45,27.299999239999998,3.3068866743520857
682,Broughton Manor Farm,-100,10,-45,18.89999962,2.9391619019597766
683,Broughton Manor Farm,-10,50,20,81.69999695,4.403053964534255
684,Broughton Manor Farm,-100,10,-45,132.6999969,4.888090917977197
685,"Fenny Lock, Milton Keynes",75,100,87.5,33.20000076,3.502549898814009
686,"Fenny Lock, Milton Keynes",275,300,287.5,38.5,3.6506582412937387
687,"Coldharbour Farm, Aylesbury",1,75,38,28.299999239999998,3.342861777794068
688,"Mantles Green, Amersham",175,225,200,136,4.912654885736052
689,"Mantles Green, Amersham",250,300,275,155.6000061,5.047288650947375
690,Bierton,1,350,175.5,113.0999985,4.728272369859475
691,"All Souls Farm Quarry, Wexham",70,150,110,90.09999847,4.50092014763316
692,"All Souls Farm Quarry, Wexham",200,300,250,90,4.499809670330265
693,"All Souls Farm Quarry, Wexham",70,150,110,86.59999847,4.461299797900953
694,Stanton Low,140,370,255,1265,7.142827401161621
695,Stanton Low,140,370,255,941.7999878,6.847792924855536
696,Stanton Low,50,140,95,35.29999924,3.5638829424095055
697,Stanton Low,50,140,95,9.600000381,2.2617631381612897
698,Tingewick,292,395,343.5,22.89999962,3.1311368939663073
699,Tingewick,292,395,343.5,232.1000061,5.447168339562166
700,Yewden Roman villa,275,400,337.5,732.5,6.596463340891223
701,Yewden Roman villa,40,300,170,319.7999878,5.76769576225101
702,Yewden Roman villa,100,250,175,30.60000038,3.421000021376636
703,Yewden Roman villa,40,300,170,432,6.068425588244111
704,Yewden Roman villa,100,200,150,184,5.214935757608986
705,Grendon Underwood (Plot 5.03-05),-100,100,0,78.5,4.363098624788363
706,Grendon Underwood (Plot 5.03-05),-100,100,0,78.5,4.363098624788363
707,Grendon Underwood (Plot 5.03-05),200,410,305,68.19999695,4.222444520128008
708,"College Road, Aston Clinton (Arla Foods Dairy)",100,200,150,78.5,4.363098624788363
709,"College Road, Aston Clinton (Arla Foods Dairy)",0,200,100,50,3.912023005428146
710,South-East of Tewkesbury Area D,43,250,146.5,50.29999924,3.9180050619963493
711,South-East of Tewkesbury Area C,100,200,150,46.59999847,3.8416005082989817
712,South-East of Tewkesbury Area C,100,200,150,115,4.74493212836325
713,South-East of Tewkesbury Area C,1,200,100.5,115,4.74493212836325
714,South-East of Tewkesbury Area C,100,200,150,102.0999985,4.625952710479141
715,South-East of Tewkesbury Area C,1,200,100.5,115,4.74493212836325
716,"Vineyards Farm, Charlton Kings",300,400,350,116,4.7535901911063645
717,"Abbotswood, Swell",100,300,200,54.09999847,3.990834157571474
718,"Abbotswood, Swell",100,300,200,165.6000061,5.109575278786908
719,"Abbotswood, Swell",100,300,200,696.7999878,6.546498408029682
720,Abonae,200,400,300,171.1999969,5.142832445600165
721,Abonae,200,400,300,104.0999985,4.645351961211701
722,Portway,150,300,225,102.5999985,4.630837918116786
723,Barnsley Park,140,425,282.5,117,4.762173934797756
724,Barnsley Park,315,360,337.5,117,4.762173934797756
725,Barnsley Park,315,340,327.5,72.90000153,4.289088660002267
726,Barnsley Park,275,315,295,54,3.9889840465642745
727,Barnsley Park,340,360,350,49,3.8918202981106265
728,Claydon Pike,275,300,287.5,64,4.1588830833596715
729,Claydon Pike,125,300,212.5,212.8000031,5.360352772035158
730,Claydon Pike,150,378,264,71.30000305,4.266896370197248
731,Claydon Pike,300,400,350,269.6000061,5.596939401664264
732,Claydon Pike,100,300,200,29.299999239999998,3.3775874900844545
733,"Neigh Bridge, Somerford Keynes",100,200,150,324,5.780743515792329
734,"Neigh Bridge, Somerford Keynes",50,100,75,40,3.6888794541139363
735,Thornhill Farm,-100,120,10,19.60000038,2.9755295856242263
736,"Wortley, Wotton-under-Edge",75,420,247.5,56.20000076,4.028916770422777
737,The Ditches,80,175,127.5,400.2000122,5.99196445263439
738,Dymock,50,100,75,101.3000031,4.618086441856809
739,Kingscote,270,360,315,374.2999878,5.925057582316207
740,Kingscote,200,400,300,72.09999847,4.278054023070376
741,Kingscote,220,320,270,109.1999969,4.693181034922526
742,Kingscote,220,320,270,100.8000031,4.613138386391236
743,Kingscote,270,360,315,152.1000061,5.0245382393704405
744,Wycomb (Syreford Mill),1,400,200.5,104.0999985,4.645351961211701
745,Wycomb (Syreford Mill),1,400,200.5,132,4.882801922586371
746,Wycomb (Syreford Mill),1,400,200.5,96.59999847,4.570578725379963
747,Wycomb (Syreford Mill),1,400,200.5,30.299999239999998,3.411147687432815
748,Bourton-on-the-water,100,400,250,91,4.51085950651685
749,Bourton-on-the-water,100,400,250,10.80000019,2.3795461517227663
750,"Totterdown Lane, Horcott",275,300,287.5,28.299999239999998,3.342861777794068
751,"Totterdown Lane, Horcott",275,300,287.5,13.899999619999999,2.631888812798516
752,"Rudgeway lane, Walton Cardiff, Tewkesbury",1,100,50.5,95,4.553876891600541
753,"Rudgeway lane, Walton Cardiff, Tewkesbury",100,330,215,78.5,4.363098624788363
754,Cotswold Community,1,125,63,12,2.4849066497880004
755,Cotswold Community,250,400,325,48,3.871201010907891
756,Kempsford Quarry,50,350,200,168,5.123963979403259
757,"Kingshill North, Cirencester",1,50,25.5,78.5,4.363098624788363
758,Popes Hill,100,400,250,18.10000038,2.895911959266255
759,Turkdean Roman Villa,150,400,275,144,4.969813299576001
760,Brockworth,70,400,235,86.59999847,4.461299797900953
761,Brockworth,70,400,235,58.09999847,4.062165637523958
762,Birdlip Quarry,300,400,350,95,4.553876891600541
763,Birdlip Quarry,330,380,355,31.200000760000002,3.440418119174411
764,Birdlip Quarry,180,250,215,113.0999985,4.728272369859475
765,Birdlip Quarry,180,250,215,116.9000015,4.761318881309503
766,Birdlip Quarry,330,380,355,28.299999239999998,3.342861777794068
767,Birdlip Quarry,250,330,290,78.5,4.363098624788363
768,"Ironmongers Piece, Marshfield",275,390,332.5,475.1000061,6.163525321032278
769,"Ironmongers Piece, Marshfield",275,390,332.5,50.29999924,3.9180050619963493
770,"The Park-Bowsings, Guiting Power",-100,400,150,113.0999985,4.728272369859475
771,"The Park-Bowsings, Guiting Power",-100,400,150,38.5,3.6506582412937387
772,Chesters Villa,250,400,325,135.3000031,4.907494558088789
773,"Gloucester Business Park Link Road, Hucclecote",50,325,187.5,113.0999985,4.728272369859475
774,"Cleevelands, Bishops Cleeve",50,400,225,50.29999924,3.9180050619963493
775,Northleach Bypass,200,350,275,48,3.871201010907891
776,"Nesley Farm, Tetbury",1,400,200.5,141,4.948759890378168
777,"Fox's Field, Ebley Road, Stonehouse",100,200,150,28.299999239999998,3.342861777794068
778,Inns Court/Filwood Park,250,375,312.5,129.1999969,4.8613615673546935
779,Inns Court/Filwood Park,150,375,262.5,15.19999981,2.7212954153522304
780,"St. Bede's Catholic School, Long Cross, Bristol",-100,100,0,50.29999924,3.9180050619963493
781,"St. Bede's Catholic School, Long Cross, Bristol",-100,100,0,56.79999924,4.039536312346824
782,"Rodway Hill, Mangotsfield",275,400,337.5,126,4.836281906951478
783,Wickwar,100,400,250,300,5.703782474656201
784,Wickwar,100,400,250,660,6.492239835020471
785,Land North of Brockworth,1,350,175.5,63.59999847,4.152613446289473
786,Land North of Brockworth,1,350,175.5,78.5,4.363098624788363
787,Land North of Brockworth,1,350,175.5,95,4.553876891600541
788,Land North of Brockworth,1,350,175.5,153.8999939,5.036303001208705
789,Land North of Brockworth,1,350,175.5,153.8999939,5.036303001208705
790,Land North of Brockworth,1,350,175.5,113.0999985,4.728272369859475
791,Land North of Brockworth,1,350,175.5,113.0999985,4.728272369859475
792,Land North of Brockworth,1,350,175.5,95,4.553876891600541
793,Land North of Brockworth,1,350,175.5,78.5,4.363098624788363
794,Horcott Quarry,270,350,310,86.11000061,4.455625555792036
795,Horcott Quarry,150,250,200,73.94999695,4.303389147912724
796,"New Moreton Farm, Standish",1,300,150.5,176.6999969,5.174453361781791
797,"New Moreton Farm, Standish",1,300,150.5,38.5,3.6506582412937387
798,"New Moreton Farm, Standish",1,300,150.5,63.59999847,4.152613446289473
799,"Stonehill, Hanham",300,330,315,88.30000305,4.48074014215125
800,"Cattybrook, Almondsbury",75,250,162.5,12.5,2.5257286443082556
801,Neatham,125,300,212.5,27.72999954,3.3225148430391545
802,Neatham,300,400,350,44.19999695,3.788724720079125
803,Neatham,70,125,97.5,34.56000137,3.542696983577058
804,Neatham,125,300,212.5,50.39999771,3.919991129640814
805,"Dowd's Farm, Hedge End",-100,75,-12.5,15.899999619999999,2.7663190853268143
806,Houghton Down,-75,375,150,188.1000061,5.236973768736543
807,Houghton Down,-75,375,150,121.9000015,4.803201048792394
808,Houghton Down,-75,375,150,372.6000061,5.920505474538932
809,Grateley South,300,400,350,287.2999878,5.66052692352092
810,Grateley South,300,400,350,455.8999939,6.122273473839268
811,Fullerton,350,450,400,647.5,6.4731187935736925
812,Fullerton,274,370,322,180.1999969,5.19406732797113
813,Thruxton,100,400,250,321.1000061,5.771752620092665
814,Dunkirt Barn,300,400,350,359.7999878,5.885548287608706
815,Dunkirt Barn,350,400,375,494.1000061,6.202737938197383
816,Dunkirt Barn,-50,400,175,532.7999878,6.278146096328281
817,Dunkirt Barn,200,300,250,167.1999969,5.119190682109931
818,Dunkirt Barn,360,400,380,737.7999878,6.603672768626929
819,Brading,-100,50,-25,33.20000076,3.502549898814009
820,Brading,-100,50,-25,2.5,0.9162907318741551
821,Brading,-100,50,-25,4,1.3862943611198906
822,Lymington,-50,50,0,98.5,4.590056548178043
823,Lymington,-50,50,0,86.59999847,4.461299797900953
824,Lymington,-50,50,0,78.5,4.363098624788363
825,Lymington,-50,50,0,66.5,4.197201947661808
826,Lymington,-50,50,0,72.40000153,4.282206320524267
827,Lymington,-50,50,0,153.8999939,5.036303001208705
828,Lymington,-50,50,0,73.90000153,4.3027128486578095
829,Lymington,-50,50,0,50.29999924,3.9180050619963493
830,Lymington,-50,50,0,70.90000153,4.261270455117772
831,Lymington,-50,50,0,107.5,4.677490847567717
832,Manor Farm,200,400,300,246.1000061,5.505737982183682
833,Manor Farm,200,400,300,98,4.584967478670572
834,Crookhorn Farm,250,350,300,226.1000061,5.420977406263137
835,Chalton,275,350,312.5,50.90000153,3.9298629536154155
836,Chalton,275,350,312.5,140.8000031,4.947340465740988
837,Chalton,25,350,187.5,46.40000153,3.837299492206347
838,Sparsholt Roman villa,150,375,262.5,360,5.886104031450156
839,Sparsholt Roman villa,150,375,262.5,504,6.222576268071369
840,Sparsholt Roman villa,275,375,325,216,5.375278407684165
841,Sparsholt Roman villa,150,375,262.5,219.1000061,5.389528274442589
842,"Marnel Park, Popley",50,400,225,50.29999924,3.9180050619963493
843,"Marnel Park, Popley",50,400,225,78.5,4.363098624788363
844,"Marnel Park, Popley",50,400,225,20,2.995732273553991
845,"Winnall Down and Easton Lane, Winchester",-100,100,0,47,3.8501476017100584
846,"Wallington Military Road, Fareham",-100,50,-25,95,4.553876891600541
847,"Wallington Military Road, Fareham",-100,50,-25,38.5,3.6506582412937387
848,"Wallington Military Road, Fareham",-100,50,-25,113.0999985,4.728272369859475
849,"School Road, Wickham",200,275,237.5,50.29999924,3.9180050619963493
850,West Park,40,425,232.5,50.29999924,3.9180050619963493
851,Stroud,260,340,300,873.5999756,6.772622577060237
852,Stroud,260,340,300,34.20000076,3.5322256662907816
853,Liss Roman villa,250,400,325,45,3.8066624897703196
854,Combe East End,50,300,175,306,5.723585101952381
855,Combe East End,-100,350,125,78.5,4.363098624788363
856,Brightwell-cum-Sotwell,40,70,55,176.6999969,5.174453361781791
857,"Chemistry Research laboratory/Mansfield Road, Oxford",275,400,337.5,84,4.430816798843313
858,"Jugglers Close, Banbury",-100,50,-25,95,4.553876891600541
859,Bicester Field Farm,-100,50,-25,132.6999969,4.888090917977197
860,"Watchfield, Shrivenham",75,150,112.5,32,3.4657359027997265
861,"Watchfield, Shrivenham",-50,75,12.5,12.600000380000001,2.5336968441161623
862,Wantage,75,150,112.5,78.5,4.363098624788363
863,Yarnton,-100,450,175,56.79999924,4.039536312346824
864,Yarnton,-100,450,175,17.5,2.8622008809294686
865,Shakenoak Farm,200,250,225,73.90000153,4.3027128486578095
866,Shakenoak Farm,70,300,185,597.7000122,6.393088976241786
867,Shakenoak Farm,100,430,265,469.6000061,6.151881281503665
868,Shakenoak Farm,80,430,255,10.80000019,2.3795461517227663
869,"Oxford Road, Bicester",1,120,60.5,16.60000038,2.8094027182540637
870,Middleton Stoney,50,150,100,40,3.6888794541139363
871,Sansom's Platt,75,350,212.5,91.69999695,4.518522346001786
872,"Heath Farm, Milton Common",-100,50,-25,314.2000122,5.750029764650291
873,"Heath Farm, Milton Common",-100,50,-25,415.3999939,6.02924189675737
874,"Heath Farm, Milton Common",-100,50,-25,50.29999924,3.9180050619963493
875,"Heath Farm, Milton Common",-100,50,-25,380.1000061,5.940434392043612
876,North Leigh,100,450,275,384,5.950642552587727
877,North Leigh,100,450,275,451.3999939,6.112353850869922
878,Callow Hill,75,400,237.5,463.6000061,6.139022124623491
879,Barton Court Farm,350,450,400,101.3000031,4.618086441856809
880,Barton Court Farm,-50,75,12.5,12.899999619999999,2.5572272819102615
881,Barton Court Farm,-50,75,12.5,22.10000038,3.095577625718277
882,Barton Court Farm,-50,75,12.5,19.60000038,2.9755295856242263
883,Cassington Big Enclosure,1,400,200.5,29.200000760000002,3.374168735301633
884,Cassington Big Enclosure,1,400,200.5,65,4.174387269895637
885,Marcham/Frilford,-100,450,175,35.70000076,3.5751507100741087
886,Marcham/Frilford,-100,450,175,35.70000076,3.5751507100741087
887,Marcham/Frilford,-100,450,175,19.60000038,2.9755295856242263
888,Marcham/Frilford,-100,450,175,38.70000076,3.655839619673979
889,Marcham/Frilford,-100,450,175,7.099999905,1.960094770666988
890,Marcham/Frilford,-100,450,175,50,3.912023005428146
891,Frilford villa,100,380,240,31.200000760000002,3.440418119174411
892,Ditchley Park,70,250,160,143.1000061,4.963543729189937
893,Ditchley Park,200,250,225,819.5,6.7086943981838845
894,Ditchley Park,70,250,160,1816.900024,7.504887044317707
895,"Alfred's Castle, Ashbury",75,275,175,319.2000122,5.765817903796204
896,Gill Mill,250,400,325,46.5,3.8394523125933104
897,Gill Mill,250,400,325,60.90000153,4.109233199839004
898,Gill Mill,250,400,325,14.19999981,2.653241951226933
899,Gill Mill,100,200,150,38.5,3.6506582412937387
900,Nettleton,300,400,350,123.0999985,4.8129970210051924
901,Nettleton,230,250,240,199.8000031,5.2973168817299685
902,Nettleton,69,378,223.5,307.5,5.728475087246572
903,Nettleton,250,400,325,312.7999878,5.745563969668598
904,Nettleton,230,250,240,81.69999695,4.403053964534255
905,Nettleton,250,400,325,249.6999969,5.520260184870829
906,Nettleton,300,400,350,135.1000061,4.9060152901178915
907,Durocornovium,230,325,277.5,500,6.214608098422191
908,Durocornovium,325,400,362.5,57.20000076,4.046553911672466
909,Durocornovium,230,325,277.5,186.5,5.2284312390838705
910,Durocornovium,230,325,277.5,163.1999969,5.094976423534908
911,"Blacklands, Staverton",75,200,137.5,98.5,4.590056548178043
912,"Blacklands, Staverton",75,200,137.5,25.5,3.2386784521643803
913,Durocornovium,80,325,202.5,22.89999962,3.1311368939663073
914,"Ridge Green, Shaw, Swindon",-100,150,25,70.90000153,4.261270455117772
915,Cleveland Farm,50,400,225,38.5,3.6506582412937387
916,Cleveland Farm,50,400,225,38.5,3.6506582412937387
917,Cleveland Farm,-100,50,-25,44.20000076,3.7887248062782226
918,Cleveland Farm,50,400,225,63.59999847,4.152613446289473
919,Cleveland Farm,-100,50,-25,254.5,5.539300835990577
920,Cleveland Farm,-100,50,-25,132.6999969,4.888090917977197
921,Cleveland Farm,-100,50,-25,63.59999847,4.152613446289473
922,Cleveland Farm,-100,50,-25,95,4.553876891600541
923,Cleveland Farm,-100,50,-25,78.5,4.363098624788363
924,Cleveland Farm,-100,50,-25,32.5,3.481240089335692
925,Cleveland Farm,-100,50,-25,42,3.7376696182833684
926,Cleveland Farm,-100,50,-25,113.0999985,4.728272369859475
927,Cleveland Farm,50,400,225,120,4.787491742782046
928,Cleveland Farm,50,400,225,16,2.772588722239781
929,Cleveland Farm,-100,50,-25,78.5,4.363098624788363
930,Cleveland Farm,-100,50,-25,125.5999985,4.833102242091423
931,Cleveland Farm,50,400,225,16,2.772588722239781
932,Cleveland Farm,50,400,225,44.20000076,3.7887248062782226
933,Chapperton Down,200,400,300,27,3.295836866004329
934,"Brickley Lane, Devizes",-100,400,150,283.5,5.647212123167807
935,"Grove farm, Market Lavington",43,375,209,35.79999924,3.577947872177604
936,Amesbury,200,400,300,51,3.9318256327243257
937,Figheldean,200,400,300,12,2.4849066497880004
938,Figheldean,200,400,300,21,3.044522437723423
939,"Maddington Farm, Shrewton",200,400,300,23.799999239999998,3.1696855487446554
940,"Delta Industrial Estate, West Swindon",100,350,225,29.60000038,3.3877743741678525
941,"Delta Industrial Estate, West Swindon",100,350,225,63.59999847,4.152613446289473
942,"Wellhead, Westbury",75,425,250,22.10000038,3.095577625718277
943,Starveal Farm Villa,250,370,310,190.3999939,5.249127090319449
944,Budbury,160,450,305,800,6.684611727667927
945,Budbury,160,450,305,800,6.684611727667927
946,Budbury,160,450,305,333.7999878,5.810541974678903
947,Overton Down Site XII,335,370,352.5,108.3000031,4.6849051826311365
948,Badbury,100,400,250,1233.400024,7.1175298820158
949,Badbury,50,400,225,256,5.545177444479562
950,Land North of Chippenham,75,200,137.5,78.5,4.363098624788363
951,Land East of Chippenham,100,200,150,113.0999985,4.728272369859475
952,Littleton Drew to Chippenham Gas Pipeline Area E,0,100,50,132.6999969,4.888090917977197
953,"Halangy Down, St Mary's, Isles of Scilly,",-100,700,300,16.60000038,2.8094027182540637
954,"Halangy Down, St Mary's, Isles of Scilly,",-100,700,300,16.60000038,2.8094027182540637
955,"Bryher, Isles of Scilly",-50,100,25,50.29999924,3.9180050619963493
956,"Bryher, Isles of Scilly",-50,100,25,9.100000381,2.2082744553909355
957,"Reawla, Gwinear",100,150,125,132.6999969,4.888090917977197
958,"Penhale Point, Holywell Bay, near Newquay",-101,88,-6.5,30.200000760000002,3.4078419495463868
959,"Castle Gotha, St Austell",-50,150,50,69.59999847,4.242764545357615
960,"Shortlanesend, Kenwyn, Truro",197,215,206,78.5,4.363098624788363
961,Killibury Hillfort,-100,1,-49.5,63.59999847,4.152613446289473
962,Threemilestone Round,-75,50,-12.5,41.90000153,3.7352858634436044
963,"Rumps Cliff Castle, St Minver",-100,50,-25,32.20000076,3.471966476152847
964,"Grambla, Wendron",100,450,275,162,5.087596335232384
965,"Goldherring, Sancreed",1,400,200.5,39.5,3.676300671907076
966,"Goldherring, Sancreed",1,400,200.5,40.70000076,3.7062281111217676
967,"Goldherring, Sancreed",1,400,200.5,46.59999847,3.8416005082989817
968,Mulfra Vean,25,50,37.5,349.7000122,5.857075678956376
969,"Tremough, Penryn (Site 1)",175,275,225,53.59999847,3.9815490395319797
970,Trethurgy,150,400,275,56,4.02535169073515
971,Trethurgy,175,400,287.5,24,3.1780538303479458
972,Trethurgy,150,550,350,96,4.564348191467836
973,Trethurgy,150,550,350,35,3.5553480614894135
974,Trethurgy,450,500,475,18,2.8903717578961645
975,Chysauster,-100,300,100,17.10000038,2.839078485730836
976,Chysauster,-100,300,100,285.7999878,5.655292222808573
977,Chysauster,-100,300,100,365,5.8998973535824915
978,Chysauster,-100,300,100,282,5.641907070938114
979,Chysauster,-100,300,100,506.1000061,6.2267342902729865
980,Chysauster,-100,300,100,371.2999878,5.917010328325507
981,"Chun Castle, Penwith",-100,25,-37.5,53.79999924,3.9852734530413447
982,"Chun Castle, Penwith",-100,25,-37.5,53.90000153,3.9871305063008506
983,Gurnard's Head,-100,1,-49.5,18.10000038,2.895911959266255
984,Gurnard's Head,-100,1,-49.5,11.30000019,2.424802742532454
985,Gurnard's Head,-100,1,-49.5,29.89999962,3.3978584676876107
986,"Carn Euny, Sancreed, Cornwall",-50,400,175,208.6999969,5.340897799229298
987,"Carn Euny, Sancreed, Cornwall",-50,400,175,45.09999847,3.8088822125840203
988,"Carn Euny, Sancreed, Cornwall",-50,400,175,41.90000153,3.7352858634436044
989,"Carn Euny, Sancreed, Cornwall",-50,400,175,15.399999619999999,2.7343674847442583
990,"Carn Euny, Sancreed, Cornwall",-50,400,175,186.3000031,5.227358294247371
991,"Carn Euny, Sancreed, Cornwall",-50,400,175,35.79999924,3.577947872177604
992,"Carn Euny, Sancreed, Cornwall",50,400,225,7.099999905,1.960094770666988
993,"Carn Euny, Sancreed, Cornwall",-50,400,175,56.79999924,4.039536312346824
994,"Trevisker, St. Eval",-100,150,25,128.6999969,4.857484090515056
995,"Trevisker, St. Eval",-100,150,25,95,4.553876891600541
996,Porthmeor,-100,400,150,44.20000076,3.7887248062782226
997,Porthmeor,50,350,200,55.5,4.0163830207523885
998,Porthmeor,-100,400,150,90.19999695,4.50202939325483
999,Porthmeor,-100,400,150,78.90000153,4.368181247243463
1000,Porthmeor,-100,400,150,45.40000153,3.815512138747742
1001,Porthmeor,200,400,300,331,5.802118375377063
1002,Porthmeor,174,200,187,185.4000015,5.22251566122237
1003,Porthmeor,-100,400,150,22.799999239999998,3.1267605026270613
1004,Porthmeor,-100,400,150,27.01000023,3.296207176319889
1005,Porthmeor,-100,400,150,26.39999962,3.273363995758331
1006,St Mawgan-in-Pydar,43,100,71.5,13.19999981,2.5802168151983857
1007,St Mawgan-in-Pydar,25,70,47.5,58.09999847,4.062165637523958
1008,St Mawgan-in-Pydar,1,150,75.5,10.19999981,2.322387701662774
1009,St Mawgan-in-Pydar,1,150,75.5,15.19999981,2.7212954153522304
1010,St Mawgan-in-Pydar,25,70,47.5,75.40000153,4.3228072953056875
1011,St Mawgan-in-Pydar,43,100,71.5,39.59999847,3.6788290796240704
1012,Nancemere Fields,43,600,321.5,12.600000380000001,2.5336968441161623
1013,"Lellizzick, Padstow",50,600,325,41.90000153,3.7352858634436044
1014,"Bodmin to Indian Queens Site A, Lower Trenoweth Roundhouse",1,100,50.5,95,4.553876891600541
1015,"Bodrifty, Mulfra Hill",-100,1,-49.5,18.89999962,2.9391619019597766
1016,"Bodrifty, Mulfra Hill",-100,1,-49.5,45.40000153,3.815512138747742
1017,"Bodrifty, Mulfra Hill",-100,1,-49.5,16.60000038,2.8094027182540637
1018,"Bodrifty, Mulfra Hill",-100,1,-49.5,32.20000076,3.471966476152847
1019,"Bodrifty, Mulfra Hill",-100,1,-49.5,41.90000153,3.7352858634436044
1020,"Bodrifty, Mulfra Hill",-100,1,-49.5,83.30000305,4.422448585787442
1021,"Bodrifty, Mulfra Hill",-100,1,-49.5,38.5,3.6506582412937387
1022,"Bodrifty, Mulfra Hill",-100,1,-49.5,35.29999924,3.5638829424095055
1023,"Penryn College, Penryn",-100,400,150,48.79999924,3.887730297285331
1024,"Penryn College, Penryn",-100,400,150,38.5,3.6506582412937387
1025,"St Loyes, Topsham Road, Exeter",-50,400,175,22.799999239999998,3.1267605026270613
1026,"St Loyes, Topsham Road, Exeter",-50,400,175,70.80000305,4.25985904377877
1027,"St Loyes, Topsham Road, Exeter",-50,400,175,65.69999695,4.185098879067429
1028,Blackhorse,-160,90,-35,240.5,5.482720089545816
1029,Blackhorse,-200,20,-90,102.0999985,4.625952710479141
1030,Blackhorse,-200,20,-90,83.30000305,4.422448585787442
1031,Pomeroy Wood/Gittisham Forge/Nag's Head Culvert,100,300,200,47.79999924,3.8670256235978284
1032,Pomeroy Wood/Gittisham Forge/Nag's Head Culvert,100,300,200,33.20000076,3.502549898814009
1033,Pomeroy Wood/Gittisham Forge/Nag's Head Culvert,100,300,200,38.5,3.6506582412937387
1034,Pomeroy Wood/Gittisham Forge/Nag's Head Culvert,100,300,200,38.5,3.6506582412937387
1035,Pomeroy Wood/Gittisham Forge/Nag's Head Culvert,100,300,200,78.5,4.363098624788363
1036,Pomeroy Wood/Gittisham Forge/Nag's Head Culvert,100,300,200,50.29999924,3.9180050619963493
1037,Pomeroy Wood/Gittisham Forge/Nag's Head Culvert,100,300,200,63.59999847,4.152613446289473
1038,Pomeroy Wood/Gittisham Forge/Nag's Head Culvert,65,100,82.5,52.79999924,3.966511176318276
1039,Pomeroy Wood/Gittisham Forge/Nag's Head Culvert,100,300,200,50.29999924,3.9180050619963493
1040,Pomeroy Wood/Gittisham Forge/Nag's Head Culvert,65,100,82.5,50.90000153,3.9298629536154155
1041,Pomeroy Wood/Gittisham Forge/Nag's Head Culvert,100,300,200,33,3.4965075614664802
1042,Pomeroy Wood/Gittisham Forge/Nag's Head Culvert,65,100,82.5,25.799999239999998,3.250374462470207
1043,"Middle Burrow Farm, East Worlington",-100,50,-25,118.8000031,4.77744143302282
1044,"Beacon Hill, Lundy",200,400,300,50.29999924,3.9180050619963493
1045,"Willand Road, Cullompton",-100,200,50,165.1000061,5.106551387873386
1046,"Willand Road, Cullompton",-100,200,50,165.1000061,5.106551387873386
1047,"Willand Road, Cullompton",-100,200,50,165.1000061,5.106551387873386
1048,"Rudge, Morchard Bishop",55,80,67.5,176.6999969,5.174453361781791
1049,"Gold Park, Dartmoor",-100,1,-49.5,28.299999239999998,3.342861777794068
1050,"Gold Park, Dartmoor",-100,1,-49.5,38.5,3.6506582412937387
1051,"Gold Park, Dartmoor",-100,1,-49.5,28.299999239999998,3.342861777794068
1052,"Honeyditches, Seaton",-100,400,150,50.29999924,3.9180050619963493
1053,Holcombe,-100,50,-25,45.40000153,3.815512138747742
1054,Holcombe,-100,50,-25,45.40000153,3.815512138747742
1055,Holcombe,-100,50,-25,45.40000153,3.815512138747742
1056,Holcombe,-100,50,-25,45.40000153,3.815512138747742
1057,Holcombe,180,410,295,1077.400024,6.982306032522282
1058,Holcombe,180,220,200,240.1999969,5.481471896739971
1059,Holcombe,70,200,135,102.0999985,4.625952710479141
1060,"Topsham, M5 motorway",50,75,62.5,38.79999924,3.658420227041599
1061,Shillingstone villa,100,300,200,225,5.41610040220442
1062,"Norden, Corfe Castle",150,180,165,79.09999847,4.3707128554310035
1063,Ower,175,400,287.5,58,4.060443010546419
1064,"St Georges Road, Dorchester By-pass",250,400,325,38.5,3.6506582412937387
1065,"St Georges Road, Dorchester By-pass",250,400,325,33.20000076,3.502549898814009
1066,"Bradford Down, Pamphill",100,300,200,200.1000061,5.298817272074445
1067,"Bradford Down, Pamphill",75,300,187.5,22.60000038,3.1179499230923993
1068,Woodhouse Hill,250,400,325,76,4.330733340286331
1069,Woodhouse Hill,40,60,50,75.40000153,4.3228072953056875
1070,Woodhouse Hill,60,85,72.5,55.29999924,4.01277289478507
1071,Woodhouse Hill,150,400,275,74.40000153,4.309455962403562
1072,Woodhouse Hill,300,400,350,77.09999847,4.345103260724926
1073,"Pins Knoll, Litton Cheney",350,400,375,24.799999239999998,3.2108436225257746
1074,"Compact Farm, Worth Maltravers",-50,100,25,30.200000760000002,3.4078419495463868
1075,Poundbury,-100,50,-25,66.5,4.197201947661808
1076,Poundbury,-100,50,-25,35.29999924,3.5638829424095055
1077,Poundbury,-100,50,-25,16.60000038,2.8094027182540637
1078,Poundbury,-100,50,-25,23.799999239999998,3.1696855487446554
1079,Poundbury,-100,50,-25,38.5,3.6506582412937387
1080,Poundbury,-100,50,-25,45.40000153,3.815512138747742
1081,Poundbury,80,120,100,28.10000038,3.335769589862832
1082,Poundbury,-100,50,-25,23.799999239999998,3.1696855487446554
1083,Bucknowle,250,375,312.5,143.1000061,4.963543729189937
1084,Bucknowle,250,375,312.5,205,5.3230099791384085
1085,Bucknowle,300,375,337.5,77.09999847,4.345103260724926
1086,Bucknowle,150,250,200,67.30000305,4.209160281970147
1087,Bucknowle,300,375,337.5,227.5,5.427150238391005
1088,Bucknowle,250,375,312.5,314.2000122,5.750029764650291
1089,Bucknowle,150,250,200,80.5,4.388257184424518
1090,Bucknowle,50,375,212.5,229,5.43372200355424
1091,"Portland, Royal Manor Arts College",1,400,200.5,47.79999924,3.8670256235978284
1092,"Portland, Royal Manor Arts College",1,400,200.5,47.79999924,3.8670256235978284
1093,"Portland, Royal Manor Arts College",1,400,200.5,19.60000038,2.9755295856242263
1094,Barton Field,350,410,380,162,5.087596335232384
1095,Barton Field,350,410,380,624,6.436150368369428
1096,Barton Field,150,350,250,33.79999924,3.5204607800037655
1097,Barton Field,-100,50,-25,78.5,4.363098624788363
1098,Barton Field,-100,50,-25,176.6999969,5.174453361781791
1099,Barton Field,-100,50,-25,50.29999924,3.9180050619963493
1100,Barton Field,-100,50,-25,38.5,3.6506582412937387
1101,Barton Field,-100,50,-25,132.6999969,4.888090917977197
1102,Tolpuddle Ball,-100,400,150,12.600000380000001,2.5336968441161623
1103,Halstock,175,400,287.5,512,6.238324625039508
1104,Halstock,20,60,40,32.20000076,3.471966476152847
1105,Halstock,140,400,270,435,6.075346031088684
1106,Halstock,20,60,40,13.899999619999999,2.631888812798516
1107,Halstock,20,60,40,113.0999985,4.728272369859475
1108,"Alington Avenue, Fordington",200,325,262.5,51,3.9318256327243257
1109,"Alington Avenue, Fordington",75,200,137.5,91,4.51085950651685
1110,Poundbury Farm,50,400,225,120,4.787491742782046
1111,Poundbury Farm,50,400,225,42.79999924,3.7565380848307415
1112,Bestwall Quarry,-50,420,185,150.1999969,5.011967718690887
1113,Bestwall Quarry,-50,420,185,132.6999969,4.888090917977197
1114,Catsgore,315,360,337.5,124,4.820281565605037
1115,Catsgore,100,425,262.5,56.40000153,4.032469185631673
1116,Catsgore,150,350,250,66,4.189654742026425
1117,Catsgore,150,350,250,157.3000031,5.058154829771797
1118,Catsgore,100,180,140,63.59999847,4.152613446289473
1119,Catsgore,150,350,250,105,4.653960350157523
1120,Catsgore,120,180,150,130,4.867534450455582
1121,Catsgore,150,350,250,47.5,3.8607297110405954
1122,Catsgore,315,360,337.5,85,4.442651256490317
1123,Catsgore,100,425,262.5,93.5,4.537961436294641
1124,Catsgore,100,425,262.5,93.5,4.537961436294641
1125,Catsgore,100,425,262.5,77.5,4.350277936359301
1126,Catsgore,250,340,295,122.3000031,4.806477068040633
1127,Catsgore,335,425,380,141,4.948759890378168
1128,Catsgore,270,315,292.5,98,4.584967478670572
1129,Catsgore,360,425,392.5,76,4.330733340286331
1130,Catsgore,150,270,210,372.7999878,5.921042050086114
1131,Catsgore,100,425,262.5,81.69999695,4.403053964534255
1132,Catsgore,100,425,262.5,36,3.58351893845611
1133,Catsgore,100,425,262.5,102.1999969,4.626931647436923
1134,Cadbury Congresbury,430,600,515,12,2.4849066497880004
1135,Shepton Mallet,350,400,375,187,5.231108616854587
1136,Shepton Mallet,350,399,374.5,194.5,5.270432163058501
1137,Shepton Mallet,250,400,325,157.5,5.059425458265688
1138,Shepton Mallet,350,400,375,127,4.844187086458591
1139,Camerton,300,390,345,91,4.51085950651685
1140,Camerton,250,380,315,185.6000061,5.223593853218479
1141,Camerton,250,380,315,162.3999939,5.0900623901660005
1142,Camerton,250,450,350,350.7000122,5.8599311919337
1143,Camerton,250,380,315,127,4.844187086458591
1144,Camerton,180,350,265,300.2999878,5.704781934363243
1145,"Perrott Hill School, North Perrott",-100,50,-25,113.0999985,4.728272369859475
1146,Chew Park,-100,375,137.5,29.200000760000002,3.374168735301633
1147,Chew Park,50,100,75,53.40000153,3.977810774617834
1148,Crandon Bridge/Bush Marsh,300,350,325,75,4.31748811353631
1149,Hamdon Hill,-100,400,150,694.5999756,6.543336105181842
1150,Gatcombe,50,425,237.5,84.5,4.436751534363128
1151,Gatcombe,50,425,237.5,137.8000031,4.925803381075929
1152,Gatcombe,330,425,377.5,119,4.77912349311153
1153,Gatcombe,270,380,325,180,5.19295685089021
1154,Gatcombe,270,380,325,160.1999969,5.0764230152834475
1155,Gatcombe,300,425,362.5,105.4000015,4.657762650338761
1156,Gatcombe,150,300,225,194.8999939,5.272486575215413
1157,Gatcombe,350,425,387.5,27,3.295836866004329
1158,"High Common, Bath",0,300,150,105.3000031,4.6568134485796255
1159,Huntworth,-100,400,150,111.1999969,4.711330353938783
1160,Huntworth,-100,400,150,89.90000153,4.498697958496484
1161,Huntworth,-100,400,150,33.20000076,3.502549898814009
1162,Huntworth,-100,400,150,113.0999985,4.728272369859475
1163,"Royal Navel Air Station (RNAS), Yeovilton",100,300,200,48,3.871201010907891
1164,"Royal Navel Air Station (RNAS), Yeovilton",100,300,200,22.5,3.1135153092103742
1165,"Bradley Hill, Somerton",335,400,367.5,110.9000015,4.70862890788202
1166,"Bradley Hill, Somerton",365,400,382.5,103.9000015,4.643428912542141
1167,"Stoke St Mary, Taunton (Site 52)",100,400,250,40,3.6888794541139363
1168,"Stoke St Mary, Taunton (Site 52)",100,300,200,63,4.143134726391533
1169,"Stoke St Mary, Taunton (Site 52)",100,400,250,24,3.1780538303479458
1170,"Stoke St Mary, Taunton (Site 52)",300,400,350,35,3.5553480614894135
1171,"Bancombe Hill, Somerton",200,400,300,700,6.551080335043404
1172,"Row of Ashes Farm, Butcombe",1,400,200.5,78.5,4.363098624788363
1173,Ilchester Mead,150,400,275,90.80000305,4.508659319197555
1174,Ilchester Mead,150,400,275,82.80000305,4.416428098226962
1175,"Pagans Hill, Chew Stoke",262,400,331,176.3000031,5.172187106987488
1176,"Pagans Hill, Chew Stoke",262,400,331,207.3000031,5.3341670343959064
1177,"Pagans Hill, Chew Stoke",262,400,331,775.7000122,6.653765863224556
1178,Combe Hay,250,400,325,48,3.871201010907891
1179,Glastonbury Lake Village,-100,-50,-75,38.5,3.6506582412937387
1180,Glastonbury Lake Village,-100,-50,-75,35.20000076,3.5610461041949604
1181,Glastonbury Lake Village,-100,-50,-75,20,2.995732273553991
1182,Glastonbury Lake Village,-100,-50,-75,375,5.926926025970411
1183,Glastonbury Lake Village,-100,-50,-75,74.40000153,4.309455962403562
1184,Glastonbury Lake Village,-100,-50,-75,68.80000305,4.231203789270692
1185,Glastonbury Lake Village,-100,-50,-75,16.10000038,2.7788192955929016
1186,Glastonbury Lake Village,-100,-50,-75,72,4.276666119016055
1187,Glastonbury Lake Village,-100,-50,-75,26.700000760000002,3.284663593870623
1188,Glastonbury Lake Village,-100,-50,-75,103.6999969,4.641502085341556
1189,Glastonbury Lake Village,-100,-50,-75,49,3.8918202981106265
1190,Glastonbury Lake Village,-100,-50,-75,35.29999924,3.5638829424095055
1191,Glastonbury Lake Village,-100,-50,-75,150,5.0106352940962555
1192,Glastonbury Lake Village,-100,-50,-75,18.89999962,2.9391619019597766
1193,Glastonbury Lake Village,-100,-50,-75,55.29999924,4.01277289478507
1194,Glastonbury Lake Village,-100,-50,-75,61.59999847,4.120661845701812
1195,Glastonbury Lake Village,-100,-50,-75,96.80000305,4.572647025790795
1196,Glastonbury Lake Village,-100,-50,-75,56.79999924,4.039536312346824
1197,Glastonbury Lake Village,-100,-50,-75,60,4.0943445622221
1198,Glastonbury Lake Village,-100,-50,-75,52.79999924,3.966511176318276
1199,Glastonbury Lake Village,-100,-50,-75,33.59999847,3.5145260214334435
1200,Glastonbury Lake Village,-100,-50,-75,150,5.0106352940962555
1201,Meare lake Village,-100,-50,-75,30,3.4011973816621555
1202,"Brough Field, Carsington, Site A",175,200,187.5,31.5,3.449987545831587
1203,"Brough Field, Carsington, Site B",300,400,350,268.2999878,5.59210571196009
1204,Staden,-100,200,50,15,2.70805020110221
1205,Staden,-100,200,50,15.899999619999999,2.7663190853268143
1206,"Cadeby, Leicestershire",0,70,35,60.5,4.102643365036796
1207,Enderby Enclosure II,-50,50,0,81.69999695,4.403053964534255
1208,Enderby Enclosure II,-50,50,0,81.69999695,4.403053964534255
1209,"Enderby, Enclosure I",-100,50,-25,63.59999847,4.152613446289473
1210,"Enderby, Enclosure I",-100,50,-25,38.5,3.6506582412937387
1211,"Enderby, Enclosure I",-100,50,-25,23.799999239999998,3.1696855487446554
1212,"Enderby, Enclosure I",-100,50,-25,240.5,5.482720089545816
1213,"Enderby, Enclosure I",-100,50,-25,153.8999939,5.036303001208705
1214,"Enderby, Enclosure I",-100,50,-25,40.70000076,3.7062281111217676
1215,Huncote,-50,100,25,54.09999847,3.990834157571474
1216,Huncote,-50,100,25,86.30000305,4.457829633431213
1217,"Normanton le Heath, Leicestershire",-100,50,-25,95,4.553876891600541
1218,Rearsby Bypass Site 1,1,50,25.5,44.20000076,3.7887248062782226
1219,Rearsby Bypass Site 1,1,50,25.5,19.60000038,2.9755295856242263
1220,Rearsby Bypass Site 5,-50,50,0,38.5,3.6506582412937387
1221,"Hallam Fields, north of Birstall, Wanlip",-100,25,-37.5,66.09999847,4.191168723710893
1222,"Forest Hill Golf Club, Markfield Lane, Botcheston",-175,20,-77.5,78.5,4.363098624788363
1223,"Forest Hill Golf Club, Markfield Lane, Botcheston",-175,20,-77.5,78.5,4.363098624788363
1224,Hallaton,50,100,75,113.0999985,4.728272369859475
1225,Manor Farm,-100,15,-42.5,60.79999924,4.107589776472121
1226,Manor Farm,-100,15,-42.5,55.40000153,4.014579621370566
1227,Manor Farm,-100,15,-42.5,73.90000153,4.3027128486578095
1228,"Stretton Road, Great Glen",50,150,100,153.8999939,5.036303001208705
1229,"Stretton Road, Great Glen",50,150,100,78.5,4.363098624788363
1230,"Stretton Road, Great Glen",50,150,100,95,4.553876891600541
1231,"Stretton Road, Great Glen",50,150,100,153.8999939,5.036303001208705
1232,"Stretton Road, Great Glen",150,250,200,50.29999924,3.9180050619963493
1233,Swinford Wind Farm,25,150,87.5,78.5,4.363098624788363
1234,Swinford Wind Farm,43,150,96.5,95,4.553876891600541
1235,"Kirby Muxloe, Leicestershire",-100,250,75,42,3.7376696182833684
1236,"University Playing Fields, Gartree road, Oadby",-50,400,175,78.5,4.363098624788363
1237,"University Playing Fields, Gartree road, Oadby",-50,400,175,208,5.337538079701318
1238,Lockington,-100,50,-25,113.0999985,4.728272369859475
1239,Lockington,-100,50,-25,78.5,4.363098624788363
1240,Lockington,-100,50,-25,88,4.477336814478207
1241,Lockington,-100,50,-25,78.5,4.363098624788363
1242,Lockington,-100,50,-25,63.59999847,4.152613446289473
1243,Seagrave Road,43,400,221.5,78.5,4.363098624788363
1244,Dragonby,-100,50,-25,50.29999924,3.9180050619963493
1245,Dragonby,-100,400,150,95,4.553876891600541
1246,Dragonby,-100,400,150,22.89999962,3.1311368939663073
1247,Dragonby,-100,400,150,189,5.241747015059643
1248,Dragonby,-100,50,-25,706.9000244,6.5608892476938125
1249,Brauncewell Limestone Quarry,-100,350,125,95,4.553876891600541
1250,Brauncewell Limestone Quarry,-100,350,125,50.29999924,3.9180050619963493
1251,Brauncewell Limestone Quarry,-100,350,125,95,4.553876891600541
1252,Brauncewell Limestone Quarry,-100,350,125,58.09999847,4.062165637523958
1253,Brauncewell Limestone Quarry,-100,350,125,84,4.430816798843313
1254,Brauncewell Limestone Quarry,-100,350,125,58.09999847,4.062165637523958
1255,Navenby,100,400,250,153.8999939,5.036303001208705
1256,Navenby,100,400,250,141.5,4.952299717083292
1257,Stainfield,50,150,100,67.90000153,4.2180360570977875
1258,"Greetwell, Lincoln",-100,300,100,15.899999619999999,2.7663190853268143
1259,"Greetwell, Lincoln",-100,300,100,28.299999239999998,3.342861777794068
1260,"Bourne, South Fields, South Road",200,400,300,36,3.58351893845611
1261,"Land at Backgate, Cowbit",150,225,187.5,23.299999239999998,3.1484533279536286
1262,"Area J, Partney Bypass",50,150,100,63.59999847,4.152613446289473
1263,"Area J, Partney Bypass",-25,50,12.5,113.0999985,4.728272369859475
1264,"Areas B-E, Baston Quarry, Langtoft",-100,400,150,83.30000305,4.422448585787442
1265,Sudbrooke,-100,250,75,113.0999985,4.728272369859475
1266,Partney bypass,-50,50,0,132.6999969,4.888090917977197
1267,Partney bypass,-50,50,0,50.29999924,3.9180050619963493
1268,"Langton Hill, plots 1/5 & 1/6",-100,50,-25,50.29999924,3.9180050619963493
1269,"Langton Hill, plots 1/5 & 1/6",50,200,125,63.59999847,4.152613446289473
1270,"Langton Hill, plots 1/5 & 1/6",-100,50,-25,63.59999847,4.152613446289473
1271,"Langton Hill, plots 1/5 & 1/6",50,200,125,86.59999847,4.461299797900953
1272,Winteringham,50,400,225,278,5.627621113690637
1273,Winteringham,50,400,225,213.3999939,5.363168310282835
1274,"Kirkby la Thorpe, Site 11",200,300,250,132.6999969,4.888090917977197
1275,"Kirkby la Thorpe, Area 90, plot 22/1",100,300,200,100,4.605170185988092
1276,Winterton Villa,130,180,155,237.8000031,5.471429997292846
1277,Winterton Villa,220,375,297.5,594.7000122,6.388057097227093
1278,Winterton Villa,75,400,237.5,30.200000760000002,3.4078419495463868
1279,Winterton Villa,180,400,290,2254.5,7.720683497861139
1280,Winterton Villa,180,400,290,2280.800049,7.732281559082152
1281,Winterton Villa,75,400,237.5,201.3999939,5.305292949996478
1282,Winterton Villa,75,400,237.5,105.6999969,4.660604863547904
1283,Winterton Villa,180,400,290,221.6999969,5.401325102639406
1284,Winterton Villa,150,400,275,196.8000031,5.282188000370185
1285,"The Bridles, St Barnabas Road, Barnetby le Wold",275,400,337.5,83.30000305,4.422448585787442
1286,"The Bridles, St Barnabas Road, Barnetby le Wold",-100,325,112.5,73.90000153,4.3027128486578095
1287,"The Bridles, St Barnabas Road, Barnetby le Wold",250,300,275,50.29999924,3.9180050619963493
1288,"The Bridles, St Barnabas Road, Barnetby le Wold",275,400,337.5,19.60000038,2.9755295856242263
1289,"The Bridles, St Barnabas Road, Barnetby le Wold",0,200,100,70.90000153,4.261270455117772
1290,Goltho,100,150,125,113.0999985,4.728272369859475
1291,Goltho,50,100,75,113.0999985,4.728272369859475
1292,Goltho,150,200,175,113.0999985,4.728272369859475
1293,"Moor Farm, Bucknall",0,100,50,113.0999985,4.728272369859475
1294,"Moor Farm, Bucknall",0,100,50,50.29999924,3.9180050619963493
1295,"Moor Farm, Bucknall",100,400,250,95,4.553876891600541
1296,"East of Ewerby, Plot 135",-50,50,0,36.29999924,3.591817720334166
1297,"East of Ewerby, Plot 135",-50,50,0,26.39999962,3.273363995758331
1298,"East of Ewerby, Plot 135",-50,50,0,98.5,4.590056548178043
1299,"East of Ewerby, Plot 135",-50,50,0,38.5,3.6506582412937387
1300,"West of Ewerby, Plot 139",-50,50,0,91.59999847,4.517431254977028
1301,"West of Ewerby, Plot 139",-50,50,0,153.8999939,5.036303001208705
1302,"South-East of Kirkby la Thorpe, Plot 146",-50,50,0,113.0999985,4.728272369859475
1303,"South-East of Kirkby la Thorpe, Plot 146",-50,50,0,20.39999962,3.0155348822227195
1304,"Pasture Lodge Farm, Long Bennington",50,400,225,119,4.77912349311153
1305,Tallington,50,400,225,134.8000031,4.903792221475239
1306,"Aylesby, South Humberside",-50,43,-3.5,50.29999924,3.9180050619963493
1307,"Aylesby, South Humberside",-50,43,-3.5,50.29999924,3.9180050619963493
1308,"Moor Pool Close, Rampton",1,400,200.5,78.5,4.363098624788363
1309,Broughton Lodge,135,350,242.5,14.399999619999999,2.6672281801930655
1310,Gonalston,-100,200,50,63.59999847,4.152613446289473
1311,Dunston's Clump,-100,100,0,68.30000305,4.223909811232673
1312,Dunston's Clump,-25,300,137.5,38.20000076,3.6428355355078175
1313,Staunton,275,400,337.5,69.40000153,4.239886889558868
1314,Staunton,275,400,337.5,44.20000076,3.7887248062782226
1315,Mansfield Woodhouse,110,125,117.5,17.39999962,2.8564701843814024
1316,Mansfield Woodhouse,180,360,270,471.2000122,6.1552826582287175
1317,Silverstone 3,-100,-50,-75,38.5,3.6506582412937387
1318,Silverstone 3,-100,-50,-75,95,4.553876891600541
1319,Silverstone 3,-100,-50,-75,113.0999985,4.728272369859475
1320,Silverstone 3,-100,-50,-75,113.0999985,4.728272369859475
1321,Silverstone 2,-100,75,-12.5,50.29999924,3.9180050619963493
1322,Rowler Manor,175,575,375,240,5.480638923341991
1323,Rowler Manor,175,575,375,33.79999924,3.5204607800037655
1324,Stanion Roman Villa,100,200,150,396,5.981414211254481
1325,Stanion Roman Villa,25,100,62.5,50.29999924,3.9180050619963493
1326,Stanion Roman Villa,100,200,150,12.600000380000001,2.5336968441161623
1327,West Haddon,100,200,150,50.29999924,3.9180050619963493
1328,West Haddon,100,200,150,24,3.1780538303479458
1329,Deanshanger,140,240,190,88,4.477336814478207
1330,"Glapthorn Road, Oundle",1,100,50.5,95,4.553876891600541
1331,"Glapthorn Road, Oundle",274,400,337,39.90000153,3.6863763622416816
1332,"Lime Street, Irthlingborough",-100,100,0,78.5,4.363098624788363
1333,Potterspury,-50,350,150,56.79999924,4.039536312346824
1334,Potterspury,-50,350,150,37.40000153,3.6216707453295762
1335,Higham Ferrers,300,360,330,58.90000153,4.075841116633772
1336,Great Oakley,75,200,137.5,431.2999878,6.0668038753672215
1337,Cosgrove,150,400,275,192,5.2574953720277815
1338,Cosgrove,100,400,250,307.3999939,5.728149811260644
1339,Great Weldon,70,200,135,202.1999969,5.309257291255016
1340,Great Weldon,70,200,135,54.09999847,3.990834157571474
1341,Great Weldon,200,350,275,378.6000061,5.936480254887214
1342,Great Weldon,200,350,275,170.1999969,5.136974197925408
1343,Silverstone Fields Farm,-100,65,-17.5,95,4.553876891600541
1344,Silverstone Fields Farm,-100,65,-17.5,78.5,4.363098624788363
1345,Silverstone Fields Farm,-100,65,-17.5,54,3.9889840465642745
1346,Ashley,100,400,250,18.89999962,2.9391619019597766
1347,Clay Lane,-100,200,50,100,4.605170185988092
1348,Clay Lane,-100,200,50,90,4.499809670330265
1349,Clay Lane,-100,200,50,320.5,5.7698822763607245
1350,Clay Lane,-100,200,50,165.1000061,5.106551387873386
1351,Clay Lane,-100,200,50,130.5,4.871373226762748
1352,Clay Lane,-100,200,50,50.29999924,3.9180050619963493
1353,Harringworth,100,400,250,347.2000122,5.849901017924443
1354,Mileoak Roman Villa,65,160,112.5,621.7000122,6.432457680898905
1355,"Thrapston Gravel Quarry, Aldwincle",-50,50,0,70.90000153,4.261270455117772
1356,"Thrapston Gravel Quarry, Aldwincle",-50,50,0,80.09999847,4.3832758349731895
1357,"Thrapston Gravel Quarry, Aldwincle",-50,50,0,52.79999924,3.966511176318276
1358,"Thrapston Gravel Quarry, Aldwincle",-50,50,0,95,4.553876891600541
1359,"Thorplands, Northampton",100,275,187.5,35.29999924,3.5638829424095055
1360,"Thorplands, Northampton",270,400,335,33.20000076,3.502549898814009
1361,Overstone,80,150,115,100.3000031,4.608165725875168
1362,Overstone,50,400,225,132.6999969,4.888090917977197
1363,Quinton,270,410,340,52.79999924,3.966511176318276
1364,Quinton,120,170,145,113.5,4.7318028369214575
1365,Quinton,60,80,70,29.10000038,3.370738187235866
1366,"Pineham North, Upton, Settlement 2",-50,400,175,109.4000015,4.695010903699033
1367,"Pineham North, Upton, Settlement 2",-50,400,175,153.8999939,5.036303001208705
1368,"Pineham North, Upton, Settlement 2",-50,400,175,153.8999939,5.036303001208705
1369,A45 Roadside Settlement (between Higham Ferrers and Stanwick),75,400,237.5,136.5,4.916324614625014
1370,"Pineham Barn, Upton",-100,400,150,91.59999847,4.517431254977028
1371,"Iron Age Farmstead, Enclosure 2, Irchester, Victoria Park",-100,100,0,78.5,4.363098624788363
1372,"Towcester, Wood Burcote",130,160,145,111.5,4.7140245909001735
1373,Stanwick,-100,100,0,32.20000076,3.471966476152847
1374,Stanwick,-100,100,0,66.5,4.197201947661808
1375,Stanwick,-100,100,0,81.69999695,4.403053964534255
1376,Stanwick,-100,100,0,45.40000153,3.815512138747742
1377,Stanwick,100,150,125,27,3.295836866004329
1378,Stanwick,-100,100,0,138.8999939,4.933754205843811
1379,Stanwick,-100,100,0,132.6999969,4.888090917977197
1380,Stanwick,150,200,175,10.19999981,2.322387701662774
1381,Stanwick,250,300,275,421.7999878,6.044531239121013
1382,Stanwick,225,275,250,51,3.9318256327243257
1383,Stanwick,225,275,250,23,3.1354942159291497
1384,Stanwick,150,200,175,67.90000153,4.2180360570977875
1385,Stanwick,250,300,275,42.09999847,3.7400477043462925
1386,Stanwick,250,300,275,55.09999847,4.009149688391173
1387,Stanwick,50,100,75,66.5,4.197201947661808
1388,Stanwick,-100,100,0,45.40000153,3.815512138747742
1389,Stanwick,225,275,250,35.29999924,3.5638829424095055
1390,Stanwick,-100,100,0,66.5,4.197201947661808
1391,Stanwick,125,175,150,62.20000076,4.1303550119637835
1392,Stanwick,150,200,175,35.40000153,3.5667118633600667
1393,Stanwick,50,100,75,37.40000153,3.6216707453295762
1394,Stanwick,-100,100,0,32.20000076,3.471966476152847
1395,Stanwick,150,200,175,42,3.7376696182833684
1396,Stanwick,-100,100,0,81.69999695,4.403053964534255
1397,Stanwick,-100,100,0,81.69999695,4.403053964534255
1398,Stanwick,100,150,125,50.29999924,3.9180050619963493
1399,Stanwick,225,275,250,40.70000076,3.7062281111217676
1400,Stanwick,250,300,275,47.79999924,3.8670256235978284
1401,Stanwick,100,150,125,30.10000038,3.404525184379415
1402,Stanwick,225,275,250,43,3.7612001156935624
1403,Stanwick,225,275,250,39.59999847,3.6788290796240704
1404,Stanwick,225,275,250,69.5,4.241326752570746
1405,Stanwick,-100,100,0,115,4.74493212836325
1406,Stanwick,150,200,175,147.3000031,4.99247134451407
1407,Stanwick,100,150,125,39.59999847,3.6788290796240704
1408,Stanwick,-100,100,0,32.20000076,3.471966476152847
1409,Stanwick,150,200,175,60,4.0943445622221
1410,Stanwick,225,275,250,66.5,4.197201947661808
1411,Stanwick,125,175,150,22.10000038,3.095577625718277
1412,Stanwick,100,150,125,37.40000153,3.6216707453295762
1413,Stanwick,-100,100,0,45.40000153,3.815512138747742
1414,Stanwick,-100,100,0,73.90000153,4.3027128486578095
1415,Stanwick,150,200,175,85,4.442651256490317
1416,Stanwick,-100,425,162.5,26.799999239999998,3.2884018591586015
1417,Stanwick,300,400,350,121.5,4.799914262780603
1418,Stanwick,-100,425,162.5,41.29999924,3.72086248156505
1419,Stanwick,120,180,150,26.5,3.2771447329921766
1420,Stanwick,120,180,150,113.0999985,4.728272369859475
1421,Stanwick,120,180,150,20,2.995732273553991
1422,Stanwick,-100,425,162.5,500.7000122,6.216007143701787
1423,Stanwick,200,400,300,15.899999619999999,2.7663190853268143
1424,Grange Park,50,450,250,283.5,5.647212123167807
1425,Grange Park,1,100,50.5,113.0999985,4.728272369859475
1426,Redlands Farm Villa,250,300,275,176.6999969,5.174453361781791
1427,Redlands Farm Villa,250,300,275,70.90000153,4.261270455117772
1428,"Mawsley New Village, Great Cransley, ULAS site",-100,50,-25,46.59999847,3.8416005082989817
1429,"Mawsley New Village, Great Cransley, ULAS site",50,100,75,56.79999924,4.039536312346824
1430,"Mawsley New Village, Great Cransley, ULAS site",-100,50,-25,66.5,4.197201947661808
1431,"Mawsley New Village, Great Cransley, ULAS site",75,150,112.5,69.40000153,4.239886889558868
1432,"Mawsley New Village, Great Cransley, ULAS site",-100,43,-28.5,75.40000153,4.3228072953056875
1433,"Mawsley New Village, Great Cransley, ULAS site",50,100,75,38.5,3.6506582412937387
1434,Stanwick Silt Pond,-100,50,-25,95,4.553876891600541
1435,"Higham Road, Burton Latimer",43,425,234,63.59999847,4.152613446289473
1436,Mallows Cotton,364,395,379.5,75.59999847,4.325456262947392
1437,Moulton Park,-50,50,0,28.299999239999998,3.342861777794068
1438,Moulton Park,-50,50,0,44.20000076,3.7887248062782226
1439,Moulton Park,-50,50,0,78.5,4.363098624788363
1440,Moulton Park,-50,50,0,78.5,4.363098624788363
1441,Moulton Park,-50,50,0,78.5,4.363098624788363
1442,Blackthorn,-50,50,0,51,3.9318256327243257
1443,Higham Ferrers OA,300,400,350,36,3.58351893845611
1444,Higham Ferrers OA,200,300,250,64.40000153,4.165113656868072
1445,Higham Ferrers OA,300,400,350,105,4.653960350157523
1446,Higham Ferrers OA,300,400,350,71.5,4.269697449699962
1447,Higham Ferrers OA,200,400,300,63.09999847,4.14472074529994
1448,Higham Ferrers OA,200,300,250,85.80000305,4.452019042041702
1449,Higham Ferrers OA,200,300,250,50.29999924,3.9180050619963493
1450,Higham Ferrers OA,200,300,250,94.5,4.548599834499697
1451,Higham Ferrers OA,200,300,250,92.40000153,4.52612699520608
1452,Higham Ferrers OA,100,200,150,118.8000031,4.77744143302282
1453,Higham Ferrers OA,100,200,150,78.5,4.363098624788363
1454,Higham Ferrers OA,200,300,250,188.5,5.2390980068880655
1455,Higham Ferrers OA,200,300,250,65,4.174387269895637
1456,Higham Ferrers OA,300,400,350,117,4.762173934797756
1457,Higham Ferrers OA,100,200,150,52.79999924,3.966511176318276
1458,Higham Ferrers OA,200,300,250,70.69999695,4.258445529762498
1459,Higham Ferrers OA,200,300,250,95,4.553876891600541
1460,Higham Ferrers OA,300,400,350,15,2.70805020110221
1461,"Crow Hill, Irthlingborough",-100,400,150,192,5.2574953720277815
1462,A45 Roadside Settlement (Middle Sands Iron Age and Roman settlement),100,400,250,95,4.553876891600541
1463,Woodford Villa,75,150,112.5,12.600000380000001,2.5336968441161623
1464,Wakerley (Britannia site),-50,50,0,113.0999985,4.728272369859475
1465,Wakerley (Britannia site),-50,50,0,38.5,3.6506582412937387
1466,Wakerley (Britannia site),-50,50,0,58.09999847,4.062165637523958
1467,Wakerley (Britannia site),-50,50,0,60.79999924,4.107589776472121
1468,Wakerley (Britannia site),-50,50,0,153.8999939,5.036303001208705
1469,Wakerley (Britannia site),-50,50,0,14.69999981,2.6878474808595203
1470,Ashton,-50,400,175,38.5,3.6506582412937387
1471,North Lodge,175,400,287.5,40.70000076,3.7062281111217676
1472,"Priors Hall, Weldon",-100,400,150,30.200000760000002,3.4078419495463868
1473,"Priors Hall, Weldon",-100,400,150,156.1999969,5.051137217559234
1474,"Main Street, Market Overton, Rutland",-50,400,175,45.5,3.817712325956905
1475,"Main Street, Market Overton, Rutland",-50,400,175,34.79999924,3.549617364941348
1476,"Stapleford Road, Whissendine, Rutland",-200,43,-78.5,50.29999924,3.9180050619963493
1477,"Stapleford Road, Whissendine, Rutland",-200,43,-78.5,176.6999969,5.174453361781791
1478,"Stapleford Road, Whissendine, Rutland",-200,43,-78.5,113.0999985,4.728272369859475
1479,"Stapleford Road, Whissendine, Rutland",-200,43,-78.5,63.59999847,4.152613446289473
1480,Empingham Romano-British Farmstead,350,400,375,12.600000380000001,2.5336968441161623
1481,Empingham Romano-British Farmstead,350,400,375,15,2.70805020110221
1482,Empingham Romano-British Farmstead,350,400,375,279.6000061,5.633360032176536
1483,Empingham Site 4: 'Empingham West' Iron Age and Early Anglo-Saxon Settlement,-100,1,-49.5,156.1999969,5.051137217559234
1484,Empingham Site 4: 'Empingham West' Iron Age and Early Anglo-Saxon Settlement,-100,1,-49.5,78.5,4.363098624788363
1485,Empingham Site 4: 'Empingham West' Iron Age and Early Anglo-Saxon Settlement,-100,1,-49.5,85,4.442651256490317
1486,"The Vale of Catmose College, Oakham, Rutland",-100,375,137.5,322,5.7745515455444085
1487,"The Vale of Catmose College, Oakham, Rutland",-100,375,137.5,75.40000153,4.3228072953056875
1488,"Wilderspool, Warrington",220,250,235,457,6.124683390894205
1489,"Wilderspool, Warrington",250,270,260,115.5,4.749270529961848
1490,"Wilderspool, Warrington",250,270,260,91.30000305,4.5141508210072745
1491,"Wilderspool, Warrington",170,220,195,112.8000031,4.725616366546228
1492,"Wilderspool, Warrington",250,270,260,40.40000153,3.6988298228383907
1493,"Wilderspool, Warrington",250,270,260,30.5,3.417726683613366
1494,"Wilderspool, Warrington",170,220,195,369.7000122,5.912691898942315
1495,"Wilderspool, Warrington",270,320,295,36.90000153,3.608211592509895
1496,"Wilderspool, Warrington",250,270,260,55.09999847,4.009149688391173
1497,"Wilderspool, Warrington",140,170,155,108,4.68213122712422
1498,"Wilderspool, Warrington",250,270,260,46.09999847,3.830812916813882
1499,"Wilderspool, Warrington",140,170,155,346.8999939,5.849036536391385
1500,"Wilderspool, Warrington",90,140,115,133,4.890349128221754
1501,"Wilderspool, Warrington",250,270,260,332.7999878,5.807541672288399
1502,"Wilderspool, Warrington",250,270,260,261.1000061,5.564903499067779
1503,"Wilderspool, Warrington",170,220,195,16.5,2.803360380906535
1504,"Wilderspool, Warrington",250,270,260,200,5.298317366548036
1505,"Wilderspool, Warrington",170,220,195,450,6.1092475827643655
1506,Loushers Lane,-100,400,150,21.60000038,3.0726933322827117
1507,Middlewich,150,360,255,328.8999939,5.795753734648341
1508,Middlewich,100,360,230,133,4.890349128221754
1509,Middlewich,-100,360,130,35.40000153,3.5667118633600667
1510,"Stockton Heath, Warrington",75,275,175,155.6000061,5.047288650947375
1511,"Stockton Heath, Warrington",125,150,137.5,109.1999969,4.693181034922526
1512,"Brook House Farm, Bruen Stapleford",-170,60,-55,113.0999985,4.728272369859475
1513,"Birch Heath, Tarporley",100,200,150,34.20000076,3.5322256662907816
1514,"Birch Heath, Tarporley",100,200,150,38.5,3.6506582412937387
1515,Great Woolden Hall,-120,80,-20,128.6999969,4.857484090515056
1516,Great Woolden Hall,-120,80,-20,160.6000061,5.078916839495226
1517,Huntsham,50,337,193.5,337.8999939,5.822749975667566
1518,Huntsham,150,330,240,163.8000031,5.098646190344488
1519,Magna Castra Farm,70,300,185,41.79999924,3.732896321348892
1520,Magna Castra Farm,200,410,305,797.7000122,6.681732602211054
1521,Magna Castra Farm,70,150,110,39,3.6635616461296463
1522,"Coughton, Ross-on-Wye",175,225,200,143.1000061,4.963543729189937
1523,Meole Brace,275,350,312.5,66.5,4.197201947661808
1524,Meole Brace,150,275,212.5,56.29999924,4.030694521646533
1525,Sharpstones Hill Site E/Meole Brace,-100,50,-25,113,4.727387818712341
1526,Whitley Chapel/Weir Meadow,43,450,246.5,109,4.6913478822291435
1527,Holditch,60,275,167.5,400,5.991464547107982
1528,Holditch,60,275,167.5,42,3.7376696182833684
1529,Holditch,60,275,167.5,35,3.5553480614894135
1530,Holditch,60,275,167.5,94.90000153,4.552823721738116
1531,Holditch,60,275,167.5,36,3.58351893845611
1532,"Shenstone, Site D",1,100,50.5,176.6999969,5.174453361781791
1533,Fisherwick,100,250,175,49,3.8918202981106265
1534,Fisherwick,100,250,175,33.59999847,3.5145260214334435
1535,Hales Roman Villa,50,360,205,38.5,3.6506582412937387
1536,Hales Roman Villa,50,360,205,66.5,4.197201947661808
1537,Hales Roman Villa,50,360,205,38.5,3.6506582412937387
1538,"East of Birmingham Road Nurseries, Shenstone",150,250,200,153.8999939,5.036303001208705
1539,"Grimstock Hill, Coleshill",0,100,50,78.5,4.363098624788363
1540,"Grimstock Hill, Coleshill",0,100,50,86.59999847,4.461299797900953
1541,"Grimstock Hill, Coleshill",0,100,50,78.5,4.363098624788363
1542,"Grimstock Hill, Coleshill",0,100,50,113.0999985,4.728272369859475
1543,"Grimstock Hill, Coleshill",0,100,50,56.79999924,4.039536312346824
1544,Tiddington,1,400,200.5,165,5.10594547390058
1545,Tiddington,1,400,200.5,147,4.990432586778736
1546,Tiddington,1,400,200.5,30.299999239999998,3.411147687432815
1547,"Salford Priors, Areas C1, C2 and C3",200,400,300,105,4.653960350157523
1548,"Salford Priors, Area D",50,100,75,18.89999962,2.9391619019597766
1549,"Salford Priors, Area D",50,100,75,42,3.7376696182833684
1550,"Salford Priors, Area D",50,100,75,63.59999847,4.152613446289473
1551,Wasperton,100,650,375,78.5,4.363098624788363
1552,"Coton Park, Rugby",-100,200,50,56.79999924,4.039536312346824
1553,Tripontium,200,425,312.5,136.1999969,4.914124370954766
1554,Tiddington,200,250,225,57,4.04305126783455
1555,Tiddington,100,200,150,90,4.499809670330265
1556,"Longdales Road, King's Norton, Birmingham",175,225,200,52.79999924,3.966511176318276
1557,"Longdales Road, King's Norton, Birmingham",175,225,200,83.30000305,4.422448585787442
1558,Stonebridge Cross,-100,300,100,95,4.553876891600541
1559,Bays  Meadow Villa,286,289,287.5,220,5.393627546352362
1560,Bays  Meadow Villa,-100,0,-50,35.29999924,3.5638829424095055
1561,"Bath Road, Worcester",120,250,185,15.600000380000001,2.7472709386144656
1562,Blackstone,-100,-50,-75,22,3.091042453358316
1563,Blackstone,-100,-50,-75,21.200000760000002,3.054001217527023
1564,Blackstone,-100,-50,-75,15.899999619999999,2.7663190853268143
1565,Blackstone,-100,-50,-75,15.899999619999999,2.7663190853268143
1566,Beckford,-50,400,175,219,5.389071729816501
1567,"The Snipes, Larford Farm, Astley",150,425,287.5,29.200000760000002,3.374168735301633
1568,"Middle Hill, Cleeve Hill",-100,400,150,30,3.4011973816621555
1569,"Elm Farm, Beckford",-200,43,-78.5,132.6999969,4.888090917977197
1570,Broadway,120,140,130,65,4.174387269895637
1571,"Langeled Receiving Facilities, Easington",25,200,112.5,9.600000381,2.2617631381612897
1572,"Langeled Receiving Facilities, Easington",25,200,112.5,63.59999847,4.152613446289473
1573,"Langeled Receiving Facilities, Easington",-25,50,12.5,38.5,3.6506582412937387
1574,"Langeled Receiving Facilities, Easington",-25,50,12.5,38.5,3.6506582412937387
1575,"Langeled Receiving Facilities, Easington",25,200,112.5,38.5,3.6506582412937387
1576,"Langeled Receiving Facilities, Easington",25,200,112.5,15.100000380000001,2.7146947689864414
1577,"Langeled Receiving Facilities, Easington",25,200,112.5,38.5,3.6506582412937387
1578,"Langeled Receiving Facilities, Easington",200,300,250,19.60000038,2.9755295856242263
1579,"Langeled Receiving Facilities, Easington",25,200,112.5,78.5,4.363098624788363
1580,"Langeled Receiving Facilities, Easington",25,200,112.5,50.29999924,3.9180050619963493
1581,"Langeled Receiving Facilities, Easington",25,200,112.5,63.59999847,4.152613446289473
1582,"Langeled Receiving Facilities, Easington",200,300,250,113.0999985,4.728272369859475
1583,"Langeled Receiving Facilities, Easington",25,200,112.5,63.59999847,4.152613446289473
1584,"High Wold, Bempton Lane, Bridlington",75,250,162.5,49,3.8918202981106265
1585,"High Wold, Bempton Lane, Bridlington",75,250,162.5,95,4.553876891600541
1586,"High Wold, Bempton Lane, Bridlington",75,250,162.5,14.80000019,2.694627193607907
1587,"High Wold, Bempton Lane, Bridlington",75,250,162.5,78.5,4.363098624788363
1588,"High Wold, Bempton Lane, Bridlington",75,250,162.5,24,3.1780538303479458
1589,"High Wold, Bempton Lane, Bridlington",75,250,162.5,132.6999969,4.888090917977197
1590,"High Wold, Bempton Lane, Bridlington",75,250,162.5,23.39999962,3.1527360061243392
1591,"Low Caythorpe, gas pipeline storage facility (Area 1)",1,250,125.5,176.6999969,5.174453361781791
1592,"Low Caythorpe, gas pipeline storage facility (Area 1)",1,250,125.5,95,4.553876891600541
1593,Shiptonthorpe,388,402,395,20,2.995732273553991
1594,Shiptonthorpe,250,350,300,168,5.123963979403259
1595,Shiptonthorpe,175,200,187.5,28.299999239999998,3.342861777794068
1596,Shiptonthorpe,100,410,255,54,3.9889840465642745
1597,"Burnby Lane, Hayton",100,300,200,84,4.430816798843313
1598,"Burnby Lane, Hayton",100,300,200,50,3.912023005428146
1599,"Burnby Lane, Hayton",-100,40,-30,181.5,5.201255653704905
1600,"Burnby Lane, Hayton",-100,40,-30,18.10000038,2.895911959266255
1601,"Burnby Lane, Hayton",-100,40,-30,33.20000076,3.502549898814009
1602,"Hayton, Glen Garth",-100,100,0,19.60000038,2.9755295856242263
1603,"Hayton, Glen Garth",-100,100,0,63.59999847,4.152613446289473
1604,"Old Ellerby, Ellerby (Easington to Ganstead Plot 3)",0,200,100,52.79999924,3.966511176318276
1605,"Old Ellerby, Ellerby (Easington to Ganstead Plot 3)",0,200,100,153.8999939,5.036303001208705
1606,"Old Ellerby, Ellerby (Easington to Ganstead Plot 3)",0,200,100,122.6999969,4.809742326451992
1607,"Burton Constable, Ellerby (Easington to Ganstead Plot 9)",-100,100,0,100.3000031,4.608165725875168
1608,"Burton Constable, Ellerby (Easington to Ganstead Plot 9)",-100,50,-25,136.8999939,4.919250687736331
1609,"Burton Constable, Ellerby (Easington to Ganstead Plot 9)",-100,100,0,39.59999847,3.6788290796240704
1610,"Burton Constable, Ellerby (Easington to Ganstead Plot 9)",-100,100,0,113.0999985,4.728272369859475
1611,"Burton Constable, Ellerby (Easington to Ganstead Plot 9)",-100,100,0,153.8999939,5.036303001208705
1612,"Brandywell, Sproatley (Easington to Ganstead Plots 25 and 26)",-50,200,75,81.69999695,4.403053964534255
1613,"Brandywell, Sproatley (Easington to Ganstead Plots 25 and 26)",50,100,75,176.6999969,5.174453361781791
1614,"Brandywell, Sproatley (Easington to Ganstead Plots 25 and 26)",-50,200,75,63.59999847,4.152613446289473
1615,"Brandywell, Sproatley (Easington to Ganstead Plots 25 and 26)",-50,200,75,15.899999619999999,2.7663190853268143
1616,"Brandywell, Sproatley (Easington to Ganstead Plots 25 and 26)",100,200,150,12,2.4849066497880004
1617,"Nuttles, Burstwick (Easington to Ganstead Plot 31)",-50,300,125,63.59999847,4.152613446289473
1618,"Lelley, Burstwick (Easington to Ganstead Plot 35)",1,200,100.5,50.29999924,3.9180050619963493
1619,"Lelley, Burstwick (Easington to Ganstead Plot 35)",1,200,100.5,75.40000153,4.3228072953056875
1620,"New York, Burstwick (Easington to Ganstead Plot 36)",-50,200,75,56.79999924,4.039536312346824
1621,"New York, Burstwick (Easington to Ganstead Plot 36)",-50,200,75,56.79999924,4.039536312346824
1622,"New York, Burstwick (Easington to Ganstead Plot 36)",-50,200,75,56.79999924,4.039536312346824
1623,"New York, Burstwick (Easington to Ganstead Plot 36)",-50,200,75,23.799999239999998,3.1696855487446554
1624,"Braemere Hill, Burstwick (Easington to Ganstead Plot 47)",70,120,95,73.90000153,4.3027128486578095
1625,"Churchlands, Halsham (Easington to Ganstead Plot 68)",-50,70,10,41.90000153,3.7352858634436044
1626,"Churchlands, Halsham (Easington to Ganstead Plot 68)",-50,70,10,33.20000076,3.502549898814009
1627,Patrington (Easington to Ganstead Plot 88),1,300,150.5,59.5,4.085976312551584
1628,Patrington (Easington to Ganstead Plot 88),1,300,150.5,70.90000153,4.261270455117772
1629,Patrington (Easington to Ganstead Plot 88),1,300,150.5,73.90000153,4.3027128486578095
1630,"Bluegate Corner, Welwick (Easington to Ganstead Plot 98)",-50,400,175,28.299999239999998,3.342861777794068
1631,"Bluegate Corner, Welwick (Easington to Ganstead Plot 98)",-50,400,175,38.5,3.6506582412937387
1632,"Gilcross, Skeffling (Easington to Ganstead Plot 107)",-100,50,-25,283.5,5.647212123167807
1633,"Gilcross, Skeffling (Easington to Ganstead Plot 107)",-100,50,-25,176.6999969,5.174453361781791
1634,"Gilcross, Skeffling (Easington to Ganstead Plot 107)",-100,50,-25,227,5.424950017481403
1635,"Hull Road, Easington (Easington to Ganstead Plot 113)",-50,50,0,56.79999924,4.039536312346824
1636,"Dimlington, Easington (Easington to Ganstead Plot 115)",-50,100,25,50.29999924,3.9180050619963493
1637,"Dimlington, Easington (Easington to Ganstead Plot 115)",-50,100,25,50.29999924,3.9180050619963493
1638,"Dimlington, Easington (Easington to Ganstead Plot 115)",-50,100,25,143.1000061,4.963543729189937
1639,"Home Farm, Sewerby (Area E)",-50,150,50,27.299999239999998,3.3068866743520857
1640,"Home Farm, Sewerby (Area E)",-50,150,50,91.59999847,4.517431254977028
1641,"Home Farm, Sewerby (Area E)",-50,150,50,165.1000061,5.106551387873386
1642,"Shepherd Lane, Woodmansey (Ganstead to Asselby Plots 53 and 55)",-100,50,-25,33.20000076,3.502549898814009
1643,"Shepherd Lane, Woodmansey (Ganstead to Asselby Plots 53 and 55)",-100,50,-25,38.5,3.6506582412937387
1644,"Shepherd Lane, Woodmansey (Ganstead to Asselby Plots 53 and 55)",-100,100,0,143.1000061,4.963543729189937
1645,"Shepherd Lane, Woodmansey (Ganstead to Asselby Plots 53 and 55)",-100,50,-25,44.20000076,3.7887248062782226
1646,"Shepherd Lane, Woodmansey (Ganstead to Asselby Plots 53 and 55)",-100,50,-25,19.60000038,2.9755295856242263
1647,"Shepherd Lane, Woodmansey (Ganstead to Asselby Plots 53 and 55)",-100,100,0,103.9000015,4.643428912542141
1648,"Shepherd Lane, Woodmansey (Ganstead to Asselby Plots 53 and 55)",-100,50,-25,86.59999847,4.461299797900953
1649,"Shepherd Lane, Woodmansey (Ganstead to Asselby Plots 53 and 55)",100,300,200,42.5,3.7495040759303713
1650,"Shepherd Lane, Woodmansey (Ganstead to Asselby Plots 53 and 55)",-100,50,-25,113.0999985,4.728272369859475
1651,"Shepherd Lane, Woodmansey (Ganstead to Asselby Plots 53 and 55)",-100,100,0,50.29999924,3.9180050619963493
1652,"Shepherd Lane, Woodmansey (Ganstead to Asselby Plots 53 and 55)",-100,50,-25,86.59999847,4.461299797900953
1653,"Shepherd Lane, Woodmansey (Ganstead to Asselby Plots 53 and 55)",-100,50,-25,86.59999847,4.461299797900953
1654,"Shepherd Lane, Woodmansey (Ganstead to Asselby Plots 53 and 55)",-100,50,-25,33.20000076,3.502549898814009
1655,"Shepherd Lane, Woodmansey (Ganstead to Asselby Plots 53 and 55)",-100,100,0,50.29999924,3.9180050619963493
1656,"Shepherd Lane, Woodmansey (Ganstead to Asselby Plots 53 and 55)",-100,50,-25,132.6999969,4.888090917977197
1657,"Shepherd Lane, Woodmansey (Ganstead to Asselby Plots 53 and 55)",-100,50,-25,86.59999847,4.461299797900953
1658,"Shepherd Lane, Woodmansey (Ganstead to Asselby Plots 53 and 55)",-100,100,0,63.59999847,4.152613446289473
1659,"Rudstone Dale, Newbald (Ganstead to Asselby Plots 103 and 104)",1,100,50.5,44,3.784189633918261
1660,"Rudstone Dale, Newbald (Ganstead to Asselby Plots 103 and 104)",100,300,200,69.40000153,4.239886889558868
1661,"Rudstone Dale, Newbald (Ganstead to Asselby Plots 103 and 104)",100,400,250,38.5,3.6506582412937387
1662,"Rudstone Dale, Newbald (Ganstead to Asselby Plots 103 and 104)",200,400,300,38.5,3.6506582412937387
1663,"Rudstone Dale, Newbald (Ganstead to Asselby Plots 103 and 104)",250,400,325,92,4.5217885770490405
1664,"Rudstone Dale, Newbald (Ganstead to Asselby Plots 103 and 104)",1,100,50.5,26.39999962,3.273363995758331
1665,"Rudstone Dale, Newbald (Ganstead to Asselby Plots 103 and 104)",100,400,250,17.60000038,2.867898923635015
1666,"Rudstone Dale, Newbald (Ganstead to Asselby Plots 103 and 104)",100,400,250,19.799999239999998,2.9856818993166505
1667,"Rudstone Dale, Newbald (Ganstead to Asselby Plots 103 and 104)",100,400,250,63.79999924,4.155753178438518
1668,"Rudstone Dale, Newbald (Ganstead to Asselby Plots 103 and 104)",1,100,50.5,38.5,3.6506582412937387
1669,"Rudstone Dale, Newbald (Ganstead to Asselby Plots 103 and 104)",1,100,50.5,38.5,3.6506582412937387
1670,"Warren Hill Spring, Hotham (Ganstead to Asselby Plot 123)",50,250,150,19.700000760000002,2.9806186743226224
1671,"Warren Hill Spring, Hotham (Ganstead to Asselby Plot 123)",250,400,325,15.30000019,2.7278528408166904
1672,"Warren Hill Spring, Hotham (Ganstead to Asselby Plot 123)",250,400,325,27,3.295836866004329
1673,"Snake Hall, Hotham (Ganstead to Asselby Plots 128 and 129)",-50,250,100,7.099999905,1.960094770666988
1674,"Black Dike, North Cave (Ganstead to Asselby Plots 131, 132, 133 and 134)",-50,250,100,103.9000015,4.643428912542141
1675,"Black Dike, North Cave (Ganstead to Asselby Plots 131, 132, 133 and 134)",-50,250,100,12.600000380000001,2.5336968441161623
1676,"Black Dike, North Cave (Ganstead to Asselby Plots 131, 132, 133 and 134)",-50,250,100,103.9000015,4.643428912542141
1677,"Black Dike, North Cave (Ganstead to Asselby Plots 131, 132, 133 and 134)",-50,250,100,103.9000015,4.643428912542141
1678,"Black Dike, North Cave (Ganstead to Asselby Plots 131, 132, 133 and 134)",-50,250,100,11.30000019,2.424802742532454
1679,"Black Dike, North Cave (Ganstead to Asselby Plots 131, 132, 133 and 134)",-50,250,100,6.199999809,1.824549261244594
1680,"Black Dike, North Cave (Ganstead to Asselby Plots 131, 132, 133 and 134)",-50,250,100,9.600000381,2.2617631381612897
1681,"Black Dike, North Cave (Ganstead to Asselby Plots 131, 132, 133 and 134)",-50,250,100,5.300000191,1.6677068565958113
1682,"Black Dike, North Cave (Ganstead to Asselby Plots 131, 132, 133 and 134)",-50,250,100,11.30000019,2.424802742532454
1683,"Howden Common, Eastrington (Ganstead to Asselby Plots 178 and 179)",-50,350,150,227,5.424950017481403
1684,"Howden Common, Eastrington (Ganstead to Asselby Plots 178 and 179)",-50,350,150,227,5.424950017481403
1685,"Thorpe Hall, Eastrington (Ganstead to Asselby Plots 182 and 184)",100,300,200,63,4.143134726391533
1686,"Thorpe Hall, Eastrington (Ganstead to Asselby Plots 182 and 184)",100,300,200,63,4.143134726391533
1687,"Thorpe Hall, Eastrington (Ganstead to Asselby Plots 182 and 184)",100,300,200,33.20000076,3.502549898814009
1688,"Thorpe Hall, Eastrington (Ganstead to Asselby Plots 182 and 184)",-50,100,25,6.199999809,1.824549261244594
1689,"Thorpe Hall, Eastrington (Ganstead to Asselby Plots 182 and 184)",100,300,200,63,4.143134726391533
1690,"Thorpe Hall, Eastrington (Ganstead to Asselby Plots 182 and 184)",-50,100,25,23.799999239999998,3.1696855487446554
1691,"Thorpe Hall, Eastrington (Ganstead to Asselby Plots 182 and 184)",100,300,200,63,4.143134726391533
1692,"Thorpe Hall, Eastrington (Ganstead to Asselby Plots 182 and 184)",-50,100,25,5.300000191,1.6677068565958113
1693,"Thorpe Hall, Eastrington (Ganstead to Asselby Plots 182 and 184)",100,300,200,19.60000038,2.9755295856242263
1694,"Thorpe Hall, Eastrington (Ganstead to Asselby Plots 182 and 184)",-50,100,25,50.29999924,3.9180050619963493
1695,"Thorpe Hall, Eastrington (Ganstead to Asselby Plots 182 and 184)",-50,100,25,4.900000095,1.589235224504336
1696,"Thorpe Hall, Eastrington (Ganstead to Asselby Plots 182 and 184)",100,300,200,18,2.8903717578961645
1697,"Melton wastewater works, near Brough",50,400,225,40.70000076,3.7062281111217676
1698,Rudston,300,375,337.5,207.8999939,5.337057165522937
1699,Rudston,1,375,188,138.3000031,4.929425261085752
1700,Rudston,1,375,188,76.5,4.33729074083249
1701,Rudston,1,375,188,47.59999847,3.862832729094517
1702,Rudston,1,375,188,13.69999981,2.617395818965466
1703,Rudston,200,300,250,11.80000019,2.468099547573314
1704,Wansford,100,200,150,14.5,2.6741486494265287
1705,"Chapel Garth, Arram",-50,400,175,19.60000038,2.9755295856242263
1706,"Chapel Garth, Arram",-50,400,175,28.299999239999998,3.342861777794068
1707,"Chapel Garth, Arram",-50,400,175,67.90000153,4.2180360570977875
1708,"Chapel Garth, Arram",-50,400,175,29.200000760000002,3.374168735301633
1709,"Aldborough Gas Storage Facility, Aldborough",0,125,62.5,63.59999847,4.152613446289473
1710,"Aldborough Gas Storage Facility, Aldborough",0,125,62.5,63.59999847,4.152613446289473
1711,"Aldborough Gas Storage Facility, Aldborough",0,125,62.5,50.29999924,3.9180050619963493
1712,"Aldborough Gas Storage Facility, Aldborough",0,125,62.5,31.5,3.449987545831587
1713,"Aldborough Gas Storage Facility, Aldborough",0,125,62.5,78.5,4.363098624788363
1714,"Salt End To Aldborough, Plot N10",-100,100,0,78.5,4.363098624788363
1715,"Salt End To Aldborough, Plot N10",-100,100,0,19.60000038,2.9755295856242263
1716,"Salt End To Aldborough, Plot N10",-100,100,0,132.6999969,4.888090917977197
1717,"Salt End To Aldborough, Plot N10",-100,100,0,63.59999847,4.152613446289473
1718,Welton villa,100,400,250,280.7999878,5.637642628704362
1719,Welton villa,200,350,275,48.70000076,3.8856790456942933
1720,Welton villa,200,350,275,122.8000031,4.810557040957342
1721,Welton villa,100,200,150,89.90000153,4.498697958496484
1722,Welton villa,100,200,150,117.8000031,4.768988297533276
1723,Welton villa,100,200,150,105.5999985,4.659658357067616
1724,Welton villa,-100,100,0,95,4.553876891600541
1725,"Millfield Farm, Wheldrake",150,400,275,95,4.553876891600541
1726,"Millfield Farm, Wheldrake",150,400,275,95,4.553876891600541
1727,"Malton Road, Knapton (Knapton Generating Station and gas pipeline)",200,400,300,62.20000076,4.1303550119637835
1728,Great Ayton Moor,-100,70,-15,43,3.7612001156935624
1729,"Crag Bank, Kildale",-100,200,50,56.79999924,4.039536312346824
1730,Wharram Le Street,200,400,300,435.5,6.0764947962925575
1731,Langton villa,70,400,235,184.1000061,5.215479121373198
1732,Langton villa,70,400,235,261.3999939,5.566051777854238
1733,Beadlam villa,150,400,275,63.59999847,4.152613446289473
1734,Beadlam villa,150,400,275,61.59999847,4.120661845701812
1735,Beadlam villa,150,400,275,88.5,4.483002552013883
1736,Beadlam villa,150,400,275,56.59999847,4.036008958177335
1737,Beadlam villa,150,400,275,290.2000122,5.670570382490059
1738,Beadlam villa,150,400,275,143.5,4.966335035199676
1739,Beadlam villa,150,400,275,483.6000061,6.181258131354368
1740,"Percy Rigg, Kildale",-50,50,0,35.29999924,3.5638829424095055
1741,"Percy Rigg, Kildale",-50,50,0,56.79999924,4.039536312346824
1742,"Percy Rigg, Kildale",-50,50,0,60.79999924,4.107589776472121
1743,"Percy Rigg, Kildale",-50,50,0,56.79999924,4.039536312346824
1744,"Percy Rigg, Kildale",-50,50,0,23.799999239999998,3.1696855487446554
1745,"Newham's Pit, Staxton",80,120,100,17.39999962,2.8564701843814024
1746,"Newham's Pit, Staxton",80,120,100,13.899999619999999,2.631888812798516
1747,"Newham's Pit, Staxton",80,120,100,10.80000019,2.3795461517227663
1748,"Newbridge Quarry, Pickering",-100,350,125,95,4.553876891600541
1749,"Newbridge Quarry, Pickering",-100,350,125,63.59999847,4.152613446289473
1750,"Newbridge Quarry, Pickering",-100,350,125,63.59999847,4.152613446289473
1751,"Crankley Lane, Easingwold By-pass",-100,1,-49.5,15.899999619999999,2.7663190853268143
1752,Bank Newton,-120,80,-20,36.29999924,3.591817720334166
1753,Bank Newton,100,275,187.5,30.200000760000002,3.4078419495463868
1754,"Scotch Corner, SCA15, and Scotch Corner Hotel",-100,100,0,63.59999847,4.152613446289473
1755,"Scotch Corner, SCA15, and Scotch Corner Hotel",-100,100,0,63.59999847,4.152613446289473
1756,"Scotch Corner, SCA15, and Scotch Corner Hotel",-100,100,0,30,3.4011973816621555
1757,Healam Bridge,75,425,250,72,4.276666119016055
1758,Healam Bridge,75,138,106.5,72,4.276666119016055
1759,Healam Bridge,75,425,250,68,4.219507705176107
1760,Healam Bridge,300,500,400,17.60000038,2.867898923635015
1761,Healam Bridge,75,425,250,72,4.276666119016055
1762,Healam Bridge,75,425,250,48,3.871201010907891
1763,Healam Bridge,-100,200,50,89.59999847,4.495355302904992
1764,Healam Bridge,75,125,100,30,3.4011973816621555
1765,Healam Bridge,120,200,160,28,3.332204510175204
1766,Healam Bridge,50,200,125,225,5.41610040220442
1767,Healam Bridge,-100,200,50,44,3.784189633918261
1768,Levisham Moor enclosures (A-E),1,400,200.5,27.60000038,3.31781578649122
1769,Levisham Moor enclosures (A-E),1,400,200.5,113.0999985,4.728272369859475
1770,Levisham Moor enclosures (A-E),1,400,200.5,28.299999239999998,3.342861777794068
1771,"Asselby to Pannal pipeline, Site 17-3",43,360,201.5,56.79999924,4.039536312346824
1772,"Asselby to Pannal pipeline, Site 18-5",-170,80,-45,89.90000153,4.498697958496484
1773,"Dringhouses, 42-50 Tadcaster Road",175,225,200,486.7000122,6.187647941906184
1774,Norton Grange (Field 79),-50,100,25,154,5.0369526024136295
1775,Catterick Race Course,100,450,275,176.6999969,5.174453361781791
1776,Catterick Race Course,100,450,275,132.6999969,4.888090917977197
1777,Catterick Race Course,100,450,275,176.6999969,5.174453361781791
1778,"Crossgates, Seamer",-100,200,50,166.3000031,5.113793404839892
1779,"Crossgates, Seamer",-100,200,50,153.8999939,5.036303001208705
1780,"Crossgates, Seamer",-100,200,50,83.30000305,4.422448585787442
1781,"Crossgates, Seamer",-100,200,50,78.5,4.363098624788363
1782,"Crossgates, Seamer",0,200,100,78.5,4.363098624788363
1783,"Gale Common Ash Disposal Site, Womersley",-100,100,0,26.39999962,3.273363995758331
1784,"Gale Common Ash Disposal Site, Womersley",300,400,350,74.90000153,4.31615391095041
1785,Mount Pleasant Farm,-50,200,75,38.5,3.6506582412937387
1786,Mount Pleasant Farm,-50,200,75,15.899999619999999,2.7663190853268143
1787,Mount Pleasant Farm,-50,200,75,15.899999619999999,2.7663190853268143
1788,"Scarborough Integrated Transport Scheme, Fieldwork Area B and Former Play Area",-100,200,50,95,4.553876891600541
1789,"Scarborough Integrated Transport Scheme, Fieldwork Area B and Former Play Area",-100,200,50,44.20000076,3.7887248062782226
1790,"Scarborough Integrated Transport Scheme, Fieldwork Area B and Former Play Area",-100,200,50,113.0999985,4.728272369859475
1791,"Teesside to Saltend Ethylene Pipeline, Site 716, Acaster Hill",-50,70,10,193.6000061,5.265794206350741
1792,"Teesside to Saltend Ethylene Pipeline, Site 713, Manor Cottage, East Rounton",-100,100,0,169.6999969,5.134032153972649
1793,"Teesside to Saltend Ethylene Pipeline, Site 713, Manor Cottage, East Rounton",-100,100,0,60.79999924,4.107589776472121
1794,"Teesside to Saltend Ethylene Pipeline, Site 713, Manor Cottage, East Rounton",-100,100,0,88.30000305,4.48074014215125
1795,"Teesside to Saltend Ethylene Pipeline, Site 713, Manor Cottage, East Rounton",-100,100,0,52.79999924,3.966511176318276
1796,"Teesside to Saltend Ethylene Pipeline, Site 713, Manor Cottage, East Rounton",-100,100,0,120.8000031,4.794136311162966
1797,"Teesside to Saltend Ethylene Pipeline, Site 718, Sike Spa, Crayke",1,70,35.5,28.299999239999998,3.342861777794068
1798,"Teesside to Saltend Ethylene Pipeline, Site 718, Sike Spa, Crayke",1,70,35.5,50.29999924,3.9180050619963493
1799,"Teesside to Saltend Ethylene Pipeline, Site 718, Sike Spa, Crayke",1,70,35.5,19.60000038,2.9755295856242263
1800,"Marton to Acomb Landing pipeline, Field 22",50,400,225,50.29999924,3.9180050619963493
1801,"Marton to Acomb Landing pipeline, Field 22",43,400,221.5,50.29999924,3.9180050619963493
1802,"Heslington East, Areas A1 and A2",-100,200,50,55.5,4.0163830207523885
1803,"Heslington East, Areas A1 and A2",-100,200,50,59.5,4.085976312551584
1804,"Heslington East, Areas A1 and A2",-100,200,50,20.39999962,3.0155348822227195
1805,"Heslington East, Areas A1 and A2",-100,200,50,26.39999962,3.273363995758331
1806,"Heslington East, Areas A1 and A2",-100,200,50,28.299999239999998,3.342861777794068
1807,"Heslington East, Areas A1 and A2",-100,200,50,24.60000038,3.2027464583854717
1808,"Heslington East, Areas A1 and A2",-100,200,50,96.80000305,4.572647025790795
1809,"Heslington East, Areas A1 and A2",-100,200,50,116.9000015,4.761318881309503
1810,"Heslington East, Areas A1 and A2",-100,200,50,122.6999969,4.809742326451992
1811,Holme House Villa,1,400,200.5,176.6999969,5.174453361781791
1812,"Melsonby, Stanwick",-100,80,-10,66.5,4.197201947661808
1813,Roxby Site 1,-100,50,-25,143.1000061,4.963543729189937
1814,Roxby Site 1,-100,50,-25,107.5,4.677490847567717
1815,Roxby Site 2,1,500,250.5,147.3999939,4.993149938371246
1816,Roxby Site 2,1,500,250.5,47.79999924,3.8670256235978284
1817,Roxby Site 2,1,500,250.5,138.8999939,4.933754205843811
1818,Roxby Site 2,1,500,250.5,113.0999985,4.728272369859475
1819,Roxby Site 2,1,500,250.5,122.6999969,4.809742326451992
1820,"Carr Lodge Farm, Doncaster",-50,300,125,132.6999969,4.888090917977197
1821,"Carr Lodge Farm, Doncaster",-50,300,125,33.20000076,3.502549898814009
1822,"Carr Lodge Farm, Doncaster",-50,300,125,63.59999847,4.152613446289473
1823,"Holme Hall Quarry,  near Stainton",75,350,212.5,17.5,2.8622008809294686
1824,"Topham Farm, Sykehouse",-100,200,50,102.0999985,4.625952710479141
1825,"Topham Farm, Sykehouse",-100,200,50,191.1000061,5.252796883166687
1826,"Topham Farm, Sykehouse",-100,200,50,98.5,4.590056548178043
1827,"Topham Farm, Sykehouse",-100,200,50,23.799999239999998,3.1696855487446554
1828,"Topham Farm, Sykehouse",-100,200,50,91.59999847,4.517431254977028
1829,"Topham Farm, Sykehouse",-100,200,50,181.5,5.201255653704905
1830,"Topham Farm, Sykehouse",-100,200,50,109.4000015,4.695010903699033
1831,"Topham Farm, Sykehouse",-100,200,50,47.79999924,3.8670256235978284
1832,"Pickburn Leys, Adwick-Le-Street",-50,300,125,63.59999847,4.152613446289473
1833,"Pickburn Leys, Adwick-Le-Street",-50,300,125,122.6999969,4.809742326451992
1834,Edlington Wood,100,300,200,44,3.784189633918261
1835,Edlington Wood,100,300,200,71.69999695,4.272490705067219
1836,Edlington Wood,100,300,200,83.80000305,4.428433043884218
1837,Stancil,200,300,250,60.59999847,4.104294867827743
1838,"Holmfield Interchange, A1(M), Ferrybridge, Site Q",-100,400,150,88.30000305,4.48074014215125
1839,"Holmfield Interchange, A1(M), Ferrybridge (incl. Site P)",-200,60,-70,35.29999924,3.5638829424095055
1840,"Holmfield Interchange, A1(M), Ferrybridge (incl. Site P)",-50,350,150,48.40000153,3.8794998453341556
1841,"Holmfield Interchange, A1(M), Ferrybridge (incl. Site P)",-50,350,150,122.6999969,4.809742326451992
1842,"Holmfield Interchange, A1(M), Ferrybridge (incl. Site P)",-50,350,150,55.40000153,4.014579621370566
1843,"Holmfield Interchange, A1(M), Ferrybridge (incl. Site P)",1,70,35.5,38.5,3.6506582412937387
1844,Dalton Parlours,-100,375,137.5,15.19999981,2.7212954153522304
1845,Dalton Parlours,-100,375,137.5,60.79999924,4.107589776472121
1846,Dalton Parlours,-100,375,137.5,178.5,5.184588601219693
1847,Dalton Parlours,-100,375,137.5,67.90000153,4.2180360570977875
1848,Dalton Parlours,-100,375,137.5,75.40000153,4.3228072953056875
1849,Dalton Parlours,-100,375,137.5,103.8000031,4.642466000596913
1850,Dalton Parlours,-100,375,137.5,60.20000076,4.09767236493936
1851,Dalton Parlours,-100,375,137.5,78.5,4.363098624788363
1852,Dalton Parlours,-100,375,137.5,72.40000153,4.282206320524267
1853,Dalton Parlours,-100,375,137.5,510,6.234410725718371
1854,Dalton Parlours,-100,375,137.5,227,5.424950017481403
1855,Dalton Parlours,-100,375,137.5,124.6999969,4.825910827826327
1856,Dalton Parlours,-100,375,137.5,17.89999962,2.884800691617659
1857,Dalton Parlours,-100,375,137.5,327.7000122,5.792098592933941
1858,"Asselby to Pannal pipeline, Site 26-2",-50,300,125,89.90000153,4.498697958496484
1859,"Cedar Ridge, Garforth",150,500,325,28,3.332204510175204
1860,"Cedar Ridge, Garforth",300,400,350,67.19999695,4.207673202142198
1861,"Moss Carr, Methley Site 1",-100,50,-25,271.7000122,5.604698561334767
1862,"Moss Carr, Methley Site 1",-100,50,-25,254.5,5.539300835990577
1863,"Moss Carr, Methley Site 2",-80,400,160,176.6999969,5.174453361781791
1864,"Low Common, Whitwood",100,300,200,66.5,4.197201947661808
1865,"Whitwood Common, Whitwood",1,400,200.5,78.5,4.363098624788363
1866,"Bullerthorpe Lane, Swillington",261,537,399,56.79999924,4.039536312346824
1867,Parlington Hollins,-100,500,200,91,4.51085950651685
1868,Faverdale,50,125,87.5,44.20000076,3.7887248062782226
1869,Faverdale,50,125,87.5,50.29999924,3.9180050619963493
1870,Faverdale,50,125,87.5,78.5,4.363098624788363
1871,Faverdale,50,125,87.5,50.29999924,3.9180050619963493
1872,Faverdale,50,125,87.5,38.5,3.6506582412937387
1873,Faverdale,125,200,162.5,38.5,3.6506582412937387
1874,Faverdale,50,125,87.5,38.5,3.6506582412937387
1875,Faverdale,50,125,87.5,47.79999924,3.8670256235978284
1876,Faverdale,50,125,87.5,38.5,3.6506582412937387
1877,Faverdale,125,200,162.5,38.5,3.6506582412937387
1878,Faverdale,50,125,87.5,78.5,4.363098624788363
1879,Piercebridge,80,700,390,116.1999969,4.75531281773967
1880,Piercebridge,80,700,390,103.5,4.639571612705423
1881,Piercebridge,70,400,235,5950,8.691146498539675
1882,Piercebridge,80,700,390,176.6999969,5.174453361781791
1883,Piercebridge,150,400,275,60.29999924,4.099332091129491
1884,Piercebridge,200,325,262.5,142.6999969,4.960744502758894
1885,Piercebridge,120,200,160,44.5,3.7954891891721947
1886,"Street House, Loftus, Cleveland",-50,150,50,19.60000038,2.9755295856242263
1887,"Street House, Loftus, Cleveland",-50,150,50,19.60000038,2.9755295856242263
1888,"Street House, Loftus, Cleveland",-50,150,50,19.60000038,2.9755295856242263
1889,Thorpe Thewles,1,125,63,103.9000015,4.643428912542141
1890,Thorpe Thewles,-100,125,12.5,78.5,4.363098624788363
1891,Thorpe Thewles,1,125,63,30.200000760000002,3.4078419495463868
1892,Thorpe Thewles,1,125,63,95,4.553876891600541
1893,Thorpe Thewles,1,125,63,80.09999847,4.3832758349731895
1894,Thorpe Thewles,-100,1,-49.5,41.90000153,3.7352858634436044
1895,Thorpe Thewles,1,125,63,59.5,4.085976312551584
1896,Thorpe Thewles,-100,1,-49.5,62.20000076,4.1303550119637835
1897,Thorpe Thewles,-100,1,-49.5,169.6999969,5.134032153972649
1898,Catcote,-100,400,150,13.80000019,2.6246686059312747
1899,Catcote,-100,400,150,30.200000760000002,3.4078419495463868
1900,Catcote,-100,400,150,56.79999924,4.039536312346824
1901,Catcote,-100,400,150,75.40000153,4.3228072953056875
1902,Catcote,-100,400,150,21.200000760000002,3.054001217527023
1903,Kilton Thorpe,1,100,50.5,50.29999924,3.9180050619963493
1904,Kilton Thorpe,1,100,50.5,50.29999924,3.9180050619963493
1905,Kilton Thorpe,1,100,50.5,50.29999924,3.9180050619963493
1906,Kilton Thorpe,1,100,50.5,65,4.174387269895637
1907,Kilton Thorpe,-100,100,0,47.79999924,3.8670256235978284
1908,Kilton Thorpe,1,100,50.5,54.09999847,3.990834157571474
1909,Ingleby Barwick,1,150,75.5,19.60000038,2.9755295856242263
1910,Ingleby Barwick,1,150,75.5,313.2000122,5.746842003069393
1911,Ingleby Barwick,350,425,387.5,55.40000153,4.014579621370566
1912,Ingleby Barwick,-100,1,-49.5,32.20000076,3.471966476152847
1913,Ingleby Barwick,350,425,387.5,12.600000380000001,2.5336968441161623
1914,Ingleby Barwick,350,425,387.5,31.200000760000002,3.440418119174411
1915,"Hilltop Farm, Pittington Lane, Broomside, Durham",-100,50,-25,28.299999239999998,3.342861777794068
1916,"Hilltop Farm, Pittington Lane, Broomside, Durham",-100,50,-25,63.59999847,4.152613446289473
1917,"Rockliffe Park, Hurworth-on-Tees, near Darlington",350,360,355,919.7999878,6.82415624184207
1918,Low Middlewood,100,400,250,50.29999924,3.9180050619963493
1919,Low Middlewood,100,400,250,50.29999924,3.9180050619963493
1920,Pig Hill,-100,70,-15,38.5,3.6506582412937387
1921,Pig Hill,-100,70,-15,67.90000153,4.2180360570977875
1922,Pig Hill,-100,70,-15,44.20000076,3.7887248062782226
1923,Heighington Lane west industrial area,1,100,50.5,78.5,4.363098624788363
1924,Heighington Lane west industrial area,1,100,50.5,50.29999924,3.9180050619963493
1925,Dubby Sike,-100,100,0,24,3.1780538303479458
1926,Dubby Sike,-100,100,0,20.39999962,3.0155348822227195
1927,Dubby Sike,-100,100,0,23.799999239999998,3.1696855487446554
1928,Dubby Sike,-100,100,0,18,2.8903717578961645
1929,Forcegarth Pasture South,200,400,300,47.5,3.8607297110405954
1930,Forcegarth Pasture South,200,400,300,47.5,3.8607297110405954
1931,Forcegarth Pasture South,60,400,230,19.60000038,2.9755295856242263
1932,Forcegarth Pasture North,16,156,86,38.5,3.6506582412937387
1933,Forcegarth Pasture North,16,156,86,177.5,5.178970608915471
1934,"Great Chilton, Ferryhill",-100,70,-15,78.5,4.363098624788363
1935,"Bollihope Common, Weardale",-100,200,50,103.9000015,4.643428912542141
1936,Greta Bridge vicus,150,325,237.5,144,4.969813299576001
1937,Greta Bridge vicus,150,325,237.5,176,5.170483995038151
1938,Greta Bridge vicus,150,325,237.5,60,4.0943445622221
1939,Greta Bridge vicus,150,325,237.5,63,4.143134726391533
1940,Greta Bridge vicus,150,325,237.5,70,4.248495242049359
1941,Greta Bridge vicus,150,325,237.5,161.6999969,5.085742747411756
1942,Greta Bridge vicus,150,325,237.5,156,5.049856007249537
1943,Greta Bridge vicus,150,325,237.5,134.8999939,4.904533717995029
1944,Greta Bridge vicus,150,325,237.5,201.6000061,5.306285566455149
1945,West Brandon,-100,-50,-75,246.1000061,5.505737982183682
1946,West Brandon,-100,-50,-75,246.1000061,5.505737982183682
1947,Foxrush Farm,-100,70,-15,38.5,3.6506582412937387
1948,Gowenburn River Camp,-100,150,25,56.79999924,4.039536312346824
1949,Gowenburn River Camp,-100,150,25,56.79999924,4.039536312346824
1950,Gowenburn River Camp,-100,150,25,56.79999924,4.039536312346824
1951,Milking Gap,-100,125,12.5,16.60000038,2.8094027182540637
1952,Milking Gap,-100,125,12.5,13.5,2.6026896854443837
1953,Milking Gap,-100,125,12.5,35.29999924,3.5638829424095055
1954,Milking Gap,-100,125,12.5,21.200000760000002,3.054001217527023
1955,Hetha Burn,75,200,137.5,9.600000381,2.2617631381612897
1956,"Kennel Hall Knowe, North Tynedale",-205,60,-72.5,63.59999847,4.152613446289473
1957,"Kennel Hall Knowe, North Tynedale",-95,130,17.5,90,4.499809670330265
1958,"Kennel Hall Knowe, North Tynedale",-95,215,60,78.5,4.363098624788363
1959,"Kennel Hall Knowe, North Tynedale",-100,200,50,28.299999239999998,3.342861777794068
1960,Apperley Dene,100,200,150,103.9000015,4.643428912542141
1961,"Woolaw, Upper Redesdale",100,200,150,38.5,3.6506582412937387
1962,"Woolaw, Upper Redesdale",100,200,150,45.40000153,3.815512138747742
1963,"Woolaw, Upper Redesdale",100,200,150,62.20000076,4.1303550119637835
1964,"Woolaw, Upper Redesdale",100,200,150,26.39999962,3.273363995758331
1965,"Riding Wood, Bellingham",150,250,200,64.90000153,4.172847647284774
1966,"West Longlee, Wark",100,200,150,50.29999924,3.9180050619963493
1967,"Bridge House, Wark",150,200,175,54.09999847,3.990834157571474
1968,"Bridge House, Wark",150,200,175,35.29999924,3.5638829424095055
1969,"Bridge House, Wark",150,200,175,65,4.174387269895637
1970,Blagdon Park 1,-100,1,-49.5,47.79999924,3.8670256235978284
1971,Blagdon Park 2,-100,100,0,19.60000038,2.9755295856242263
1972,Blagdon Park 2,-200,90,-55,21.200000760000002,3.054001217527023
1973,Blagdon Park 2,-200,90,-55,10.19999981,2.322387701662774
1974,Blagdon Park 2,-200,90,-55,38.5,3.6506582412937387
1975,Blagdon Park 2,-200,90,-55,17.39999962,2.8564701843814024
1976,Blagdon Park 2,-100,100,0,30.200000760000002,3.4078419495463868
1977,Blagdon Park 2,-200,90,-55,10.80000019,2.3795461517227663
1978,Blagdon Park 2,-200,90,-55,19.60000038,2.9755295856242263
1979,Blagdon Park 2,-100,100,0,38.5,3.6506582412937387
1980,Blagdon Park 2,-100,100,0,28.299999239999998,3.342861777794068
1981,Blagdon Park 2,-100,100,0,33.20000076,3.502549898814009
1982,Blagdon Park 2,-200,90,-55,33.20000076,3.502549898814009
1983,Blagdon Park 2,-100,100,0,36.29999924,3.591817720334166
1984,Blagdon Park 2,-200,90,-55,12.600000380000001,2.5336968441161623
1985,Blagdon Park 2,-200,90,-55,26.39999962,3.273363995758331
1986,Blagdon Park 2,-200,90,-55,50.29999924,3.9180050619963493
1987,Blagdon Park 2,-200,90,-55,38.5,3.6506582412937387
1988,Blagdon Park 2,-200,90,-55,95,4.553876891600541
1989,Blagdon Park 2,-200,90,-55,63.59999847,4.152613446289473
1990,Blagdon Park 2,-100,100,0,36.29999924,3.591817720334166
1991,Blagdon Park 2,-100,100,0,28.299999239999998,3.342861777794068
1992,Blagdon Park 2,-200,90,-55,56.79999924,4.039536312346824
1993,Blagdon Park 2,-200,90,-55,50.29999924,3.9180050619963493
1994,East Brunton,-100,50,-25,78.5,4.363098624788363
1995,East Brunton,-100,50,-25,75.40000153,4.3228072953056875
1996,East Brunton,-100,50,-25,78.5,4.363098624788363
1997,East Brunton,-100,50,-25,78.5,4.363098624788363
1998,East Brunton,-100,50,-25,84,4.430816798843313
1999,East Brunton,-100,50,-25,85,4.442651256490317
2000,East Brunton,-100,50,-25,28.299999239999998,3.342861777794068
2001,East Brunton,-100,50,-25,50.29999924,3.9180050619963493
2002,East Brunton,-100,50,-25,63.59999847,4.152613446289473
2003,East Brunton,-100,50,-25,176.6999969,5.174453361781791
2004,East Brunton,-100,50,-25,128.6999969,4.857484090515056
2005,West Brunton,-100,100,0,113.0999985,4.728272369859475
2006,West Brunton,-100,100,0,63.59999847,4.152613446289473
2007,West Brunton,-100,100,0,78.5,4.363098624788363
2008,West Brunton,-100,100,0,73.90000153,4.3027128486578095
2009,West Brunton,-100,100,0,122.6999969,4.809742326451992
2010,West Brunton,-100,100,0,95,4.553876891600541
2011,West Brunton,-100,100,0,50.29999924,3.9180050619963493
2012,West Brunton,-100,100,0,38.5,3.6506582412937387
2013,West Brunton,-100,100,0,38.5,3.6506582412937387
2014,Murton High Crags,-100,200,50,54.09999847,3.990834157571474
2015,Murton High Crags,-100,200,50,25.5,3.2386784521643803
2016,Murton High Crags,-100,200,50,44.20000076,3.7887248062782226
2017,Murton High Crags,-100,200,50,15.899999619999999,2.7663190853268143
2018,Murton High Crags,-100,200,50,60.79999924,4.107589776472121
2019,Murton High Crags,-100,200,50,51.5,3.9415818076696905
2020,Murton High Crags,-100,200,50,69.40000153,4.239886889558868
2021,Murton High Crags,-100,200,50,19.60000038,2.9755295856242263
2022,Murton High Crags,-100,200,50,66.5,4.197201947661808
2023,Murton High Crags,-100,200,50,38.5,3.6506582412937387
2024,Murton High Crags,-100,200,50,52.79999924,3.966511176318276
2025,Murton High Crags,-100,200,50,47.79999924,3.8670256235978284
2026,Murton High Crags,-100,200,50,78.5,4.363098624788363
2027,Murton High Crags,-100,200,50,28.299999239999998,3.342861777794068
2028,Murton High Crags,-100,200,50,30.200000760000002,3.4078419495463868
2029,"Doubstead, Scremerston",75,200,137.5,38.5,3.6506582412937387
2030,"Middle Gunnar Peak, Barrasford",150,200,175,28.299999239999998,3.342861777794068
2031,"Middle Gunnar Peak, Barrasford",75,200,137.5,56.79999924,4.039536312346824
2032,"Middle Gunnar Peak, Barrasford",150,200,175,19.60000038,2.9755295856242263
2033,"Middle Gunnar Peak, Barrasford",75,200,137.5,78.5,4.363098624788363
2034,"Middle Gunnar Peak, Barrasford",75,200,137.5,23.799999239999998,3.1696855487446554
2035,"Middle Gunnar Peak, Barrasford",75,200,137.5,60.79999924,4.107589776472121
2036,"Middle Gunnar Peak, Barrasford",75,200,137.5,113.0999985,4.728272369859475
2037,Belling Law,-100,300,100,52.79999924,3.966511176318276
2038,Belling Law,-100,300,100,28.299999239999998,3.342861777794068
2039,Belling Law,-100,300,100,67.90000153,4.2180360570977875
2040,Belling Law,-100,300,100,40.70000076,3.7062281111217676
2041,Belling Law,-100,300,100,75.40000153,4.3228072953056875
2042,Hartburn,-100,200,50,95,4.553876891600541
2043,Hartburn,-100,200,50,38.5,3.6506582412937387
2044,Hartburn,-100,200,50,153.8999939,5.036303001208705
2045,Hartburn,-100,200,50,153.8999939,5.036303001208705
2046,Hartburn,-100,200,50,78.5,4.363098624788363
2047,Hartburn,-100,200,50,113.0999985,4.728272369859475
2048,Hartburn,-100,200,50,70.90000153,4.261270455117772
2049,Hartburn,100,200,150,95,4.553876891600541
2050,Hartburn,100,200,150,52.5,3.960813169597578
2051,Hartburn,-100,200,50,15.899999619999999,2.7663190853268143
2052,Hartburn,-100,200,50,122.6999969,4.809742326451992
2053,Hartburn,-100,200,50,56.79999924,4.039536312346824
2054,Hartburn,-100,200,50,113.0999985,4.728272369859475
2055,Hartburn,-100,200,50,78.5,4.363098624788363
2056,Hartburn,-100,200,50,70.90000153,4.261270455117772
2057,Hartburn,-100,200,50,153.8999939,5.036303001208705
2058,Hartburn,-100,200,50,95,4.553876891600541
2059,Hartburn,0,100,50,201.1000061,5.303802327111773
2060,Hartburn,-100,200,50,86.59999847,4.461299797900953
2061,Hartburn,-100,200,50,63.59999847,4.152613446289473
2062,Hartburn,-100,200,50,86.59999847,4.461299797900953
2063,Hartburn,-100,200,50,70.90000153,4.261270455117772
2064,Hartburn,-100,200,50,103.9000015,4.643428912542141
2065,Hartburn,-100,200,50,78.5,4.363098624788363
2066,Hartburn,-100,200,50,113.0999985,4.728272369859475
2067,"Tower Knowe, Wellhaugh",1,200,100.5,47.79999924,3.8670256235978284
2068,"Tower Knowe, Wellhaugh",1,200,100.5,70.90000153,4.261270455117772
2069,"Tower Knowe, Wellhaugh",1,200,100.5,44.20000076,3.7887248062782226
2070,"Tower Knowe, Wellhaugh",138,200,169,30,3.4011973816621555
2071,"Tower Knowe, Wellhaugh",1,200,100.5,78.5,4.363098624788363
2072,"Tower Knowe, Wellhaugh",138,200,169,28.299999239999998,3.342861777794068
2073,"Tower Knowe, Wellhaugh",138,200,169,19.60000038,2.9755295856242263
2074,Hoodsclose,-100,50,-25,124.6999969,4.825910827826327
2075,Hoodsclose,-100,50,-25,70.90000153,4.261270455117772
2076,Hoodsclose,-100,50,-25,63.59999847,4.152613446289473
2077,Hoodsclose,-100,50,-25,113.0999985,4.728272369859475
2078,"Pegswood Moor, Morpeth",-100,100,0,93.30000305,4.535820140543544
2079,"Pegswood Moor, Morpeth",100,150,125,43,3.7612001156935624
2080,"Pegswood Moor, Morpeth",100,150,125,39.59999847,3.6788290796240704
2081,"Pegswood Moor, Morpeth",100,150,125,46.59999847,3.8416005082989817
2082,"Pegswood Moor, Morpeth",100,150,125,66.5,4.197201947661808
2083,"Pegswood Moor, Morpeth",-100,100,0,118.8000031,4.77744143302282
2084,"Pegswood Moor, Morpeth",-100,100,0,95,4.553876891600541
2085,"Pegswood Moor, Morpeth",100,150,125,49,3.8918202981106265
2086,"Pegswood Moor, Morpeth",100,150,125,38.5,3.6506582412937387
2087,"Pegswood Moor, Morpeth",100,150,125,78.5,4.363098624788363
2088,"Pegswood Moor, Morpeth",100,150,125,67.90000153,4.2180360570977875
2089,"Pegswood Moor, Morpeth",-100,100,0,39.59999847,3.6788290796240704
2090,"Pegswood Moor, Morpeth",100,150,125,59.5,4.085976312551584
2091,A69 Haltwhistle,-100,120,10,60.79999924,4.107589776472121
2092,Tynemouth,-100,200,50,153.8999939,5.036303001208705
2093,Tynemouth,-100,200,50,16.60000038,2.8094027182540637
2094,Huckhoe,-100,400,150,49,3.8918202981106265
2095,Huckhoe,-100,400,150,76.69999695,4.33990166860789
2096,Huckhoe,-100,400,150,55.09999847,4.009149688391173
2097,Fawden Dean,-180,250,35,19.60000038,2.9755295856242263
2098,Fawden Dean,-100,250,75,19.60000038,2.9755295856242263
2099,Gubeon Cottage,100,200,150,29.200000760000002,3.374168735301633
2100,Gubeon Cottage,100,200,150,35.29999924,3.5638829424095055
2101,West Gunnar Peak,-100,200,50,20.39999962,3.0155348822227195
2102,West Gunnar Peak,-100,200,50,64.09999847,4.160444340057669
2103,West Gunnar Peak,-100,200,50,58.09999847,4.062165637523958
2104,West Gunnar Peak,-100,200,50,24.60000038,3.2027464583854717
2105,West Gunnar Peak,-100,200,50,56.79999924,4.039536312346824
2106,West Gunnar Peak,-100,200,50,38.5,3.6506582412937387
2107,"Crosshill, Penrith",175,250,212.5,123.5,4.816241156068032
2108,"Crosshill, Penrith",175,250,212.5,29.299999239999998,3.3775874900844545
2109,"Crosshill, Penrith",100,175,137.5,113.0999985,4.728272369859475
2110,"Crosshill, Penrith",100,175,137.5,12,2.4849066497880004
2111,Kirkby Thore,70,400,235,17.700000760000002,2.8735646825176357
2112,"Glencoyne Park, Ullswater",-100,200,50,19.60000038,2.9755295856242263
2113,"Old Carlisle Farm, Wigton",100,300,200,144,4.969813299576001
2114,"Baldhowend, Matterdale",-100,300,100,63.59999847,4.152613446289473
2115,"Dobcross Hall, Dalston",100,200,150,63,4.143134726391533
2116,Fingland,300,325,312.5,65,4.174387269895637
2117,"Skye Road, Wigton",100,400,250,32.5,3.481240089335692
2118,Eller Beck,180,350,265,18.10000038,2.895911959266255
2119,Old Brampton,275,325,300,53.29999924,3.975936316912887
2120,Maryport,100,400,250,50.70000076,3.9259259255872756
2121,Maryport,100,400,250,85,4.442651256490317
2122,"Ewe Close, Crosby Ravensworth",100,300,200,300.6000061,5.705780497611622
2123,"Ewe Close, Crosby Ravensworth",100,300,200,48.40000153,3.8794998453341556
2124,"Ewe Close, Crosby Ravensworth",100,300,200,131,4.875197323201151
2125,"Ewe Close, Crosby Ravensworth",100,300,200,25.5,3.2386784521643803
2126,"Ewe Close, Crosby Ravensworth",100,300,200,102.1999969,4.626931647436923
2127,"Ewe Close, Crosby Ravensworth",100,300,200,17.299999239999998,2.8507064575730965
2128,"Ewe Close, Crosby Ravensworth",100,300,200,181.5,5.201255653704905
2129,Old Penrith Fort,100,275,187.5,170,5.135798437050262
2130,Brougham (OA North),300,350,325,63.20000076,4.1463043131781285
2131,Brougham (OA North),200,300,250,39,3.6635616461296463
2132,Manchester,77,400,238.5,26.299999239999998,3.26956891028638
2133,Manchester,77,400,238.5,26.5,3.2771447329921766
2134,Manchester,77,400,238.5,100,4.605170185988092
2135,"Barker House Farm, Lancaster University",27,379,203,113.0999985,4.728272369859475
2136,"Dutton's Farm, Lathom, West Lancashire",-100,200,50,56.79999924,4.039536312346824
2137,"Dutton's Farm, Lathom, West Lancashire",-100,200,50,60.79999924,4.107589776472121
2138,Brunt Boggart,75,200,137.5,35,3.5553480614894135
2139,Brunt Boggart,75,200,137.5,70,4.248495242049359
2140,Lancaster vicus,100,200,150,45.90000153,3.8264651503998324
2141,Lancaster vicus,100,350,225,778.9000015,6.657882669851696
2142,Manchester,160,200,180,18.89999962,2.9391619019597766
2143,Walton le Dale,70,350,210,14.80000019,2.694627193607907
2144,Walton le Dale,70,350,210,93.5,4.537961436294641
2145,Walton le Dale,70,350,210,200,5.298317366548036
2146,Walton le Dale,70,350,210,121,4.795790545596741
2147,Walton le Dale,70,350,210,84,4.430816798843313
2148,"Irby, Wirral",100,300,200,107.5,4.677490847567717
2149,"Irby, Wirral",120,300,210,95,4.553876891600541
2150,Whitton Lodge,1,340,170.5,102,4.624972813284271
2151,Whitton Lodge,1,340,170.5,63.29999924,4.147885317143811
2152,Whitton Lodge,1,340,170.5,24.39999962,3.1945831167253855
2153,Whitton Lodge,1,340,170.5,70.90000153,4.261270455117772
2154,Whitton Lodge,1,340,170.5,107,4.672828834461906
2155,Whitton Lodge,1,340,170.5,132.6999969,4.888090917977197
2156,Whitton Lodge,1,340,170.5,91.59999847,4.517431254977028
2157,Whitton Lodge,1,340,170.5,165.1000061,5.106551387873386
2158,Whitton Lodge,1,340,170.5,21,3.044522437723423
2159,Whitton Lodge,1,340,170.5,72.40000153,4.282206320524267
2160,Whitton Lodge,1,340,170.5,68.80000305,4.231203789270692
2161,Whitton Lodge,1,340,170.5,75.40000153,4.3228072953056875
2162,Whitton Lodge,1,340,170.5,220,5.393627546352362
2163,Whitton Lodge,1,340,170.5,113.0999985,4.728272369859475
2164,Whitton Lodge,1,340,170.5,81.69999695,4.403053964534255
2165,Biglis,1,350,175.5,75.40000153,4.3228072953056875
2166,Biglis,1,350,175.5,78.5,4.363098624788363
2167,Biglis,30,350,190,38.5,3.6506582412937387
2168,Biglis,1,350,175.5,95,4.553876891600541
2169,Caldicot (Caerwent Quarry),100,150,125,63.59999847,4.152613446289473
2170,Caldicot (Caerwent Quarry),75,350,212.5,228,5.429345628954441
2171,Caldicot (Caerwent Quarry),75,350,212.5,63.59999847,4.152613446289473
2172,Caldicot (Caerwent Quarry),100,150,125,28.299999239999998,3.342861777794068
2173,Caldicot (Caerwent Quarry),100,150,125,38.5,3.6506582412937387
2174,Caldicot (Caerwent Quarry),100,150,125,54.09999847,3.990834157571474
2175,"Thornwell Farm, Chepstow",250,300,275,19.60000038,2.9755295856242263
2176,"Thornwell Farm, Chepstow",200,300,250,15.899999619999999,2.7663190853268143
2177,"Thornwell Farm, Chepstow",-100,50,-25,15.899999619999999,2.7663190853268143
2178,"Thornwell Farm, Chepstow",50,100,75,23.799999239999998,3.1696855487446554
2179,"Thornwell Farm, Chepstow",200,300,250,12.600000380000001,2.5336968441161623
2180,"Thornwell Farm, Chepstow",50,100,75,19.60000038,2.9755295856242263
2181,"Thornwell Farm, Chepstow",50,100,75,60.79999924,4.107589776472121
2182,"Thornwell Farm, Chepstow",40,350,195,120.8000031,4.794136311162966
2183,"Thornwell Farm, Chepstow",40,350,195,63.59999847,4.152613446289473
2184,"Thornwell Farm, Chepstow",150,400,275,28.299999239999998,3.342861777794068
2185,RAF St Athan,-170,80,-45,50.29999924,3.9180050619963493
2186,RAF St Athan,-170,80,-45,28.299999239999998,3.342861777794068
2187,Great Bulmore,100,325,212.5,197.3999939,5.285232096097658
2188,Ely Roman villa,100,325,212.5,480.3999939,6.174619077508076
2189,Ely Roman villa,100,324,212,520.5,6.254789888055024
2190,Mynydd Bychan,-50,50,0,29.200000760000002,3.374168735301633
2191,Mynydd Bychan,50,100,75,80.09999847,4.3832758349731895
2192,Mynydd Bychan,-50,50,0,16.60000038,2.8094027182540637
2193,Mynydd Bychan,50,100,75,56.79999924,4.039536312346824
2194,Mynydd Bychan,50,100,75,67.19999695,4.207673202142198
2195,Cae Summerhouse Camp,1,400,200.5,65,4.174387269895637
2196,"Newhouse Park, Chepstow",0,200,100,100,4.605170185988092
2197,Goldcliff West,-50,220,85,43.29999924,3.768152617456481
2198,Castle Ditches,-100,400,150,28.299999239999998,3.342861777794068
2199,Bishopstone Valley,-100,200,50,12,2.4849066497880004
2200,Stackpole Warren,-100,300,100,33.79999924,3.5204607800037655
2201,Stackpole Warren,-100,300,100,47.79999924,3.8670256235978284
2202,Woodside Camp,-100,200,50,78.5,4.363098624788363
2203,Woodside Camp,-100,200,50,77,4.343805421853684
2204,Woodside Camp,-100,200,50,60.79999924,4.107589776472121
2205,Woodside Camp,-100,200,50,23.799999239999998,3.1696855487446554
2206,Dan-y-Coed,150,200,175,51.90000153,3.9493188196516114
2207,Dan-y-Coed,300,408,354,48.29999924,3.877431544923537
2208,Coygan Camp,270,300,285,23.799999239999998,3.1696855487446554
2209,Coygan Camp,270,300,285,14.30000019,2.660259550552575
2210,"Penycoed, Llangynog",219,357,288,15.899999619999999,2.7663190853268143
2211,Cwmbrwyn,100,350,225,225.6999969,5.419206670088443
2212,"Porth y Rhaw, Solva",-384,531,73.5,66.5,4.197201947661808
2213,Pen Dinas,-100,70,-15,68.59999847,4.228292512428633
2214,"Land West of Pengoilan, Llanfihangel Aberbythych",1,100,50.5,165.1000061,5.106551387873386
2215,Dinorben,-100,420,160,45.40000153,3.815512138747742
2216,Dinorben,-100,420,160,29.200000760000002,3.374168735301633
2217,Dinorben,400,500,450,65,4.174387269895637
2218,Dinorben,-100,420,160,29.200000760000002,3.374168735301633
2219,Dinorben,-100,420,160,45.40000153,3.815512138747742
2220,Dinorben,-100,420,160,23.799999239999998,3.1696855487446554
2221,Dinorben,-100,420,160,45.40000153,3.815512138747742
2222,Dinorben,-100,420,160,65,4.174387269895637
2223,Dinorben,-100,420,160,89.90000153,4.498697958496484
2224,Dinorben,-100,420,160,29.200000760000002,3.374168735301633
2225,Dinorben,259,335,297,307.8999939,5.729775035118827
2226,Caersws Vicus,150,250,200,22.5,3.1135153092103742
2227,Caersws Vicus,75,300,187.5,21.200000760000002,3.054001217527023
2228,Caersws Vicus,75,300,187.5,193.1000061,5.2632082210243185
2229,Caersws Vicus,75,300,187.5,779.0999756,6.6581393760186245
2230,"Collfryn, Llansantffraid Deuddwr, Powys",-120,-70,-95,52.79999924,3.966511176318276
2231,Prestatyn,150,160,155,39.59999847,3.6788290796240704
2232,Prestatyn,275,325,300,66,4.189654742026425
2233,Prestatyn,120,160,140,28,3.332204510175204
2234,"Jamesford, Montgomery",100,300,200,60,4.0943445622221
2235,"Bryn Eryr Farm, Llansadwrn",-100,100,0,86.59999847,4.461299797900953
2236,"Bryn Eryr Farm, Llansadwrn",-100,100,0,93.30000305,4.535820140543544
2237,"Bryn Eryr Farm, Llansadwrn",100,300,200,18.10000038,2.895911959266255
2238,"Bush Farm, Llanfairisgaer",-50,350,150,47.79999924,3.8670256235978284
2239,"Bush Farm, Llanfairisgaer",-50,350,150,111.1999969,4.711330353938783
2240,"Rhiwgoch, Harlech",-25,200,87.5,165.1000061,5.106551387873386
2241,"Parc Bryn Cegin, Llandygai",-100,300,100,63.59999847,4.152613446289473
2242,"Parc Bryn Cegin, Llandygai",-100,300,100,188.6999969,5.240158435946311
2243,"Parc Bryn Cegin, Llandygai",-100,300,100,95,4.553876891600541
2244,"Parc Bryn Cegin, Llandygai",-100,300,100,63.59999847,4.152613446289473
2245,"Parc Bryn Cegin, Llandygai",-100,300,100,69.40000153,4.239886889558868
2246,"Parc Bryn Cegin, Llandygai",-100,300,100,38.5,3.6506582412937387
2247,"Cae Metta, Llanddeiniolen",100,350,225,105.8000031,4.661550548724765
2248,"Ty Mawr, Holyhead",200,400,300,102.0999985,4.625952710479141
2249,Tai Cochion,100,350,225,70,4.248495242049359
2250,Tai Cochion,100,350,225,243,5.493061443340548
2251,"Pen-y-Groes Cottage, Llanddeiniolen",200,300,250,67.90000153,4.2180360570977875
2252,"Pen-y-Groes Cottage, Llanddeiniolen",200,300,250,51.5,3.9415818076696905
2253,Cefn Graeanog II,150,350,250,30.200000760000002,3.4078419495463868
2254,Cefn Graeanog II,150,350,250,28,3.332204510175204
2255,Cefn Graeanog II,150,350,250,38.5,3.6506582412937387
2256,Cefn Graeanog II,150,350,250,28,3.332204510175204
2257,Cefn Graeanog II,150,350,250,31.200000760000002,3.440418119174411
2258,Cefn Graeanog II,50,150,100,38.5,3.6506582412937387
2259,"Graeanog, Clynnog",300,375,337.5,40,3.6888794541139363
2260,"Graeanog, Clynnog",-200,75,-62.5,63.59999847,4.152613446289473
2261,"Graeanog, Clynnog",75,325,200,44.20000076,3.7887248062782226
2262,"Cefn Du, Gaerwen",-100,200,50,52.79999924,3.966511176318276
2263,"Cefn Cwmwd, Rhostrehwfa",-360,500,70,24.60000038,3.2027464583854717
2264,"Cefn Cwmwd, Rhostrehwfa",120,440,280,28.299999239999998,3.342861777794068
2265,"Cefn Cwmwd, Rhostrehwfa",200,400,300,33.20000076,3.502549898814009
2266,"Cefn Cwmwd, Rhostrehwfa",200,300,250,50.29999924,3.9180050619963493
2267,"Cefn Cwmwd, Rhostrehwfa",-120,240,60,33.20000076,3.502549898814009
2268,"Cefn Cwmwd, Rhostrehwfa",75,125,100,40.70000076,3.7062281111217676
2269,"Melin y Plas, Bryngwran",-30,130,50,118.8000031,4.77744143302282
2270,"Melin y Plas, Bryngwran",0,100,50,143.1000061,4.963543729189937
2271,"Melin y Plas, Bryngwran",0,100,50,122.6999969,4.809742326451992
2272,"Hafotty-wern-las, Rhostryfan",100,350,225,116.9000015,4.761318881309503
2273,"Hafotty-wern-las, Rhostryfan",100,350,225,150.8999939,5.016617325349681
2274,"Coed-y-Brain, Rhostryfan",100,350,225,21.200000760000002,3.054001217527023
2275,"Coed-y-Brain, Rhostryfan",100,350,225,14.5,2.6741486494265287
2276,"Coed-y-Brain, Rhostryfan",100,350,225,56.79999924,4.039536312346824
2277,"Porth Dafarch, Holyhead",100,400,250,111.1999969,4.711330353938783
2278,"Porth Dafarch, Holyhead",100,400,250,58.09999847,4.062165637523958
2279,Din Lligwy,250,400,325,30.799999239999998,3.4275146653042037
2280,Din Lligwy,250,400,325,65.69999695,4.185098879067429
2281,Din Lligwy,250,400,325,75.40000153,4.3228072953056875
2282,Din Lligwy,250,400,325,75.40000153,4.3228072953056875
2283,Din Lligwy,250,400,325,64.19999695,4.1620031631881265
2284,Din Lligwy,250,400,325,34.29999924,3.5351453320144595
2285,Din Lligwy,250,400,325,39.5,3.676300671907076
2286,Dinas Emrys,375,500,437.5,116.9000015,4.761318881309503
2287,Cors-Y-Gedol,100,200,150,45.40000153,3.815512138747742
2288,Cors-Y-Gedol,100,200,150,45.40000153,3.815512138747742
2289,Tre'r Creiri,1,400,200.5,18,2.8903717578961645
2290,Tre'r Creiri,1,400,200.5,24.10000038,3.182211856264244
2291,Tre'r Creiri,1,400,200.5,18.799999239999998,2.9338568294103706
2292,Tre'r Creiri,1,400,200.5,12.30000019,2.5095992778255263
2293,Tre'r Creiri,1,400,200.5,22.60000038,3.1179499230923993
2294,Tre'r Creiri,1,400,200.5,62.29999924,4.131961413594371
2295,Tre'r Creiri,1,400,200.5,66.5,4.197201947661808
2296,Tre'r Creiri,1,400,200.5,40.90000153,3.7111301004570683
2297,Tre'r Creiri,1,400,200.5,36.29999924,3.591817720334166
2298,Tre'r Creiri,1,400,200.5,14.5,2.6741486494265287
2299,Tre'r Creiri,1,400,200.5,11.100000380000001,2.406945142552522
2300,Tre'r Creiri,1,400,200.5,30.10000038,3.404525184379415
2301,Tre'r Creiri,1,400,200.5,24.299999239999998,3.190476319070782
2302,Tre'r Creiri,1,400,200.5,47.79999924,3.8670256235978284
2303,Cefn Graenog I,200,400,300,41.90000153,3.7352858634436044
2304,Cefn Graenog I,140,180,160,35.29999924,3.5638829424095055
2305,Caerau I,-27,180,76.5,361.1000061,5.889154945176239
2306,Caerau I,-27,180,76.5,534.4000092,6.281144639438005
2307,Caerau II,150,300,225,642.4000244,6.465211200615117
2308,Bryn Y Castell,-100,250,75,72.40000153,4.282206320524267
2309,Bryn Y Castell,-100,250,75,28.299999239999998,3.342861777794068
2310,Bryn Y Castell,-100,250,75,63.59999847,4.152613446289473
2311,Bryn Y Castell,-100,250,75,25,3.2188758248682006
2312,"Caer Mynydd, Rhiwlas",250,450,350,56.79999924,4.039536312346824
2313,"Caer Mynydd, Rhiwlas",250,450,350,34.20000076,3.5322256662907816
2314,"Caer Mynydd, Rhiwlas",250,450,350,62.40000153,4.133565299894612
2315,"Caer Mynydd, Rhiwlas",250,450,350,65,4.174387269895637
2316,Alcester,250,300,275,90.30000305,4.50313749419924
2317,Alcester,250,300,275,28,3.332204510175204
2318,Alcester,175,200,187.5,113.5999985,4.732683493082826
2319,Alcester,120,160,140,141,4.948759890378168
2320,Alcester,250,300,275,31.5,3.449987545831587
2321,Alcester,350,400,375,72,4.276666119016055
2322,Alcester,300,350,325,29.299999239999998,3.3775874900844545
2323,Alcester,200,250,225,17.5,2.8622008809294686
2324,Alcester,160,400,280,84,4.430816798843313
2325,Alcester,350,400,375,23,3.1354942159291497
2326,Alcester,350,400,375,340.3999939,5.830121378779125
2327,Alcester,50,120,85,113.0999985,4.728272369859475
2328,Alcester,300,400,350,93.5,4.537961436294641
2329,Alcester,275,325,300,249.5,5.519458915191573
2330,Alcester,350,400,375,30.200000760000002,3.4078419495463868
2331,Alchester,350,400,375,76,4.330733340286331
2332,Alchester,300,360,330,82.80000305,4.416428098226962
2333,Alchester,240,330,285,113.0999985,4.728272369859475
2334,Alchester,350,400,375,21,3.044522437723423
2335,Alchester,300,360,330,12.5,2.5257286443082556
2336,Alchester,180,250,215,155.3000031,5.045358750116006
2337,Alchester,240,330,285,30,3.4011973816621555
2338,Alcester,125,150,137.5,38.5,3.6506582412937387
2339,Alcester,250,350,300,7.199999809,1.9740809994942317
2340,Bath,175,400,287.5,199.8999939,5.297817210991096
2341,Bath,60,400,230,212.5,5.358941988364472
2342,Bitterne,300,350,325,39.40000153,3.6737658551363745
2343,Dorchester-on-Thames,400,500,450,77.5,4.350277936359301
2344,Carlisle,80,400,240,24.299999239999998,3.190476319070782
2345,Godmanchester,80,400,240,60,4.0943445622221
2346,Water Newton,120,400,260,180.8999939,5.197944358680961
2347,Chelmsford,210,310,260,64.80000305,4.171305650426129
2348,Caves' Inn,50,450,250,13.19999981,2.5802168151983857
2349,Caves' Inn,200,450,325,86.80000305,4.4636066568045525
2350,Chesterton-on-Fosse,200,300,250,95.09999847,4.554928953463016
2351,Chelmsford,120,180,150,99,4.59511985013459
2352,Chelmsford,60,100,80,39.29999924,3.671224499536793
2353,Irchester,50,200,125,12,2.4849066497880004
2354,Irchester,50,200,125,19,2.9444389791664403
2355,Worcester,120,130,125,42,3.7376696182833684
2356,"Rochester, Havisham Centre",80,220,150,24,3.1780538303479458
2357,Irchester,80,300,190,12,2.4849066497880004
2358,Catterick,98,200,149,192,5.2574953720277815
2359,Catterick,160,200,180,161,5.081404364984463
2360,Catterick,160,200,180,3467,8.151044945685024
2361,Carlisle,200,300,250,32.59999847,3.4843122414401457
2362,"Silchester, Insula IX",300,450,375,171.9720001,5.147331673445425
2363,"Silchester, Insula IX",80,150,115,85.36199951,4.446901031156826
2364,"Silchester, Insula IX",80,150,115,79.10199738,4.370738125782233
2365,"Silchester, Insula IX",80,150,115,39.56000137,3.677818541385451
2366,"Silchester, Insula IX",80,150,115,131.4889984,4.878923185760515
2367,"Silchester, Insula IX",300,450,375,24.5,3.1986731175506815
2368,"Silchester, Insula IX",300,450,375,188.0010071,5.236447319730495
2369,"Silchester, Insula IX",300,450,375,92.11299896,4.523016072932837
2370,"Silchester, Insula IX",80,150,115,186.2140045,5.226896574152162
2371,"Silchester, Insula IX",200,300,250,78.61100006,4.3645116395158645
2372,"Silchester, Insula IX",150,200,175,80.58699799,4.3893373212393305
2373,"Silchester, Insula IX",150,200,175,95.31999969,4.557239648978339
2374,"Silchester, Insula IX",150,200,175,292.0299988,5.676856532607778
2375,"Silchester, Insula IX",150,200,175,170.7059937,5.139942741661998
2376,"Silchester, Insula IX",200,300,250,497.7810059,6.2101602331187475
2377,"Silchester, Insula IX",200,300,250,54.13299942,3.99144397069069
2378,Exeter,80,160,120,70,4.248495242049359
2379,Exeter,120,160,140,157.3000031,5.058154829771797
2380,Exeter,120,160,140,21.25,3.056356895370426
2381,Exeter,120,160,140,29,3.367295829986474
2382,Exeter,120,160,140,84.5,4.436751534363128
2383,Exeter,100,200,150,12,2.4849066497880004
2384,Exeter,80,160,120,42,3.7376696182833684
2385,Exeter,275,350,312.5,2517,7.830822995135316
2386,Exeter,150,200,175,13.43999958,2.5982353038450032
2387,Exeter,150,225,187.5,24,3.1780538303479458
2388,Exeter,160,400,280,63.95999908,4.158257873581763
2389,Exeter,160,400,280,127.4250031,4.847527980554141
2390,Exeter,160,400,280,304.7680054,5.719550849142738
2391,Exeter,180,325,252.5,23.39999962,3.1527360061243392
2392,Exeter,160,400,280,85,4.442651256490317
2393,Exeter,250,300,275,148.8999939,5.003274898722871
2394,Exeter,350,400,375,98,4.584967478670572
2395,Exeter,275,350,312.5,168,5.123963979403259
2396,Catterick,200,260,230,75,4.31748811353631
2397,Catterick,200,260,230,75,4.31748811353631
2398,Catterick,350,380,365,78,4.356708826689592
2399,Catterick,350,380,365,52,3.9512437185814275
2400,Catterick,250,355,302.5,105.1999969,4.655863270835929
2401,Catterick,350,380,365,47.29999924,3.8565102794302337
2402,Catterick,250,355,302.5,40.5,3.7013019741124933
2403,Catterick,350,380,365,43.70000076,3.777348119492849
2404,Catterick,350,380,365,43.70000076,3.777348119492849
2405,Catterick,380,400,390,80.59999847,4.389498630529952
2406,Catterick,350,380,365,141.6000061,4.953006224338715
2407,Catterick,340,355,347.5,116.9000015,4.761318881309503
2408,Catterick,250,355,302.5,65.09999847,4.175924525712219
2409,Catterick,250,355,302.5,65.09999847,4.175924525712219
2410,Catterick,350,380,365,68.19999695,4.222444520128008
2411,Catterick,250,355,302.5,52.79999924,3.966511176318276
2412,Catterick,350,380,365,78,4.356708826689592
2413,Catterick,350,380,365,141.6000061,4.953006224338715
2414,Catterick,350,380,365,68.19999695,4.222444520128008
2415,Catterick,250,355,302.5,40.5,3.7013019741124933
2416,Catterick,350,380,365,78.09999847,4.357990037255371
2417,Catterick,250,355,302.5,105.1999969,4.655863270835929
2418,Catterick,250,355,302.5,40.5,3.7013019741124933
2419,Silchester,50,450,250,1092.111572,6.995868323246802
2420,Silchester,50,450,250,263.3051147,5.573313491683893
2421,Silchester,50,450,250,33.598213199999996,3.5144728869836994
2422,Silchester,50,100,75,46.28736496,3.834869028817166
2423,Silchester,50,150,100,344.3348694,5.841614641428994
2424,Silchester,50,450,250,591.2875977,6.382302527974647
2425,Silchester,50,450,250,47.87173843,3.8685253183915633
2426,Silchester,50,450,250,51.90170288,3.9493516004235616
2427,Silchester,50,450,250,595.4500732,6.389317545146233
2428,Silchester,50,450,250,59.72203064,4.089700974772081
2429,Silchester,50,450,250,958.842041,6.865726349116685
2430,Silchester,50,150,100,600.1553955,6.397188614183379
2431,Silchester,50,450,250,165.3955994,5.108340176431539
2432,Silchester,50,450,250,292.3246765,5.677865090380768
2433,Silchester,50,450,250,68.65737152,4.229128504745046
2434,Silchester,150,250,200,554.1383057,6.317414304868067
2435,Silchester,50,450,250,1210.702881,7.098956363325962
2436,Silchester,50,450,250,80.2722168,4.385423568555471
2437,Silchester,50,450,250,98.68605042,4.591943603320269
2438,Silchester,50,450,250,95.80000305,4.562262716813975
2439,Silchester,50,450,250,13.28146172,2.5863692072682176
2440,Silchester,50,450,250,31.17218971,3.439526341873228
2441,Silchester,50,450,250,36.81930161,3.6060222079444344
2442,Silchester,100,200,150,659,6.490723534502507
2443,Silchester,200,300,250,1974,7.587817219993427
2444,Silchester,100,200,150,465,6.142037405587356
2445,Silchester,300,400,350,1394.556885,7.240331998634265
2446,Silchester,50,450,250,136.0528259,4.913043236053599
2447,Silchester,50,450,250,259.0766602,5.557124003232707
2448,Silchester,50,450,250,1241.196655,7.123831237597987
2449,Silchester,50,450,250,167.2908173,5.11973371885938
2450,Silchester,50,450,250,11.9900856,2.484080108296674
2451,Silchester,50,450,250,42.18821716,3.7421409678364093
2452,Silchester,50,450,250,14.57388401,2.679231160522856
2453,Silchester,50,450,250,20.56201172,3.023445282103829
2454,Silchester,50,450,250,93.94904327,4.5427525424122
2455,Silchester,50,450,250,26.13393974,3.2632348427557707
2456,Silchester,50,450,250,74.49477386,4.310728973394719
2457,Silchester,50,100,75,122.6331635,4.809197488554462
2458,Silchester,50,450,250,96.35001373,4.567987537361662
2459,Silchester,50,150,100,384.2225952,5.951222059641074
2460,Silchester,50,450,250,666.3917847,6.501877762895491
2461,Silchester,50,100,75,256,5.545177444479562
2462,Silchester,50,450,250,79.931427,4.381169104600044
2463,Silchester,50,450,250,110.6800995,4.706644053906395
2464,Silchester,50,450,250,59.82994843,4.0915063454594
2465,Silchester,50,450,250,196.3538055,5.279918162043233
2466,Silchester,50,450,250,262.2391357,5.569256819154213
2467,Silchester,250,400,325,307.1014709,5.727178217080373
2468,Silchester,50,450,250,630.5494385,6.44659156390906
2469,Silchester,50,450,250,592.7185059,6.384719591353436
2470,Silchester,50,450,250,93.94420624,4.542701055410792
2471,Silchester,50,450,250,170.7259369,5.140059562604829
2472,Silchester,50,450,250,173.7557983,5.1576508553988765
2473,Silchester,50,450,250,215.9131927,5.374876441258337
2474,Silchester,300,400,350,1629.380005,7.395954856413006
2475,Silchester,50,450,250,786.6846313,6.667827445489104
2476,Silchester,50,450,250,780.4020996,6.659809299160509
2477,Silchester,50,450,250,354.5523682,5.870856059180526
2478,Silchester,50,450,250,785.5820923,6.666424961846639
2479,Silchester,50,450,250,450.9862366,6.11143682152038
2480,Silchester,50,450,250,100.6059113,4.6112110163766875
2481,Silchester,50,450,250,445.82547,6.099927552563334
2482,Silchester,50,100,75,271.4899902,5.603925270186043
2483,Silchester,50,450,250,184.0015717,5.21494429942033
2484,Silchester,50,450,250,100.0624542,4.6057945330429
2485,Silchester,50,450,250,435.109375,6.0755974362653635
2486,Silchester,50,450,250,104.5878296,4.6500271930449815
2487,Silchester,50,450,250,67.52089691,4.212437133819144
2488,Silchester,50,450,250,353.7088318,5.86847406564807
2489,Silchester,50,450,250,665.2748413,6.5002002504608924
2490,Silchester,50,450,250,897.1890869,6.799266639063384
2491,Silchester,100,200,150,144.76474,4.9751099420113665
2492,Silchester,50,450,250,147.5260162,4.9940045412435206
2493,Silchester,50,100,75,661.5614624,6.494602892919829
2494,Silchester,50,450,250,462.9669189,6.137655602073557
2495,Silchester,50,450,250,268.0635986,5.591224260566673
2496,Silchester,50,450,250,414.0519409,6.025991427066838
2497,Silchester,100,200,150,1077.139038,6.982063766317061
2498,Silchester,100,200,150,1373.527466,7.225137502423122
2499,Silchester,50,450,250,72.7664566,4.287255088030667
2500,Silchester,50,450,250,103.0730438,4.635437899999095
2501,Silchester,50,450,250,667.4375,6.503445752931764
2502,Silchester,50,450,250,1706.323608,7.442096398222538
2503,Silchester,50,450,250,91.62176514,4.517668854153824
2504,Silchester,50,450,250,101.4455795,4.619522492133722
2505,Silchester,50,450,250,34.39531708,3.5379204237172845
2506,Silchester,50,450,250,311.9643555,5.742888936090695
2507,Silchester,60,100,80,141.9864807,4.955731846730822
2508,Silchester,50,450,250,654.0921021,6.483248170440823
2509,Silchester,250,400,325,559.3273926,6.326734977206094
2510,Silchester,50,450,250,225.6512604,5.418990711898891
2511,Silchester,50,450,250,285.4501648,5.654067459744136
2512,Silchester,50,450,250,166.4855194,5.114908335067769
2513,Silchester,125,200,162.5,537.3764648,6.28669890065595
2514,Silchester,50,450,250,49.84954071,3.909009282925082
2515,Silchester,50,450,250,527.1873779,6.267556041133859
2516,Silchester,50,450,250,504.7425842,6.224048565059262
2517,Silchester,50,450,250,164.4354553,5.10251812421161
2518,Silchester,50,450,250,215.252182,5.371810280306403
2519,Silchester,50,450,250,60.55395508,4.10353478710619
2520,Silchester,50,450,250,260.9330139,5.5642637226578655
2521,Silchester,50,450,250,423.7767029,6.04920667240247
2522,Silchester,50,450,250,345.5162659,5.845039721404883
2523,Silchester,50,450,250,116.405777,4.757082164649973
2524,Silchester,50,450,250,456.8429565,6.124339691792671
2525,Silchester,50,450,250,348.84198,5.854619040297269
2526,Silchester,50,450,250,61.12568283,4.112932118775586
2527,Silchester,50,450,250,3116.190674,8.044366597031198
2528,Silchester,50,100,75,371.0499878,5.916336791536477
2529,Silchester,100,200,150,1474.708252,7.296215453955622
2530,Silchester,50,450,250,2133.871582,7.665693252918836
2531,Silchester,50,450,250,1434.411011,7.2685095986418276
2532,Silchester,50,150,100,136.1999969,4.914124370954766
2533,Silchester,50,450,250,1314.982666,7.181578762775936
2534,Silchester,50,450,250,807.4630127,6.693897249341862
2535,Silchester,50,450,250,859.0351563,6.755809848154917
2536,Silchester,50,450,250,17.9353466,2.8867734361390247
2537,Silchester,50,450,250,575.6873779,6.355564766654196
2538,Silchester,50,450,250,224.0857239,5.412028674627753
2539,Silchester,50,450,250,448.0379639,6.104877969672897
2540,Silchester,50,450,250,252.2203979,5.530303300117476
2541,Silchester,50,450,250,965.7897339,6.872946143749482
2542,Silchester,50,450,250,363.9411621,5.896992211988753
2543,Silchester,50,450,250,498,6.210600077024653
2544,Silchester,50,450,250,35.35839081,3.5655357279669193
2545,Silchester,60,100,80,106.3342819,4.666587734766601
2546,Silchester,50,450,250,85.60688782,4.449765745097463
2547,Silchester,50,450,250,95.69695282,4.561186456990637
2548,Silchester,50,450,250,164.2373505,5.101312640700383
2549,Silchester,100,200,150,645.2487793,6.46963594677206
2550,Silchester,50,450,250,171.1741333,5.142681361754933
2551,Silchester,50,450,250,142.8826141,4.9620234127335
2552,Silchester,50,450,250,173.374115,5.15545177407979
2553,Silchester,50,450,250,184.6085815,5.218237807987181
2554,Silchester,50,450,250,36.15470505,3.587807093662509
2555,Silchester,50,450,250,45.37764359,3.8150195518245513
2556,Silchester,50,450,250,68.9536438,4.23343444983353
2557,Silchester,50,450,250,206.9583893,5.332517755184172
2558,Silchester,50,450,250,112.7781372,4.725422501129664
2559,Silchester,50,450,250,136.532608,4.916563472543077
2560,Silchester,50,450,250,120.7980728,4.79412033173107
2561,Silchester,50,450,250,34.9587822,3.5541697160845036
2562,Silchester,50,450,250,789.461853,6.671351514605613
2563,Silchester,50,450,250,265.556488,5.581827578880244
2564,Silchester,80,120,100,622.6022339,6.43390784601906
2565,Silchester,50,450,250,134.4773712,4.901395941021136
2566,Silchester,50,450,250,406.1194458,6.006647317810796
2567,Silchester,50,450,250,571.253418,6.347832925560318
2568,Silchester,50,450,250,152.211731,5.025272518672873
2569,Silchester,50,450,250,233.3734436,5.452639932744844
2570,Silchester,50,450,250,767.0887451,6.642602498846144
2571,Silchester,50,450,250,847.9071655,6.74277115515289
2572,Silchester,50,450,250,4114.189941,8.322197238568615
2573,Silchester,60,100,80,70.16255951,4.25081482844184
2574,Silchester,60,100,80,99.3044281,4.598190163208947
2575,Silchester,60,100,80,304.3762817,5.718264704752013
2576,Silchester,50,450,250,205.852478,5.327159786035128
2577,Silchester,50,450,250,167.6610565,5.1219444206332545
2578,Silchester,50,450,250,149.7988434,5.0092933500920305
2579,Silchester,250,400,325,361.5427246,5.890380221613903
2580,Silchester,50,450,250,479.2311096,6.172182964560481
2581,Silchester,50,450,250,850.4630127,6.745780922001359
2582,Silchester,50,100,75,416.5726929,6.032060979150934
2583,Silchester,50,450,250,245.5297699,5.503418202204687
2584,Silchester,50,450,250,167.4524994,5.120699725375459
2585,Silchester,50,450,250,255.5253754,5.543321721346239
2586,Silchester,50,450,250,496.0567932,6.20669042258938
2587,Silchester,50,450,250,641.432312,6.463703663289818
2588,Silchester,50,450,250,168.5621338,5.127304428409639
2589,Silchester,50,450,250,275.0672302,5.617015541242352
2590,Silchester,50,450,250,394.1629944,5.976764515121809
2591,Silchester,50,450,250,413.6940308,6.02512664455012
2592,Silchester,300,400,350,1610.308228,7.384180885617802
2593,Silchester,50,450,250,937.0129395,6.842697091641471
2594,Silchester,50,450,250,105.911499,4.662603830281997
2595,Silchester,50,450,250,432.4287109,6.069417482496911
2596,Silchester,50,450,250,393.72229,5.975645813060259
2597,St Albans Initial,43,60,51.5,208.25,5.338739281046952
2598,St Albans Early,130,150,140,151,5.017279836814924
2599,St Albans Early,150,160,155,76,4.330733340286331
2600,St Albans Early,130,150,140,205,5.3230099791384085
2601,St Albans Early,150,160,155,354,5.869296913133774
2602,St Albans Early,225,275,250,51,3.9318256327243257
2603,St Albans Early,80,160,120,260,5.560681631015528
2604,St Albans Early,130,150,140,31,3.4339872044851463
2605,St Albans Early,130,150,140,82,4.406719247264253
2606,St Albans Early,130,150,140,190,5.247024072160486
2607,St Albans Early,150,160,155,340,5.8289456176102075
2608,St Albans Early,150,160,155,98,4.584967478670572
2609,St Albans Early,130,150,140,155,5.043425116919247
2610,St Albans Early,150,160,155,175,5.1647859739235145
2611,St Albans Early,150,160,155,130,4.867534450455582
2612,St Albans Early,130,160,145,98,4.584967478670572
2613,St Albans Early,100,130,115,45.96500015,3.8278802405790704
2614,St Albans Early,150,160,155,229,5.43372200355424
2615,St Albans Early,125,160,142.5,438.8999939,6.084271582795806
2616,St Albans Early,130,150,140,181.8059998,5.202940183399038
2617,St Albans Late,380,430,405,728,6.590301048196686
2618,St Albans Late,380,410,395,180,5.19295685089021
2619,St Albans Late,215,400,307.5,806,6.692083742506628
2620,St Albans Late,240,400,320,106,4.663439094112067
2621,St Albans Late,275,400,337.5,90,4.499809670330265
2622,St Albans Late,210,350,280,438.8999939,6.084271582795806
2623,St Albans Late,275,400,337.5,193,5.262690188904886
2624,St Albans Late,275,400,337.5,173,5.153291594497779
2625,St Albans Late,400,410,405,140,4.941642422609304
2626,St Albans Late,275,400,337.5,135,4.90527477843843
2627,St Albans Late,275,400,337.5,290,5.66988092298052
2628,St Albans Late,160,210,185,438.8999939,6.084271582795806
2629,St Albans Late,275,400,337.5,130,4.867534450455582
2630,Cirencester,350,410,380,391,5.968707559985366
2631,Cirencester,350,410,380,566.5999756,6.339653544332525
2632,Cirencester,350,410,380,342,5.834810737062605
2633,Cirencester,160,260,210,113,4.727387818712341
2634,Cirencester,160,250,205,214,5.365976015021851
2635,Cirencester,120,180,150,179,5.187385805840755
2636,Cirencester,160,250,205,102,4.624972813284271
2637,Cirencester,120,180,150,115,4.74493212836325
2638,Cirencester,220,270,245,157,5.056245805348308
2639,Cirencester,160,250,205,124,4.820281565605037
2640,Cirencester,220,270,245,191,5.25227342804663
2641,Cirencester,160,250,205,92,4.5217885770490405
2642,Cirencester,180,320,250,175,5.1647859739235145
2643,Cirencester,375,410,392.5,378,5.934894195619588
2644,Cirencester,330,400,365,483,6.180016653652572
2645,Cirencester,330,400,365,279,5.631211781821365
2646,Cirencester,250,400,325,219,5.389071729816501
2647,Cirencester,250,400,325,89,4.48863636973214
2648,Cirencester,250,400,325,245,5.501258210544727
2649,Cirencester,250,400,325,88,4.477336814478207
2650,Dorchester,100,200,150,241,5.484796933490655
2651,Dorchester,250,400,325,418,6.035481432524756
2652,Dorchester,200,400,300,108,4.68213122712422
2653,Dorchester,300,400,350,944,6.8501261661455
2654,Dorchester,50,150,100,162,5.087596335232384
2655,Dorchester,175,275,225,100,4.605170185988092
2656,Dorchester,275,400,337.5,262,5.568344503761097
2657,Dorchester,300,400,350,630,6.4457198193855785
2658,Dorchester,275,400,337.5,341,5.831882477283517
2659,Dorchester,175,275,225,100,4.605170185988092
2660,Dorchester,350,450,400,73,4.290459441148391
2661,Dorchester,150,300,225,69,4.23410650459726
2662,Dorchester,150,400,275,158,5.062595033026967
2663,Dorchester,250,450,350,325,5.783825182329737
2664,Dorchester,60,100,80,286,5.655991810819852
2665,Dorchester,150,300,225,139,4.9344739331306915
2666,Dorchester,75,200,137.5,96,4.564348191467836
2667,Dorchester,150,300,225,64,4.1588830833596715
2668,Dorchester,250,450,350,411.5,6.019809020117124
2669,Wroxeter,100,150,125,263,5.572154032177765
2670,Wroxeter,250,400,325,455,6.12029741895095
2671,Wroxeter,120,160,140,289,5.666426688112432
2672,Wroxeter,100,150,125,214,5.365976015021851
2673,Wroxeter,250,400,325,289,5.666426688112432
2674,Wroxeter,120,160,140,455,6.12029741895095
2675,Wroxeter,100,150,125,215,5.3706380281276624
2676,Wroxeter,150,400,275,1959,7.580189417944541
2677,Wroxeter,250,400,325,246,5.5053315359323625
2678,Wroxeter,120,250,185,294,5.683579767338681
2679,Wroxeter,80,100,90,175,5.1647859739235145
2680,Wroxeter,250,400,325,79,4.3694478524670215
2681,Wroxeter,120,160,140,280,5.634789603169249
2682,Wroxeter,100,120,110,294,5.683579767338681
