"rep","N","slope_condition","prop_coarse_samples","coarse_frac","growth_ratio","precision_trend","sweep","dataset_id","seed","intercept","sigma","slope","period_start","period_end","fine_frac","time_ref_min","time_ref_range"
1,50,"random",0.5,0.25,1,0,"core",1,1,11.0827551214024,1.24321827269159,0.0110427820729092,100,900,0.0625,-332,1664
2,50,"random",0.5,0.25,1,0,"core",2,2,9.2348965764977,1.7900015336927,0.0127523281099275,100,900,0.0625,-332,1664
3,50,"random",0.5,0.25,1,0,"core",3,3,3.82181944954209,3.54668734571896,0.0236908033071086,100,900,0.0625,-332,1664
4,50,"random",0.5,0.25,1,0,"core",4,4,5.71440298110247,2.42841122881509,0.0147762578632683,100,900,0.0625,-332,1664
5,50,"random",0.5,0.25,1,0,"core",5,5,9.21979712950997,1.49384108080994,0.0149453287292272,100,900,0.0625,-332,1664
6,50,"random",0.5,0.25,1,0,"core",6,6,2.32670495496131,3.91534000018146,-0.00422787813004106,100,900,0.0625,-332,1664
7,50,"random",0.5,0.25,1,0,"core",7,7,8.06099721463397,3.56601280195173,0.00366327406838536,100,900,0.0625,-332,1664
8,50,"random",0.5,0.25,1,0,"core",8,8,13.1931389062665,1.836899346672,0.00862661646679044,100,900,0.0625,-332,1664
9,50,"random",0.5,0.25,1,0,"core",9,9,5.2825153239537,1.38858423661441,-0.0230067866714671,100,900,0.0625,-332,1664
10,50,"random",0.5,0.25,1,0,"core",10,10,9.55048238486052,0.96129466756247,-0.0243341773096472,100,900,0.0625,-332,1664
11,50,"random",0.5,0.25,1,0,"core",11,11,2.07713233865798,3.61557456059381,0.010013734200038,100,900,0.0625,-332,1664
12,50,"random",0.5,0.25,1,0,"core",12,12,10.9942572184373,1.82003173057456,0.0293311197124422,100,900,0.0625,-332,1664
13,50,"random",0.5,0.25,1,0,"core",13,13,5.00462561054155,1.73181994608603,-0.0251164783397689,100,900,0.0625,-332,1664
14,50,"random",0.5,0.25,1,0,"core",14,14,13.0309220093768,3.95089140965138,0.0229550707479939,100,900,0.0625,-332,1664
15,50,"random",0.5,0.25,1,0,"core",15,15,3.99985812976956,2.20443384244572,0.0197690575104207,100,900,0.0625,-332,1664
16,50,"random",0.5,0.25,1,0,"core",16,16,6.63852109247819,0.896207482554018,-0.00623907010070979,100,900,0.0625,-332,1664
17,50,"random",0.5,0.25,1,0,"core",17,17,9.08765855408274,2.73836347763427,-0.0139660565229133,100,900,0.0625,-332,1664
18,50,"random",0.5,0.25,1,0,"core",18,18,2.01556897908449,1.35691775323357,0.0136968803079799,100,900,0.0625,-332,1664
19,50,"random",0.5,0.25,1,0,"core",19,19,6.13171836873516,0.873458076966926,0.00623578682541847,100,900,0.0625,-332,1664
20,50,"random",0.5,0.25,1,0,"core",20,20,2.22476159897633,2.66079035378061,0.00597798358183354,100,900,0.0625,-332,1664
21,50,"random",0.5,0.25,1,0,"core",21,21,6.4402543369215,2.19121850212105,-0.0196332586929202,100,900,0.0625,-332,1664
22,50,"random",0.5,0.25,1,0,"core",22,22,6.46470439946279,2.58196783694439,0.0258854027045891,100,900,0.0625,-332,1664
23,50,"random",0.5,0.25,1,0,"core",23,23,5.02331501292065,2.28035352437291,0.00317816003691405,100,900,0.0625,-332,1664
24,50,"random",0.5,0.25,1,0,"core",24,24,2.79779476020485,3.06054121686611,-0.0279064135160297,100,900,0.0625,-332,1664
25,50,"random",0.5,0.25,1,0,"core",25,25,7.36089127301238,3.62475720606744,0.00116061829961836,100,900,0.0625,-332,1664
26,50,"random",0.5,0.25,1,0,"core",26,26,4.41165830334648,2.85160961549263,0.0065428983187303,100,900,0.0625,-332,1664
27,50,"random",0.5,0.25,1,0,"core",27,27,7.33873682818376,1.01526728610042,-0.00248141979798674,100,900,0.0625,-332,1664
28,50,"random",0.5,0.25,1,0,"core",28,28,3.82105112401769,2.14223803963978,-0.00912237707991153,100,900,0.0625,-332,1664
29,50,"random",0.5,0.25,1,0,"core",29,29,2.07064871862531,3.64957870566286,-0.0106555029843003,100,900,0.0625,-332,1664
30,50,"random",0.5,0.25,1,0,"core",30,30,9.82260460359976,3.92536988679785,-0.00732098631095141,100,900,0.0625,-332,1664
31,50,"random",0.5,0.25,1,0,"core",31,31,13.843131654663,2.11937583622057,-0.0255685176188126,100,900,0.0625,-332,1664
32,50,"random",0.5,0.25,1,0,"core",32,32,4.27971619134769,1.22323776630219,0.00232539606280625,100,900,0.0625,-332,1664
33,50,"random",0.5,0.25,1,0,"core",33,33,11.5054363717791,1.74723332596477,0.0297351681534201,100,900,0.0625,-332,1664
34,50,"random",0.5,0.25,1,0,"core",34,34,2.21004372532479,2.91478399804328,-0.0210074138827622,100,900,0.0625,-332,1664
35,50,"random",0.5,0.25,1,0,"core",35,35,9.61950431135483,3.38042260857765,-0.0222475066920742,100,900,0.0625,-332,1664
36,50,"random",0.5,0.25,1,0,"core",36,36,7.53563956916332,0.630109651712701,0.0293055666843429,100,900,0.0625,-332,1664
37,50,"random",0.5,0.25,1,0,"core",37,37,4.73638270911761,2.66687098960392,0.0141823730338365,100,900,0.0625,-332,1664
38,50,"random",0.5,0.25,1,0,"core",38,38,8.20360140851699,2.69672366301529,0.0263748920056969,100,900,0.0625,-332,1664
39,50,"random",0.5,0.25,1,0,"core",39,39,11.8127025738358,3.34015904355329,-0.018734158356674,100,900,0.0625,-332,1664
40,50,"random",0.5,0.25,1,0,"core",40,40,7.80878063850105,0.658549417741597,0.0144388099852949,100,900,0.0625,-332,1664
41,50,"random",0.5,0.25,1,0,"core",41,41,6.82562342658639,3.81521152460482,-0.0240684559056535,100,900,0.0625,-332,1664
42,50,"random",0.5,0.25,1,0,"core",42,42,13.3721192597877,0.625497459201142,-0.0218929261760786,100,900,0.0625,-332,1664
43,50,"random",0.5,0.25,1,0,"core",43,43,7.64976499555632,2.17455920728389,0.0257452032202855,100,900,0.0625,-332,1664
44,50,"random",0.5,0.25,1,0,"core",44,44,7.72177809500135,1.10545995365828,-0.0183529064431787,100,900,0.0625,-332,1664
45,50,"random",0.5,0.25,1,0,"core",45,45,3.06543883378617,0.639478853903711,-0.0112220400944352,100,900,0.0625,-332,1664
46,50,"random",0.5,0.25,1,0,"core",46,46,2.45005094446242,1.48783214867581,-0.0102160746557638,100,900,0.0625,-332,1664
47,50,"random",0.5,0.25,1,0,"core",47,47,14.072475762805,1.56665753561538,-0.00366781750693917,100,900,0.0625,-332,1664
48,50,"random",0.5,0.25,1,0,"core",48,48,5.82936186366715,3.36936490389053,0.00701666775159538,100,900,0.0625,-332,1664
49,50,"random",0.5,0.25,1,0,"core",49,49,8.74991573719308,1.95072236389387,0.0283662045607343,100,900,0.0625,-332,1664
50,50,"random",0.5,0.25,1,0,"core",50,50,5.07315352419391,3.34506504191086,0.00161949151195586,100,900,0.0625,-332,1664
51,50,"random",0.5,0.25,1,0,"core",51,51,14.6335275121965,2.36486770794727,0.016091713369824,100,900,0.0625,-332,1664
52,50,"random",0.5,0.25,1,0,"core",52,52,10.2226495156065,1.1566629151348,0.0190404311008751,100,900,0.0625,-332,1664
53,50,"random",0.5,0.25,1,0,"core",53,53,14.4574991557747,0.710944535559975,0.00767322367988527,100,900,0.0625,-332,1664
54,50,"random",0.5,0.25,1,0,"core",54,54,13.5226017255336,0.829146280069835,-0.00166778075974434,100,900,0.0625,-332,1664
55,50,"random",0.5,0.25,1,0,"core",55,55,8.80138892843388,1.33765726711135,-0.0114229497034103,100,900,0.0625,-332,1664
56,50,"random",0.5,0.25,1,0,"core",56,56,11.3069032458588,2.61680993647315,-0.0248441040096804,100,900,0.0625,-332,1664
57,50,"random",0.5,0.25,1,0,"core",57,57,11.628355528228,1.61897661036346,-0.00603299121838063,100,900,0.0625,-332,1664
58,50,"random",0.5,0.25,1,0,"core",58,58,2.59665221022442,0.734550490160473,-0.000640532411634923,100,900,0.0625,-332,1664
59,50,"random",0.5,0.25,1,0,"core",59,59,14.4513078790624,1.94594330852851,-0.00599945713765919,100,900,0.0625,-332,1664
60,50,"random",0.5,0.25,1,0,"core",60,60,4.61477688048035,0.566254749894142,-0.00493514493573457,100,900,0.0625,-332,1664
61,50,"random",0.5,0.25,1,0,"core",61,61,5.87938457680866,1.42010613018647,-0.00919956446159631,100,900,0.0625,-332,1664
62,50,"random",0.5,0.25,1,0,"core",62,62,13.6424446862657,1.32727234088816,0.0180662511661649,100,900,0.0625,-332,1664
63,50,"random",0.5,0.25,1,0,"core",63,63,9.35898503661156,1.56576101784594,0.0255156926019117,100,900,0.0625,-332,1664
64,50,"random",0.5,0.25,1,0,"core",64,64,7.92160380003043,2.37965068453923,0.0122958166245371,100,900,0.0625,-332,1664
65,50,"random",0.5,0.25,1,0,"core",65,65,7.19308796874247,3.8647491253214,-0.00029457873199135,100,900,0.0625,-332,1664
66,50,"random",0.5,0.25,1,0,"core",66,66,3.07906539528631,3.99020938808098,-0.0242520550685003,100,900,0.0625,-332,1664
67,50,"random",0.5,0.25,1,0,"core",67,67,10.1945592346601,1.99874698172789,-0.0167360141314566,100,900,0.0625,-332,1664
68,50,"random",0.5,0.25,1,0,"core",68,68,8.04623486823402,3.7556629977189,0.0155280161323026,100,900,0.0625,-332,1664
69,50,"random",0.5,0.25,1,0,"core",69,69,9.44091996899806,0.841262927395292,0.0193908428074792,100,900,0.0625,-332,1664
70,50,"random",0.5,0.25,1,0,"core",70,70,10.6090120126028,3.23120845621452,-0.00377440406475216,100,900,0.0625,-332,1664
71,50,"random",0.5,0.25,1,0,"core",71,71,13.412807459943,0.996983340824954,0.00297877932898701,100,900,0.0625,-332,1664
72,50,"random",0.5,0.25,1,0,"core",72,72,6.92618083278649,2.24620477482677,0.00529291556216777,100,900,0.0625,-332,1664
73,50,"random",0.5,0.25,1,0,"core",73,73,11.4064660642762,2.28515351552051,-0.0280598482489586,100,900,0.0625,-332,1664
74,50,"random",0.5,0.25,1,0,"core",74,74,13.1521532656625,0.60875112330541,0.0148061961634085,100,900,0.0625,-332,1664
75,50,"random",0.5,0.25,1,0,"core",75,75,4.42132153874263,3.89132602477912,-0.0192824371252209,100,900,0.0625,-332,1664
76,50,"random",0.5,0.25,1,0,"core",76,76,10.2250755883288,1.64150429761503,-0.0242495073890313,100,900,0.0625,-332,1664
77,50,"random",0.5,0.25,1,0,"core",77,77,11.3355057185981,3.05038892792072,-0.0129925419017673,100,900,0.0625,-332,1664
78,50,"random",0.5,0.25,1,0,"core",78,78,9.04348585219122,2.34441279433668,-0.00958696445915848,100,900,0.0625,-332,1664
79,50,"random",0.5,0.25,1,0,"core",79,79,4.6612637785729,0.849753227666952,0.00977194558829069,100,900,0.0625,-332,1664
80,50,"random",0.5,0.25,1,0,"core",80,80,13.6998568524141,3.5438065630151,0.000977907800115644,100,900,0.0625,-332,1664
81,50,"random",0.5,0.25,1,0,"core",81,81,3.60659627895802,2.17663217813242,-0.0170598555123433,100,900,0.0625,-332,1664
82,50,"random",0.5,0.25,1,0,"core",82,82,14.3701103019994,1.15148439141922,-0.0147504086187109,100,900,0.0625,-332,1664
83,50,"random",0.5,0.25,1,0,"core",83,83,12.1622966381256,1.26837452885229,-0.000615793601609765,100,900,0.0625,-332,1664
84,50,"random",0.5,0.25,1,0,"core",84,84,14.5077675420325,3.38869932817761,0.0257817861484364,100,900,0.0625,-332,1664
85,50,"random",0.5,0.25,1,0,"core",85,85,3.48527506017126,0.940325703122653,-0.0210701666492969,100,900,0.0625,-332,1664
86,50,"random",0.5,0.25,1,0,"core",86,86,14.7081778096035,1.45786905940622,-0.0107836573384702,100,900,0.0625,-332,1664
87,50,"random",0.5,0.25,1,0,"core",87,87,10.0661035222001,2.37323288409971,0.0224910133704543,100,900,0.0625,-332,1664
88,50,"random",0.5,0.25,1,0,"core",88,88,14.0565544522833,3.56683677341789,-0.0281141930725425,100,900,0.0625,-332,1664
89,50,"random",0.5,0.25,1,0,"core",89,89,4.62907726783305,3.97432782442775,-0.00263832606375217,100,900,0.0625,-332,1664
90,50,"random",0.5,0.25,1,0,"core",90,90,4.80187936290167,3.87037059757859,-0.0123286224296317,100,900,0.0625,-332,1664
91,50,"random",0.5,0.25,1,0,"core",91,91,13.9850278955419,3.7257536255056,-0.00233652711845934,100,900,0.0625,-332,1664
92,50,"random",0.5,0.25,1,0,"core",92,92,11.3875021615531,0.830801007919945,-0.000805889409966766,100,900,0.0625,-332,1664
93,50,"random",0.5,0.25,1,0,"core",93,93,11.9021180476993,0.78516088204924,-0.0211148934066296,100,900,0.0625,-332,1664
94,50,"random",0.5,0.25,1,0,"core",94,94,5.7086068589706,3.11101184482686,-0.0127413013391197,100,900,0.0625,-332,1664
95,50,"random",0.5,0.25,1,0,"core",95,95,6.46756545035169,2.79283177328762,-0.00781840695999563,100,900,0.0625,-332,1664
96,50,"random",0.5,0.25,1,0,"core",96,96,6.43811441469006,1.9502557903761,-0.0128582979133353,100,900,0.0625,-332,1664
97,50,"random",0.5,0.25,1,0,"core",97,97,12.2434773589484,3.05085181316826,0.0178134736558422,100,900,0.0625,-332,1664
98,50,"random",0.5,0.25,1,0,"core",98,98,6.73849988379516,3.18015884887427,0.0010910868505016,100,900,0.0625,-332,1664
99,50,"random",0.5,0.25,1,0,"core",99,99,10.646593216341,3.36100236722268,-0.0175597534468398,100,900,0.0625,-332,1664
100,50,"random",0.5,0.25,1,0,"core",100,100,6.84655288071372,3.92901016143151,0.0246505565615371,100,900,0.0625,-332,1664
101,50,"random",0.5,0.25,1,0,"core",101,101,3.57327130157501,2.84395541006234,-0.0111606458807364,100,900,0.0625,-332,1664
102,50,"random",0.5,0.25,1,0,"core",102,102,12.80100476183,3.71189253882039,-0.0171969831548631,100,900,0.0625,-332,1664
103,50,"random",0.5,0.25,1,0,"core",103,103,7.43812467041425,3.7732620126335,-0.00660043789073825,100,900,0.0625,-332,1664
104,50,"random",0.5,0.25,1,0,"core",104,104,3.066407360835,2.40475713845808,0.0297155690286309,100,900,0.0625,-332,1664
105,50,"random",0.5,0.25,1,0,"core",105,105,4.28835874493234,0.857330883154646,-0.0288962248759344,100,900,0.0625,-332,1664
106,50,"random",0.5,0.25,1,0,"core",106,106,4.35249478323385,3.90766063693445,-0.00220805594231933,100,900,0.0625,-332,1664
107,50,"random",0.5,0.25,1,0,"core",107,107,10.7545581848826,3.25800096953753,0.000705279512330889,100,900,0.0625,-332,1664
108,50,"random",0.5,0.25,1,0,"core",108,108,9.89094123872928,1.09886210272089,0.0290528955264017,100,900,0.0625,-332,1664
109,50,"random",0.5,0.25,1,0,"core",109,109,5.37384198186919,1.77904123486951,-0.0291147538181394,100,900,0.0625,-332,1664
110,50,"random",0.5,0.25,1,0,"core",110,110,9.67471839534119,3.13490200322121,-0.00142738594673574,100,900,0.0625,-332,1664
111,50,"random",0.5,0.25,1,0,"core",111,111,7.31041180389002,1.57033257582225,0.0269697522930801,100,900,0.0625,-332,1664
112,50,"random",0.5,0.25,1,0,"core",112,112,13.2635757036041,2.0402632181067,-0.0251005453616381,100,900,0.0625,-332,1664
113,50,"random",0.5,0.25,1,0,"core",113,113,3.40609176596627,3.50828513724264,-0.00186188288033009,100,900,0.0625,-332,1664
114,50,"random",0.5,0.25,1,0,"core",114,114,6.18456917395815,2.9692475036718,-0.0171559701953083,100,900,0.0625,-332,1664
115,50,"random",0.5,0.25,1,0,"core",115,115,4.18773525767028,3.93962886580266,-0.0111777041433379,100,900,0.0625,-332,1664
116,50,"random",0.5,0.25,1,0,"core",116,116,2.67053891299292,1.25797554058954,0.0190685387374833,100,900,0.0625,-332,1664
117,50,"random",0.5,0.25,1,0,"core",117,117,9.19265862833709,2.79483218560927,-0.00553936019539833,100,900,0.0625,-332,1664
118,50,"random",0.5,0.25,1,0,"core",118,118,3.84497504122555,3.94545270723756,0.00822128753643483,100,900,0.0625,-332,1664
119,50,"random",0.5,0.25,1,0,"core",119,119,4.06549947056919,3.23365606355947,0.0146594527317211,100,900,0.0625,-332,1664
120,50,"random",0.5,0.25,1,0,"core",120,120,12.1245171760675,0.610297515755519,-0.00838425911497325,100,900,0.0625,-332,1664
121,50,"random",0.5,0.25,1,0,"core",121,121,7.76873775478452,1.67098206561059,-0.00452457385137677,100,900,0.0625,-332,1664
122,50,"random",0.5,0.25,1,0,"core",122,122,3.70979249640368,2.80129609350115,0.00625138901174068,100,900,0.0625,-332,1664
123,50,"random",0.5,0.25,1,0,"core",123,123,9.3637818582356,2.59946279716678,0.00478934713639319,100,900,0.0625,-332,1664
124,50,"random",0.5,0.25,1,0,"core",124,124,12.0604547888506,1.04102461866569,0.0224275534367189,100,900,0.0625,-332,1664
125,50,"random",0.5,0.25,1,0,"core",125,125,7.47578272456303,0.792240538750775,0.0113984164316207,100,900,0.0625,-332,1664
126,50,"random",0.5,0.25,1,0,"core",126,126,2.79079757118598,1.99832347442862,0.0219206853071228,100,900,0.0625,-332,1664
127,50,"random",0.5,0.25,1,0,"core",127,127,7.01080362871289,2.51116467243992,-0.0138308273814619,100,900,0.0625,-332,1664
128,50,"random",0.5,0.25,1,0,"core",128,128,8.01126649673097,3.73018103616778,0.0160753245977685,100,900,0.0625,-332,1664
129,50,"random",0.5,0.25,1,0,"core",129,129,2.53850980778225,3.75939428119455,-0.0136599946534261,100,900,0.0625,-332,1664
130,50,"random",0.5,0.25,1,0,"core",130,130,7.33943349123001,2.1408430300653,0.00910692089237273,100,900,0.0625,-332,1664
131,50,"random",0.5,0.25,1,0,"core",131,131,7.10290329460986,3.72210972860921,0.0118981640646234,100,900,0.0625,-332,1664
132,50,"random",0.5,0.25,1,0,"core",132,132,10.3506394189317,2.85865556192584,-0.00858449671883136,100,900,0.0625,-332,1664
133,50,"random",0.5,0.25,1,0,"core",133,133,2.46716654486954,2.0784077423159,0.00484170163515955,100,900,0.0625,-332,1664
134,50,"random",0.5,0.25,1,0,"core",134,134,3.20958196395077,0.66293842997402,0.028555663023144,100,900,0.0625,-332,1664
135,50,"random",0.5,0.25,1,0,"core",135,135,13.3813914116472,2.4532059741905,0.00692715701647103,100,900,0.0625,-332,1664
136,50,"random",0.5,0.25,1,0,"core",136,136,2.05457367701456,0.546122729429044,-0.0174902229337022,100,900,0.0625,-332,1664
137,50,"random",0.5,0.25,1,0,"core",137,137,4.0520938381087,0.784737700712867,0.0279288904974237,100,900,0.0625,-332,1664
138,50,"random",0.5,0.25,1,0,"core",138,138,8.60709255747497,1.1845946557587,0.0201211142353713,100,900,0.0625,-332,1664
139,50,"random",0.5,0.25,1,0,"core",139,139,9.26584952767007,0.564961707219481,0.00953416602686048,100,900,0.0625,-332,1664
140,50,"random",0.5,0.25,1,0,"core",140,140,6.37373711937107,3.27485637587961,0.00631787986960262,100,900,0.0625,-332,1664
141,50,"random",0.5,0.25,1,0,"core",141,141,11.077806224348,3.04293755209073,-0.027516464064829,100,900,0.0625,-332,1664
142,50,"random",0.5,0.25,1,0,"core",142,142,5.70148813794367,0.589274374651723,0.000628420952707529,100,900,0.0625,-332,1664
143,50,"random",0.5,0.25,1,0,"core",143,143,8.52819379139692,1.25343288003933,0.025359929795377,100,900,0.0625,-332,1664
144,50,"random",0.5,0.25,1,0,"core",144,144,10.339788364945,2.71872727444861,-0.0209353274898604,100,900,0.0625,-332,1664
145,50,"random",0.5,0.25,1,0,"core",145,145,13.8431721501984,2.36968007020187,-0.0293364941468462,100,900,0.0625,-332,1664
146,50,"random",0.5,0.25,1,0,"core",146,146,2.97133137146011,3.31777632667217,0.00749979907181114,100,900,0.0625,-332,1664
147,50,"random",0.5,0.25,1,0,"core",147,147,4.58034717920236,3.08404204435647,0.00347831769380719,100,900,0.0625,-332,1664
148,50,"random",0.5,0.25,1,0,"core",148,148,10.2916780253872,1.24187133449595,0.0290936097828671,100,900,0.0625,-332,1664
149,50,"random",0.5,0.25,1,0,"core",149,149,10.7263938533142,3.74436666700058,0.00769489863887429,100,900,0.0625,-332,1664
150,50,"random",0.5,0.25,1,0,"core",150,150,2.72848026640713,1.02835823409259,-0.0066772492043674,100,900,0.0625,-332,1664
151,50,"random",0.5,0.25,1,0,"core",151,151,4.13521856558509,3.65553670283407,-0.00596546777989715,100,900,0.0625,-332,1664
152,50,"random",0.5,0.25,1,0,"core",152,152,2.63066392275505,3.91697646107059,0.00893373143859207,100,900,0.0625,-332,1664
153,50,"random",0.5,0.25,1,0,"core",153,153,14.781410854077,3.41196067805868,-0.0211643793806434,100,900,0.0625,-332,1664
154,50,"random",0.5,0.25,1,0,"core",154,154,8.96108797402121,2.58365336910356,0.0227969336695969,100,900,0.0625,-332,1664
155,50,"random",0.5,0.25,1,0,"core",155,155,11.8043245654553,1.78635604854207,-0.00263060979545117,100,900,0.0625,-332,1664
156,50,"random",0.5,0.25,1,0,"core",156,156,11.606367956847,1.86839144153055,0.022018314236775,100,900,0.0625,-332,1664
157,50,"random",0.5,0.25,1,0,"core",157,157,6.75358953303657,3.52270363108255,-0.000966286836192012,100,900,0.0625,-332,1664
158,50,"random",0.5,0.25,1,0,"core",158,158,11.0627267996315,1.29727150755934,-0.025385031751357,100,900,0.0625,-332,1664
159,50,"random",0.5,0.25,1,0,"core",159,159,12.1896976747084,1.17498359561432,-0.00678501466289163,100,900,0.0625,-332,1664
160,50,"random",0.5,0.25,1,0,"core",160,160,2.34964179084636,2.03752245602664,-0.0283653480699286,100,900,0.0625,-332,1664
161,50,"random",0.5,0.25,1,0,"core",161,161,3.61105120251887,1.14392042311374,-0.00937760580796749,100,900,0.0625,-332,1664
162,50,"random",0.5,0.25,1,0,"core",162,162,8.5700995514635,2.13696592871565,-0.00544716194272041,100,900,0.0625,-332,1664
163,50,"random",0.5,0.25,1,0,"core",163,163,14.1464189940598,0.877445137826726,-0.00315121022053063,100,900,0.0625,-332,1664
164,50,"random",0.5,0.25,1,0,"core",164,164,3.46660254732706,3.06453820329625,0.00217107966542244,100,900,0.0625,-332,1664
165,50,"random",0.5,0.25,1,0,"core",165,165,3.61126750055701,2.30306377366651,-0.0264534048875794,100,900,0.0625,-332,1664
166,50,"random",0.5,0.25,1,0,"core",166,166,6.92131259385496,2.59995477378834,-0.0226958605460823,100,900,0.0625,-332,1664
167,50,"random",0.5,0.25,1,0,"core",167,167,2.77684864355251,3.04885359213222,0.0249771281797439,100,900,0.0625,-332,1664
168,50,"random",0.5,0.25,1,0,"core",168,168,7.82895530294627,1.84895797993522,-0.023080371315591,100,900,0.0625,-332,1664
169,50,"random",0.5,0.25,1,0,"core",169,169,8.2136162458919,3.53023124556057,0.016873153494671,100,900,0.0625,-332,1664
170,50,"random",0.5,0.25,1,0,"core",170,170,3.28106926917098,1.90086717181839,-0.00376390324439854,100,900,0.0625,-332,1664
171,50,"random",0.5,0.25,1,0,"core",171,171,12.4274701299146,3.47447757795453,-0.011229853942059,100,900,0.0625,-332,1664
172,50,"random",0.5,0.25,1,0,"core",172,172,11.4479251899756,1.51864578924142,0.0103280530543998,100,900,0.0625,-332,1664
173,50,"random",0.5,0.25,1,0,"core",173,173,8.44245080463588,2.48283337138128,-0.0128421323513612,100,900,0.0625,-332,1664
174,50,"random",0.5,0.25,1,0,"core",174,174,12.1920766504481,1.99805018061306,-0.00430954523384571,100,900,0.0625,-332,1664
175,50,"random",0.5,0.25,1,0,"core",175,175,4.90593560575508,1.80942310660612,-0.0015940039884299,100,900,0.0625,-332,1664
176,50,"random",0.5,0.25,1,0,"core",176,176,9.42148980614729,1.18026918021496,-0.00948110677767545,100,900,0.0625,-332,1664
177,50,"random",0.5,0.25,1,0,"core",177,177,13.4421117443126,2.27447164605837,0.00417928049806505,100,900,0.0625,-332,1664
178,50,"random",0.5,0.25,1,0,"core",178,178,14.221538517857,2.19382970454171,0.020200495258905,100,900,0.0625,-332,1664
179,50,"random",0.5,0.25,1,0,"core",179,179,14.8975665448233,2.98498275398742,0.00255441477522254,100,900,0.0625,-332,1664
180,50,"random",0.5,0.25,1,0,"core",180,180,8.82354113040492,2.86384772148449,-0.0267151225497946,100,900,0.0625,-332,1664
181,50,"random",0.5,0.25,1,0,"core",181,181,2.32610418996774,3.53706369036809,-0.0217363704973832,100,900,0.0625,-332,1664
182,50,"random",0.5,0.25,1,0,"core",182,182,5.52060471219011,3.32219988363795,0.00344671946950257,100,900,0.0625,-332,1664
183,50,"random",0.5,0.25,1,0,"core",183,183,14.0861517186277,1.39492471376434,0.016794420266524,100,900,0.0625,-332,1664
184,50,"random",0.5,0.25,1,0,"core",184,184,10.1862269218545,2.49203102337196,0.0237700898665935,100,900,0.0625,-332,1664
185,50,"random",0.5,0.25,1,0,"core",185,185,6.1266529369168,0.949695300543681,0.0138099997490644,100,900,0.0625,-332,1664
186,50,"random",0.5,0.25,1,0,"core",186,186,5.40837307786569,3.68370916543063,0.00905610209796578,100,900,0.0625,-332,1664
187,50,"random",0.5,0.25,1,0,"core",187,187,12.877695266623,0.589064588188194,-0.00236754672601819,100,900,0.0625,-332,1664
188,50,"random",0.5,0.25,1,0,"core",188,188,3.86006877967156,1.14812315732706,0.0125701238913462,100,900,0.0625,-332,1664
189,50,"random",0.5,0.25,1,0,"core",189,189,2.44263956532814,0.83265307045076,0.0014070804649964,100,900,0.0625,-332,1664
190,50,"random",0.5,0.25,1,0,"core",190,190,7.34590283082798,1.48137231939472,-0.017985311653465,100,900,0.0625,-332,1664
191,50,"random",0.5,0.25,1,0,"core",191,191,7.16355225536972,1.32397320191376,-0.00135110242757946,100,900,0.0625,-332,1664
192,50,"random",0.5,0.25,1,0,"core",192,192,3.29935010825284,3.25546770158689,0.0273709065467119,100,900,0.0625,-332,1664
193,50,"random",0.5,0.25,1,0,"core",193,193,4.1946383616887,1.5038845470408,0.00562096242327243,100,900,0.0625,-332,1664
194,50,"random",0.5,0.25,1,0,"core",194,194,13.8860433106311,2.05486599018332,0.0284095339011401,100,900,0.0625,-332,1664
195,50,"random",0.5,0.25,1,0,"core",195,195,6.05551029625349,2.59359704179224,-0.00360286592971534,100,900,0.0625,-332,1664
196,50,"random",0.5,0.25,1,0,"core",196,196,5.95683184475638,2.12978325632866,-0.00171843213960528,100,900,0.0625,-332,1664
197,50,"random",0.5,0.25,1,0,"core",197,197,3.8287602129858,1.20941551728174,0.0240365674579516,100,900,0.0625,-332,1664
198,50,"random",0.5,0.25,1,0,"core",198,198,9.17115096189082,3.6451123310253,0.0276246063457802,100,900,0.0625,-332,1664
199,50,"random",0.5,0.25,1,0,"core",199,199,10.3732331369538,1.85889922827482,-0.0262577513186261,100,900,0.0625,-332,1664
200,50,"random",0.5,0.25,1,0,"core",200,200,4.51351727521978,2.66886950563639,0.0222265536244959,100,900,0.0625,-332,1664
1,100,"random",0.5,0.25,1,0,"core",201,201,13.5447577231098,1.02970488544088,0.0156367506505921,100,900,0.0625,-332,1664
2,100,"random",0.5,0.25,1,0,"core",202,202,10.1953702925239,2.53240113751963,0.0286281308485195,100,900,0.0625,-332,1664
3,100,"random",0.5,0.25,1,0,"core",203,203,6.03920976119116,0.964223619434051,0.0124422305915505,100,900,0.0625,-332,1664
4,100,"random",0.5,0.25,1,0,"core",204,204,14.5217984959017,2.60990031424444,-0.0108474393747747,100,900,0.0625,-332,1664
5,100,"random",0.5,0.25,1,0,"core",205,205,7.32878838363104,1.79213791654911,-0.0134687319863588,100,900,0.0625,-332,1664
6,100,"random",0.5,0.25,1,0,"core",206,206,11.7256893669255,1.04170954413712,0.00379437809810042,100,900,0.0625,-332,1664
7,100,"random",0.5,0.25,1,0,"core",207,207,3.7308793773409,0.789188183029182,-0.0189981211395934,100,900,0.0625,-332,1664
8,100,"random",0.5,0.25,1,0,"core",208,208,14.6011816435494,3.37538705707993,-0.0281951995845884,100,900,0.0625,-332,1664
9,100,"random",0.5,0.25,1,0,"core",209,209,12.9243468437344,1.32640880323015,8.70597967877994e-05,100,900,0.0625,-332,1664
10,100,"random",0.5,0.25,1,0,"core",210,210,9.47050741943531,2.94969371939078,0.00739689817652106,100,900,0.0625,-332,1664
11,100,"random",0.5,0.25,1,0,"core",211,211,11.2674880535342,3.97359061858151,0.00858022486791014,100,900,0.0625,-332,1664
12,100,"random",0.5,0.25,1,0,"core",212,212,3.9177703531459,0.555784379015677,-0.0204655973659828,100,900,0.0625,-332,1664
13,100,"random",0.5,0.25,1,0,"core",213,213,2.76538916374557,2.50761907373089,0.0206484961230308,100,900,0.0625,-332,1664
14,100,"random",0.5,0.25,1,0,"core",214,214,2.96097336476669,1.03119274717756,-0.0276264565531164,100,900,0.0625,-332,1664
15,100,"random",0.5,0.25,1,0,"core",215,215,14.0991906484123,1.43728712620214,-0.00475137763191015,100,900,0.0625,-332,1664
16,100,"random",0.5,0.25,1,0,"core",216,216,9.2233426484745,1.97793775296304,0.00968871405813843,100,900,0.0625,-332,1664
17,100,"random",0.5,0.25,1,0,"core",217,217,3.57508643926121,2.17774408322293,0.0149788691662252,100,900,0.0625,-332,1664
18,100,"random",0.5,0.25,1,0,"core",218,218,3.8418758448679,2.06005644740071,0.00185791261028499,100,900,0.0625,-332,1664
19,100,"random",0.5,0.25,1,0,"core",219,219,3.90315671940334,3.14505494653713,-0.0248976776562631,100,900,0.0625,-332,1664
20,100,"random",0.5,0.25,1,0,"core",220,220,6.51048282091506,3.45916983368807,-0.00943712994921952,100,900,0.0625,-332,1664
21,100,"random",0.5,0.25,1,0,"core",221,221,2.91690690349787,2.66888075054158,-0.0204295544279739,100,900,0.0625,-332,1664
22,100,"random",0.5,0.25,1,0,"core",222,222,10.1750616044737,1.72028573986609,0.010460246312432,100,900,0.0625,-332,1664
23,100,"random",0.5,0.25,1,0,"core",223,223,3.51253892830573,1.95900311402511,-0.0133826819853857,100,900,0.0625,-332,1664
24,100,"random",0.5,0.25,1,0,"core",224,224,11.6622632551007,3.08296522672754,0.0224236879684031,100,900,0.0625,-332,1664
25,100,"random",0.5,0.25,1,0,"core",225,225,6.73106158734299,0.767523832153529,-0.00600836225319654,100,900,0.0625,-332,1664
26,100,"random",0.5,0.25,1,0,"core",226,226,13.284322429914,2.95251545635983,0.0240482976380736,100,900,0.0625,-332,1664
27,100,"random",0.5,0.25,1,0,"core",227,227,11.1379832315724,1.85892731975764,-0.00234574454370886,100,900,0.0625,-332,1664
28,100,"random",0.5,0.25,1,0,"core",228,228,3.70811571064405,1.25132265407592,0.00366895562969148,100,900,0.0625,-332,1664
29,100,"random",0.5,0.25,1,0,"core",229,229,5.10109358211048,3.56219492480159,-0.0141577300988138,100,900,0.0625,-332,1664
30,100,"random",0.5,0.25,1,0,"core",230,230,4.39291316550225,1.29586137982551,-0.0100677590724081,100,900,0.0625,-332,1664
31,100,"random",0.5,0.25,1,0,"core",231,231,7.47476314450614,2.39268650161102,0.00868352351244539,100,900,0.0625,-332,1664
32,100,"random",0.5,0.25,1,0,"core",232,232,4.64413885260001,2.90517314488534,-0.000742496028542518,100,900,0.0625,-332,1664
33,100,"random",0.5,0.25,1,0,"core",233,233,7.05975652299821,2.77393550914712,0.0237948767887428,100,900,0.0625,-332,1664
34,100,"random",0.5,0.25,1,0,"core",234,234,8.45512838312425,3.24943313980475,-0.00777623231057077,100,900,0.0625,-332,1664
35,100,"random",0.5,0.25,1,0,"core",235,235,13.4294153088704,2.34612923429813,-0.0156558459531516,100,900,0.0625,-332,1664
36,100,"random",0.5,0.25,1,0,"core",236,236,11.3828506504651,2.64419882337097,-0.000787375238724054,100,900,0.0625,-332,1664
37,100,"random",0.5,0.25,1,0,"core",237,237,14.8563834147062,3.03565891215112,-0.0113561039138585,100,900,0.0625,-332,1664
38,100,"random",0.5,0.25,1,0,"core",238,238,2.93244019965641,2.59253286826424,-0.0149238419020548,100,900,0.0625,-332,1664
39,100,"random",0.5,0.25,1,0,"core",239,239,3.85337284486741,3.88964941829909,-0.0283192265080288,100,900,0.0625,-332,1664
40,100,"random",0.5,0.25,1,0,"core",240,240,13.6015062697697,1.59049919480458,-0.0049729294795543,100,900,0.0625,-332,1664
41,100,"random",0.5,0.25,1,0,"core",241,241,14.6319457860664,2.96038520231377,-0.0090674841357395,100,900,0.0625,-332,1664
42,100,"random",0.5,0.25,1,0,"core",242,242,9.02782111428678,0.972756906878203,0.00937213628087193,100,900,0.0625,-332,1664
43,100,"random",0.5,0.25,1,0,"core",243,243,14.7853473566938,0.740307166124694,0.013536648969166,100,900,0.0625,-332,1664
44,100,"random",0.5,0.25,1,0,"core",244,244,12.6521399866324,3.0533321039984,0.0156387138180435,100,900,0.0625,-332,1664
45,100,"random",0.5,0.25,1,0,"core",245,245,9.68975812662393,2.70647944661323,-0.0144937045779079,100,900,0.0625,-332,1664
46,100,"random",0.5,0.25,1,0,"core",246,246,8.77727212850004,0.863689782912843,-0.00735453725326806,100,900,0.0625,-332,1664
47,100,"random",0.5,0.25,1,0,"core",247,247,12.5966388168745,1.69572267099284,-0.0253995000058785,100,900,0.0625,-332,1664
48,100,"random",0.5,0.25,1,0,"core",248,248,6.11918548634276,2.36290318903048,-0.0036945795128122,100,900,0.0625,-332,1664
49,100,"random",0.5,0.25,1,0,"core",249,249,2.53346300590783,2.3973705151584,-0.0243290474172682,100,900,0.0625,-332,1664
50,100,"random",0.5,0.25,1,0,"core",250,250,2.9872956473846,1.3315866595367,0.0185263580689207,100,900,0.0625,-332,1664
51,100,"random",0.5,0.25,1,0,"core",251,251,10.8453408484347,1.41266310960054,0.0140890719462186,100,900,0.0625,-332,1664
52,100,"random",0.5,0.25,1,0,"core",252,252,6.78559508663602,1.46955550333951,0.00338562500663102,100,900,0.0625,-332,1664
53,100,"random",0.5,0.25,1,0,"core",253,253,5.81120902788825,3.63049138570204,0.0222091316990554,100,900,0.0625,-332,1664
54,100,"random",0.5,0.25,1,0,"core",254,254,11.1378035880625,2.2917672310723,-0.0170924737723544,100,900,0.0625,-332,1664
55,100,"random",0.5,0.25,1,0,"core",255,255,7.64601708366536,2.23667383554857,-0.0173056137235835,100,900,0.0625,-332,1664
56,100,"random",0.5,0.25,1,0,"core",256,256,4.20749518414959,3.8254620245425,-0.0289239256549627,100,900,0.0625,-332,1664
57,100,"random",0.5,0.25,1,0,"core",257,257,11.2245773843024,2.94384501839522,0.0180290047265589,100,900,0.0625,-332,1664
58,100,"random",0.5,0.25,1,0,"core",258,258,13.7781602018513,1.74602012138348,0.0117063142871484,100,900,0.0625,-332,1664
59,100,"random",0.5,0.25,1,0,"core",259,259,13.0405789702199,1.65530307404697,-0.0152029596269131,100,900,0.0625,-332,1664
60,100,"random",0.5,0.25,1,0,"core",260,260,10.4024300486781,0.786358847864904,-0.0261988813988864,100,900,0.0625,-332,1664
61,100,"random",0.5,0.25,1,0,"core",261,261,8.2605903041549,3.97552124143112,-0.0193184725893661,100,900,0.0625,-332,1664
62,100,"random",0.5,0.25,1,0,"core",262,262,9.66719175572507,1.19729460147209,-0.0143527091201395,100,900,0.0625,-332,1664
63,100,"random",0.5,0.25,1,0,"core",263,263,14.9459051624872,2.05739003093913,0.0217820994369686,100,900,0.0625,-332,1664
64,100,"random",0.5,0.25,1,0,"core",264,264,5.3246594958473,1.54406992823351,0.0201969920424744,100,900,0.0625,-332,1664
65,100,"random",0.5,0.25,1,0,"core",265,265,11.3869268277194,2.85505842522252,0.0243190387822688,100,900,0.0625,-332,1664
66,100,"random",0.5,0.25,1,0,"core",266,266,4.66732078650966,1.84702093072701,-0.00382950735278428,100,900,0.0625,-332,1664
67,100,"random",0.5,0.25,1,0,"core",267,267,7.45754138822667,1.79677732288837,-0.00430296577513218,100,900,0.0625,-332,1664
68,100,"random",0.5,0.25,1,0,"core",268,268,9.72329109953716,2.29505741747562,0.0181394304335117,100,900,0.0625,-332,1664
69,100,"random",0.5,0.25,1,0,"core",269,269,10.7177509940229,1.57073849171866,-0.0246407302608714,100,900,0.0625,-332,1664
70,100,"random",0.5,0.25,1,0,"core",270,270,11.7335058799945,2.42386334307957,-0.0254232147708535,100,900,0.0625,-332,1664
71,100,"random",0.5,0.25,1,0,"core",271,271,7.98090832354501,2.32732171274256,0.00362456660717726,100,900,0.0625,-332,1664
72,100,"random",0.5,0.25,1,0,"core",272,272,8.20388744096272,2.9542795488378,0.0023845623107627,100,900,0.0625,-332,1664
73,100,"random",0.5,0.25,1,0,"core",273,273,3.78240697830915,3.62861862208229,-0.0243252263450995,100,900,0.0625,-332,1664
74,100,"random",0.5,0.25,1,0,"core",274,274,4.957458257908,0.742234050179832,0.028097955272533,100,900,0.0625,-332,1664
75,100,"random",0.5,0.25,1,0,"core",275,275,11.0038624815643,3.7924921605736,0.00511216060258448,100,900,0.0625,-332,1664
76,100,"random",0.5,0.25,1,0,"core",276,276,9.65817295596935,2.60647141351365,-0.0165149449557066,100,900,0.0625,-332,1664
77,100,"random",0.5,0.25,1,0,"core",277,277,12.7737596416846,2.01353639690205,0.0231881896778941,100,900,0.0625,-332,1664
78,100,"random",0.5,0.25,1,0,"core",278,278,11.18010826502,2.21750981244259,-0.018185681886971,100,900,0.0625,-332,1664
79,100,"random",0.5,0.25,1,0,"core",279,279,10.4378675254993,2.28051851538476,-0.00494896679185331,100,900,0.0625,-332,1664
80,100,"random",0.5,0.25,1,0,"core",280,280,2.36095124739222,2.11358754674438,-0.00194481628015637,100,900,0.0625,-332,1664
81,100,"random",0.5,0.25,1,0,"core",281,281,10.3836550454143,3.56790401833132,-0.00329929422587156,100,900,0.0625,-332,1664
82,100,"random",0.5,0.25,1,0,"core",282,282,11.9037919035181,3.17282451572828,0.00496165886521339,100,900,0.0625,-332,1664
83,100,"random",0.5,0.25,1,0,"core",283,283,9.3120170077309,3.7814084473066,-0.0283283748524263,100,900,0.0625,-332,1664
84,100,"random",0.5,0.25,1,0,"core",284,284,10.4581328395288,1.4932542424649,0.01490282274317,100,900,0.0625,-332,1664
85,100,"random",0.5,0.25,1,0,"core",285,285,12.4229356045835,1.72938101587351,-0.0132734735962003,100,900,0.0625,-332,1664
86,100,"random",0.5,0.25,1,0,"core",286,286,8.94179640221409,3.80049895518459,-0.0177105438429862,100,900,0.0625,-332,1664
87,100,"random",0.5,0.25,1,0,"core",287,287,3.29580454691313,2.02863722480834,0.0255799201084301,100,900,0.0625,-332,1664
88,100,"random",0.5,0.25,1,0,"core",288,288,2.92237761756405,0.584414029843174,-0.0284268770646304,100,900,0.0625,-332,1664
89,100,"random",0.5,0.25,1,0,"core",289,289,13.3961226516403,3.58319503255188,-0.025373932630755,100,900,0.0625,-332,1664
90,100,"random",0.5,0.25,1,0,"core",290,290,11.9699262038339,2.3086710665375,-0.0130710550630465,100,900,0.0625,-332,1664
91,100,"random",0.5,0.25,1,0,"core",291,291,4.3614113710355,2.76208287547342,0.00784790268167853,100,900,0.0625,-332,1664
92,100,"random",0.5,0.25,1,0,"core",292,292,13.4862978428137,1.35260363016278,0.028013976928778,100,900,0.0625,-332,1664
93,100,"random",0.5,0.25,1,0,"core",293,293,10.2053913651034,1.15242285653949,-0.0182203742070124,100,900,0.0625,-332,1664
94,100,"random",0.5,0.25,1,0,"core",294,294,13.3113676512148,2.02018506301101,0.0108104718150571,100,900,0.0625,-332,1664
95,100,"random",0.5,0.25,1,0,"core",295,295,12.1540715042502,3.24163384258281,-0.0208031313819811,100,900,0.0625,-332,1664
96,100,"random",0.5,0.25,1,0,"core",296,296,10.392072111601,1.18381217448041,-0.0199039976159111,100,900,0.0625,-332,1664
97,100,"random",0.5,0.25,1,0,"core",297,297,9.71843756479211,0.509732528589666,0.0256603076029569,100,900,0.0625,-332,1664
98,100,"random",0.5,0.25,1,0,"core",298,298,8.58792635262944,3.8098090342246,0.0182772348867729,100,900,0.0625,-332,1664
99,100,"random",0.5,0.25,1,0,"core",299,299,2.77213877276517,3.37396025145426,-0.0290261704428121,100,900,0.0625,-332,1664
100,100,"random",0.5,0.25,1,0,"core",300,300,7.6435881536454,2.58863370493054,0.0195948742562905,100,900,0.0625,-332,1664
101,100,"random",0.5,0.25,1,0,"core",301,301,8.62615214940161,2.89962848171126,0.0270906399004161,100,900,0.0625,-332,1664
102,100,"random",0.5,0.25,1,0,"core",302,302,8.56386826955713,0.908093222649768,-0.00688762976322323,100,900,0.0625,-332,1664
103,100,"random",0.5,0.25,1,0,"core",303,303,10.2036480624229,2.94761698937509,-0.0241618995694444,100,900,0.0625,-332,1664
104,100,"random",0.5,0.25,1,0,"core",304,304,6.45837836968713,1.28444529441185,-0.00943827948532999,100,900,0.0625,-332,1664
105,100,"random",0.5,0.25,1,0,"core",305,305,12.903996428242,3.06437353417277,-0.0257386499969289,100,900,0.0625,-332,1664
106,100,"random",0.5,0.25,1,0,"core",306,306,3.39781700470485,1.75556774670258,0.0150662430329248,100,900,0.0625,-332,1664
107,100,"random",0.5,0.25,1,0,"core",307,307,10.990728673758,1.7684285013238,0.00695143262855709,100,900,0.0625,-332,1664
108,100,"random",0.5,0.25,1,0,"core",308,308,5.64315527724102,2.46983097121119,-0.000337432511150836,100,900,0.0625,-332,1664
109,100,"random",0.5,0.25,1,0,"core",309,309,11.333988902159,2.13625949621201,0.00301768240984529,100,900,0.0625,-332,1664
110,100,"random",0.5,0.25,1,0,"core",310,310,12.7148671108298,1.84177816461306,-0.00882398567162454,100,900,0.0625,-332,1664
111,100,"random",0.5,0.25,1,0,"core",311,311,13.3544149349909,1.15042340173386,-0.0189891238510609,100,900,0.0625,-332,1664
112,100,"random",0.5,0.25,1,0,"core",312,312,11.6702280873433,2.42051400092896,-0.0198551747621968,100,900,0.0625,-332,1664
113,100,"random",0.5,0.25,1,0,"core",313,313,5.11537344474345,0.798571390216239,-0.0240441807126626,100,900,0.0625,-332,1664
114,100,"random",0.5,0.25,1,0,"core",314,314,12.1442448338494,0.812864917214029,-0.00457670073956251,100,900,0.0625,-332,1664
115,100,"random",0.5,0.25,1,0,"core",315,315,5.48534222063608,3.06767959904391,-0.0205830551404506,100,900,0.0625,-332,1664
116,100,"random",0.5,0.25,1,0,"core",316,316,12.8955929826479,3.34923627180979,-0.0244696889910847,100,900,0.0625,-332,1664
117,100,"random",0.5,0.25,1,0,"core",317,317,8.4568809568882,1.00786847993731,0.0221185097750276,100,900,0.0625,-332,1664
118,100,"random",0.5,0.25,1,0,"core",318,318,7.7836109243799,1.04199913039338,-0.0072188376635313,100,900,0.0625,-332,1664
119,100,"random",0.5,0.25,1,0,"core",319,319,10.2246436732821,3.68803841806948,-0.00369339901953936,100,900,0.0625,-332,1664
120,100,"random",0.5,0.25,1,0,"core",320,320,9.93401091778651,2.68057342118118,-0.0163934417115524,100,900,0.0625,-332,1664
121,100,"random",0.5,0.25,1,0,"core",321,321,13.960646789521,3.6007240738254,0.0253002928616479,100,900,0.0625,-332,1664
122,100,"random",0.5,0.25,1,0,"core",322,322,7.75508814724162,0.545276826363988,0.0156456456240267,100,900,0.0625,-332,1664
123,100,"random",0.5,0.25,1,0,"core",323,323,4.51478944160044,1.88550991297234,0.0153886915789917,100,900,0.0625,-332,1664
124,100,"random",0.5,0.25,1,0,"core",324,324,14.3179392006714,1.0943935449468,-0.0296757071977481,100,900,0.0625,-332,1664
125,100,"random",0.5,0.25,1,0,"core",325,325,4.48393163480796,2.48814666771796,0.0106840328732505,100,900,0.0625,-332,1664
126,100,"random",0.5,0.25,1,0,"core",326,326,10.8650016684551,2.21448116237298,0.0241759753972292,100,900,0.0625,-332,1664
127,100,"random",0.5,0.25,1,0,"core",327,327,12.1481728311628,3.76540585933253,0.021827728827484,100,900,0.0625,-332,1664
128,100,"random",0.5,0.25,1,0,"core",328,328,10.309860705398,3.63011184183415,-0.0230337023036554,100,900,0.0625,-332,1664
129,100,"random",0.5,0.25,1,0,"core",329,329,6.47047124034725,2.39016334258486,-0.0144100348418578,100,900,0.0625,-332,1664
130,100,"random",0.5,0.25,1,0,"core",330,330,11.7335256964434,3.39491759450175,-0.0287510069226846,100,900,0.0625,-332,1664
131,100,"random",0.5,0.25,1,0,"core",331,331,7.39278906048276,3.06858191243373,0.0155482041696086,100,900,0.0625,-332,1664
132,100,"random",0.5,0.25,1,0,"core",332,332,11.1514900831971,0.692717205150984,-0.0100565278390422,100,900,0.0625,-332,1664
133,100,"random",0.5,0.25,1,0,"core",333,333,11.4574425942264,3.17251558438875,0.0173982064146549,100,900,0.0625,-332,1664
134,100,"random",0.5,0.25,1,0,"core",334,334,13.179779045051,1.56642013194505,0.0168152844719589,100,900,0.0625,-332,1664
135,100,"random",0.5,0.25,1,0,"core",335,335,5.50246164388955,3.70435293298215,-0.0153071320429444,100,900,0.0625,-332,1664
136,100,"random",0.5,0.25,1,0,"core",336,336,12.9436406493187,1.1259877004195,-0.0206534127099439,100,900,0.0625,-332,1664
137,100,"random",0.5,0.25,1,0,"core",337,337,5.04723978973925,1.80955433030613,0.0292578268423676,100,900,0.0625,-332,1664
138,100,"random",0.5,0.25,1,0,"core",338,338,9.03304129419848,1.29278224299196,0.00397849758155644,100,900,0.0625,-332,1664
139,100,"random",0.5,0.25,1,0,"core",339,339,7.18194984714501,2.39745104673784,0.0160521030379459,100,900,0.0625,-332,1664
140,100,"random",0.5,0.25,1,0,"core",340,340,9.91635274561122,2.15266626921948,0.0199690070701763,100,900,0.0625,-332,1664
141,100,"random",0.5,0.25,1,0,"core",341,341,6.51752905617468,1.59382173873018,0.00525111390743405,100,900,0.0625,-332,1664
142,100,"random",0.5,0.25,1,0,"core",342,342,9.09459642390721,1.96132469514851,-0.027803984018974,100,900,0.0625,-332,1664
143,100,"random",0.5,0.25,1,0,"core",343,343,5.19975867029279,0.790397804463282,0.0091158233396709,100,900,0.0625,-332,1664
144,100,"random",0.5,0.25,1,0,"core",344,344,3.248211823171,2.96496224217117,-0.00215341135393828,100,900,0.0625,-332,1664
145,100,"random",0.5,0.25,1,0,"core",345,345,12.5227406122722,0.546915310667828,0.00484136809129268,100,900,0.0625,-332,1664
146,100,"random",0.5,0.25,1,0,"core",346,346,2.79262462840416,3.24427838937845,0.0182225820003077,100,900,0.0625,-332,1664
147,100,"random",0.5,0.25,1,0,"core",347,347,6.09808934642933,1.27578656503465,0.0255221265368164,100,900,0.0625,-332,1664
148,100,"random",0.5,0.25,1,0,"core",348,348,6.0012678084895,1.08093724306673,0.0299034273438156,100,900,0.0625,-332,1664
149,100,"random",0.5,0.25,1,0,"core",349,349,8.85424365033396,2.33359218121041,-0.00981902172323316,100,900,0.0625,-332,1664
150,100,"random",0.5,0.25,1,0,"core",350,350,5.81998865306377,2.1157092571957,0.00424111891072244,100,900,0.0625,-332,1664
151,100,"random",0.5,0.25,1,0,"core",351,351,9.20842769998126,1.36281267658342,0.0147062931396067,100,900,0.0625,-332,1664
152,100,"random",0.5,0.25,1,0,"core",352,352,14.8412041752599,1.23663050215691,0.00682957249693573,100,900,0.0625,-332,1664
153,100,"random",0.5,0.25,1,0,"core",353,353,2.4098897522781,2.19698808947578,-0.0190990361943841,100,900,0.0625,-332,1664
154,100,"random",0.5,0.25,1,0,"core",354,354,2.60763170034625,2.82394595327787,-0.0010414114035666,100,900,0.0625,-332,1664
155,100,"random",0.5,0.25,1,0,"core",355,355,10.2606232617982,2.48502148455009,-0.0292445374047384,100,900,0.0625,-332,1664
156,100,"random",0.5,0.25,1,0,"core",356,356,13.6601417195052,0.513749230885878,0.0284153606090695,100,900,0.0625,-332,1664
157,100,"random",0.5,0.25,1,0,"core",357,357,14.1342539705802,3.48371912492439,-0.0236647146334872,100,900,0.0625,-332,1664
158,100,"random",0.5,0.25,1,0,"core",358,358,2.62397714401595,1.74312724138144,-0.0122887569246814,100,900,0.0625,-332,1664
159,100,"random",0.5,0.25,1,0,"core",359,359,8.42875288636424,0.619818519684486,0.0245320212375373,100,900,0.0625,-332,1664
160,100,"random",0.5,0.25,1,0,"core",360,360,11.7246707251761,3.79215656302404,-0.0242886958736926,100,900,0.0625,-332,1664
161,100,"random",0.5,0.25,1,0,"core",361,361,4.84826612845063,3.94764782860875,0.0215401725238189,100,900,0.0625,-332,1664
162,100,"random",0.5,0.25,1,0,"core",362,362,5.43041288875975,2.43171962839551,-0.0194117260538042,100,900,0.0625,-332,1664
163,100,"random",0.5,0.25,1,0,"core",363,363,13.7662718065549,2.41163408209104,-0.0058495659660548,100,900,0.0625,-332,1664
164,100,"random",0.5,0.25,1,0,"core",364,364,4.12414673087187,2.45497660303954,-0.0226953355455771,100,900,0.0625,-332,1664
165,100,"random",0.5,0.25,1,0,"core",365,365,9.83601535437629,3.42183789180126,0.00669709890615195,100,900,0.0625,-332,1664
166,100,"random",0.5,0.25,1,0,"core",366,366,4.8933075487148,0.976699829101562,-0.00639353276230395,100,900,0.0625,-332,1664
167,100,"random",0.5,0.25,1,0,"core",367,367,12.9812648578081,0.628621674259193,-0.0262417207332328,100,900,0.0625,-332,1664
168,100,"random",0.5,0.25,1,0,"core",368,368,14.103727791924,1.88744005013723,0.00710646975785494,100,900,0.0625,-332,1664
169,100,"random",0.5,0.25,1,0,"core",369,369,9.60952350730076,3.79082589037716,-0.000634863646700977,100,900,0.0625,-332,1664
170,100,"random",0.5,0.25,1,0,"core",370,370,13.8394007624593,1.62441365607083,-0.0214203814789653,100,900,0.0625,-332,1664
171,100,"random",0.5,0.25,1,0,"core",371,371,11.4925426465925,2.38477213133592,0.00243452620692551,100,900,0.0625,-332,1664
172,100,"random",0.5,0.25,1,0,"core",372,372,9.16177497268654,2.38302267051768,0.0285840244079009,100,900,0.0625,-332,1664
173,100,"random",0.5,0.25,1,0,"core",373,373,14.0368272000924,1.57605965516996,-0.0179000431252643,100,900,0.0625,-332,1664
174,100,"random",0.5,0.25,1,0,"core",374,374,8.44083743332885,0.880782243330032,0.0181368862045929,100,900,0.0625,-332,1664
175,100,"random",0.5,0.25,1,0,"core",375,375,11.6818609633483,1.44739995000418,0.00472320945002139,100,900,0.0625,-332,1664
176,100,"random",0.5,0.25,1,0,"core",376,376,3.71445515216328,2.90176822606008,0.0269621687242761,100,900,0.0625,-332,1664
177,100,"random",0.5,0.25,1,0,"core",377,377,10.4013405465521,2.11432550393511,-0.0115453329216689,100,900,0.0625,-332,1664
178,100,"random",0.5,0.25,1,0,"core",378,378,3.08963156095706,3.1692365410272,-0.010948292738758,100,900,0.0625,-332,1664
179,100,"random",0.5,0.25,1,0,"core",379,379,5.2491799283307,1.22212349879555,-0.00362204524688423,100,900,0.0625,-332,1664
180,100,"random",0.5,0.25,1,0,"core",380,380,4.54745745845139,3.45966636319645,0.00618737039621919,100,900,0.0625,-332,1664
181,100,"random",0.5,0.25,1,0,"core",381,381,11.3496612040326,1.39575870614499,-0.0158713787980378,100,900,0.0625,-332,1664
182,100,"random",0.5,0.25,1,0,"core",382,382,13.7047158202622,2.93350043252576,-0.0141595580382273,100,900,0.0625,-332,1664
183,100,"random",0.5,0.25,1,0,"core",383,383,6.41159008722752,0.623126907041296,0.00289470381103456,100,900,0.0625,-332,1664
184,100,"random",0.5,0.25,1,0,"core",384,384,8.87782770348713,2.52888431074098,0.0197811525966972,100,900,0.0625,-332,1664
185,100,"random",0.5,0.25,1,0,"core",385,385,14.8100691863801,1.90253231092356,0.0210629727132618,100,900,0.0625,-332,1664
186,100,"random",0.5,0.25,1,0,"core",386,386,10.9701384510845,3.06928166025318,-0.00464916008524597,100,900,0.0625,-332,1664
187,100,"random",0.5,0.25,1,0,"core",387,387,10.2439138516784,1.08206617645919,0.0132181123271585,100,900,0.0625,-332,1664
188,100,"random",0.5,0.25,1,0,"core",388,388,4.94359531253576,1.93265367229469,0.0261107651190832,100,900,0.0625,-332,1664
189,100,"random",0.5,0.25,1,0,"core",389,389,4.76156514487229,0.896921985899098,-0.00880353375803679,100,900,0.0625,-332,1664
190,100,"random",0.5,0.25,1,0,"core",390,390,8.71492566051893,3.35141601343639,0.00241141686681658,100,900,0.0625,-332,1664
191,100,"random",0.5,0.25,1,0,"core",391,391,14.3448656110559,1.31511055829469,0.00746513374149799,100,900,0.0625,-332,1664
192,100,"random",0.5,0.25,1,0,"core",392,392,12.0486871839967,0.924098890158348,0.00804763040039688,100,900,0.0625,-332,1664
193,100,"random",0.5,0.25,1,0,"core",393,393,6.19583163037896,3.25230664864648,-0.0111302884016186,100,900,0.0625,-332,1664
194,100,"random",0.5,0.25,1,0,"core",394,394,2.34175852476619,3.12202560238075,-0.00673796643968672,100,900,0.0625,-332,1664
195,100,"random",0.5,0.25,1,0,"core",395,395,2.73211126821116,1.39604886365123,-0.0275461948569864,100,900,0.0625,-332,1664
196,100,"random",0.5,0.25,1,0,"core",396,396,10.7354262918234,0.527876894921064,0.0155726890778169,100,900,0.0625,-332,1664
197,100,"random",0.5,0.25,1,0,"core",397,397,3.924402610166,3.81829159206245,-0.0280878493515775,100,900,0.0625,-332,1664
198,100,"random",0.5,0.25,1,0,"core",398,398,12.3293237895705,3.52782921842299,0.025588984452188,100,900,0.0625,-332,1664
199,100,"random",0.5,0.25,1,0,"core",399,399,8.71596390986815,3.94761094835121,-0.0259098821924999,100,900,0.0625,-332,1664
200,100,"random",0.5,0.25,1,0,"core",400,400,2.29243844351731,0.63968186522834,-0.0233177513396367,100,900,0.0625,-332,1664
1,200,"random",0.5,0.25,1,0,"core",401,401,6.32719460083172,0.706137746456079,0.01103609835729,100,900,0.0625,-332,1664
2,200,"random",0.5,0.25,1,0,"core",402,402,7.30160709866323,0.857101575587876,-0.0245327453780919,100,900,0.0625,-332,1664
3,200,"random",0.5,0.25,1,0,"core",403,403,10.7975693589542,1.49045464163646,0.0240235997736454,100,900,0.0625,-332,1664
4,200,"random",0.5,0.25,1,0,"core",404,404,3.9481836988125,1.12468809366692,-0.0176502073835582,100,900,0.0625,-332,1664
5,200,"random",0.5,0.25,1,0,"core",405,405,7.3208698190283,2.11831207748037,-0.00227451689075679,100,900,0.0625,-332,1664
6,200,"random",0.5,0.25,1,0,"core",406,406,3.13249328988604,2.42489174136426,-0.0126674079615623,100,900,0.0625,-332,1664
7,200,"random",0.5,0.25,1,0,"core",407,407,2.41155745764263,1.30936497484799,-0.0165658686077222,100,900,0.0625,-332,1664
8,200,"random",0.5,0.25,1,0,"core",408,408,7.86021594936028,1.00982899928931,0.0180417124321684,100,900,0.0625,-332,1664
9,200,"random",0.5,0.25,1,0,"core",409,409,7.01842583646066,3.69370969338343,0.0195782227115706,100,900,0.0625,-332,1664
10,200,"random",0.5,0.25,1,0,"core",410,410,11.7307995711453,3.79701504902914,-0.000883093583397568,100,900,0.0625,-332,1664
11,200,"random",0.5,0.25,1,0,"core",411,411,14.49817019701,2.46468094806187,0.00792432306334376,100,900,0.0625,-332,1664
12,200,"random",0.5,0.25,1,0,"core",412,412,8.35798067436554,2.09656685765367,0.0235245724814013,100,900,0.0625,-332,1664
13,200,"random",0.5,0.25,1,0,"core",413,413,6.27696818416007,1.21266200428363,0.0275396432541311,100,900,0.0625,-332,1664
14,200,"random",0.5,0.25,1,0,"core",414,414,10.6604177455883,1.30428728857078,0.0108212438877672,100,900,0.0625,-332,1664
15,200,"random",0.5,0.25,1,0,"core",415,415,5.61368957371451,1.56505900376942,0.0119301956612617,100,900,0.0625,-332,1664
16,200,"random",0.5,0.25,1,0,"core",416,416,4.85182518023066,2.3381137275137,0.0175337473629043,100,900,0.0625,-332,1664
17,200,"random",0.5,0.25,1,0,"core",417,417,7.87611159868538,0.985338389524259,0.0143822922790423,100,900,0.0625,-332,1664
18,200,"random",0.5,0.25,1,0,"core",418,418,5.61494260164909,2.76149403734598,-0.0241439309483394,100,900,0.0625,-332,1664
19,200,"random",0.5,0.25,1,0,"core",419,419,14.3609304584097,1.60187200538348,0.0220948236621916,100,900,0.0625,-332,1664
20,200,"random",0.5,0.25,1,0,"core",420,420,7.07984113413841,3.03480592183769,-0.0136916245892644,100,900,0.0625,-332,1664
21,200,"random",0.5,0.25,1,0,"core",421,421,4.49314381065778,3.51759144652169,0.0186171580525115,100,900,0.0625,-332,1664
22,200,"random",0.5,0.25,1,0,"core",422,422,2.68494895822369,2.70233878633007,0.00619291794486344,100,900,0.0625,-332,1664
23,200,"random",0.5,0.25,1,0,"core",423,423,12.1725154211745,1.09420654003043,-0.0206288540968671,100,900,0.0625,-332,1664
24,200,"random",0.5,0.25,1,0,"core",424,424,7.53870735038072,0.652606420568191,-0.00401239478029311,100,900,0.0625,-332,1664
25,200,"random",0.5,0.25,1,0,"core",425,425,5.50542424689047,3.05912882531993,0.0236836040206254,100,900,0.0625,-332,1664
26,200,"random",0.5,0.25,1,0,"core",426,426,5.8156368676573,2.2315906820586,-0.00774951027240604,100,900,0.0625,-332,1664
27,200,"random",0.5,0.25,1,0,"core",427,427,6.83093450125307,1.89930191996973,-0.00382608099840582,100,900,0.0625,-332,1664
28,200,"random",0.5,0.25,1,0,"core",428,428,6.71604768070392,3.4812670975225,-0.0296547273918986,100,900,0.0625,-332,1664
29,200,"random",0.5,0.25,1,0,"core",429,429,6.69578048703261,0.674676625407301,0.0223917335411534,100,900,0.0625,-332,1664
30,200,"random",0.5,0.25,1,0,"core",430,430,12.0835565640591,1.66859092318919,0.0149896235810593,100,900,0.0625,-332,1664
31,200,"random",0.5,0.25,1,0,"core",431,431,12.1735317443963,1.2564681887161,0.0140724273445085,100,900,0.0625,-332,1664
32,200,"random",0.5,0.25,1,0,"core",432,432,6.61769472202286,3.68227285309695,0.0269846741482615,100,900,0.0625,-332,1664
33,200,"random",0.5,0.25,1,0,"core",433,433,11.4721699568909,0.669409723370336,-0.00598039628472179,100,900,0.0625,-332,1664
34,200,"random",0.5,0.25,1,0,"core",434,434,6.24038265785202,2.99698009481654,0.0251875025779009,100,900,0.0625,-332,1664
35,200,"random",0.5,0.25,1,0,"core",435,435,13.1679931553081,3.89697439712472,0.00810521960724145,100,900,0.0625,-332,1664
36,200,"random",0.5,0.25,1,0,"core",436,436,7.97182573704049,1.50668670749292,0.0232883480144665,100,900,0.0625,-332,1664
37,200,"random",0.5,0.25,1,0,"core",437,437,13.1369462704752,2.59550032857805,-0.00428418585564941,100,900,0.0625,-332,1664
38,200,"random",0.5,0.25,1,0,"core",438,438,7.05864814273082,2.09408866113517,-0.0297451317077503,100,900,0.0625,-332,1664
39,200,"random",0.5,0.25,1,0,"core",439,439,14.8008046681061,2.44915328721981,0.0230074790026993,100,900,0.0625,-332,1664
40,200,"random",0.5,0.25,1,0,"core",440,440,5.42904290836304,1.01002338074613,-0.0257610738230869,100,900,0.0625,-332,1664
41,200,"random",0.5,0.25,1,0,"core",441,441,8.86510280403309,2.27017270715442,-0.0133588850777596,100,900,0.0625,-332,1664
42,200,"random",0.5,0.25,1,0,"core",442,442,5.82065239665098,3.68270908517297,0.00811949433758855,100,900,0.0625,-332,1664
43,200,"random",0.5,0.25,1,0,"core",443,443,2.07304379995912,2.58542983513325,0.0163046548655257,100,900,0.0625,-332,1664
44,200,"random",0.5,0.25,1,0,"core",444,444,4.66471613268368,2.48866054660175,-0.0154993954254314,100,900,0.0625,-332,1664
45,200,"random",0.5,0.25,1,0,"core",445,445,5.82380240387283,1.84865322499536,-0.0293612380698323,100,900,0.0625,-332,1664
46,200,"random",0.5,0.25,1,0,"core",446,446,10.2774309914093,2.43701925629284,0.026008247458376,100,900,0.0625,-332,1664
47,200,"random",0.5,0.25,1,0,"core",447,447,4.84560034237802,1.71386038116179,-0.0174526005238295,100,900,0.0625,-332,1664
48,200,"random",0.5,0.25,1,0,"core",448,448,9.24171195481904,1.49992606823798,-0.0236188580933958,100,900,0.0625,-332,1664
49,200,"random",0.5,0.25,1,0,"core",449,449,6.98721686960198,1.15754525270313,-0.0064070226252079,100,900,0.0625,-332,1664
50,200,"random",0.5,0.25,1,0,"core",450,450,2.28700369689614,1.95559604058508,-0.0136940774973482,100,900,0.0625,-332,1664
51,200,"random",0.5,0.25,1,0,"core",451,451,13.3777374122292,2.00205679191276,-0.0241841248841956,100,900,0.0625,-332,1664
52,200,"random",0.5,0.25,1,0,"core",452,452,8.82092778664082,3.80872241896577,0.0289965718053281,100,900,0.0625,-332,1664
53,200,"random",0.5,0.25,1,0,"core",453,453,5.70130955986679,2.1067109380383,0.0244530633324757,100,900,0.0625,-332,1664
54,200,"random",0.5,0.25,1,0,"core",454,454,11.2345827780664,0.552603198681027,0.00180076253134757,100,900,0.0625,-332,1664
55,200,"random",0.5,0.25,1,0,"core",455,455,4.73237932031043,1.09025669272523,-0.0141393903829157,100,900,0.0625,-332,1664
56,200,"random",0.5,0.25,1,0,"core",456,456,8.00578028545715,2.52970474632457,0.0245993385231122,100,900,0.0625,-332,1664
57,200,"random",0.5,0.25,1,0,"core",457,457,10.9550527003594,2.45163194253109,-0.0276070354040712,100,900,0.0625,-332,1664
58,200,"random",0.5,0.25,1,0,"core",458,458,11.2852427321486,2.77869762748014,0.000958452522754668,100,900,0.0625,-332,1664
59,200,"random",0.5,0.25,1,0,"core",459,459,11.8575499490835,0.82193195016589,-0.0157129407813773,100,900,0.0625,-332,1664
60,200,"random",0.5,0.25,1,0,"core",460,460,12.8005965829361,0.573330733808689,-0.0216744469664991,100,900,0.0625,-332,1664
61,200,"random",0.5,0.25,1,0,"core",461,461,7.2514041941613,2.5865451938007,0.0204486376047134,100,900,0.0625,-332,1664
62,200,"random",0.5,0.25,1,0,"core",462,462,13.091801766539,2.46974932483863,-0.0186693817516789,100,900,0.0625,-332,1664
63,200,"random",0.5,0.25,1,0,"core",463,463,10.5800860386807,2.15828350640368,-0.027915503452532,100,900,0.0625,-332,1664
64,200,"random",0.5,0.25,1,0,"core",464,464,2.38318993709981,0.896989056840539,0.0244741104589775,100,900,0.0625,-332,1664
65,200,"random",0.5,0.25,1,0,"core",465,465,10.9806110523641,3.36318174377084,-0.0128247791016474,100,900,0.0625,-332,1664
66,200,"random",0.5,0.25,1,0,"core",466,466,7.65865550446324,1.04903122014366,-0.00480397118255496,100,900,0.0625,-332,1664
67,200,"random",0.5,0.25,1,0,"core",467,467,10.3647687104531,2.25783098407555,0.0124673454277217,100,900,0.0625,-332,1664
68,200,"random",0.5,0.25,1,0,"core",468,468,4.39761344739236,3.58552501862869,0.0212669661082327,100,900,0.0625,-332,1664
69,200,"random",0.5,0.25,1,0,"core",469,469,5.69374771858566,2.95881755952723,-0.0247375860577449,100,900,0.0625,-332,1664
70,200,"random",0.5,0.25,1,0,"core",470,470,8.82061033602804,0.911235535168089,0.0146976215019822,100,900,0.0625,-332,1664
71,200,"random",0.5,0.25,1,0,"core",471,471,12.0098802358843,3.73790961981285,0.00651381942909211,100,900,0.0625,-332,1664
72,200,"random",0.5,0.25,1,0,"core",472,472,7.04907740629278,2.6284280292457,0.0246339660091326,100,900,0.0625,-332,1664
73,200,"random",0.5,0.25,1,0,"core",473,473,2.15152445016429,2.69733169383835,0.00658093940466643,100,900,0.0625,-332,1664
74,200,"random",0.5,0.25,1,0,"core",474,474,6.53566983318888,1.11445432540495,0.0225394456973299,100,900,0.0625,-332,1664
75,200,"random",0.5,0.25,1,0,"core",475,475,11.4952766234055,3.32181244168896,0.0081742686079815,100,900,0.0625,-332,1664
76,200,"random",0.5,0.25,1,0,"core",476,476,13.5295088612475,1.03823463211302,0.0142674285918474,100,900,0.0625,-332,1664
77,200,"random",0.5,0.25,1,0,"core",477,477,10.5378764970228,1.78284225077368,0.024360448345542,100,900,0.0625,-332,1664
78,200,"random",0.5,0.25,1,0,"core",478,478,2.45587497972883,2.01306830113754,-0.0155481682252139,100,900,0.0625,-332,1664
79,200,"random",0.5,0.25,1,0,"core",479,479,14.7386312815361,1.52816197706852,-0.00936260039918125,100,900,0.0625,-332,1664
80,200,"random",0.5,0.25,1,0,"core",480,480,12.3364781208802,0.79617882007733,-0.0157860483136028,100,900,0.0625,-332,1664
81,200,"random",0.5,0.25,1,0,"core",481,481,9.84964855061844,1.85486808256246,-0.00961266095750034,100,900,0.0625,-332,1664
82,200,"random",0.5,0.25,1,0,"core",482,482,8.71434992412105,3.47023746313062,-0.0298783278046176,100,900,0.0625,-332,1664
83,200,"random",0.5,0.25,1,0,"core",483,483,9.07151021249592,1.1147394166328,-0.0159827795438468,100,900,0.0625,-332,1664
84,200,"random",0.5,0.25,1,0,"core",484,484,7.68298765807413,2.59753947996069,-0.0172080384800211,100,900,0.0625,-332,1664
85,200,"random",0.5,0.25,1,0,"core",485,485,13.4933726510499,2.49445383553393,0.0246211462235078,100,900,0.0625,-332,1664
86,200,"random",0.5,0.25,1,0,"core",486,486,13.3278130397666,3.76105970307253,-0.00150860711932182,100,900,0.0625,-332,1664
87,200,"random",0.5,0.25,1,0,"core",487,487,11.9880971368402,2.59724382101558,-0.0156200167676434,100,900,0.0625,-332,1664
88,200,"random",0.5,0.25,1,0,"core",488,488,9.49833852471784,1.69499556836672,0.0145459462003782,100,900,0.0625,-332,1664
89,200,"random",0.5,0.25,1,0,"core",489,489,8.47660132311285,1.05491228599567,0.0169384188624099,100,900,0.0625,-332,1664
90,200,"random",0.5,0.25,1,0,"core",490,490,11.4294113388751,2.33891742897686,-0.00317417945712805,100,900,0.0625,-332,1664
91,200,"random",0.5,0.25,1,0,"core",491,491,8.38997935713269,2.17624533188064,0.00618943012319505,100,900,0.0625,-332,1664
92,200,"random",0.5,0.25,1,0,"core",492,492,9.83333979779854,1.13171972054988,0.0199230470135808,100,900,0.0625,-332,1664
93,200,"random",0.5,0.25,1,0,"core",493,493,9.21601457893848,2.791968021309,0.00290889166295528,100,900,0.0625,-332,1664
94,200,"random",0.5,0.25,1,0,"core",494,494,11.4543488945346,2.46022004145198,-0.0232813609717414,100,900,0.0625,-332,1664
95,200,"random",0.5,0.25,1,0,"core",495,495,3.8496537359897,1.47238556784578,0.0292681730166078,100,900,0.0625,-332,1664
96,200,"random",0.5,0.25,1,0,"core",496,496,6.35197916999459,1.09264303860255,0.0284731992334127,100,900,0.0625,-332,1664
97,200,"random",0.5,0.25,1,0,"core",497,497,13.5931692412123,1.01491232716944,0.0105495555885136,100,900,0.0625,-332,1664
98,200,"random",0.5,0.25,1,0,"core",498,498,13.6462552226149,3.1937402341282,-0.0111824085284024,100,900,0.0625,-332,1664
99,200,"random",0.5,0.25,1,0,"core",499,499,5.8306319960393,2.40624672290869,-0.0114263024087995,100,900,0.0625,-332,1664
100,200,"random",0.5,0.25,1,0,"core",500,500,13.9039765703492,2.18477083288599,0.00173889440484345,100,900,0.0625,-332,1664
101,200,"random",0.5,0.25,1,0,"core",501,501,6.9858592657838,0.805530159501359,-0.0278101032553241,100,900,0.0625,-332,1664
102,200,"random",0.5,0.25,1,0,"core",502,502,11.0595286935568,3.29244334972464,-0.0238272373471409,100,900,0.0625,-332,1664
103,200,"random",0.5,0.25,1,0,"core",503,503,11.8064524773508,3.62334936088882,-0.00341191326733679,100,900,0.0625,-332,1664
104,200,"random",0.5,0.25,1,0,"core",504,504,4.27664958452806,1.12961990339682,0.0258183952141553,100,900,0.0625,-332,1664
105,200,"random",0.5,0.25,1,0,"core",505,505,6.48427090747282,2.07443443790544,0.0292181122116745,100,900,0.0625,-332,1664
106,200,"random",0.5,0.25,1,0,"core",506,506,2.83668928872794,1.86292623344343,0.00283046596683562,100,900,0.0625,-332,1664
107,200,"random",0.5,0.25,1,0,"core",507,507,7.96425809944049,1.04173100797925,-0.0280771820107475,100,900,0.0625,-332,1664
108,200,"random",0.5,0.25,1,0,"core",508,508,10.6021714240778,2.91915854078252,-0.0273690394777805,100,900,0.0625,-332,1664
109,200,"random",0.5,0.25,1,0,"core",509,509,14.1801412992645,1.63861057988834,0.0253561692405492,100,900,0.0625,-332,1664
110,200,"random",0.5,0.25,1,0,"core",510,510,9.6806227103807,0.657728740130551,0.0240238907234743,100,900,0.0625,-332,1664
111,200,"random",0.5,0.25,1,0,"core",511,511,5.4168260328006,3.19675875571556,0.0163406050717458,100,900,0.0625,-332,1664
112,200,"random",0.5,0.25,1,0,"core",512,512,8.69829980516806,3.52243902988266,0.0126938757766038,100,900,0.0625,-332,1664
113,200,"random",0.5,0.25,1,0,"core",513,513,7.33348927088082,1.84732476074714,-0.0226314892619848,100,900,0.0625,-332,1664
114,200,"random",0.5,0.25,1,0,"core",514,514,8.0389164572116,3.39266421378125,-0.000212351717054846,100,900,0.0625,-332,1664
115,200,"random",0.5,0.25,1,0,"core",515,515,14.1333302219864,2.11601331457496,0.00959025330841541,100,900,0.0625,-332,1664
116,200,"random",0.5,0.25,1,0,"core",516,516,5.92515800404362,3.24977257556748,0.0277633745362982,100,900,0.0625,-332,1664
117,200,"random",0.5,0.25,1,0,"core",517,517,6.75801377091557,3.04325662006158,0.0298887507850304,100,900,0.0625,-332,1664
118,200,"random",0.5,0.25,1,0,"core",518,518,12.3885384988971,3.13777141959872,-0.00673650404904038,100,900,0.0625,-332,1664
119,200,"random",0.5,0.25,1,0,"core",519,519,5.76847450924106,3.38539354444947,0.00988500956911594,100,900,0.0625,-332,1664
120,200,"random",0.5,0.25,1,0,"core",520,520,9.60705886106007,1.96572690154426,0.0241933449637145,100,900,0.0625,-332,1664
121,200,"random",0.5,0.25,1,0,"core",521,521,9.82148315967061,1.69305211887695,0.0290849110297859,100,900,0.0625,-332,1664
122,200,"random",0.5,0.25,1,0,"core",522,522,14.9338906949852,3.5294649801217,0.02180612095166,100,900,0.0625,-332,1664
123,200,"random",0.5,0.25,1,0,"core",523,523,11.4913270026445,2.94122661463916,-0.025180970155634,100,900,0.0625,-332,1664
124,200,"random",0.5,0.25,1,0,"core",524,524,12.2057821811177,0.908629468292929,0.0277442130446434,100,900,0.0625,-332,1664
125,200,"random",0.5,0.25,1,0,"core",525,525,5.3424027482979,2.1950589872431,-0.00478466654196381,100,900,0.0625,-332,1664
126,200,"random",0.5,0.25,1,0,"core",526,526,11.6416812501848,3.76752934302203,0.0256249851733446,100,900,0.0625,-332,1664
127,200,"random",0.5,0.25,1,0,"core",527,527,7.7851190478541,2.5585324880667,-0.00719207630027086,100,900,0.0625,-332,1664
128,200,"random",0.5,0.25,1,0,"core",528,528,5.43531739478931,1.45500005863141,0.00266921302769333,100,900,0.0625,-332,1664
129,200,"random",0.5,0.25,1,0,"core",529,529,7.86041237949394,2.67562003107741,0.0207684239884838,100,900,0.0625,-332,1664
130,200,"random",0.5,0.25,1,0,"core",530,530,7.66008584527299,2.64533707033843,0.00692071566358209,100,900,0.0625,-332,1664
131,200,"random",0.5,0.25,1,0,"core",531,531,4.17550115962513,2.89988595328759,-0.00987891308963299,100,900,0.0625,-332,1664
132,200,"random",0.5,0.25,1,0,"core",532,532,5.13018922321498,0.598784832865931,-0.0208027068944648,100,900,0.0625,-332,1664
133,200,"random",0.5,0.25,1,0,"core",533,533,8.59875677293167,2.53990235470701,0.0250434690434486,100,900,0.0625,-332,1664
134,200,"random",0.5,0.25,1,0,"core",534,534,2.91891707899049,2.83307156746741,-0.00410247513558716,100,900,0.0625,-332,1664
135,200,"random",0.5,0.25,1,0,"core",535,535,14.4104198254645,1.72865796252154,-0.0133112363750115,100,900,0.0625,-332,1664
136,200,"random",0.5,0.25,1,0,"core",536,536,4.17824146850035,2.97309664229397,0.00565336697269231,100,900,0.0625,-332,1664
137,200,"random",0.5,0.25,1,0,"core",537,537,12.5578173038084,2.71093490882777,-0.00148268854245543,100,900,0.0625,-332,1664
138,200,"random",0.5,0.25,1,0,"core",538,538,7.0126714205835,2.61087638244499,0.0153696336317807,100,900,0.0625,-332,1664
139,200,"random",0.5,0.25,1,0,"core",539,539,5.02531375316903,2.51243113446981,0.0206808716291562,100,900,0.0625,-332,1664
140,200,"random",0.5,0.25,1,0,"core",540,540,3.99959110561758,2.39165979751851,-0.00957298781722784,100,900,0.0625,-332,1664
141,200,"random",0.5,0.25,1,0,"core",541,541,10.287989096716,2.8007531859912,0.0263328001555055,100,900,0.0625,-332,1664
142,200,"random",0.5,0.25,1,0,"core",542,542,12.0064282873645,1.02577977871988,0.0189833617256954,100,900,0.0625,-332,1664
143,200,"random",0.5,0.25,1,0,"core",543,543,7.23023894638754,1.83706608810462,-0.00227747028227895,100,900,0.0625,-332,1664
144,200,"random",0.5,0.25,1,0,"core",544,544,12.8289553741924,2.18353980628308,-2.49436777085069e-05,100,900,0.0625,-332,1664
145,200,"random",0.5,0.25,1,0,"core",545,545,7.65534112090245,2.65607890149113,-0.026698188087903,100,900,0.0625,-332,1664
146,200,"random",0.5,0.25,1,0,"core",546,546,5.19067371985875,2.12949223665055,0.0178206813661382,100,900,0.0625,-332,1664
147,200,"random",0.5,0.25,1,0,"core",547,547,12.5104238644708,1.8214163541561,-0.0179678267799318,100,900,0.0625,-332,1664
148,200,"random",0.5,0.25,1,0,"core",548,548,5.78564519132487,1.71270968974568,-0.00591261033900082,100,900,0.0625,-332,1664
149,200,"random",0.5,0.25,1,0,"core",549,549,11.4603874934837,2.55068896012381,0.00939969317056238,100,900,0.0625,-332,1664
150,200,"random",0.5,0.25,1,0,"core",550,550,2.60268346616067,0.588533043744974,0.0257672105357051,100,900,0.0625,-332,1664
151,200,"random",0.5,0.25,1,0,"core",551,551,12.7002901770175,1.18680092995055,-0.0117975253611803,100,900,0.0625,-332,1664
152,200,"random",0.5,0.25,1,0,"core",552,552,3.42343803867698,1.41260740661528,-0.0142507518595085,100,900,0.0625,-332,1664
153,200,"random",0.5,0.25,1,0,"core",553,553,10.7950166903902,3.89836799609475,0.0279976304713637,100,900,0.0625,-332,1664
154,200,"random",0.5,0.25,1,0,"core",554,554,2.4828038206324,3.51247367495671,0.00296592361293733,100,900,0.0625,-332,1664
155,200,"random",0.5,0.25,1,0,"core",555,555,4.74992670561187,2.46077642997261,0.0279243791755289,100,900,0.0625,-332,1664
156,200,"random",0.5,0.25,1,0,"core",556,556,6.74695973680355,2.64635528391227,-0.00649284746032208,100,900,0.0625,-332,1664
157,200,"random",0.5,0.25,1,0,"core",557,557,6.02416428504512,2.10259146534372,-0.0224475832376629,100,900,0.0625,-332,1664
158,200,"random",0.5,0.25,1,0,"core",558,558,13.777394651901,1.99164038337767,0.0003498508175835,100,900,0.0625,-332,1664
159,200,"random",0.5,0.25,1,0,"core",559,559,3.46342379460111,0.870159693411551,-0.0276470265258104,100,900,0.0625,-332,1664
160,200,"random",0.5,0.25,1,0,"core",560,560,6.12413469818421,1.51183770119678,0.0185263933707029,100,900,0.0625,-332,1664
161,200,"random",0.5,0.25,1,0,"core",561,561,11.5195943028666,2.13104701205157,-0.016846624687314,100,900,0.0625,-332,1664
162,200,"random",0.5,0.25,1,0,"core",562,562,12.5569423199631,2.90931707131676,0.0261921418877318,100,900,0.0625,-332,1664
163,200,"random",0.5,0.25,1,0,"core",563,563,13.8694127183408,2.54839434428141,-0.00834749756846577,100,900,0.0625,-332,1664
164,200,"random",0.5,0.25,1,0,"core",564,564,7.12198276352137,3.59423301729839,0.0297874243184924,100,900,0.0625,-332,1664
165,200,"random",0.5,0.25,1,0,"core",565,565,2.68252439587377,2.63377966207918,-0.0271114119747654,100,900,0.0625,-332,1664
166,200,"random",0.5,0.25,1,0,"core",566,566,7.0349232708104,2.13694947899785,-0.00288294380530715,100,900,0.0625,-332,1664
167,200,"random",0.5,0.25,1,0,"core",567,567,8.91218054830097,2.13143511814997,-0.0271726034302264,100,900,0.0625,-332,1664
168,200,"random",0.5,0.25,1,0,"core",568,568,9.76996883423999,0.589336154400371,-0.000266343927942215,100,900,0.0625,-332,1664
169,200,"random",0.5,0.25,1,0,"core",569,569,11.0464663302992,2.072613765602,0.00349216510076076,100,900,0.0625,-332,1664
170,200,"random",0.5,0.25,1,0,"core",570,570,2.45060527231544,1.07424740865827,-0.00389537856448442,100,900,0.0625,-332,1664
171,200,"random",0.5,0.25,1,0,"core",571,571,7.37270911363885,2.80915145145264,-0.0216015057871118,100,900,0.0625,-332,1664
172,200,"random",0.5,0.25,1,0,"core",572,572,11.5557133359835,2.99540044274181,-0.00476402342319488,100,900,0.0625,-332,1664
173,200,"random",0.5,0.25,1,0,"core",573,573,4.65745264594443,3.32773268013261,0.00215111317578703,100,900,0.0625,-332,1664
174,200,"random",0.5,0.25,1,0,"core",574,574,2.77846370683983,0.806062073097564,-0.00314778647851199,100,900,0.0625,-332,1664
175,200,"random",0.5,0.25,1,0,"core",575,575,4.02009632065892,1.41212001547683,-0.013414224665612,100,900,0.0625,-332,1664
176,200,"random",0.5,0.25,1,0,"core",576,576,3.14677691482939,0.972560235532001,0.00964971482288093,100,900,0.0625,-332,1664
177,200,"random",0.5,0.25,1,0,"core",577,577,13.7011738759466,1.96502812346444,0.00982294527813792,100,900,0.0625,-332,1664
178,200,"random",0.5,0.25,1,0,"core",578,578,8.42776840203442,3.36591540882364,0.026963882795535,100,900,0.0625,-332,1664
179,200,"random",0.5,0.25,1,0,"core",579,579,7.40796300908551,1.06105080794077,0.0135196951171383,100,900,0.0625,-332,1664
180,200,"random",0.5,0.25,1,0,"core",580,580,10.0696341644507,1.2601042103488,-0.00609583157580346,100,900,0.0625,-332,1664
181,200,"random",0.5,0.25,1,0,"core",581,581,13.4655710540246,1.60668326751329,0.016069397740066,100,900,0.0625,-332,1664
182,200,"random",0.5,0.25,1,0,"core",582,582,10.5965384342708,1.5414298340911,-0.0268879980733618,100,900,0.0625,-332,1664
183,200,"random",0.5,0.25,1,0,"core",583,583,5.34942855872214,0.925770200556144,-0.0189239701582119,100,900,0.0625,-332,1664
184,200,"random",0.5,0.25,1,0,"core",584,584,4.13872366165742,1.15564743801951,-0.017773485481739,100,900,0.0625,-332,1664
185,200,"random",0.5,0.25,1,0,"core",585,585,13.71321909572,1.38791015755851,0.0278584812674671,100,900,0.0625,-332,1664
186,200,"random",0.5,0.25,1,0,"core",586,586,2.60991123365238,1.14705092192162,0.00253336376510561,100,900,0.0625,-332,1664
187,200,"random",0.5,0.25,1,0,"core",587,587,11.1654359174427,3.49236270762049,-0.0270975857181475,100,900,0.0625,-332,1664
188,200,"random",0.5,0.25,1,0,"core",588,588,11.7968799036462,0.905841003987007,0.00102348242886365,100,900,0.0625,-332,1664
189,200,"random",0.5,0.25,1,0,"core",589,589,8.63244532630779,3.34621086099651,0.00348827121779323,100,900,0.0625,-332,1664
190,200,"random",0.5,0.25,1,0,"core",590,590,8.70655502844602,1.67923455801792,-0.0228321837075055,100,900,0.0625,-332,1664
191,200,"random",0.5,0.25,1,0,"core",591,591,13.4111057727132,1.579934565234,-0.0184660399518907,100,900,0.0625,-332,1664
192,200,"random",0.5,0.25,1,0,"core",592,592,5.66911228885874,1.25604208430741,-0.0238865994242951,100,900,0.0625,-332,1664
193,200,"random",0.5,0.25,1,0,"core",593,593,6.63549007475376,2.55987364938483,-0.0123020912474021,100,900,0.0625,-332,1664
194,200,"random",0.5,0.25,1,0,"core",594,594,7.08618155634031,3.66061429702677,0.0212229898944497,100,900,0.0625,-332,1664
195,200,"random",0.5,0.25,1,0,"core",595,595,6.65613745851442,2.56148117291741,-0.0132151066325605,100,900,0.0625,-332,1664
196,200,"random",0.5,0.25,1,0,"core",596,596,2.85157712316141,0.803724746336229,0.0199356911145151,100,900,0.0625,-332,1664
197,200,"random",0.5,0.25,1,0,"core",597,597,8.46497560548596,3.93852646986488,0.0236898645758629,100,900,0.0625,-332,1664
198,200,"random",0.5,0.25,1,0,"core",598,598,14.7301522870548,2.44320180034265,0.0103914234414697,100,900,0.0625,-332,1664
199,200,"random",0.5,0.25,1,0,"core",599,599,7.97979984944686,0.868086557136849,-0.0187082127481699,100,900,0.0625,-332,1664
200,200,"random",0.5,0.25,1,0,"core",600,600,14.1946031784173,0.894397954922169,0.0215765633387491,100,900,0.0625,-332,1664
1,500,"random",0.5,0.25,1,0,"core",601,601,7.73219088069163,1.84115183667745,0.0142273149546236,100,900,0.0625,-332,1664
2,500,"random",0.5,0.25,1,0,"core",602,602,10.0103974926751,1.62350278452504,-0.0202359727257863,100,900,0.0625,-332,1664
3,500,"random",0.5,0.25,1,0,"core",603,603,7.55642809253186,2.58823453239165,0.0101131758699194,100,900,0.0625,-332,1664
4,500,"random",0.5,0.25,1,0,"core",604,604,11.0942469879519,3.14307612192351,0.0147772906394675,100,900,0.0625,-332,1664
5,500,"random",0.5,0.25,1,0,"core",605,605,4.54027048917487,1.26073874847498,0.0280641870293766,100,900,0.0625,-332,1664
6,500,"random",0.5,0.25,1,0,"core",606,606,4.25690378411673,1.91377135529183,0.0124887938657776,100,900,0.0625,-332,1664
7,500,"random",0.5,0.25,1,0,"core",607,607,12.8031137350481,2.20165512931999,0.018488200949505,100,900,0.0625,-332,1664
8,500,"random",0.5,0.25,1,0,"core",608,608,10.0928215708118,0.746092821005732,-0.0214829715108499,100,900,0.0625,-332,1664
9,500,"random",0.5,0.25,1,0,"core",609,609,4.60926984483376,1.0808584431652,-0.029087929436937,100,900,0.0625,-332,1664
10,500,"random",0.5,0.25,1,0,"core",610,610,13.2022055415437,1.39560481416993,-0.0109595731180161,100,900,0.0625,-332,1664
11,500,"random",0.5,0.25,1,0,"core",611,611,4.90822621411644,1.99650821229443,0.0175363994110376,100,900,0.0625,-332,1664
12,500,"random",0.5,0.25,1,0,"core",612,612,8.77824675454758,2.11544454598334,0.00830836373381317,100,900,0.0625,-332,1664
13,500,"random",0.5,0.25,1,0,"core",613,613,4.5103513863869,3.43226102576591,0.0229955912567675,100,900,0.0625,-332,1664
14,500,"random",0.5,0.25,1,0,"core",614,614,10.3503213054501,3.80546806077473,0.0239125022711232,100,900,0.0625,-332,1664
15,500,"random",0.5,0.25,1,0,"core",615,615,14.3687809503172,2.24290836416185,-0.0183890162967145,100,900,0.0625,-332,1664
16,500,"random",0.5,0.25,1,0,"core",616,616,9.92541654477827,2.98032379313372,0.0129487620480359,100,900,0.0625,-332,1664
17,500,"random",0.5,0.25,1,0,"core",617,617,11.2458153176121,2.35044371185359,0.0167088218405843,100,900,0.0625,-332,1664
18,500,"random",0.5,0.25,1,0,"core",618,618,9.79172177123837,1.77712160430383,-0.00153064446989447,100,900,0.0625,-332,1664
19,500,"random",0.5,0.25,1,0,"core",619,619,11.4407116211951,2.12674201023765,-0.0279607956949621,100,900,0.0625,-332,1664
20,500,"random",0.5,0.25,1,0,"core",620,620,2.11906244023703,3.7899096836336,0.0170858034677804,100,900,0.0625,-332,1664
21,500,"random",0.5,0.25,1,0,"core",621,621,2.31760820909403,1.09658812114503,-0.00926203108392656,100,900,0.0625,-332,1664
22,500,"random",0.5,0.25,1,0,"core",622,622,8.63560123578645,3.0609798040241,-0.00573402222711593,100,900,0.0625,-332,1664
23,500,"random",0.5,0.25,1,0,"core",623,623,6.575125339441,0.537199453450739,0.00181155755650252,100,900,0.0625,-332,1664
24,500,"random",0.5,0.25,1,0,"core",624,624,10.8039975038264,3.54922030074522,-0.0254230112861842,100,900,0.0625,-332,1664
25,500,"random",0.5,0.25,1,0,"core",625,625,13.3947830027901,2.71402032941114,0.00985804567113518,100,900,0.0625,-332,1664
26,500,"random",0.5,0.25,1,0,"core",626,626,6.56309129460715,3.63917084876448,-0.0207544831931591,100,900,0.0625,-332,1664
27,500,"random",0.5,0.25,1,0,"core",627,627,13.9298409952316,1.09506558347493,0.0107820107694715,100,900,0.0625,-332,1664
28,500,"random",0.5,0.25,1,0,"core",628,628,13.6576285567135,2.82357457396574,-0.0092127247620374,100,900,0.0625,-332,1664
29,500,"random",0.5,0.25,1,0,"core",629,629,2.28776654996909,0.513815636863001,0.0194067832594737,100,900,0.0625,-332,1664
30,500,"random",0.5,0.25,1,0,"core",630,630,14.3970991401002,0.982478179968894,-0.0175179444719106,100,900,0.0625,-332,1664
31,500,"random",0.5,0.25,1,0,"core",631,631,2.12658859556541,1.9863221894484,-0.0142736699385568,100,900,0.0625,-332,1664
32,500,"random",0.5,0.25,1,0,"core",632,632,7.92068410431966,1.96108905575238,-0.00593707269988954,100,900,0.0625,-332,1664
33,500,"random",0.5,0.25,1,0,"core",633,633,3.11259333766066,0.993761169025674,-0.023692385237664,100,900,0.0625,-332,1664
34,500,"random",0.5,0.25,1,0,"core",634,634,13.4132409670856,3.39581526210532,0.0208713622950017,100,900,0.0625,-332,1664
35,500,"random",0.5,0.25,1,0,"core",635,635,3.10319974157028,2.27138871257193,0.01682758864481,100,900,0.0625,-332,1664
36,500,"random",0.5,0.25,1,0,"core",636,636,11.8179307233077,1.03430101042613,0.00838920872658491,100,900,0.0625,-332,1664
37,500,"random",0.5,0.25,1,0,"core",637,637,12.0042403873522,1.77867142099421,-0.000968133900314569,100,900,0.0625,-332,1664
38,500,"random",0.5,0.25,1,0,"core",638,638,10.2644185340032,0.863451626268215,0.0251890313532203,100,900,0.0625,-332,1664
39,500,"random",0.5,0.25,1,0,"core",639,639,10.7794306674041,2.39329815877136,-0.0184868975216523,100,900,0.0625,-332,1664
40,500,"random",0.5,0.25,1,0,"core",640,640,8.93539331317879,2.70746056397911,-0.0165610793558881,100,900,0.0625,-332,1664
41,500,"random",0.5,0.25,1,0,"core",641,641,14.5084655489773,3.43754208111204,0.021401962232776,100,900,0.0625,-332,1664
42,500,"random",0.5,0.25,1,0,"core",642,642,10.6151655693538,2.49161154578906,0.0215163074154407,100,900,0.0625,-332,1664
43,500,"random",0.5,0.25,1,0,"core",643,643,9.50487252580933,1.05146174458787,-0.00511221891269088,100,900,0.0625,-332,1664
44,500,"random",0.5,0.25,1,0,"core",644,644,8.54274629894644,1.32373200159054,0.022773203663528,100,900,0.0625,-332,1664
45,500,"random",0.5,0.25,1,0,"core",645,645,6.74750648555346,3.13897319836542,0.0130872212117538,100,900,0.0625,-332,1664
46,500,"random",0.5,0.25,1,0,"core",646,646,14.0698266332038,2.37500271189492,0.0243605145486072,100,900,0.0625,-332,1664
47,500,"random",0.5,0.25,1,0,"core",647,647,14.3057039070409,2.06479456590023,-0.00579065243247896,100,900,0.0625,-332,1664
48,500,"random",0.5,0.25,1,0,"core",648,648,8.55289846216328,3.54979945532978,-0.0275641372846439,100,900,0.0625,-332,1664
49,500,"random",0.5,0.25,1,0,"core",649,649,12.1535160746425,1.42393413826358,0.0186046488024294,100,900,0.0625,-332,1664
50,500,"random",0.5,0.25,1,0,"core",650,650,6.49760603369214,2.41081439785194,0.0160578943742439,100,900,0.0625,-332,1664
51,500,"random",0.5,0.25,1,0,"core",651,651,11.8718166965991,1.39207224256825,0.0217443244764581,100,900,0.0625,-332,1664
52,500,"random",0.5,0.25,1,0,"core",652,652,10.8455433927011,1.47243142919615,0.0240033873310313,100,900,0.0625,-332,1664
53,500,"random",0.5,0.25,1,0,"core",653,653,13.1562700080685,1.5522333716508,-0.0144608410913497,100,900,0.0625,-332,1664
54,500,"random",0.5,0.25,1,0,"core",654,654,2.07306306553073,2.38799617742188,0.0149184127477929,100,900,0.0625,-332,1664
55,500,"random",0.5,0.25,1,0,"core",655,655,7.39789307792671,1.42877869016957,-0.00210411981213838,100,900,0.0625,-332,1664
56,500,"random",0.5,0.25,1,0,"core",656,656,2.4444605386816,2.23955782246776,-0.0174949175538495,100,900,0.0625,-332,1664
57,500,"random",0.5,0.25,1,0,"core",657,657,10.3451320836321,0.8302632921841,0.0182119629951194,100,900,0.0625,-332,1664
58,500,"random",0.5,0.25,1,0,"core",658,658,8.9913417045027,2.39005082834046,0.0178058719681576,100,900,0.0625,-332,1664
59,500,"random",0.5,0.25,1,0,"core",659,659,13.1893713292666,1.47534519690089,0.0155167330708355,100,900,0.0625,-332,1664
60,500,"random",0.5,0.25,1,0,"core",660,660,14.7162653210107,2.26869026373606,0.0101698801014572,100,900,0.0625,-332,1664
61,500,"random",0.5,0.25,1,0,"core",661,661,2.33088533277623,2.88409750664141,0.00355072659440338,100,900,0.0625,-332,1664
62,500,"random",0.5,0.25,1,0,"core",662,662,6.57688583433628,2.69870289834216,0.00672171845566481,100,900,0.0625,-332,1664
63,500,"random",0.5,0.25,1,0,"core",663,663,8.58043645229191,1.78168670495506,-0.00699965701438486,100,900,0.0625,-332,1664
64,500,"random",0.5,0.25,1,0,"core",664,664,4.32481025671586,3.29202568205073,-0.00963909288402647,100,900,0.0625,-332,1664
65,500,"random",0.5,0.25,1,0,"core",665,665,4.49446970270947,1.28027318033855,0.0166186413215473,100,900,0.0625,-332,1664
66,500,"random",0.5,0.25,1,0,"core",666,666,7.32177236489952,1.43117374822032,0.0140078495582566,100,900,0.0625,-332,1664
67,500,"random",0.5,0.25,1,0,"core",667,667,4.38955134898424,2.85894148680381,-0.0213431218033656,100,900,0.0625,-332,1664
68,500,"random",0.5,0.25,1,0,"core",668,668,13.8972699902952,1.25647059024777,0.0255365925841033,100,900,0.0625,-332,1664
69,500,"random",0.5,0.25,1,0,"core",669,669,4.84493827261031,1.1377677739365,-0.0223605096666142,100,900,0.0625,-332,1664
70,500,"random",0.5,0.25,1,0,"core",670,670,12.085910647409,3.44814656046219,0.0296304103452712,100,900,0.0625,-332,1664
71,500,"random",0.5,0.25,1,0,"core",671,671,10.3344464078546,1.33473816013429,-0.026173170930706,100,900,0.0625,-332,1664
72,500,"random",0.5,0.25,1,0,"core",672,672,12.7695842308458,3.18307006347459,-0.0248863957123831,100,900,0.0625,-332,1664
73,500,"random",0.5,0.25,1,0,"core",673,673,8.41002667509019,2.59157719637733,0.0172822676645592,100,900,0.0625,-332,1664
74,500,"random",0.5,0.25,1,0,"core",674,674,8.26024559116922,2.44861425051931,-0.0151722996169701,100,900,0.0625,-332,1664
75,500,"random",0.5,0.25,1,0,"core",675,675,3.71264317142777,1.55691709183156,0.0281153743341565,100,900,0.0625,-332,1664
76,500,"random",0.5,0.25,1,0,"core",676,676,12.0669128838927,1.79700719029643,0.0192917397525161,100,900,0.0625,-332,1664
77,500,"random",0.5,0.25,1,0,"core",677,677,11.376828490058,2.36838089942466,0.00962536011356861,100,900,0.0625,-332,1664
78,500,"random",0.5,0.25,1,0,"core",678,678,13.750390549656,2.61801815545186,-0.0105155264446512,100,900,0.0625,-332,1664
79,500,"random",0.5,0.25,1,0,"core",679,679,10.9256120133214,0.9476369417971,0.0245866327453405,100,900,0.0625,-332,1664
80,500,"random",0.5,0.25,1,0,"core",680,680,14.912662014598,0.969948597950861,0.0143259240640327,100,900,0.0625,-332,1664
81,500,"random",0.5,0.25,1,0,"core",681,681,10.8687614484224,1.41834534867667,0.0199297782126814,100,900,0.0625,-332,1664
82,500,"random",0.5,0.25,1,0,"core",682,682,3.99379947222769,2.52278315310832,-0.00261394359637052,100,900,0.0625,-332,1664
83,500,"random",0.5,0.25,1,0,"core",683,683,10.3344304475468,3.42942278611008,-0.0169778684852645,100,900,0.0625,-332,1664
84,500,"random",0.5,0.25,1,0,"core",684,684,7.0572494592052,0.874507065513171,-0.0170841860258952,100,900,0.0625,-332,1664
85,500,"random",0.5,0.25,1,0,"core",685,685,13.5482626012526,2.05910303280689,0.00354923256207258,100,900,0.0625,-332,1664
86,500,"random",0.5,0.25,1,0,"core",686,686,7.8682765585836,2.98228762019426,0.017411695048213,100,900,0.0625,-332,1664
87,500,"random",0.5,0.25,1,0,"core",687,687,5.25567380618304,3.28369331080467,-0.0230078099481761,100,900,0.0625,-332,1664
88,500,"random",0.5,0.25,1,0,"core",688,688,6.01565659651533,3.12736668461002,-0.0190599655313417,100,900,0.0625,-332,1664
89,500,"random",0.5,0.25,1,0,"core",689,689,5.57028162269853,1.02360397391021,0.019856306235306,100,900,0.0625,-332,1664
90,500,"random",0.5,0.25,1,0,"core",690,690,3.72287316876464,1.82306525623426,-0.0108833004673943,100,900,0.0625,-332,1664
91,500,"random",0.5,0.25,1,0,"core",691,691,11.9982486190274,1.08413076924626,0.01828311806079,100,900,0.0625,-332,1664
92,500,"random",0.5,0.25,1,0,"core",692,692,6.97288995538838,2.65913593070582,-0.00218157512135804,100,900,0.0625,-332,1664
93,500,"random",0.5,0.25,1,0,"core",693,693,11.4422415981535,2.14515398559161,0.00805498065892607,100,900,0.0625,-332,1664
94,500,"random",0.5,0.25,1,0,"core",694,694,6.01883256458677,1.62712597788777,0.014081139145419,100,900,0.0625,-332,1664
95,500,"random",0.5,0.25,1,0,"core",695,695,13.2614007885568,3.33062558132224,-0.00315308477729559,100,900,0.0625,-332,1664
96,500,"random",0.5,0.25,1,0,"core",696,696,11.2322329927702,1.76708665629849,0.0114826498366892,100,900,0.0625,-332,1664
97,500,"random",0.5,0.25,1,0,"core",697,697,8.44092686008662,1.17386118962895,0.0100552605371922,100,900,0.0625,-332,1664
98,500,"random",0.5,0.25,1,0,"core",698,698,4.04601749801077,2.75944513559807,0.0288583581335843,100,900,0.0625,-332,1664
99,500,"random",0.5,0.25,1,0,"core",699,699,11.4564918919932,1.50646038737614,-0.0258247226290405,100,900,0.0625,-332,1664
100,500,"random",0.5,0.25,1,0,"core",700,700,6.27382963034324,3.76876913884189,0.00193638306576759,100,900,0.0625,-332,1664
101,500,"random",0.5,0.25,1,0,"core",701,701,13.3021138568874,3.27768015337642,0.00709684286266565,100,900,0.0625,-332,1664
102,500,"random",0.5,0.25,1,0,"core",702,702,8.34129274846055,3.16433048562612,0.0172379548894241,100,900,0.0625,-332,1664
103,500,"random",0.5,0.25,1,0,"core",703,703,5.12380217318423,2.91346765961498,0.0291535081341863,100,900,0.0625,-332,1664
104,500,"random",0.5,0.25,1,0,"core",704,704,4.68511994997971,1.35345946124289,-0.00392694936599582,100,900,0.0625,-332,1664
105,500,"random",0.5,0.25,1,0,"core",705,705,14.4930678200908,1.9659550152719,-0.0168779134517536,100,900,0.0625,-332,1664
106,500,"random",0.5,0.25,1,0,"core",706,706,8.30778870265931,2.07045069371816,-0.0119871402019635,100,900,0.0625,-332,1664
107,500,"random",0.5,0.25,1,0,"core",707,707,5.0249539243523,2.08610274526291,-0.0267489074589685,100,900,0.0625,-332,1664
108,500,"random",0.5,0.25,1,0,"core",708,708,10.7077875910327,1.49600425781682,-0.0194568609120324,100,900,0.0625,-332,1664
109,500,"random",0.5,0.25,1,0,"core",709,709,2.66446743695997,3.18694966088515,-0.0159299301216379,100,900,0.0625,-332,1664
110,500,"random",0.5,0.25,1,0,"core",710,710,7.73585357307456,3.20133462210651,0.0207666030200198,100,900,0.0625,-332,1664
111,500,"random",0.5,0.25,1,0,"core",711,711,7.85858131782152,3.88101524207741,0.0213487895624712,100,900,0.0625,-332,1664
112,500,"random",0.5,0.25,1,0,"core",712,712,11.3542152824812,2.52678776299581,0.0247764847800136,100,900,0.0625,-332,1664
113,500,"random",0.5,0.25,1,0,"core",713,713,9.5514107523486,2.37839318730403,0.00397188923321664,100,900,0.0625,-332,1664
114,500,"random",0.5,0.25,1,0,"core",714,714,3.5753152531106,2.83750112378038,0.00649220757186413,100,900,0.0625,-332,1664
115,500,"random",0.5,0.25,1,0,"core",715,715,5.21396199730225,2.94243441557046,-0.018844573488459,100,900,0.0625,-332,1664
116,500,"random",0.5,0.25,1,0,"core",716,716,13.9101227992214,0.799576829303987,0.0141585114039481,100,900,0.0625,-332,1664
117,500,"random",0.5,0.25,1,0,"core",717,717,4.01146991201676,2.44797385565471,-0.0217693966627121,100,900,0.0625,-332,1664
118,500,"random",0.5,0.25,1,0,"core",718,718,6.44741615955718,2.54206272843294,-0.0201707881037146,100,900,0.0625,-332,1664
119,500,"random",0.5,0.25,1,0,"core",719,719,5.26263585104607,2.91674107930157,-0.0135098212631419,100,900,0.0625,-332,1664
120,500,"random",0.5,0.25,1,0,"core",720,720,10.9160435530357,2.41644566936884,-0.0185318091139197,100,900,0.0625,-332,1664
121,500,"random",0.5,0.25,1,0,"core",721,721,13.2975149333943,3.01712783239782,0.0242977729579434,100,900,0.0625,-332,1664
122,500,"random",0.5,0.25,1,0,"core",722,722,8.09593507903628,2.67988904169761,0.00555859343614429,100,900,0.0625,-332,1664
123,500,"random",0.5,0.25,1,0,"core",723,723,2.23185820621438,2.40736716496758,0.013086993182078,100,900,0.0625,-332,1664
124,500,"random",0.5,0.25,1,0,"core",724,724,9.38227200345136,3.57013653905597,0.00202113906852901,100,900,0.0625,-332,1664
125,500,"random",0.5,0.25,1,0,"core",725,725,2.23750701406971,2.76926825742703,-0.0175737832440063,100,900,0.0625,-332,1664
126,500,"random",0.5,0.25,1,0,"core",726,726,12.9763274111319,2.08703544817399,0.0179080914566293,100,900,0.0625,-332,1664
127,500,"random",0.5,0.25,1,0,"core",727,727,3.27834851038642,2.9465442658402,0.0196170940669253,100,900,0.0625,-332,1664
128,500,"random",0.5,0.25,1,0,"core",728,728,4.76108689256944,3.54234269377775,0.00377853765618056,100,900,0.0625,-332,1664
129,500,"random",0.5,0.25,1,0,"core",729,729,13.1557950580027,3.69031333271414,-0.0166975117055699,100,900,0.0625,-332,1664
130,500,"random",0.5,0.25,1,0,"core",730,730,6.2375296219252,2.25103407166898,-0.0161514878785238,100,900,0.0625,-332,1664
131,500,"random",0.5,0.25,1,0,"core",731,731,12.5894327787682,3.55815575143788,-0.00742344588506967,100,900,0.0625,-332,1664
132,500,"random",0.5,0.25,1,0,"core",732,732,5.99859173735604,0.965216861804947,-0.0114382763206959,100,900,0.0625,-332,1664
133,500,"random",0.5,0.25,1,0,"core",733,733,4.59632180980407,0.666203324100934,0.0173278002301231,100,900,0.0625,-332,1664
134,500,"random",0.5,0.25,1,0,"core",734,734,3.61261838790961,1.44389282062184,-0.0150892190728337,100,900,0.0625,-332,1664
135,500,"random",0.5,0.25,1,0,"core",735,735,8.74002453242429,1.46594251831993,0.0190702540520579,100,900,0.0625,-332,1664
136,500,"random",0.5,0.25,1,0,"core",736,736,11.841050274903,3.26916873641312,-0.0135266904300079,100,900,0.0625,-332,1664
137,500,"random",0.5,0.25,1,0,"core",737,737,11.5352229855489,3.98010088002775,-0.0292116537177935,100,900,0.0625,-332,1664
138,500,"random",0.5,0.25,1,0,"core",738,738,2.70702118612826,3.55646812089253,0.0123528990196064,100,900,0.0625,-332,1664
139,500,"random",0.5,0.25,1,0,"core",739,739,10.9205277396832,3.29206532076932,0.0260409708693624,100,900,0.0625,-332,1664
140,500,"random",0.5,0.25,1,0,"core",740,740,10.4800957667176,0.866689259302802,-0.0101912968000397,100,900,0.0625,-332,1664
141,500,"random",0.5,0.25,1,0,"core",741,741,11.1340311076492,0.611830395413563,0.0136449768254533,100,900,0.0625,-332,1664
142,500,"random",0.5,0.25,1,0,"core",742,742,4.08155379071832,1.22303985629696,0.0127218873566017,100,900,0.0625,-332,1664
143,500,"random",0.5,0.25,1,0,"core",743,743,9.51727092149667,2.6805510421982,-0.00412100263405591,100,900,0.0625,-332,1664
144,500,"random",0.5,0.25,1,0,"core",744,744,4.06642597354949,1.94674398342613,0.0237810969818383,100,900,0.0625,-332,1664
145,500,"random",0.5,0.25,1,0,"core",745,745,10.1640287821647,1.94754743471276,-0.0215785304736346,100,900,0.0625,-332,1664
146,500,"random",0.5,0.25,1,0,"core",746,746,8.70645479299128,3.80650156526826,0.000876917517744005,100,900,0.0625,-332,1664
147,500,"random",0.5,0.25,1,0,"core",747,747,2.97371153370477,3.7240310003981,-0.00810665213037282,100,900,0.0625,-332,1664
148,500,"random",0.5,0.25,1,0,"core",748,748,14.2988092084415,2.79250469640829,0.0104337616637349,100,900,0.0625,-332,1664
149,500,"random",0.5,0.25,1,0,"core",749,749,14.7760441347491,1.47557373926975,-0.00603642838541418,100,900,0.0625,-332,1664
150,500,"random",0.5,0.25,1,0,"core",750,750,13.2713903945405,0.816228547133505,-0.00229562045540661,100,900,0.0625,-332,1664
151,500,"random",0.5,0.25,1,0,"core",751,751,7.54765942436643,1.69903596735094,-0.0202284966409206,100,900,0.0625,-332,1664
152,500,"random",0.5,0.25,1,0,"core",752,752,4.07693657022901,2.0202704978874,0.00117334413807839,100,900,0.0625,-332,1664
153,500,"random",0.5,0.25,1,0,"core",753,753,10.9528036378324,3.79361270042136,0.00471964778378606,100,900,0.0625,-332,1664
154,500,"random",0.5,0.25,1,0,"core",754,754,9.39490422536619,1.38087909377646,-0.004620595802553,100,900,0.0625,-332,1664
155,500,"random",0.5,0.25,1,0,"core",755,755,3.12716741114855,1.39332317654043,0.0207523299520835,100,900,0.0625,-332,1664
156,500,"random",0.5,0.25,1,0,"core",756,756,8.74970063171349,3.39768835250288,0.00900544012896717,100,900,0.0625,-332,1664
157,500,"random",0.5,0.25,1,0,"core",757,757,6.64716863422655,1.53160256438423,0.0202602467872202,100,900,0.0625,-332,1664
158,500,"random",0.5,0.25,1,0,"core",758,758,2.95436002826318,3.45320158742834,-0.0293979757837951,100,900,0.0625,-332,1664
159,500,"random",0.5,0.25,1,0,"core",759,759,12.0777734359726,0.9738545184955,-0.0240820288192481,100,900,0.0625,-332,1664
160,500,"random",0.5,0.25,1,0,"core",760,760,5.16302960715257,1.42464155761991,0.0271803339896724,100,900,0.0625,-332,1664
161,500,"random",0.5,0.25,1,0,"core",761,761,9.25709092360921,1.12244989955798,-0.00798173282761127,100,900,0.0625,-332,1664
162,500,"random",0.5,0.25,1,0,"core",762,762,5.93987384065986,3.66128955199383,-0.00220769233535975,100,900,0.0625,-332,1664
163,500,"random",0.5,0.25,1,0,"core",763,763,9.84314621891826,0.828811788349412,-0.0236828328575939,100,900,0.0625,-332,1664
164,500,"random",0.5,0.25,1,0,"core",764,764,14.0145660787821,3.9936635484919,0.0283225287683308,100,900,0.0625,-332,1664
165,500,"random",0.5,0.25,1,0,"core",765,765,3.24474015808664,2.85323362378404,0.00872475451324135,100,900,0.0625,-332,1664
166,500,"random",0.5,0.25,1,0,"core",766,766,5.66677874233574,3.67085379490163,-0.00630665939301252,100,900,0.0625,-332,1664
167,500,"random",0.5,0.25,1,0,"core",767,767,10.9530779202469,1.60535342933144,0.00201391867361963,100,900,0.0625,-332,1664
168,500,"random",0.5,0.25,1,0,"core",768,768,13.1740602515638,0.528018705896102,-0.0271084514446557,100,900,0.0625,-332,1664
169,500,"random",0.5,0.25,1,0,"core",769,769,5.960308594862,3.47304049308877,0.0247043826850131,100,900,0.0625,-332,1664
170,500,"random",0.5,0.25,1,0,"core",770,770,4.4852689045947,2.83590362931136,-0.0122427067905664,100,900,0.0625,-332,1664
171,500,"random",0.5,0.25,1,0,"core",771,771,2.62919299560599,1.69254063745029,-0.01970449606888,100,900,0.0625,-332,1664
172,500,"random",0.5,0.25,1,0,"core",772,772,14.1144064727705,1.32717673433945,-0.00528968524653465,100,900,0.0625,-332,1664
173,500,"random",0.5,0.25,1,0,"core",773,773,11.5309863244183,2.30817795149051,-0.0261613900819793,100,900,0.0625,-332,1664
174,500,"random",0.5,0.25,1,0,"core",774,774,3.95611928007565,3.37838132376783,-0.0284189210319892,100,900,0.0625,-332,1664
175,500,"random",0.5,0.25,1,0,"core",775,775,8.58158165053464,1.31360331806354,-0.016183452391997,100,900,0.0625,-332,1664
176,500,"random",0.5,0.25,1,0,"core",776,776,5.24129740078934,3.43080154643394,-0.0049648700421676,100,900,0.0625,-332,1664
177,500,"random",0.5,0.25,1,0,"core",777,777,5.00961392256431,2.8682579115266,0.0179054584773257,100,900,0.0625,-332,1664
178,500,"random",0.5,0.25,1,0,"core",778,778,11.3535506248008,1.08819850266445,0.00291777276434004,100,900,0.0625,-332,1664
179,500,"random",0.5,0.25,1,0,"core",779,779,9.90949879982509,3.80086647183634,0.00962688260246068,100,900,0.0625,-332,1664
180,500,"random",0.5,0.25,1,0,"core",780,780,10.8769359227736,2.52857296890579,-0.00457556651439518,100,900,0.0625,-332,1664
181,500,"random",0.5,0.25,1,0,"core",781,781,2.40991725679487,2.62916206184309,0.0230933028040454,100,900,0.0625,-332,1664
182,500,"random",0.5,0.25,1,0,"core",782,782,13.1745060626417,1.19020188914146,0.0122885667812079,100,900,0.0625,-332,1664
183,500,"random",0.5,0.25,1,0,"core",783,783,14.755421722075,3.25418069656007,-0.00922732012812048,100,900,0.0625,-332,1664
184,500,"random",0.5,0.25,1,0,"core",784,784,2.37925264448859,3.59069565893151,0.00111313900910318,100,900,0.0625,-332,1664
185,500,"random",0.5,0.25,1,0,"core",785,785,2.11850549420342,2.18845960998442,-0.0185114524047822,100,900,0.0625,-332,1664
186,500,"random",0.5,0.25,1,0,"core",786,786,12.8255961001851,1.71499127603602,-0.0219628188712522,100,900,0.0625,-332,1664
187,500,"random",0.5,0.25,1,0,"core",787,787,10.1668244299944,2.25201845436823,0.0297784453863278,100,900,0.0625,-332,1664
188,500,"random",0.5,0.25,1,0,"core",788,788,6.05949152889661,2.65143403364345,0.0190986890997738,100,900,0.0625,-332,1664
189,500,"random",0.5,0.25,1,0,"core",789,789,7.33011240512133,1.23685089300852,-0.0121334165101871,100,900,0.0625,-332,1664
190,500,"random",0.5,0.25,1,0,"core",790,790,7.64055673335679,3.34948051907122,0.024119664975442,100,900,0.0625,-332,1664
191,500,"random",0.5,0.25,1,0,"core",791,791,3.5454629487358,1.09326541749761,-0.00958312311675399,100,900,0.0625,-332,1664
192,500,"random",0.5,0.25,1,0,"core",792,792,3.71610556542873,2.16360762878321,-0.00818477264139801,100,900,0.0625,-332,1664
193,500,"random",0.5,0.25,1,0,"core",793,793,10.1829704651609,0.695165210985579,0.0269760249042884,100,900,0.0625,-332,1664
194,500,"random",0.5,0.25,1,0,"core",794,794,3.52505666157231,3.49261876940727,-0.0283969051670283,100,900,0.0625,-332,1664
195,500,"random",0.5,0.25,1,0,"core",795,795,6.44636329077184,1.12442574405577,-0.0284763444168493,100,900,0.0625,-332,1664
196,500,"random",0.5,0.25,1,0,"core",796,796,11.3817012722138,1.7921329048695,0.0123373947758228,100,900,0.0625,-332,1664
197,500,"random",0.5,0.25,1,0,"core",797,797,14.1731776804663,3.06293096661102,-0.00623332715593278,100,900,0.0625,-332,1664
198,500,"random",0.5,0.25,1,0,"core",798,798,9.74034221097827,2.55086125188973,0.00368791437707841,100,900,0.0625,-332,1664
199,500,"random",0.5,0.25,1,0,"core",799,799,3.75465764501132,2.94700219156221,0.0117418480385095,100,900,0.0625,-332,1664
200,500,"random",0.5,0.25,1,0,"core",800,800,6.4505515715573,1.44139067968354,-0.000816919435746969,100,900,0.0625,-332,1664
1,50,"zero",0.5,0.25,1,0,"core",801,801,13.821824943414,2.52589842455927,0,100,900,0.0625,-332,1664
2,50,"zero",0.5,0.25,1,0,"core",802,802,6.25970688275993,1.54426960332785,0,100,900,0.0625,-332,1664
3,50,"zero",0.5,0.25,1,0,"core",803,803,11.2269987745676,2.47844933986198,0,100,900,0.0625,-332,1664
4,50,"zero",0.5,0.25,1,0,"core",804,804,12.3265274274163,1.84321508812718,0,100,900,0.0625,-332,1664
5,50,"zero",0.5,0.25,1,0,"core",805,805,3.88973047444597,2.36219358735252,0,100,900,0.0625,-332,1664
6,50,"zero",0.5,0.25,1,0,"core",806,806,13.9861618038267,2.11371580418199,0,100,900,0.0625,-332,1664
7,50,"zero",0.5,0.25,1,0,"core",807,807,7.51957726129331,1.2161105646519,0,100,900,0.0625,-332,1664
8,50,"zero",0.5,0.25,1,0,"core",808,808,13.7847849463578,3.23122623097152,0,100,900,0.0625,-332,1664
9,50,"zero",0.5,0.25,1,0,"core",809,809,4.36100668809377,1.43734502943698,0,100,900,0.0625,-332,1664
10,50,"zero",0.5,0.25,1,0,"core",810,810,12.5894846944138,3.64330279931892,0,100,900,0.0625,-332,1664
11,50,"zero",0.5,0.25,1,0,"core",811,811,2.29510973230936,3.04467063490301,0,100,900,0.0625,-332,1664
12,50,"zero",0.5,0.25,1,0,"core",812,812,12.8563390853815,0.973633594694547,0,100,900,0.0625,-332,1664
13,50,"zero",0.5,0.25,1,0,"core",813,813,14.6342719653621,1.81748298427556,0,100,900,0.0625,-332,1664
14,50,"zero",0.5,0.25,1,0,"core",814,814,11.2642232701182,3.94740531872958,0,100,900,0.0625,-332,1664
15,50,"zero",0.5,0.25,1,0,"core",815,815,14.2417583784554,2.56029416027013,0,100,900,0.0625,-332,1664
16,50,"zero",0.5,0.25,1,0,"core",816,816,12.2783958730288,2.67582350200973,0,100,900,0.0625,-332,1664
17,50,"zero",0.5,0.25,1,0,"core",817,817,9.22525708028115,1.57066537253559,0,100,900,0.0625,-332,1664
18,50,"zero",0.5,0.25,1,0,"core",818,818,3.03396521578543,0.798174526309595,0,100,900,0.0625,-332,1664
19,50,"zero",0.5,0.25,1,0,"core",819,819,3.0103916565422,0.749792428221554,0,100,900,0.0625,-332,1664
20,50,"zero",0.5,0.25,1,0,"core",820,820,10.1372896458488,1.20214540616143,0,100,900,0.0625,-332,1664
21,50,"zero",0.5,0.25,1,0,"core",821,821,11.0486201425083,3.4929920702707,0,100,900,0.0625,-332,1664
22,50,"zero",0.5,0.25,1,0,"core",822,822,5.07055143709294,1.51138923002873,0,100,900,0.0625,-332,1664
23,50,"zero",0.5,0.25,1,0,"core",823,823,4.10220792726614,2.1123645453481,0,100,900,0.0625,-332,1664
24,50,"zero",0.5,0.25,1,0,"core",824,824,6.15177655289881,1.78029907681048,0,100,900,0.0625,-332,1664
25,50,"zero",0.5,0.25,1,0,"core",825,825,11.4226736463606,1.88473906123545,0,100,900,0.0625,-332,1664
26,50,"zero",0.5,0.25,1,0,"core",826,826,14.67720920383,3.56298344617244,0,100,900,0.0625,-332,1664
27,50,"zero",0.5,0.25,1,0,"core",827,827,12.4944401292596,2.82087204081472,0,100,900,0.0625,-332,1664
28,50,"zero",0.5,0.25,1,0,"core",828,828,4.92594753741287,1.0457169507863,0,100,900,0.0625,-332,1664
29,50,"zero",0.5,0.25,1,0,"core",829,829,9.47570985928178,3.93902522651479,0,100,900,0.0625,-332,1664
30,50,"zero",0.5,0.25,1,0,"core",830,830,3.58268389082514,3.87531613768078,0,100,900,0.0625,-332,1664
31,50,"zero",0.5,0.25,1,0,"core",831,831,8.14084723987617,2.29732767655514,0,100,900,0.0625,-332,1664
32,50,"zero",0.5,0.25,1,0,"core",832,832,7.74978190939873,3.99920305167325,0,100,900,0.0625,-332,1664
33,50,"zero",0.5,0.25,1,0,"core",833,833,13.1682265819982,3.72753902454861,0,100,900,0.0625,-332,1664
34,50,"zero",0.5,0.25,1,0,"core",834,834,9.881812233245,2.30003798473626,0,100,900,0.0625,-332,1664
35,50,"zero",0.5,0.25,1,0,"core",835,835,13.1525810370222,3.31505482736975,0,100,900,0.0625,-332,1664
36,50,"zero",0.5,0.25,1,0,"core",836,836,14.0611743605696,1.09994252957404,0,100,900,0.0625,-332,1664
37,50,"zero",0.5,0.25,1,0,"core",837,837,10.6235978240147,1.57029286213219,0,100,900,0.0625,-332,1664
38,50,"zero",0.5,0.25,1,0,"core",838,838,12.4356350849848,0.750518105574884,0,100,900,0.0625,-332,1664
39,50,"zero",0.5,0.25,1,0,"core",839,839,7.85571987647563,3.08479538862593,0,100,900,0.0625,-332,1664
40,50,"zero",0.5,0.25,1,0,"core",840,840,9.68732434464619,1.42833544826135,0,100,900,0.0625,-332,1664
41,50,"zero",0.5,0.25,1,0,"core",841,841,12.7337114731781,2.47757930331863,0,100,900,0.0625,-332,1664
42,50,"zero",0.5,0.25,1,0,"core",842,842,13.3669904468115,0.800699901068583,0,100,900,0.0625,-332,1664
43,50,"zero",0.5,0.25,1,0,"core",843,843,9.53352334862575,3.29884709708858,0,100,900,0.0625,-332,1664
44,50,"zero",0.5,0.25,1,0,"core",844,844,13.3400089244824,1.34435367211699,0,100,900,0.0625,-332,1664
45,50,"zero",0.5,0.25,1,0,"core",845,845,14.0408142472152,3.11386507633142,0,100,900,0.0625,-332,1664
46,50,"zero",0.5,0.25,1,0,"core",846,846,9.57316147675738,2.03236553142779,0,100,900,0.0625,-332,1664
47,50,"zero",0.5,0.25,1,0,"core",847,847,3.29856091900729,1.72513110912405,0,100,900,0.0625,-332,1664
48,50,"zero",0.5,0.25,1,0,"core",848,848,10.0077457691077,2.99438873294275,0,100,900,0.0625,-332,1664
49,50,"zero",0.5,0.25,1,0,"core",849,849,8.06200274429284,0.736550958710723,0,100,900,0.0625,-332,1664
50,50,"zero",0.5,0.25,1,0,"core",850,850,3.42765802517533,2.38137627101969,0,100,900,0.0625,-332,1664
51,50,"zero",0.5,0.25,1,0,"core",851,851,13.2409080197103,2.83755530044436,0,100,900,0.0625,-332,1664
52,50,"zero",0.5,0.25,1,0,"core",852,852,2.40235247346573,3.30031214957125,0,100,900,0.0625,-332,1664
53,50,"zero",0.5,0.25,1,0,"core",853,853,5.18340328056365,2.59574847028125,0,100,900,0.0625,-332,1664
54,50,"zero",0.5,0.25,1,0,"core",854,854,8.37692801747471,0.971386949997395,0,100,900,0.0625,-332,1664
55,50,"zero",0.5,0.25,1,0,"core",855,855,2.548942101188,1.50640123651829,0,100,900,0.0625,-332,1664
56,50,"zero",0.5,0.25,1,0,"core",856,856,11.4383749812841,2.68694863619749,0,100,900,0.0625,-332,1664
57,50,"zero",0.5,0.25,1,0,"core",857,857,11.2854353485163,3.02580706402659,0,100,900,0.0625,-332,1664
58,50,"zero",0.5,0.25,1,0,"core",858,858,9.88722875551321,1.95017144503072,0,100,900,0.0625,-332,1664
59,50,"zero",0.5,0.25,1,0,"core",859,859,5.581951119937,1.92712750344072,0,100,900,0.0625,-332,1664
60,50,"zero",0.5,0.25,1,0,"core",860,860,9.05330739822239,1.97895956761204,0,100,900,0.0625,-332,1664
61,50,"zero",0.5,0.25,1,0,"core",861,861,6.05988340242766,3.79942515515722,0,100,900,0.0625,-332,1664
62,50,"zero",0.5,0.25,1,0,"core",862,862,6.44271713378839,3.50548339402303,0,100,900,0.0625,-332,1664
63,50,"zero",0.5,0.25,1,0,"core",863,863,12.1272820353042,2.45892688387539,0,100,900,0.0625,-332,1664
64,50,"zero",0.5,0.25,1,0,"core",864,864,6.64423756441101,0.947887869668193,0,100,900,0.0625,-332,1664
65,50,"zero",0.5,0.25,1,0,"core",865,865,14.7759902547114,1.7078676664969,0,100,900,0.0625,-332,1664
66,50,"zero",0.5,0.25,1,0,"core",866,866,9.47511153994128,2.14875433058478,0,100,900,0.0625,-332,1664
67,50,"zero",0.5,0.25,1,0,"core",867,867,8.73216782649979,3.65526015183423,0,100,900,0.0625,-332,1664
68,50,"zero",0.5,0.25,1,0,"core",868,868,5.48874387587421,2.05282565718517,0,100,900,0.0625,-332,1664
69,50,"zero",0.5,0.25,1,0,"core",869,869,12.7671463112347,0.543165697483346,0,100,900,0.0625,-332,1664
70,50,"zero",0.5,0.25,1,0,"core",870,870,11.0670297779143,2.81127999490127,0,100,900,0.0625,-332,1664
71,50,"zero",0.5,0.25,1,0,"core",871,871,2.21857953583822,2.01331797731109,0,100,900,0.0625,-332,1664
72,50,"zero",0.5,0.25,1,0,"core",872,872,14.4459154561628,1.58081217226572,0,100,900,0.0625,-332,1664
73,50,"zero",0.5,0.25,1,0,"core",873,873,8.96834553428926,3.30591704091057,0,100,900,0.0625,-332,1664
74,50,"zero",0.5,0.25,1,0,"core",874,874,4.6307707130909,3.64597115688957,0,100,900,0.0625,-332,1664
75,50,"zero",0.5,0.25,1,0,"core",875,875,2.53305589850061,2.30271707870997,0,100,900,0.0625,-332,1664
76,50,"zero",0.5,0.25,1,0,"core",876,876,9.56933634215966,2.04765947442502,0,100,900,0.0625,-332,1664
77,50,"zero",0.5,0.25,1,0,"core",877,877,2.57655862462707,2.27094535413198,0,100,900,0.0625,-332,1664
78,50,"zero",0.5,0.25,1,0,"core",878,878,9.54002635530196,0.534788313205354,0,100,900,0.0625,-332,1664
79,50,"zero",0.5,0.25,1,0,"core",879,879,13.9662184049375,3.08073590532877,0,100,900,0.0625,-332,1664
80,50,"zero",0.5,0.25,1,0,"core",880,880,5.80302371457219,2.15675395564176,0,100,900,0.0625,-332,1664
81,50,"zero",0.5,0.25,1,0,"core",881,881,11.8470315281302,0.843617693171836,0,100,900,0.0625,-332,1664
82,50,"zero",0.5,0.25,1,0,"core",882,882,11.3172673485242,2.96216970332898,0,100,900,0.0625,-332,1664
83,50,"zero",0.5,0.25,1,0,"core",883,883,11.3303767754696,1.60987529426347,0,100,900,0.0625,-332,1664
84,50,"zero",0.5,0.25,1,0,"core",884,884,2.20054653403349,3.08915749832522,0,100,900,0.0625,-332,1664
85,50,"zero",0.5,0.25,1,0,"core",885,885,5.85520884511061,1.67402410297655,0,100,900,0.0625,-332,1664
86,50,"zero",0.5,0.25,1,0,"core",886,886,7.36446441151202,1.29803999117576,0,100,900,0.0625,-332,1664
87,50,"zero",0.5,0.25,1,0,"core",887,887,3.29900833428837,1.75530086376239,0,100,900,0.0625,-332,1664
88,50,"zero",0.5,0.25,1,0,"core",888,888,5.79945192299783,2.82756155577954,0,100,900,0.0625,-332,1664
89,50,"zero",0.5,0.25,1,0,"core",889,889,10.6614041125868,3.38233341532759,0,100,900,0.0625,-332,1664
90,50,"zero",0.5,0.25,1,0,"core",890,890,5.45816410775296,3.64052172051743,0,100,900,0.0625,-332,1664
91,50,"zero",0.5,0.25,1,0,"core",891,891,3.68163618887775,1.55383434984833,0,100,900,0.0625,-332,1664
92,50,"zero",0.5,0.25,1,0,"core",892,892,2.14487615716644,3.38451405253727,0,100,900,0.0625,-332,1664
93,50,"zero",0.5,0.25,1,0,"core",893,893,14.8990511198062,1.99900819372851,0,100,900,0.0625,-332,1664
94,50,"zero",0.5,0.25,1,0,"core",894,894,6.06406199443154,3.04672783566639,0,100,900,0.0625,-332,1664
95,50,"zero",0.5,0.25,1,0,"core",895,895,8.90554521302693,1.24777057359461,0,100,900,0.0625,-332,1664
96,50,"zero",0.5,0.25,1,0,"core",896,896,11.3854463449679,2.17478141456377,0,100,900,0.0625,-332,1664
97,50,"zero",0.5,0.25,1,0,"core",897,897,10.113094860455,0.676777096115984,0,100,900,0.0625,-332,1664
98,50,"zero",0.5,0.25,1,0,"core",898,898,6.93859406886622,3.98356149613392,0,100,900,0.0625,-332,1664
99,50,"zero",0.5,0.25,1,0,"core",899,899,2.74258792842738,3.88255034317262,0,100,900,0.0625,-332,1664
100,50,"zero",0.5,0.25,1,0,"core",900,900,8.36902589141391,2.93425164173823,0,100,900,0.0625,-332,1664
101,50,"zero",0.5,0.25,1,0,"core",901,901,11.0751273746137,3.06100257660728,0,100,900,0.0625,-332,1664
102,50,"zero",0.5,0.25,1,0,"core",902,902,9.90523832384497,0.632013507303782,0,100,900,0.0625,-332,1664
103,50,"zero",0.5,0.25,1,0,"core",903,903,13.3346288600005,1.85503794508986,0,100,900,0.0625,-332,1664
104,50,"zero",0.5,0.25,1,0,"core",904,904,5.38556334329769,3.42742474761326,0,100,900,0.0625,-332,1664
105,50,"zero",0.5,0.25,1,0,"core",905,905,10.0942345317453,2.87796178471763,0,100,900,0.0625,-332,1664
106,50,"zero",0.5,0.25,1,0,"core",906,906,3.58980326564051,1.282704405603,0,100,900,0.0625,-332,1664
107,50,"zero",0.5,0.25,1,0,"core",907,907,8.78791762050241,2.31411939056125,0,100,900,0.0625,-332,1664
108,50,"zero",0.5,0.25,1,0,"core",908,908,13.8506890647113,1.27250394341536,0,100,900,0.0625,-332,1664
109,50,"zero",0.5,0.25,1,0,"core",909,909,14.2364010270685,1.69473272899631,0,100,900,0.0625,-332,1664
110,50,"zero",0.5,0.25,1,0,"core",910,910,6.64759726822376,0.580668342881836,0,100,900,0.0625,-332,1664
111,50,"zero",0.5,0.25,1,0,"core",911,911,11.9304062721785,1.12222899449989,0,100,900,0.0625,-332,1664
112,50,"zero",0.5,0.25,1,0,"core",912,912,4.38594892318361,0.745765807689168,0,100,900,0.0625,-332,1664
113,50,"zero",0.5,0.25,1,0,"core",913,913,11.5818562111817,1.6465939222835,0,100,900,0.0625,-332,1664
114,50,"zero",0.5,0.25,1,0,"core",914,914,3.12466215738095,0.969782506814227,0,100,900,0.0625,-332,1664
115,50,"zero",0.5,0.25,1,0,"core",915,915,13.1379720796831,0.750004809349775,0,100,900,0.0625,-332,1664
116,50,"zero",0.5,0.25,1,0,"core",916,916,14.0626089177094,1.20222854870372,0,100,900,0.0625,-332,1664
117,50,"zero",0.5,0.25,1,0,"core",917,917,10.2391740700696,0.662152089294977,0,100,900,0.0625,-332,1664
118,50,"zero",0.5,0.25,1,0,"core",918,918,2.81342384847812,0.566006066277623,0,100,900,0.0625,-332,1664
119,50,"zero",0.5,0.25,1,0,"core",919,919,14.989143921528,0.668460280634463,0,100,900,0.0625,-332,1664
120,50,"zero",0.5,0.25,1,0,"core",920,920,6.10392676619813,0.748818542342633,0,100,900,0.0625,-332,1664
121,50,"zero",0.5,0.25,1,0,"core",921,921,10.2785586251412,1.20335990237072,0,100,900,0.0625,-332,1664
122,50,"zero",0.5,0.25,1,0,"core",922,922,12.839619477978,0.994034731760621,0,100,900,0.0625,-332,1664
123,50,"zero",0.5,0.25,1,0,"core",923,923,13.1597158000804,2.08442413166631,0,100,900,0.0625,-332,1664
124,50,"zero",0.5,0.25,1,0,"core",924,924,13.4336745862383,1.6494036198128,0,100,900,0.0625,-332,1664
125,50,"zero",0.5,0.25,1,0,"core",925,925,12.663657641504,1.02113865863066,0,100,900,0.0625,-332,1664
126,50,"zero",0.5,0.25,1,0,"core",926,926,8.83130363025703,1.57735255523585,0,100,900,0.0625,-332,1664
127,50,"zero",0.5,0.25,1,0,"core",927,927,11.9257023097016,3.41673212463502,0,100,900,0.0625,-332,1664
128,50,"zero",0.5,0.25,1,0,"core",928,928,14.3897225752007,1.85115722555202,0,100,900,0.0625,-332,1664
129,50,"zero",0.5,0.25,1,0,"core",929,929,13.1071769124828,1.47320315777324,0,100,900,0.0625,-332,1664
130,50,"zero",0.5,0.25,1,0,"core",930,930,7.10030876542442,0.625410786480643,0,100,900,0.0625,-332,1664
131,50,"zero",0.5,0.25,1,0,"core",931,931,10.2816869392991,1.27727931214031,0,100,900,0.0625,-332,1664
132,50,"zero",0.5,0.25,1,0,"core",932,932,8.6044289113488,0.575400788104162,0,100,900,0.0625,-332,1664
133,50,"zero",0.5,0.25,1,0,"core",933,933,2.34360947250389,2.42475359421223,0,100,900,0.0625,-332,1664
134,50,"zero",0.5,0.25,1,0,"core",934,934,3.18133182567544,1.48485738190357,0,100,900,0.0625,-332,1664
135,50,"zero",0.5,0.25,1,0,"core",935,935,4.75132687529549,2.1414941099938,0,100,900,0.0625,-332,1664
136,50,"zero",0.5,0.25,1,0,"core",936,936,13.2177374544553,1.66908193414565,0,100,900,0.0625,-332,1664
137,50,"zero",0.5,0.25,1,0,"core",937,937,14.8756387890317,0.984296615351923,0,100,900,0.0625,-332,1664
138,50,"zero",0.5,0.25,1,0,"core",938,938,14.111529158894,1.32970355229918,0,100,900,0.0625,-332,1664
139,50,"zero",0.5,0.25,1,0,"core",939,939,14.6441442496143,3.55123274598736,0,100,900,0.0625,-332,1664
140,50,"zero",0.5,0.25,1,0,"core",940,940,5.68749203765765,1.86711791099515,0,100,900,0.0625,-332,1664
141,50,"zero",0.5,0.25,1,0,"core",941,941,7.93303923797794,2.31297436601017,0,100,900,0.0625,-332,1664
142,50,"zero",0.5,0.25,1,0,"core",942,942,13.084398369072,2.90351222618483,0,100,900,0.0625,-332,1664
143,50,"zero",0.5,0.25,1,0,"core",943,943,2.07785059791058,3.50489546533208,0,100,900,0.0625,-332,1664
144,50,"zero",0.5,0.25,1,0,"core",944,944,14.2506203809753,1.67753604683094,0,100,900,0.0625,-332,1664
145,50,"zero",0.5,0.25,1,0,"core",945,945,4.90861724922433,3.00044150953181,0,100,900,0.0625,-332,1664
146,50,"zero",0.5,0.25,1,0,"core",946,946,12.9575253028888,2.92898472992238,0,100,900,0.0625,-332,1664
147,50,"zero",0.5,0.25,1,0,"core",947,947,2.85933330911212,3.29129261022899,0,100,900,0.0625,-332,1664
148,50,"zero",0.5,0.25,1,0,"core",948,948,5.49899785150774,2.75367695558816,0,100,900,0.0625,-332,1664
149,50,"zero",0.5,0.25,1,0,"core",949,949,2.6064444265794,0.975136534660123,0,100,900,0.0625,-332,1664
150,50,"zero",0.5,0.25,1,0,"core",950,950,7.58323001372628,3.73163942841347,0,100,900,0.0625,-332,1664
151,50,"zero",0.5,0.25,1,0,"core",951,951,12.7765960695688,1.32488330744673,0,100,900,0.0625,-332,1664
152,50,"zero",0.5,0.25,1,0,"core",952,952,5.7878472507,3.9461467906367,0,100,900,0.0625,-332,1664
153,50,"zero",0.5,0.25,1,0,"core",953,953,9.1463581265416,1.84538940002676,0,100,900,0.0625,-332,1664
154,50,"zero",0.5,0.25,1,0,"core",954,954,2.12954222713597,0.828304379829206,0,100,900,0.0625,-332,1664
155,50,"zero",0.5,0.25,1,0,"core",955,955,14.0229013790376,0.737091878661886,0,100,900,0.0625,-332,1664
156,50,"zero",0.5,0.25,1,0,"core",956,956,2.23535643145442,3.73967784142587,0,100,900,0.0625,-332,1664
157,50,"zero",0.5,0.25,1,0,"core",957,957,3.20285538583994,2.88984325306956,0,100,900,0.0625,-332,1664
158,50,"zero",0.5,0.25,1,0,"core",958,958,14.7283854752313,2.16201702272519,0,100,900,0.0625,-332,1664
159,50,"zero",0.5,0.25,1,0,"core",959,959,4.0501659582369,2.6983589871088,0,100,900,0.0625,-332,1664
160,50,"zero",0.5,0.25,1,0,"core",960,960,5.41070656687953,3.55452055693604,0,100,900,0.0625,-332,1664
161,50,"zero",0.5,0.25,1,0,"core",961,961,11.6152044252958,2.27025403571315,0,100,900,0.0625,-332,1664
162,50,"zero",0.5,0.25,1,0,"core",962,962,10.7971765319817,3.26220054517034,0,100,900,0.0625,-332,1664
163,50,"zero",0.5,0.25,1,0,"core",963,963,13.3915371731855,0.701699353288859,0,100,900,0.0625,-332,1664
164,50,"zero",0.5,0.25,1,0,"core",964,964,3.5126455987338,3.02564150013495,0,100,900,0.0625,-332,1664
165,50,"zero",0.5,0.25,1,0,"core",965,965,7.60430432134308,1.59407515125349,0,100,900,0.0625,-332,1664
166,50,"zero",0.5,0.25,1,0,"core",966,966,13.3516850897577,3.85009536857251,0,100,900,0.0625,-332,1664
167,50,"zero",0.5,0.25,1,0,"core",967,967,4.17594448267482,3.01732930762228,0,100,900,0.0625,-332,1664
168,50,"zero",0.5,0.25,1,0,"core",968,968,4.15829019993544,3.45493428886402,0,100,900,0.0625,-332,1664
169,50,"zero",0.5,0.25,1,0,"core",969,969,14.585508557735,1.44782617746387,0,100,900,0.0625,-332,1664
170,50,"zero",0.5,0.25,1,0,"core",970,970,6.90572773013264,3.17132142256014,0,100,900,0.0625,-332,1664
171,50,"zero",0.5,0.25,1,0,"core",971,971,14.4012776291929,2.12897540209815,0,100,900,0.0625,-332,1664
172,50,"zero",0.5,0.25,1,0,"core",972,972,11.8930827428121,3.39653658377938,0,100,900,0.0625,-332,1664
173,50,"zero",0.5,0.25,1,0,"core",973,973,13.1126004992984,2.42836946318857,0,100,900,0.0625,-332,1664
174,50,"zero",0.5,0.25,1,0,"core",974,974,13.941422436852,2.60275767336134,0,100,900,0.0625,-332,1664
175,50,"zero",0.5,0.25,1,0,"core",975,975,12.3003987025004,3.56680629018229,0,100,900,0.0625,-332,1664
176,50,"zero",0.5,0.25,1,0,"core",976,976,5.50976950046606,3.80414234031923,0,100,900,0.0625,-332,1664
177,50,"zero",0.5,0.25,1,0,"core",977,977,3.5095894918777,2.28286899963859,0,100,900,0.0625,-332,1664
178,50,"zero",0.5,0.25,1,0,"core",978,978,11.9516537580639,3.25587191269733,0,100,900,0.0625,-332,1664
179,50,"zero",0.5,0.25,1,0,"core",979,979,2.27607390377671,1.73453615093604,0,100,900,0.0625,-332,1664
180,50,"zero",0.5,0.25,1,0,"core",980,980,2.69662144593894,1.3828535056673,0,100,900,0.0625,-332,1664
181,50,"zero",0.5,0.25,1,0,"core",981,981,14.7811911357567,2.77127288444899,0,100,900,0.0625,-332,1664
182,50,"zero",0.5,0.25,1,0,"core",982,982,8.45320089068264,1.58951914252248,0,100,900,0.0625,-332,1664
183,50,"zero",0.5,0.25,1,0,"core",983,983,10.0289761566091,1.11373440211173,0,100,900,0.0625,-332,1664
184,50,"zero",0.5,0.25,1,0,"core",984,984,3.48201874876395,1.71005733695347,0,100,900,0.0625,-332,1664
185,50,"zero",0.5,0.25,1,0,"core",985,985,4.66223281715065,0.513832578784786,0,100,900,0.0625,-332,1664
186,50,"zero",0.5,0.25,1,0,"core",986,986,3.7129677713383,2.12793761608191,0,100,900,0.0625,-332,1664
187,50,"zero",0.5,0.25,1,0,"core",987,987,14.1717544586863,2.15400225506164,0,100,900,0.0625,-332,1664
188,50,"zero",0.5,0.25,1,0,"core",988,988,10.8058805295732,0.936118416022509,0,100,900,0.0625,-332,1664
189,50,"zero",0.5,0.25,1,0,"core",989,989,5.50137664866634,1.22086924489122,0,100,900,0.0625,-332,1664
190,50,"zero",0.5,0.25,1,0,"core",990,990,6.65461136191152,2.11446866765618,0,100,900,0.0625,-332,1664
191,50,"zero",0.5,0.25,1,0,"core",991,991,6.19697210681625,1.2468572279904,0,100,900,0.0625,-332,1664
192,50,"zero",0.5,0.25,1,0,"core",992,992,9.69267393229529,1.58629550959449,0,100,900,0.0625,-332,1664
193,50,"zero",0.5,0.25,1,0,"core",993,993,10.7275359460618,3.71526730037294,0,100,900,0.0625,-332,1664
194,50,"zero",0.5,0.25,1,0,"core",994,994,5.37730590743013,0.851331002195366,0,100,900,0.0625,-332,1664
195,50,"zero",0.5,0.25,1,0,"core",995,995,3.05768045037985,2.99624841974583,0,100,900,0.0625,-332,1664
196,50,"zero",0.5,0.25,1,0,"core",996,996,6.02078379923478,3.70090196130332,0,100,900,0.0625,-332,1664
197,50,"zero",0.5,0.25,1,0,"core",997,997,5.9996541980654,3.33415954152588,0,100,900,0.0625,-332,1664
198,50,"zero",0.5,0.25,1,0,"core",998,998,10.6414824884851,3.84878307045437,0,100,900,0.0625,-332,1664
199,50,"zero",0.5,0.25,1,0,"core",999,999,3.87766977865249,3.80192774021998,0,100,900,0.0625,-332,1664
200,50,"zero",0.5,0.25,1,0,"core",1000,1000,5.88124024332501,1.43157400214113,0,100,900,0.0625,-332,1664
1,100,"zero",0.5,0.25,1,0,"core",1001,1001,13.4390125267673,1.04281188303139,0,100,900,0.0625,-332,1664
2,100,"zero",0.5,0.25,1,0,"core",1002,1002,9.40347240143456,3.303921311046,0,100,900,0.0625,-332,1664
3,100,"zero",0.5,0.25,1,0,"core",1003,1003,10.1827245710883,2.20036633557174,0,100,900,0.0625,-332,1664
4,100,"zero",0.5,0.25,1,0,"core",1004,1004,7.54125637467951,2.65945203730371,0,100,900,0.0625,-332,1664
5,100,"zero",0.5,0.25,1,0,"core",1005,1005,7.02459838939831,3.47764666506555,0,100,900,0.0625,-332,1664
6,100,"zero",0.5,0.25,1,0,"core",1006,1006,14.9123875566293,1.65600116190035,0,100,900,0.0625,-332,1664
7,100,"zero",0.5,0.25,1,0,"core",1007,1007,13.7889589588158,2.70022181863897,0,100,900,0.0625,-332,1664
8,100,"zero",0.5,0.25,1,0,"core",1008,1008,7.78612119355239,1.65173166966997,0,100,900,0.0625,-332,1664
9,100,"zero",0.5,0.25,1,0,"core",1009,1009,8.26424162485637,1.58205694879871,0,100,900,0.0625,-332,1664
10,100,"zero",0.5,0.25,1,0,"core",1010,1010,6.95309783890843,3.96002289361786,0,100,900,0.0625,-332,1664
11,100,"zero",0.5,0.25,1,0,"core",1011,1011,7.39453202113509,2.15858955460135,0,100,900,0.0625,-332,1664
12,100,"zero",0.5,0.25,1,0,"core",1012,1012,12.415257894434,1.90620956360362,0,100,900,0.0625,-332,1664
13,100,"zero",0.5,0.25,1,0,"core",1013,1013,9.19701815932058,0.889714898890816,0,100,900,0.0625,-332,1664
14,100,"zero",0.5,0.25,1,0,"core",1014,1014,8.85870114667341,3.44306064606644,0,100,900,0.0625,-332,1664
15,100,"zero",0.5,0.25,1,0,"core",1015,1015,5.37303726212122,3.38253568834625,0,100,900,0.0625,-332,1664
16,100,"zero",0.5,0.25,1,0,"core",1016,1016,10.4634385143872,3.28097002522554,0,100,900,0.0625,-332,1664
17,100,"zero",0.5,0.25,1,0,"core",1017,1017,8.79582861508243,3.28120572573971,0,100,900,0.0625,-332,1664
18,100,"zero",0.5,0.25,1,0,"core",1018,1018,12.2063366421498,3.22792198334355,0,100,900,0.0625,-332,1664
19,100,"zero",0.5,0.25,1,0,"core",1019,1019,12.7135727247223,1.33821143745445,0,100,900,0.0625,-332,1664
20,100,"zero",0.5,0.25,1,0,"core",1020,1020,4.06844990886748,2.34400947066024,0,100,900,0.0625,-332,1664
21,100,"zero",0.5,0.25,1,0,"core",1021,1021,9.54899279447272,3.74770957545843,0,100,900,0.0625,-332,1664
22,100,"zero",0.5,0.25,1,0,"core",1022,1022,2.75168762844987,2.36047938594129,0,100,900,0.0625,-332,1664
23,100,"zero",0.5,0.25,1,0,"core",1023,1023,14.3240453002509,3.66260109469295,0,100,900,0.0625,-332,1664
24,100,"zero",0.5,0.25,1,0,"core",1024,1024,10.7249854537658,3.06204205437098,0,100,900,0.0625,-332,1664
25,100,"zero",0.5,0.25,1,0,"core",1025,1025,5.59412918891758,0.741289865225554,0,100,900,0.0625,-332,1664
26,100,"zero",0.5,0.25,1,0,"core",1026,1026,10.5695312235039,0.524137662025169,0,100,900,0.0625,-332,1664
27,100,"zero",0.5,0.25,1,0,"core",1027,1027,6.92472075368278,3.85398200352211,0,100,900,0.0625,-332,1664
28,100,"zero",0.5,0.25,1,0,"core",1028,1028,11.1648550808895,0.888680018833838,0,100,900,0.0625,-332,1664
29,100,"zero",0.5,0.25,1,0,"core",1029,1029,13.8208818899002,1.88439532031771,0,100,900,0.0625,-332,1664
30,100,"zero",0.5,0.25,1,0,"core",1030,1030,9.5860955552198,2.37398484384175,0,100,900,0.0625,-332,1664
31,100,"zero",0.5,0.25,1,0,"core",1031,1031,3.47965085715987,3.70646062295418,0,100,900,0.0625,-332,1664
32,100,"zero",0.5,0.25,1,0,"core",1032,1032,9.04709083866328,2.72214655845892,0,100,900,0.0625,-332,1664
33,100,"zero",0.5,0.25,1,0,"core",1033,1033,3.03265582886524,0.64586339390371,0,100,900,0.0625,-332,1664
34,100,"zero",0.5,0.25,1,0,"core",1034,1034,5.36891186307184,1.217029718915,0,100,900,0.0625,-332,1664
35,100,"zero",0.5,0.25,1,0,"core",1035,1035,11.6245492021553,2.25701695447788,0,100,900,0.0625,-332,1664
36,100,"zero",0.5,0.25,1,0,"core",1036,1036,12.1661469012033,3.49423618998844,0,100,900,0.0625,-332,1664
37,100,"zero",0.5,0.25,1,0,"core",1037,1037,6.43714023660868,2.43186857143883,0,100,900,0.0625,-332,1664
38,100,"zero",0.5,0.25,1,0,"core",1038,1038,7.59428446250968,0.710938343079761,0,100,900,0.0625,-332,1664
39,100,"zero",0.5,0.25,1,0,"core",1039,1039,4.12851081416011,1.75226470106281,0,100,900,0.0625,-332,1664
40,100,"zero",0.5,0.25,1,0,"core",1040,1040,8.38503816025332,2.95162406354211,0,100,900,0.0625,-332,1664
41,100,"zero",0.5,0.25,1,0,"core",1041,1041,4.29974226723425,2.88670170574915,0,100,900,0.0625,-332,1664
42,100,"zero",0.5,0.25,1,0,"core",1042,1042,4.34267978719436,1.84833624644671,0,100,900,0.0625,-332,1664
43,100,"zero",0.5,0.25,1,0,"core",1043,1043,12.2183235264383,1.13214484788477,0,100,900,0.0625,-332,1664
44,100,"zero",0.5,0.25,1,0,"core",1044,1044,4.63867896841839,1.70358561980538,0,100,900,0.0625,-332,1664
45,100,"zero",0.5,0.25,1,0,"core",1045,1045,5.18994613504037,1.81685288005974,0,100,900,0.0625,-332,1664
46,100,"zero",0.5,0.25,1,0,"core",1046,1046,10.1224272092804,2.44866685196757,0,100,900,0.0625,-332,1664
47,100,"zero",0.5,0.25,1,0,"core",1047,1047,8.28404662641697,1.02142573252786,0,100,900,0.0625,-332,1664
48,100,"zero",0.5,0.25,1,0,"core",1048,1048,6.38362467684783,0.655977357761003,0,100,900,0.0625,-332,1664
49,100,"zero",0.5,0.25,1,0,"core",1049,1049,4.80859056790359,2.46323417965323,0,100,900,0.0625,-332,1664
50,100,"zero",0.5,0.25,1,0,"core",1050,1050,12.3590471160132,3.84603755339049,0,100,900,0.0625,-332,1664
51,100,"zero",0.5,0.25,1,0,"core",1051,1051,10.6842746797483,1.97824278660119,0,100,900,0.0625,-332,1664
52,100,"zero",0.5,0.25,1,0,"core",1052,1052,12.5499481335282,2.07479117170442,0,100,900,0.0625,-332,1664
53,100,"zero",0.5,0.25,1,0,"core",1053,1053,5.2869718123693,2.15944438253064,0,100,900,0.0625,-332,1664
54,100,"zero",0.5,0.25,1,0,"core",1054,1054,2.87835696688853,0.528535626013763,0,100,900,0.0625,-332,1664
55,100,"zero",0.5,0.25,1,0,"core",1055,1055,10.7570828464814,3.15774463990238,0,100,900,0.0625,-332,1664
56,100,"zero",0.5,0.25,1,0,"core",1056,1056,4.06103401980363,0.678832850418985,0,100,900,0.0625,-332,1664
57,100,"zero",0.5,0.25,1,0,"core",1057,1057,5.79381678416394,1.58781386760529,0,100,900,0.0625,-332,1664
58,100,"zero",0.5,0.25,1,0,"core",1058,1058,2.02148700552061,3.16019994323142,0,100,900,0.0625,-332,1664
59,100,"zero",0.5,0.25,1,0,"core",1059,1059,14.5884191391524,1.82249647623394,0,100,900,0.0625,-332,1664
60,100,"zero",0.5,0.25,1,0,"core",1060,1060,14.8852290331852,2.5664333414752,0,100,900,0.0625,-332,1664
61,100,"zero",0.5,0.25,1,0,"core",1061,1061,10.5304275280796,2.20129680482205,0,100,900,0.0625,-332,1664
62,100,"zero",0.5,0.25,1,0,"core",1062,1062,7.84846175019629,2.68872602714691,0,100,900,0.0625,-332,1664
63,100,"zero",0.5,0.25,1,0,"core",1063,1063,2.40454084263183,1.92068784066942,0,100,900,0.0625,-332,1664
64,100,"zero",0.5,0.25,1,0,"core",1064,1064,7.94336841139011,1.86304129671771,0,100,900,0.0625,-332,1664
65,100,"zero",0.5,0.25,1,0,"core",1065,1065,13.9005055953749,3.32788627955597,0,100,900,0.0625,-332,1664
66,100,"zero",0.5,0.25,1,0,"core",1066,1066,5.397245752858,1.8208776100073,0,100,900,0.0625,-332,1664
67,100,"zero",0.5,0.25,1,0,"core",1067,1067,8.11344621842727,3.42185280215926,0,100,900,0.0625,-332,1664
68,100,"zero",0.5,0.25,1,0,"core",1068,1068,5.44582684128545,0.748807488125749,0,100,900,0.0625,-332,1664
69,100,"zero",0.5,0.25,1,0,"core",1069,1069,9.67125793849118,3.9098428102443,0,100,900,0.0625,-332,1664
70,100,"zero",0.5,0.25,1,0,"core",1070,1070,3.83938578865491,0.676665562205017,0,100,900,0.0625,-332,1664
71,100,"zero",0.5,0.25,1,0,"core",1071,1071,13.9279074340593,1.80433962796815,0,100,900,0.0625,-332,1664
72,100,"zero",0.5,0.25,1,0,"core",1072,1072,11.7540617908817,2.81442268146202,0,100,900,0.0625,-332,1664
73,100,"zero",0.5,0.25,1,0,"core",1073,1073,10.548323555151,3.84693951637018,0,100,900,0.0625,-332,1664
74,100,"zero",0.5,0.25,1,0,"core",1074,1074,13.8726082213689,1.92962575971615,0,100,900,0.0625,-332,1664
75,100,"zero",0.5,0.25,1,0,"core",1075,1075,14.9322303447407,2.49152390332893,0,100,900,0.0625,-332,1664
76,100,"zero",0.5,0.25,1,0,"core",1076,1076,7.87120364210568,2.44792048656382,0,100,900,0.0625,-332,1664
77,100,"zero",0.5,0.25,1,0,"core",1077,1077,5.8912625266239,0.582120858831331,0,100,900,0.0625,-332,1664
78,100,"zero",0.5,0.25,1,0,"core",1078,1078,8.63982005999424,3.18245712446515,0,100,900,0.0625,-332,1664
79,100,"zero",0.5,0.25,1,0,"core",1079,1079,10.2905370646622,0.757319943280891,0,100,900,0.0625,-332,1664
80,100,"zero",0.5,0.25,1,0,"core",1080,1080,11.0258525379468,1.88924870500341,0,100,900,0.0625,-332,1664
81,100,"zero",0.5,0.25,1,0,"core",1081,1081,10.874631145969,0.907658333540894,0,100,900,0.0625,-332,1664
82,100,"zero",0.5,0.25,1,0,"core",1082,1082,13.5759318091441,1.25957427371759,0,100,900,0.0625,-332,1664
83,100,"zero",0.5,0.25,1,0,"core",1083,1083,12.2152959168889,0.931174417724833,0,100,900,0.0625,-332,1664
84,100,"zero",0.5,0.25,1,0,"core",1084,1084,6.93661147658713,2.08286648779176,0,100,900,0.0625,-332,1664
85,100,"zero",0.5,0.25,1,0,"core",1085,1085,12.3621664738748,2.55410672025755,0,100,900,0.0625,-332,1664
86,100,"zero",0.5,0.25,1,0,"core",1086,1086,12.403587159235,3.95906063891016,0,100,900,0.0625,-332,1664
87,100,"zero",0.5,0.25,1,0,"core",1087,1087,11.2091169643681,3.82207273237873,0,100,900,0.0625,-332,1664
88,100,"zero",0.5,0.25,1,0,"core",1088,1088,11.4859891317319,1.72663506201934,0,100,900,0.0625,-332,1664
89,100,"zero",0.5,0.25,1,0,"core",1089,1089,3.39187822956592,2.61166229937226,0,100,900,0.0625,-332,1664
90,100,"zero",0.5,0.25,1,0,"core",1090,1090,13.0550454591867,1.33084513305221,0,100,900,0.0625,-332,1664
91,100,"zero",0.5,0.25,1,0,"core",1091,1091,6.41567945829593,1.75450885947794,0,100,900,0.0625,-332,1664
92,100,"zero",0.5,0.25,1,0,"core",1092,1092,12.1542736883275,3.36537410342135,0,100,900,0.0625,-332,1664
93,100,"zero",0.5,0.25,1,0,"core",1093,1093,8.86811469239183,1.29057864251081,0,100,900,0.0625,-332,1664
94,100,"zero",0.5,0.25,1,0,"core",1094,1094,8.81295350170694,0.532548671006225,0,100,900,0.0625,-332,1664
95,100,"zero",0.5,0.25,1,0,"core",1095,1095,6.03724248753861,3.73465717828367,0,100,900,0.0625,-332,1664
96,100,"zero",0.5,0.25,1,0,"core",1096,1096,3.00381121831015,1.87715918757021,0,100,900,0.0625,-332,1664
97,100,"zero",0.5,0.25,1,0,"core",1097,1097,10.1422629721928,1.49887070141267,0,100,900,0.0625,-332,1664
98,100,"zero",0.5,0.25,1,0,"core",1098,1098,6.54129982041195,1.3586540997494,0,100,900,0.0625,-332,1664
99,100,"zero",0.5,0.25,1,0,"core",1099,1099,4.76758719631471,3.25521589035634,0,100,900,0.0625,-332,1664
100,100,"zero",0.5,0.25,1,0,"core",1100,1100,14.2904049940407,1.95711767452303,0,100,900,0.0625,-332,1664
101,100,"zero",0.5,0.25,1,0,"core",1101,1101,12.6317555468995,0.883544049574994,0,100,900,0.0625,-332,1664
102,100,"zero",0.5,0.25,1,0,"core",1102,1102,4.6477233779151,2.81908652931452,0,100,900,0.0625,-332,1664
103,100,"zero",0.5,0.25,1,0,"core",1103,1103,9.56867262884043,1.5065347533673,0,100,900,0.0625,-332,1664
104,100,"zero",0.5,0.25,1,0,"core",1104,1104,8.18940433487296,2.64035821356811,0,100,900,0.0625,-332,1664
105,100,"zero",0.5,0.25,1,0,"core",1105,1105,11.2052992605604,0.755691017024219,0,100,900,0.0625,-332,1664
106,100,"zero",0.5,0.25,1,0,"core",1106,1106,4.97812105412595,1.36198920791503,0,100,900,0.0625,-332,1664
107,100,"zero",0.5,0.25,1,0,"core",1107,1107,7.35958215850405,1.47255555831362,0,100,900,0.0625,-332,1664
108,100,"zero",0.5,0.25,1,0,"core",1108,1108,11.3880423542578,1.25932260998525,0,100,900,0.0625,-332,1664
109,100,"zero",0.5,0.25,1,0,"core",1109,1109,5.21988686732948,3.55696941760834,0,100,900,0.0625,-332,1664
110,100,"zero",0.5,0.25,1,0,"core",1110,1110,8.21680405479856,1.08496991021093,0,100,900,0.0625,-332,1664
111,100,"zero",0.5,0.25,1,0,"core",1111,1111,14.0618591646198,1.76113408233505,0,100,900,0.0625,-332,1664
112,100,"zero",0.5,0.25,1,0,"core",1112,1112,9.91623824788257,3.84854103077669,0,100,900,0.0625,-332,1664
113,100,"zero",0.5,0.25,1,0,"core",1113,1113,4.52465256070718,3.09274745651055,0,100,900,0.0625,-332,1664
114,100,"zero",0.5,0.25,1,0,"core",1114,1114,14.8979601920582,0.946372895152308,0,100,900,0.0625,-332,1664
115,100,"zero",0.5,0.25,1,0,"core",1115,1115,4.75267482665367,0.638519545085728,0,100,900,0.0625,-332,1664
116,100,"zero",0.5,0.25,1,0,"core",1116,1116,9.75991366175003,3.03507488686591,0,100,900,0.0625,-332,1664
117,100,"zero",0.5,0.25,1,0,"core",1117,1117,5.20615321467631,1.79558319773059,0,100,900,0.0625,-332,1664
118,100,"zero",0.5,0.25,1,0,"core",1118,1118,8.18604084150866,3.85926478158217,0,100,900,0.0625,-332,1664
119,100,"zero",0.5,0.25,1,0,"core",1119,1119,14.5543741318397,2.16737182473298,0,100,900,0.0625,-332,1664
120,100,"zero",0.5,0.25,1,0,"core",1120,1120,2.75254547456279,2.98868496483192,0,100,900,0.0625,-332,1664
121,100,"zero",0.5,0.25,1,0,"core",1121,1121,7.95776204834692,1.3738865009509,0,100,900,0.0625,-332,1664
122,100,"zero",0.5,0.25,1,0,"core",1122,1122,3.996036415454,1.91663795534987,0,100,900,0.0625,-332,1664
123,100,"zero",0.5,0.25,1,0,"core",1123,1123,13.2686330387369,2.98534471297171,0,100,900,0.0625,-332,1664
124,100,"zero",0.5,0.25,1,0,"core",1124,1124,9.36998166143894,3.15155730093829,0,100,900,0.0625,-332,1664
125,100,"zero",0.5,0.25,1,0,"core",1125,1125,3.97713540052064,0.98347539419774,0,100,900,0.0625,-332,1664
126,100,"zero",0.5,0.25,1,0,"core",1126,1126,11.2912514021154,1.39069702627603,0,100,900,0.0625,-332,1664
127,100,"zero",0.5,0.25,1,0,"core",1127,1127,6.3645919628907,2.69883914513048,0,100,900,0.0625,-332,1664
128,100,"zero",0.5,0.25,1,0,"core",1128,1128,9.5270953187719,3.49141310760751,0,100,900,0.0625,-332,1664
129,100,"zero",0.5,0.25,1,0,"core",1129,1129,7.67808247404173,2.59717221593019,0,100,900,0.0625,-332,1664
130,100,"zero",0.5,0.25,1,0,"core",1130,1130,9.91574452561326,3.86081438395195,0,100,900,0.0625,-332,1664
131,100,"zero",0.5,0.25,1,0,"core",1131,1131,11.682215658715,3.12735637114383,0,100,900,0.0625,-332,1664
132,100,"zero",0.5,0.25,1,0,"core",1132,1132,11.0062481919304,3.32942254189402,0,100,900,0.0625,-332,1664
133,100,"zero",0.5,0.25,1,0,"core",1133,1133,6.94998311204836,3.50493337074295,0,100,900,0.0625,-332,1664
134,100,"zero",0.5,0.25,1,0,"core",1134,1134,3.20547237386927,2.47810210869648,0,100,900,0.0625,-332,1664
135,100,"zero",0.5,0.25,1,0,"core",1135,1135,11.8405031387229,3.40862184739672,0,100,900,0.0625,-332,1664
136,100,"zero",0.5,0.25,1,0,"core",1136,1136,4.17194779217243,2.96220675064251,0,100,900,0.0625,-332,1664
137,100,"zero",0.5,0.25,1,0,"core",1137,1137,9.08362776366994,3.6077927488368,0,100,900,0.0625,-332,1664
138,100,"zero",0.5,0.25,1,0,"core",1138,1138,7.17050718725659,2.49256588285789,0,100,900,0.0625,-332,1664
139,100,"zero",0.5,0.25,1,0,"core",1139,1139,9.42981751821935,2.6459577208152,0,100,900,0.0625,-332,1664
140,100,"zero",0.5,0.25,1,0,"core",1140,1140,7.42706354451366,0.69286319904495,0,100,900,0.0625,-332,1664
141,100,"zero",0.5,0.25,1,0,"core",1141,1141,14.7796200488228,0.963059097412042,0,100,900,0.0625,-332,1664
142,100,"zero",0.5,0.25,1,0,"core",1142,1142,10.2764162239619,3.92748989164829,0,100,900,0.0625,-332,1664
143,100,"zero",0.5,0.25,1,0,"core",1143,1143,5.23862774344161,3.43950498488266,0,100,900,0.0625,-332,1664
144,100,"zero",0.5,0.25,1,0,"core",1144,1144,11.2954293403309,3.49688970646821,0,100,900,0.0625,-332,1664
145,100,"zero",0.5,0.25,1,0,"core",1145,1145,12.8587597401347,3.84581395017449,0,100,900,0.0625,-332,1664
146,100,"zero",0.5,0.25,1,0,"core",1146,1146,11.8883408939,1.68652301107068,0,100,900,0.0625,-332,1664
147,100,"zero",0.5,0.25,1,0,"core",1147,1147,13.228792859707,2.80517571861856,0,100,900,0.0625,-332,1664
148,100,"zero",0.5,0.25,1,0,"core",1148,1148,12.646366734989,1.58096638531424,0,100,900,0.0625,-332,1664
149,100,"zero",0.5,0.25,1,0,"core",1149,1149,14.3796549111139,1.37469370895997,0,100,900,0.0625,-332,1664
150,100,"zero",0.5,0.25,1,0,"core",1150,1150,6.85264267493039,3.46684385440312,0,100,900,0.0625,-332,1664
151,100,"zero",0.5,0.25,1,0,"core",1151,1151,10.1519926246256,2.60867965326179,0,100,900,0.0625,-332,1664
152,100,"zero",0.5,0.25,1,0,"core",1152,1152,4.6239775212016,2.03947216807865,0,100,900,0.0625,-332,1664
153,100,"zero",0.5,0.25,1,0,"core",1153,1153,9.78712759981863,1.57677518285345,0,100,900,0.0625,-332,1664
154,100,"zero",0.5,0.25,1,0,"core",1154,1154,3.63662467943504,1.80349422118161,0,100,900,0.0625,-332,1664
155,100,"zero",0.5,0.25,1,0,"core",1155,1155,9.29199580801651,2.50028121937066,0,100,900,0.0625,-332,1664
156,100,"zero",0.5,0.25,1,0,"core",1156,1156,11.6102394680493,3.19962664088234,0,100,900,0.0625,-332,1664
157,100,"zero",0.5,0.25,1,0,"core",1157,1157,11.9159621966537,2.57609979331028,0,100,900,0.0625,-332,1664
158,100,"zero",0.5,0.25,1,0,"core",1158,1158,5.2507214192301,1.15955236845184,0,100,900,0.0625,-332,1664
159,100,"zero",0.5,0.25,1,0,"core",1159,1159,11.4802299910225,0.577628130908124,0,100,900,0.0625,-332,1664
160,100,"zero",0.5,0.25,1,0,"core",1160,1160,5.72934606368653,2.52931020327378,0,100,900,0.0625,-332,1664
161,100,"zero",0.5,0.25,1,0,"core",1161,1161,7.05754543165676,3.84100627934095,0,100,900,0.0625,-332,1664
162,100,"zero",0.5,0.25,1,0,"core",1162,1162,13.1497357164044,2.61315529339481,0,100,900,0.0625,-332,1664
163,100,"zero",0.5,0.25,1,0,"core",1163,1163,12.5584795218892,3.07475237303879,0,100,900,0.0625,-332,1664
164,100,"zero",0.5,0.25,1,0,"core",1164,1164,14.7506256843917,3.38062869780697,0,100,900,0.0625,-332,1664
165,100,"zero",0.5,0.25,1,0,"core",1165,1165,11.4092230235692,3.0492611337686,0,100,900,0.0625,-332,1664
166,100,"zero",0.5,0.25,1,0,"core",1166,1166,10.8265395241324,3.98474684229586,0,100,900,0.0625,-332,1664
167,100,"zero",0.5,0.25,1,0,"core",1167,1167,11.8549526715651,1.58423583884723,0,100,900,0.0625,-332,1664
168,100,"zero",0.5,0.25,1,0,"core",1168,1168,6.13395816925913,2.95266542292666,0,100,900,0.0625,-332,1664
169,100,"zero",0.5,0.25,1,0,"core",1169,1169,14.9682861783076,1.18454008793924,0,100,900,0.0625,-332,1664
170,100,"zero",0.5,0.25,1,0,"core",1170,1170,10.9447148733307,3.16232082410716,0,100,900,0.0625,-332,1664
171,100,"zero",0.5,0.25,1,0,"core",1171,1171,9.9188190959394,3.52450671279803,0,100,900,0.0625,-332,1664
172,100,"zero",0.5,0.25,1,0,"core",1172,1172,9.39732686569914,2.57060971180908,0,100,900,0.0625,-332,1664
173,100,"zero",0.5,0.25,1,0,"core",1173,1173,5.94831388932653,0.744067774852738,0,100,900,0.0625,-332,1664
174,100,"zero",0.5,0.25,1,0,"core",1174,1174,10.611751885619,3.34014247974847,0,100,900,0.0625,-332,1664
175,100,"zero",0.5,0.25,1,0,"core",1175,1175,10.6263534030877,3.57936806837097,0,100,900,0.0625,-332,1664
176,100,"zero",0.5,0.25,1,0,"core",1176,1176,3.38991325022653,3.28021093585994,0,100,900,0.0625,-332,1664
177,100,"zero",0.5,0.25,1,0,"core",1177,1177,7.13873584126122,0.59488346031867,0,100,900,0.0625,-332,1664
178,100,"zero",0.5,0.25,1,0,"core",1178,1178,8.26913109677844,3.29063948406838,0,100,900,0.0625,-332,1664
179,100,"zero",0.5,0.25,1,0,"core",1179,1179,4.86708366125822,2.87898352602497,0,100,900,0.0625,-332,1664
180,100,"zero",0.5,0.25,1,0,"core",1180,1180,7.61750782420859,3.86597228969913,0,100,900,0.0625,-332,1664
181,100,"zero",0.5,0.25,1,0,"core",1181,1181,6.5925407987088,1.01105589512736,0,100,900,0.0625,-332,1664
182,100,"zero",0.5,0.25,1,0,"core",1182,1182,9.43315975740552,3.60101752844639,0,100,900,0.0625,-332,1664
183,100,"zero",0.5,0.25,1,0,"core",1183,1183,9.07048825942911,1.13944921852089,0,100,900,0.0625,-332,1664
184,100,"zero",0.5,0.25,1,0,"core",1184,1184,2.75414967769757,0.622257475159131,0,100,900,0.0625,-332,1664
185,100,"zero",0.5,0.25,1,0,"core",1185,1185,12.849986377405,1.17326409975067,0,100,900,0.0625,-332,1664
186,100,"zero",0.5,0.25,1,0,"core",1186,1186,6.89596678060479,0.523741708369926,0,100,900,0.0625,-332,1664
187,100,"zero",0.5,0.25,1,0,"core",1187,1187,10.3128741707187,2.54901610629167,0,100,900,0.0625,-332,1664
188,100,"zero",0.5,0.25,1,0,"core",1188,1188,8.42561945691705,0.977043349179439,0,100,900,0.0625,-332,1664
189,100,"zero",0.5,0.25,1,0,"core",1189,1189,4.66398918651976,3.68878234934527,0,100,900,0.0625,-332,1664
190,100,"zero",0.5,0.25,1,0,"core",1190,1190,8.38874464435503,0.662630236125551,0,100,900,0.0625,-332,1664
191,100,"zero",0.5,0.25,1,0,"core",1191,1191,7.69610693422146,2.57839337666519,0,100,900,0.0625,-332,1664
192,100,"zero",0.5,0.25,1,0,"core",1192,1192,9.99278201651759,0.73208108486142,0,100,900,0.0625,-332,1664
193,100,"zero",0.5,0.25,1,0,"core",1193,1193,2.81956485006958,3.57013374066446,0,100,900,0.0625,-332,1664
194,100,"zero",0.5,0.25,1,0,"core",1194,1194,3.5613875251729,2.21965096332133,0,100,900,0.0625,-332,1664
195,100,"zero",0.5,0.25,1,0,"core",1195,1195,7.45830268249847,2.9056425151648,0,100,900,0.0625,-332,1664
196,100,"zero",0.5,0.25,1,0,"core",1196,1196,7.37075990997255,0.770631604013033,0,100,900,0.0625,-332,1664
197,100,"zero",0.5,0.25,1,0,"core",1197,1197,3.23293995764107,0.523617701488547,0,100,900,0.0625,-332,1664
198,100,"zero",0.5,0.25,1,0,"core",1198,1198,12.7615965008736,3.29655533016194,0,100,900,0.0625,-332,1664
199,100,"zero",0.5,0.25,1,0,"core",1199,1199,3.06928187492304,2.53392434993293,0,100,900,0.0625,-332,1664
200,100,"zero",0.5,0.25,1,0,"core",1200,1200,8.49070448125713,0.977284864871763,0,100,900,0.0625,-332,1664
1,200,"zero",0.5,0.25,1,0,"core",1201,1201,12.8161285957322,1.3544419069076,0,100,900,0.0625,-332,1664
2,200,"zero",0.5,0.25,1,0,"core",1202,1202,6.10975103452802,0.796106884954497,0,100,900,0.0625,-332,1664
3,200,"zero",0.5,0.25,1,0,"core",1203,1203,7.58101139776409,3.52760181284975,0,100,900,0.0625,-332,1664
4,200,"zero",0.5,0.25,1,0,"core",1204,1204,3.89505770010874,3.53324322914705,0,100,900,0.0625,-332,1664
5,200,"zero",0.5,0.25,1,0,"core",1205,1205,8.51706059440039,0.858216851134785,0,100,900,0.0625,-332,1664
6,200,"zero",0.5,0.25,1,0,"core",1206,1206,12.3128680523951,1.07762541761622,0,100,900,0.0625,-332,1664
7,200,"zero",0.5,0.25,1,0,"core",1207,1207,11.0420175602194,1.27596851263661,0,100,900,0.0625,-332,1664
8,200,"zero",0.5,0.25,1,0,"core",1208,1208,11.5867915209383,1.51313088077586,0,100,900,0.0625,-332,1664
9,200,"zero",0.5,0.25,1,0,"core",1209,1209,6.21425123303197,2.01455699407961,0,100,900,0.0625,-332,1664
10,200,"zero",0.5,0.25,1,0,"core",1210,1210,4.97263252129778,2.96424344182014,0,100,900,0.0625,-332,1664
11,200,"zero",0.5,0.25,1,0,"core",1211,1211,7.41425354359671,3.41476682259236,0,100,900,0.0625,-332,1664
12,200,"zero",0.5,0.25,1,0,"core",1212,1212,9.81385797658004,1.82409231644124,0,100,900,0.0625,-332,1664
13,200,"zero",0.5,0.25,1,0,"core",1213,1213,5.6851498556789,1.89425695710815,0,100,900,0.0625,-332,1664
14,200,"zero",0.5,0.25,1,0,"core",1214,1214,7.17857358977199,3.42406710563228,0,100,900,0.0625,-332,1664
15,200,"zero",0.5,0.25,1,0,"core",1215,1215,6.70493663987145,3.49125165329315,0,100,900,0.0625,-332,1664
16,200,"zero",0.5,0.25,1,0,"core",1216,1216,2.45763436984271,2.77755734650418,0,100,900,0.0625,-332,1664
17,200,"zero",0.5,0.25,1,0,"core",1217,1217,3.91019582655281,3.2290179048432,0,100,900,0.0625,-332,1664
18,200,"zero",0.5,0.25,1,0,"core",1218,1218,13.9613769229036,1.29076433379669,0,100,900,0.0625,-332,1664
19,200,"zero",0.5,0.25,1,0,"core",1219,1219,12.2019369485788,3.1005425414769,0,100,900,0.0625,-332,1664
20,200,"zero",0.5,0.25,1,0,"core",1220,1220,5.54580387705937,2.24618682893924,0,100,900,0.0625,-332,1664
21,200,"zero",0.5,0.25,1,0,"core",1221,1221,11.5175352566876,0.528349619358778,0,100,900,0.0625,-332,1664
22,200,"zero",0.5,0.25,1,0,"core",1222,1222,6.05101100588217,3.0330093104858,0,100,900,0.0625,-332,1664
23,200,"zero",0.5,0.25,1,0,"core",1223,1223,4.80802032514475,1.94422398949973,0,100,900,0.0625,-332,1664
24,200,"zero",0.5,0.25,1,0,"core",1224,1224,4.69134764513001,3.90687412105035,0,100,900,0.0625,-332,1664
25,200,"zero",0.5,0.25,1,0,"core",1225,1225,14.5137101551518,2.35181811486837,0,100,900,0.0625,-332,1664
26,200,"zero",0.5,0.25,1,0,"core",1226,1226,6.06623648572713,0.971101525472477,0,100,900,0.0625,-332,1664
27,200,"zero",0.5,0.25,1,0,"core",1227,1227,7.21717688278295,3.57477449078579,0,100,900,0.0625,-332,1664
28,200,"zero",0.5,0.25,1,0,"core",1228,1228,14.5730271127541,1.4410850397544,0,100,900,0.0625,-332,1664
29,200,"zero",0.5,0.25,1,0,"core",1229,1229,6.9617114441935,2.4971590138739,0,100,900,0.0625,-332,1664
30,200,"zero",0.5,0.25,1,0,"core",1230,1230,7.52575466316193,1.56468804005999,0,100,900,0.0625,-332,1664
31,200,"zero",0.5,0.25,1,0,"core",1231,1231,2.8696187029127,2.76758140348829,0,100,900,0.0625,-332,1664
32,200,"zero",0.5,0.25,1,0,"core",1232,1232,13.5802702887449,2.12372107815463,0,100,900,0.0625,-332,1664
33,200,"zero",0.5,0.25,1,0,"core",1233,1233,8.67736288392916,3.25651640084106,0,100,900,0.0625,-332,1664
34,200,"zero",0.5,0.25,1,0,"core",1234,1234,9.6353414284531,1.33331148326397,0,100,900,0.0625,-332,1664
35,200,"zero",0.5,0.25,1,0,"core",1235,1235,4.35475825634785,2.8292895470513,0,100,900,0.0625,-332,1664
36,200,"zero",0.5,0.25,1,0,"core",1236,1236,5.21802840102464,1.19204517104663,0,100,900,0.0625,-332,1664
37,200,"zero",0.5,0.25,1,0,"core",1237,1237,10.2855558716692,1.12535987060983,0,100,900,0.0625,-332,1664
38,200,"zero",0.5,0.25,1,0,"core",1238,1238,12.0289719058201,0.808116838918068,0,100,900,0.0625,-332,1664
39,200,"zero",0.5,0.25,1,0,"core",1239,1239,9.50705430260859,0.676102943718433,0,100,900,0.0625,-332,1664
40,200,"zero",0.5,0.25,1,0,"core",1240,1240,2.02080158097669,2.56857991230208,0,100,900,0.0625,-332,1664
41,200,"zero",0.5,0.25,1,0,"core",1241,1241,12.4650449894834,1.28094456286635,0,100,900,0.0625,-332,1664
42,200,"zero",0.5,0.25,1,0,"core",1242,1242,13.8573763670865,2.94874585187063,0,100,900,0.0625,-332,1664
43,200,"zero",0.5,0.25,1,0,"core",1243,1243,5.25138250528835,0.638941306853667,0,100,900,0.0625,-332,1664
44,200,"zero",0.5,0.25,1,0,"core",1244,1244,4.77543112612329,2.19707048963755,0,100,900,0.0625,-332,1664
45,200,"zero",0.5,0.25,1,0,"core",1245,1245,2.62657012953423,0.755546987871639,0,100,900,0.0625,-332,1664
46,200,"zero",0.5,0.25,1,0,"core",1246,1246,3.82935937377624,0.681368088000454,0,100,900,0.0625,-332,1664
47,200,"zero",0.5,0.25,1,0,"core",1247,1247,10.4727324864361,2.4203125925269,0,100,900,0.0625,-332,1664
48,200,"zero",0.5,0.25,1,0,"core",1248,1248,7.32793429680169,3.00839894276578,0,100,900,0.0625,-332,1664
49,200,"zero",0.5,0.25,1,0,"core",1249,1249,10.7168362077791,2.36012363573536,0,100,900,0.0625,-332,1664
50,200,"zero",0.5,0.25,1,0,"core",1250,1250,6.44454705738463,2.63479910127353,0,100,900,0.0625,-332,1664
51,200,"zero",0.5,0.25,1,0,"core",1251,1251,13.7054998094682,1.03891693928745,0,100,900,0.0625,-332,1664
52,200,"zero",0.5,0.25,1,0,"core",1252,1252,7.78248884179629,2.44556261273101,0,100,900,0.0625,-332,1664
53,200,"zero",0.5,0.25,1,0,"core",1253,1253,7.65741894533858,2.6881006648764,0,100,900,0.0625,-332,1664
54,200,"zero",0.5,0.25,1,0,"core",1254,1254,13.7709622362163,1.22203743236605,0,100,900,0.0625,-332,1664
55,200,"zero",0.5,0.25,1,0,"core",1255,1255,10.9870393546298,1.34391692257486,0,100,900,0.0625,-332,1664
56,200,"zero",0.5,0.25,1,0,"core",1256,1256,4.27008596016094,3.56648533570115,0,100,900,0.0625,-332,1664
57,200,"zero",0.5,0.25,1,0,"core",1257,1257,10.8048167431261,3.31257205677684,0,100,900,0.0625,-332,1664
58,200,"zero",0.5,0.25,1,0,"core",1258,1258,3.92919792747125,1.00808777066413,0,100,900,0.0625,-332,1664
59,200,"zero",0.5,0.25,1,0,"core",1259,1259,6.12017744989134,1.02858149912208,0,100,900,0.0625,-332,1664
60,200,"zero",0.5,0.25,1,0,"core",1260,1260,11.5934924711473,1.08492179319728,0,100,900,0.0625,-332,1664
61,200,"zero",0.5,0.25,1,0,"core",1261,1261,2.77711014379747,2.93279390060343,0,100,900,0.0625,-332,1664
62,200,"zero",0.5,0.25,1,0,"core",1262,1262,14.775385358138,1.24858935084194,0,100,900,0.0625,-332,1664
63,200,"zero",0.5,0.25,1,0,"core",1263,1263,5.19025909691118,1.13077260437422,0,100,900,0.0625,-332,1664
64,200,"zero",0.5,0.25,1,0,"core",1264,1264,2.77906830376014,2.53159171866719,0,100,900,0.0625,-332,1664
65,200,"zero",0.5,0.25,1,0,"core",1265,1265,9.26686177076772,1.92659173125867,0,100,900,0.0625,-332,1664
66,200,"zero",0.5,0.25,1,0,"core",1266,1266,9.97697366611101,1.67134464310948,0,100,900,0.0625,-332,1664
67,200,"zero",0.5,0.25,1,0,"core",1267,1267,9.20022998889908,0.718553512822837,0,100,900,0.0625,-332,1664
68,200,"zero",0.5,0.25,1,0,"core",1268,1268,14.9298577767331,1.23432414105628,0,100,900,0.0625,-332,1664
69,200,"zero",0.5,0.25,1,0,"core",1269,1269,3.1047208015807,1.19303894310724,0,100,900,0.0625,-332,1664
70,200,"zero",0.5,0.25,1,0,"core",1270,1270,5.93095488892868,3.54354321758728,0,100,900,0.0625,-332,1664
71,200,"zero",0.5,0.25,1,0,"core",1271,1271,8.01783772138879,3.8309754995862,0,100,900,0.0625,-332,1664
72,200,"zero",0.5,0.25,1,0,"core",1272,1272,11.5085219233297,1.75958092859946,0,100,900,0.0625,-332,1664
73,200,"zero",0.5,0.25,1,0,"core",1273,1273,3.7126082633622,1.57667552295607,0,100,900,0.0625,-332,1664
74,200,"zero",0.5,0.25,1,0,"core",1274,1274,7.79740598471835,2.10557945969049,0,100,900,0.0625,-332,1664
75,200,"zero",0.5,0.25,1,0,"core",1275,1275,12.0335553986952,1.06653949921019,0,100,900,0.0625,-332,1664
76,200,"zero",0.5,0.25,1,0,"core",1276,1276,11.943266027607,3.76113220944535,0,100,900,0.0625,-332,1664
77,200,"zero",0.5,0.25,1,0,"core",1277,1277,8.90247647231445,1.8398100992199,0,100,900,0.0625,-332,1664
78,200,"zero",0.5,0.25,1,0,"core",1278,1278,4.2741754038725,1.10275231592823,0,100,900,0.0625,-332,1664
79,200,"zero",0.5,0.25,1,0,"core",1279,1279,6.01131393387914,3.619255669415,0,100,900,0.0625,-332,1664
80,200,"zero",0.5,0.25,1,0,"core",1280,1280,6.01315538655035,3.30691013578326,0,100,900,0.0625,-332,1664
81,200,"zero",0.5,0.25,1,0,"core",1281,1281,11.4854013395961,2.99467566178646,0,100,900,0.0625,-332,1664
82,200,"zero",0.5,0.25,1,0,"core",1282,1282,9.28379455558024,2.61500972812064,0,100,900,0.0625,-332,1664
83,200,"zero",0.5,0.25,1,0,"core",1283,1283,4.50138275884092,2.05790382181294,0,100,900,0.0625,-332,1664
84,200,"zero",0.5,0.25,1,0,"core",1284,1284,5.94716188381426,3.91173073358368,0,100,900,0.0625,-332,1664
85,200,"zero",0.5,0.25,1,0,"core",1285,1285,13.416921230033,3.9507611442823,0,100,900,0.0625,-332,1664
86,200,"zero",0.5,0.25,1,0,"core",1286,1286,10.4554985321593,1.28735428431537,0,100,900,0.0625,-332,1664
87,200,"zero",0.5,0.25,1,0,"core",1287,1287,4.86948417569511,2.34695760870818,0,100,900,0.0625,-332,1664
88,200,"zero",0.5,0.25,1,0,"core",1288,1288,9.52842961321585,3.90245860151481,0,100,900,0.0625,-332,1664
89,200,"zero",0.5,0.25,1,0,"core",1289,1289,2.45970722124912,3.18533178069629,0,100,900,0.0625,-332,1664
90,200,"zero",0.5,0.25,1,0,"core",1290,1290,12.1932070597541,2.93535534723196,0,100,900,0.0625,-332,1664
91,200,"zero",0.5,0.25,1,0,"core",1291,1291,4.33284106408246,0.959381583146751,0,100,900,0.0625,-332,1664
92,200,"zero",0.5,0.25,1,0,"core",1292,1292,12.9837303091772,2.27371668827254,0,100,900,0.0625,-332,1664
93,200,"zero",0.5,0.25,1,0,"core",1293,1293,6.68974089529365,3.40850624709856,0,100,900,0.0625,-332,1664
94,200,"zero",0.5,0.25,1,0,"core",1294,1294,7.64188380585983,0.646188212675042,0,100,900,0.0625,-332,1664
95,200,"zero",0.5,0.25,1,0,"core",1295,1295,7.58908316981979,2.30405123753008,0,100,900,0.0625,-332,1664
96,200,"zero",0.5,0.25,1,0,"core",1296,1296,14.5174026433378,2.54164334048983,0,100,900,0.0625,-332,1664
97,200,"zero",0.5,0.25,1,0,"core",1297,1297,4.75671458849683,2.2224116018042,0,100,900,0.0625,-332,1664
98,200,"zero",0.5,0.25,1,0,"core",1298,1298,7.38632658566348,0.728140322957188,0,100,900,0.0625,-332,1664
99,200,"zero",0.5,0.25,1,0,"core",1299,1299,6.51405395870097,3.76296981878113,0,100,900,0.0625,-332,1664
100,200,"zero",0.5,0.25,1,0,"core",1300,1300,6.69770395988598,2.32979389606044,0,100,900,0.0625,-332,1664
101,200,"zero",0.5,0.25,1,0,"core",1301,1301,9.90207670885138,2.79307501984295,0,100,900,0.0625,-332,1664
102,200,"zero",0.5,0.25,1,0,"core",1302,1302,2.7872165448498,1.31395633507054,0,100,900,0.0625,-332,1664
103,200,"zero",0.5,0.25,1,0,"core",1303,1303,9.82406728575006,3.51898250053637,0,100,900,0.0625,-332,1664
104,200,"zero",0.5,0.25,1,0,"core",1304,1304,10.4441023881081,1.20591111213434,0,100,900,0.0625,-332,1664
105,200,"zero",0.5,0.25,1,0,"core",1305,1305,9.07146318815649,2.81419494259171,0,100,900,0.0625,-332,1664
106,200,"zero",0.5,0.25,1,0,"core",1306,1306,11.9695136784576,3.70936816558242,0,100,900,0.0625,-332,1664
107,200,"zero",0.5,0.25,1,0,"core",1307,1307,4.34069590247236,1.3816976811504,0,100,900,0.0625,-332,1664
108,200,"zero",0.5,0.25,1,0,"core",1308,1308,3.44262263737619,1.96798200171907,0,100,900,0.0625,-332,1664
109,200,"zero",0.5,0.25,1,0,"core",1309,1309,9.59605353721417,0.77346565015614,0,100,900,0.0625,-332,1664
110,200,"zero",0.5,0.25,1,0,"core",1310,1310,13.5959411317017,1.94373057212215,0,100,900,0.0625,-332,1664
111,200,"zero",0.5,0.25,1,0,"core",1311,1311,13.956640379969,2.61751101340633,0,100,900,0.0625,-332,1664
112,200,"zero",0.5,0.25,1,0,"core",1312,1312,9.67525189882144,3.53204670245759,0,100,900,0.0625,-332,1664
113,200,"zero",0.5,0.25,1,0,"core",1313,1313,4.72246208810247,1.37325743981637,0,100,900,0.0625,-332,1664
114,200,"zero",0.5,0.25,1,0,"core",1314,1314,3.27280281344429,2.51884200330824,0,100,900,0.0625,-332,1664
115,200,"zero",0.5,0.25,1,0,"core",1315,1315,14.6430405336432,2.66225875390228,0,100,900,0.0625,-332,1664
116,200,"zero",0.5,0.25,1,0,"core",1316,1316,2.6892407736741,1.97069883160293,0,100,900,0.0625,-332,1664
117,200,"zero",0.5,0.25,1,0,"core",1317,1317,12.4866334230173,2.68017883249559,0,100,900,0.0625,-332,1664
118,200,"zero",0.5,0.25,1,0,"core",1318,1318,13.6266837809235,3.60974293760955,0,100,900,0.0625,-332,1664
119,200,"zero",0.5,0.25,1,0,"core",1319,1319,3.34071050281636,0.986155979451723,0,100,900,0.0625,-332,1664
120,200,"zero",0.5,0.25,1,0,"core",1320,1320,11.0060274323914,1.16364658472594,0,100,900,0.0625,-332,1664
121,200,"zero",0.5,0.25,1,0,"core",1321,1321,4.20191475469619,1.76466596371029,0,100,900,0.0625,-332,1664
122,200,"zero",0.5,0.25,1,0,"core",1322,1322,9.41705590672791,1.35965255752672,0,100,900,0.0625,-332,1664
123,200,"zero",0.5,0.25,1,0,"core",1323,1323,6.95045109442435,1.11579502548557,0,100,900,0.0625,-332,1664
124,200,"zero",0.5,0.25,1,0,"core",1324,1324,4.96398543659598,2.09219631366432,0,100,900,0.0625,-332,1664
125,200,"zero",0.5,0.25,1,0,"core",1325,1325,8.48857157514431,3.90553659258876,0,100,900,0.0625,-332,1664
126,200,"zero",0.5,0.25,1,0,"core",1326,1326,12.3009785765316,2.48157473246101,0,100,900,0.0625,-332,1664
127,200,"zero",0.5,0.25,1,0,"core",1327,1327,4.34783263597637,3.41372549661901,0,100,900,0.0625,-332,1664
128,200,"zero",0.5,0.25,1,0,"core",1328,1328,4.6260807949584,0.663338840357028,0,100,900,0.0625,-332,1664
129,200,"zero",0.5,0.25,1,0,"core",1329,1329,5.35349771985784,1.93005505285691,0,100,900,0.0625,-332,1664
130,200,"zero",0.5,0.25,1,0,"core",1330,1330,11.9714520915877,1.65288017713465,0,100,900,0.0625,-332,1664
131,200,"zero",0.5,0.25,1,0,"core",1331,1331,10.4065433465876,3.69417832046747,0,100,900,0.0625,-332,1664
132,200,"zero",0.5,0.25,1,0,"core",1332,1332,4.21292050834745,0.880331300548278,0,100,900,0.0625,-332,1664
133,200,"zero",0.5,0.25,1,0,"core",1333,1333,9.92340162023902,3.21850775426719,0,100,900,0.0625,-332,1664
134,200,"zero",0.5,0.25,1,0,"core",1334,1334,8.29679087619297,2.83600579423364,0,100,900,0.0625,-332,1664
135,200,"zero",0.5,0.25,1,0,"core",1335,1335,4.9277070001699,2.03641023475211,0,100,900,0.0625,-332,1664
136,200,"zero",0.5,0.25,1,0,"core",1336,1336,9.54931866866536,1.03838892746717,0,100,900,0.0625,-332,1664
137,200,"zero",0.5,0.25,1,0,"core",1337,1337,6.13499277736992,1.82077917817514,0,100,900,0.0625,-332,1664
138,200,"zero",0.5,0.25,1,0,"core",1338,1338,10.6562438572291,2.81469231715892,0,100,900,0.0625,-332,1664
139,200,"zero",0.5,0.25,1,0,"core",1339,1339,4.34482874441892,1.19352566357702,0,100,900,0.0625,-332,1664
140,200,"zero",0.5,0.25,1,0,"core",1340,1340,13.1300369009841,3.32887749443762,0,100,900,0.0625,-332,1664
141,200,"zero",0.5,0.25,1,0,"core",1341,1341,2.06001527328044,2.8384936938528,0,100,900,0.0625,-332,1664
142,200,"zero",0.5,0.25,1,0,"core",1342,1342,4.46494821831584,2.04120540083386,0,100,900,0.0625,-332,1664
143,200,"zero",0.5,0.25,1,0,"core",1343,1343,5.5936441202648,1.84520858270116,0,100,900,0.0625,-332,1664
144,200,"zero",0.5,0.25,1,0,"core",1344,1344,7.78679146897048,3.12786318478175,0,100,900,0.0625,-332,1664
145,200,"zero",0.5,0.25,1,0,"core",1345,1345,5.39843406481668,2.61012609978206,0,100,900,0.0625,-332,1664
146,200,"zero",0.5,0.25,1,0,"core",1346,1346,12.1542315189727,0.880772887379862,0,100,900,0.0625,-332,1664
147,200,"zero",0.5,0.25,1,0,"core",1347,1347,7.95171360624954,3.5367724490352,0,100,900,0.0625,-332,1664
148,200,"zero",0.5,0.25,1,0,"core",1348,1348,5.20970702404156,3.23877972364426,0,100,900,0.0625,-332,1664
149,200,"zero",0.5,0.25,1,0,"core",1349,1349,4.12512571248226,3.54490740329493,0,100,900,0.0625,-332,1664
150,200,"zero",0.5,0.25,1,0,"core",1350,1350,6.9832157054916,3.01712317764759,0,100,900,0.0625,-332,1664
151,200,"zero",0.5,0.25,1,0,"core",1351,1351,10.8796068332158,2.51592075068038,0,100,900,0.0625,-332,1664
152,200,"zero",0.5,0.25,1,0,"core",1352,1352,8.80982625600882,2.06549012998585,0,100,900,0.0625,-332,1664
153,200,"zero",0.5,0.25,1,0,"core",1353,1353,3.02592604840174,2.25701295491308,0,100,900,0.0625,-332,1664
154,200,"zero",0.5,0.25,1,0,"core",1354,1354,13.3503546272404,2.40952651598491,0,100,900,0.0625,-332,1664
155,200,"zero",0.5,0.25,1,0,"core",1355,1355,14.3312173201703,3.76332886854652,0,100,900,0.0625,-332,1664
156,200,"zero",0.5,0.25,1,0,"core",1356,1356,4.33767695561983,0.509732964565046,0,100,900,0.0625,-332,1664
157,200,"zero",0.5,0.25,1,0,"core",1357,1357,3.68561822664924,1.40507412853185,0,100,900,0.0625,-332,1664
158,200,"zero",0.5,0.25,1,0,"core",1358,1358,6.01771295187064,1.27245425933506,0,100,900,0.0625,-332,1664
159,200,"zero",0.5,0.25,1,0,"core",1359,1359,10.7031144716311,0.586749571957625,0,100,900,0.0625,-332,1664
160,200,"zero",0.5,0.25,1,0,"core",1360,1360,3.49335457477719,3.98662408546079,0,100,900,0.0625,-332,1664
161,200,"zero",0.5,0.25,1,0,"core",1361,1361,14.6272390147205,1.49632512265816,0,100,900,0.0625,-332,1664
162,200,"zero",0.5,0.25,1,0,"core",1362,1362,8.98035780433565,2.81890918104909,0,100,900,0.0625,-332,1664
163,200,"zero",0.5,0.25,1,0,"core",1363,1363,5.14244147599675,0.726905681425706,0,100,900,0.0625,-332,1664
164,200,"zero",0.5,0.25,1,0,"core",1364,1364,11.8155159344897,2.24718316306826,0,100,900,0.0625,-332,1664
165,200,"zero",0.5,0.25,1,0,"core",1365,1365,6.61556490021758,1.62953554536216,0,100,900,0.0625,-332,1664
166,200,"zero",0.5,0.25,1,0,"core",1366,1366,3.89162377011962,3.69925310730468,0,100,900,0.0625,-332,1664
167,200,"zero",0.5,0.25,1,0,"core",1367,1367,5.23344232025556,2.43472038418986,0,100,900,0.0625,-332,1664
168,200,"zero",0.5,0.25,1,0,"core",1368,1368,5.25370757072233,2.51173971092794,0,100,900,0.0625,-332,1664
169,200,"zero",0.5,0.25,1,0,"core",1369,1369,9.02525053313002,3.60871671349742,0,100,900,0.0625,-332,1664
170,200,"zero",0.5,0.25,1,0,"core",1370,1370,12.7454359612893,3.34320310270414,0,100,900,0.0625,-332,1664
171,200,"zero",0.5,0.25,1,0,"core",1371,1371,11.2295332006179,2.52252167952247,0,100,900,0.0625,-332,1664
172,200,"zero",0.5,0.25,1,0,"core",1372,1372,14.4372331940103,3.43460975307971,0,100,900,0.0625,-332,1664
173,200,"zero",0.5,0.25,1,0,"core",1373,1373,2.83169914851896,2.77550924499519,0,100,900,0.0625,-332,1664
174,200,"zero",0.5,0.25,1,0,"core",1374,1374,8.81899555120617,3.79738414089661,0,100,900,0.0625,-332,1664
175,200,"zero",0.5,0.25,1,0,"core",1375,1375,3.99546270701103,3.54296971030999,0,100,900,0.0625,-332,1664
176,200,"zero",0.5,0.25,1,0,"core",1376,1376,5.51102827326395,0.636765440925956,0,100,900,0.0625,-332,1664
177,200,"zero",0.5,0.25,1,0,"core",1377,1377,3.06809188309126,1.33976958820131,0,100,900,0.0625,-332,1664
178,200,"zero",0.5,0.25,1,0,"core",1378,1378,12.1368009136058,3.59844845917542,0,100,900,0.0625,-332,1664
179,200,"zero",0.5,0.25,1,0,"core",1379,1379,10.6790084743407,3.51263087056577,0,100,900,0.0625,-332,1664
180,200,"zero",0.5,0.25,1,0,"core",1380,1380,6.2873276618775,0.783679141895846,0,100,900,0.0625,-332,1664
181,200,"zero",0.5,0.25,1,0,"core",1381,1381,10.3745540045202,2.34701860614587,0,100,900,0.0625,-332,1664
182,200,"zero",0.5,0.25,1,0,"core",1382,1382,4.42134446068667,2.35753435594961,0,100,900,0.0625,-332,1664
183,200,"zero",0.5,0.25,1,0,"core",1383,1383,5.1071182093583,2.95930886873975,0,100,900,0.0625,-332,1664
184,200,"zero",0.5,0.25,1,0,"core",1384,1384,14.0766278854571,3.53134266578127,0,100,900,0.0625,-332,1664
185,200,"zero",0.5,0.25,1,0,"core",1385,1385,4.00347548979335,2.2303731625434,0,100,900,0.0625,-332,1664
186,200,"zero",0.5,0.25,1,0,"core",1386,1386,2.33648614468984,0.941090086940676,0,100,900,0.0625,-332,1664
187,200,"zero",0.5,0.25,1,0,"core",1387,1387,2.65552559657954,1.3253768022405,0,100,900,0.0625,-332,1664
188,200,"zero",0.5,0.25,1,0,"core",1388,1388,9.7294082317967,1.50708378653508,0,100,900,0.0625,-332,1664
189,200,"zero",0.5,0.25,1,0,"core",1389,1389,11.7838664080482,3.33065832348075,0,100,900,0.0625,-332,1664
190,200,"zero",0.5,0.25,1,0,"core",1390,1390,9.18412549654022,2.05669638025574,0,100,900,0.0625,-332,1664
191,200,"zero",0.5,0.25,1,0,"core",1391,1391,4.93881383375265,1.76391893578693,0,100,900,0.0625,-332,1664
192,200,"zero",0.5,0.25,1,0,"core",1392,1392,11.9697764257435,2.09081803413574,0,100,900,0.0625,-332,1664
193,200,"zero",0.5,0.25,1,0,"core",1393,1393,11.9200069920626,2.74953376990743,0,100,900,0.0625,-332,1664
194,200,"zero",0.5,0.25,1,0,"core",1394,1394,6.28397037950344,0.69744066754356,0,100,900,0.0625,-332,1664
195,200,"zero",0.5,0.25,1,0,"core",1395,1395,14.7007222452667,2.19821257155854,0,100,900,0.0625,-332,1664
196,200,"zero",0.5,0.25,1,0,"core",1396,1396,14.2949767126702,1.23032966861501,0,100,900,0.0625,-332,1664
197,200,"zero",0.5,0.25,1,0,"core",1397,1397,13.841319471132,1.16900682135019,0,100,900,0.0625,-332,1664
198,200,"zero",0.5,0.25,1,0,"core",1398,1398,14.8352458954323,3.05866883625276,0,100,900,0.0625,-332,1664
199,200,"zero",0.5,0.25,1,0,"core",1399,1399,4.65388312144205,0.537814658717252,0,100,900,0.0625,-332,1664
200,200,"zero",0.5,0.25,1,0,"core",1400,1400,8.38425713428296,3.80734028329607,0,100,900,0.0625,-332,1664
1,500,"zero",0.5,0.25,1,0,"core",1401,1401,13.3429790763184,1.6186447434593,0,100,900,0.0625,-332,1664
2,500,"zero",0.5,0.25,1,0,"core",1402,1402,13.5580903189257,3.83663289865945,0,100,900,0.0625,-332,1664
3,500,"zero",0.5,0.25,1,0,"core",1403,1403,5.26549571240321,2.51702693593688,0,100,900,0.0625,-332,1664
4,500,"zero",0.5,0.25,1,0,"core",1404,1404,7.0564067682717,1.74776318436489,0,100,900,0.0625,-332,1664
5,500,"zero",0.5,0.25,1,0,"core",1405,1405,9.97476536245085,1.83277538383845,0,100,900,0.0625,-332,1664
6,500,"zero",0.5,0.25,1,0,"core",1406,1406,6.68933429638855,2.34949527797289,0,100,900,0.0625,-332,1664
7,500,"zero",0.5,0.25,1,0,"core",1407,1407,9.34593012533151,1.19186217465904,0,100,900,0.0625,-332,1664
8,500,"zero",0.5,0.25,1,0,"core",1408,1408,5.27838568738662,3.80354308523238,0,100,900,0.0625,-332,1664
9,500,"zero",0.5,0.25,1,0,"core",1409,1409,11.1868145212065,0.708664011093788,0,100,900,0.0625,-332,1664
10,500,"zero",0.5,0.25,1,0,"core",1410,1410,5.15408391365781,3.63759674539324,0,100,900,0.0625,-332,1664
11,500,"zero",0.5,0.25,1,0,"core",1411,1411,8.54647223325446,2.28711526049301,0,100,900,0.0625,-332,1664
12,500,"zero",0.5,0.25,1,0,"core",1412,1412,12.6841294346377,2.54275990277529,0,100,900,0.0625,-332,1664
13,500,"zero",0.5,0.25,1,0,"core",1413,1413,9.99035229044966,2.35015416797251,0,100,900,0.0625,-332,1664
14,500,"zero",0.5,0.25,1,0,"core",1414,1414,10.5399013978895,1.42133060330525,0,100,900,0.0625,-332,1664
15,500,"zero",0.5,0.25,1,0,"core",1415,1415,11.5724109446164,3.66808382491581,0,100,900,0.0625,-332,1664
16,500,"zero",0.5,0.25,1,0,"core",1416,1416,9.6388180302456,1.35256992804352,0,100,900,0.0625,-332,1664
17,500,"zero",0.5,0.25,1,0,"core",1417,1417,2.21978446794674,2.42777277342975,0,100,900,0.0625,-332,1664
18,500,"zero",0.5,0.25,1,0,"core",1418,1418,11.9371493039653,3.27804643462878,0,100,900,0.0625,-332,1664
19,500,"zero",0.5,0.25,1,0,"core",1419,1419,7.10096548683941,3.75167806865647,0,100,900,0.0625,-332,1664
20,500,"zero",0.5,0.25,1,0,"core",1420,1420,2.76988287572749,3.14651073107962,0,100,900,0.0625,-332,1664
21,500,"zero",0.5,0.25,1,0,"core",1421,1421,10.4208304311614,2.28331866057124,0,100,900,0.0625,-332,1664
22,500,"zero",0.5,0.25,1,0,"core",1422,1422,4.0529522956349,2.76849182683509,0,100,900,0.0625,-332,1664
23,500,"zero",0.5,0.25,1,0,"core",1423,1423,9.56802515126765,1.62072692683432,0,100,900,0.0625,-332,1664
24,500,"zero",0.5,0.25,1,0,"core",1424,1424,5.83994950144552,3.67429201165214,0,100,900,0.0625,-332,1664
25,500,"zero",0.5,0.25,1,0,"core",1425,1425,9.17270640935749,2.68477490614168,0,100,900,0.0625,-332,1664
26,500,"zero",0.5,0.25,1,0,"core",1426,1426,5.94911130238324,1.83353352546692,0,100,900,0.0625,-332,1664
27,500,"zero",0.5,0.25,1,0,"core",1427,1427,14.4552585592028,2.16539002407808,0,100,900,0.0625,-332,1664
28,500,"zero",0.5,0.25,1,0,"core",1428,1428,11.8323096984532,0.605880921357311,0,100,900,0.0625,-332,1664
29,500,"zero",0.5,0.25,1,0,"core",1429,1429,7.81854241131805,2.12472977116704,0,100,900,0.0625,-332,1664
30,500,"zero",0.5,0.25,1,0,"core",1430,1430,13.8672977641691,2.29693368845619,0,100,900,0.0625,-332,1664
31,500,"zero",0.5,0.25,1,0,"core",1431,1431,8.96706300717779,0.815349088632502,0,100,900,0.0625,-332,1664
32,500,"zero",0.5,0.25,1,0,"core",1432,1432,11.3091861449648,3.27392895356752,0,100,900,0.0625,-332,1664
33,500,"zero",0.5,0.25,1,0,"core",1433,1433,7.86546710552648,1.77012631576508,0,100,900,0.0625,-332,1664
34,500,"zero",0.5,0.25,1,0,"core",1434,1434,9.54734764178284,1.09798273467459,0,100,900,0.0625,-332,1664
35,500,"zero",0.5,0.25,1,0,"core",1435,1435,14.8773110164329,0.70988611120265,0,100,900,0.0625,-332,1664
36,500,"zero",0.5,0.25,1,0,"core",1436,1436,9.9679620640818,1.91870977554936,0,100,900,0.0625,-332,1664
37,500,"zero",0.5,0.25,1,0,"core",1437,1437,5.46907430537976,1.64193845004775,0,100,900,0.0625,-332,1664
38,500,"zero",0.5,0.25,1,0,"core",1438,1438,5.15719080111012,2.80422289320268,0,100,900,0.0625,-332,1664
39,500,"zero",0.5,0.25,1,0,"core",1439,1439,13.2252158559859,3.3718402441591,0,100,900,0.0625,-332,1664
40,500,"zero",0.5,0.25,1,0,"core",1440,1440,12.9312610591296,3.25587300630286,0,100,900,0.0625,-332,1664
41,500,"zero",0.5,0.25,1,0,"core",1441,1441,13.3416047706269,0.500416785129346,0,100,900,0.0625,-332,1664
42,500,"zero",0.5,0.25,1,0,"core",1442,1442,13.7210747180507,2.12535417755134,0,100,900,0.0625,-332,1664
43,500,"zero",0.5,0.25,1,0,"core",1443,1443,4.98263115016744,1.32161078578793,0,100,900,0.0625,-332,1664
44,500,"zero",0.5,0.25,1,0,"core",1444,1444,5.18904225132428,0.689658750663511,0,100,900,0.0625,-332,1664
45,500,"zero",0.5,0.25,1,0,"core",1445,1445,13.597080076579,1.78576428000815,0,100,900,0.0625,-332,1664
46,500,"zero",0.5,0.25,1,0,"core",1446,1446,10.6565716564655,3.73428011499345,0,100,900,0.0625,-332,1664
47,500,"zero",0.5,0.25,1,0,"core",1447,1447,11.3896028473973,0.889019254944287,0,100,900,0.0625,-332,1664
48,500,"zero",0.5,0.25,1,0,"core",1448,1448,7.09426818997599,2.6372052396182,0,100,900,0.0625,-332,1664
49,500,"zero",0.5,0.25,1,0,"core",1449,1449,12.9607305401005,0.794352228287607,0,100,900,0.0625,-332,1664
50,500,"zero",0.5,0.25,1,0,"core",1450,1450,3.06266457028687,1.49086868786253,0,100,900,0.0625,-332,1664
51,500,"zero",0.5,0.25,1,0,"core",1451,1451,2.51740579819307,3.87470288493205,0,100,900,0.0625,-332,1664
52,500,"zero",0.5,0.25,1,0,"core",1452,1452,6.13284289394505,2.15882183902431,0,100,900,0.0625,-332,1664
53,500,"zero",0.5,0.25,1,0,"core",1453,1453,4.85523485345766,3.17138603411149,0,100,900,0.0625,-332,1664
54,500,"zero",0.5,0.25,1,0,"core",1454,1454,13.6104698425625,1.23164833604824,0,100,900,0.0625,-332,1664
55,500,"zero",0.5,0.25,1,0,"core",1455,1455,6.54318926297128,0.957149568479508,0,100,900,0.0625,-332,1664
56,500,"zero",0.5,0.25,1,0,"core",1456,1456,2.08317028684542,3.07551496650558,0,100,900,0.0625,-332,1664
57,500,"zero",0.5,0.25,1,0,"core",1457,1457,9.47107248031534,2.5298230512999,0,100,900,0.0625,-332,1664
58,500,"zero",0.5,0.25,1,0,"core",1458,1458,9.74599738419056,3.94873033673503,0,100,900,0.0625,-332,1664
59,500,"zero",0.5,0.25,1,0,"core",1459,1459,8.17894931929186,1.54655949759763,0,100,900,0.0625,-332,1664
60,500,"zero",0.5,0.25,1,0,"core",1460,1460,14.7727849176154,3.35712871619035,0,100,900,0.0625,-332,1664
61,500,"zero",0.5,0.25,1,0,"core",1461,1461,7.73323657293804,1.03368710901123,0,100,900,0.0625,-332,1664
62,500,"zero",0.5,0.25,1,0,"core",1462,1462,5.03628320340067,3.69176680862438,0,100,900,0.0625,-332,1664
63,500,"zero",0.5,0.25,1,0,"core",1463,1463,11.4308330987114,2.93753012036905,0,100,900,0.0625,-332,1664
64,500,"zero",0.5,0.25,1,0,"core",1464,1464,5.78389570792206,2.69015445769764,0,100,900,0.0625,-332,1664
65,500,"zero",0.5,0.25,1,0,"core",1465,1465,12.6548208158929,3.15789640496951,0,100,900,0.0625,-332,1664
66,500,"zero",0.5,0.25,1,0,"core",1466,1466,2.70305420667864,0.602468783268705,0,100,900,0.0625,-332,1664
67,500,"zero",0.5,0.25,1,0,"core",1467,1467,14.3786393355113,1.01567172538489,0,100,900,0.0625,-332,1664
68,500,"zero",0.5,0.25,1,0,"core",1468,1468,3.86720090638846,2.44435779110063,0,100,900,0.0625,-332,1664
69,500,"zero",0.5,0.25,1,0,"core",1469,1469,11.4504515889566,3.95143638539594,0,100,900,0.0625,-332,1664
70,500,"zero",0.5,0.25,1,0,"core",1470,1470,13.3267612182535,2.83706377609633,0,100,900,0.0625,-332,1664
71,500,"zero",0.5,0.25,1,0,"core",1471,1471,3.59400037257001,0.981686172424816,0,100,900,0.0625,-332,1664
72,500,"zero",0.5,0.25,1,0,"core",1472,1472,7.8354770091828,2.2568201405229,0,100,900,0.0625,-332,1664
73,500,"zero",0.5,0.25,1,0,"core",1473,1473,3.10494302306324,3.30705057771411,0,100,900,0.0625,-332,1664
74,500,"zero",0.5,0.25,1,0,"core",1474,1474,6.81236899481155,2.0442345145857,0,100,900,0.0625,-332,1664
75,500,"zero",0.5,0.25,1,0,"core",1475,1475,13.8157630986534,2.24220717395656,0,100,900,0.0625,-332,1664
76,500,"zero",0.5,0.25,1,0,"core",1476,1476,8.23929673223756,1.16637250897475,0,100,900,0.0625,-332,1664
77,500,"zero",0.5,0.25,1,0,"core",1477,1477,6.51047218777239,1.6756915661972,0,100,900,0.0625,-332,1664
78,500,"zero",0.5,0.25,1,0,"core",1478,1478,4.79667939292267,3.19072976789903,0,100,900,0.0625,-332,1664
79,500,"zero",0.5,0.25,1,0,"core",1479,1479,10.2962762466632,2.07866127789021,0,100,900,0.0625,-332,1664
80,500,"zero",0.5,0.25,1,0,"core",1480,1480,3.0159507652279,1.16996427951381,0,100,900,0.0625,-332,1664
81,500,"zero",0.5,0.25,1,0,"core",1481,1481,10.5207483142149,3.7183847068809,0,100,900,0.0625,-332,1664
82,500,"zero",0.5,0.25,1,0,"core",1482,1482,6.94160829088651,0.649072620901279,0,100,900,0.0625,-332,1664
83,500,"zero",0.5,0.25,1,0,"core",1483,1483,11.7179018415045,3.63697893160861,0,100,900,0.0625,-332,1664
84,500,"zero",0.5,0.25,1,0,"core",1484,1484,9.63095644512214,2.28780661069322,0,100,900,0.0625,-332,1664
85,500,"zero",0.5,0.25,1,0,"core",1485,1485,6.38300994923338,2.26944951771293,0,100,900,0.0625,-332,1664
86,500,"zero",0.5,0.25,1,0,"core",1486,1486,10.7147673033178,0.914644028991461,0,100,900,0.0625,-332,1664
87,500,"zero",0.5,0.25,1,0,"core",1487,1487,6.82806754508056,3.39512033120263,0,100,900,0.0625,-332,1664
88,500,"zero",0.5,0.25,1,0,"core",1488,1488,14.4349384086672,3.58360211865511,0,100,900,0.0625,-332,1664
89,500,"zero",0.5,0.25,1,0,"core",1489,1489,10.7006285772659,2.15063704992644,0,100,900,0.0625,-332,1664
90,500,"zero",0.5,0.25,1,0,"core",1490,1490,3.36200766148977,3.30268207425252,0,100,900,0.0625,-332,1664
91,500,"zero",0.5,0.25,1,0,"core",1491,1491,4.81459166482091,3.4019988370128,0,100,900,0.0625,-332,1664
92,500,"zero",0.5,0.25,1,0,"core",1492,1492,7.37749235099182,0.821268685744144,0,100,900,0.0625,-332,1664
93,500,"zero",0.5,0.25,1,0,"core",1493,1493,7.3335769996047,2.06931584328413,0,100,900,0.0625,-332,1664
94,500,"zero",0.5,0.25,1,0,"core",1494,1494,5.09676413144916,1.7208377890056,0,100,900,0.0625,-332,1664
95,500,"zero",0.5,0.25,1,0,"core",1495,1495,5.64276259555481,3.80861914576963,0,100,900,0.0625,-332,1664
96,500,"zero",0.5,0.25,1,0,"core",1496,1496,13.2567821817938,1.51623511919752,0,100,900,0.0625,-332,1664
97,500,"zero",0.5,0.25,1,0,"core",1497,1497,3.76901600160636,0.624018386239186,0,100,900,0.0625,-332,1664
98,500,"zero",0.5,0.25,1,0,"core",1498,1498,10.1617643677164,3.76418706041295,0,100,900,0.0625,-332,1664
99,500,"zero",0.5,0.25,1,0,"core",1499,1499,9.33831582963467,3.68702383735217,0,100,900,0.0625,-332,1664
100,500,"zero",0.5,0.25,1,0,"core",1500,1500,14.894052277552,1.14300980989356,0,100,900,0.0625,-332,1664
101,500,"zero",0.5,0.25,1,0,"core",1501,1501,10.7602851507254,2.5348712974228,0,100,900,0.0625,-332,1664
102,500,"zero",0.5,0.25,1,0,"core",1502,1502,8.70573006547056,2.96516150247771,0,100,900,0.0625,-332,1664
103,500,"zero",0.5,0.25,1,0,"core",1503,1503,9.00898608053103,3.50999356422108,0,100,900,0.0625,-332,1664
104,500,"zero",0.5,0.25,1,0,"core",1504,1504,2.86045027640648,1.83559242123738,0,100,900,0.0625,-332,1664
105,500,"zero",0.5,0.25,1,0,"core",1505,1505,10.2008053690661,3.88253315025941,0,100,900,0.0625,-332,1664
106,500,"zero",0.5,0.25,1,0,"core",1506,1506,5.23621111735702,0.757014164817519,0,100,900,0.0625,-332,1664
107,500,"zero",0.5,0.25,1,0,"core",1507,1507,8.0319441545289,3.51969138998538,0,100,900,0.0625,-332,1664
108,500,"zero",0.5,0.25,1,0,"core",1508,1508,3.77198849921115,3.98038998630363,0,100,900,0.0625,-332,1664
109,500,"zero",0.5,0.25,1,0,"core",1509,1509,7.59478256455623,3.94067619519774,0,100,900,0.0625,-332,1664
110,500,"zero",0.5,0.25,1,0,"core",1510,1510,8.93680243613198,0.503925164579414,0,100,900,0.0625,-332,1664
111,500,"zero",0.5,0.25,1,0,"core",1511,1511,2.75560800428502,3.12403304735199,0,100,900,0.0625,-332,1664
112,500,"zero",0.5,0.25,1,0,"core",1512,1512,14.8569383327849,1.82480343140196,0,100,900,0.0625,-332,1664
113,500,"zero",0.5,0.25,1,0,"core",1513,1513,13.533156743506,0.595223167445511,0,100,900,0.0625,-332,1664
114,500,"zero",0.5,0.25,1,0,"core",1514,1514,3.61204895027913,3.6448335153982,0,100,900,0.0625,-332,1664
115,500,"zero",0.5,0.25,1,0,"core",1515,1515,14.0584259005263,1.52635519322939,0,100,900,0.0625,-332,1664
116,500,"zero",0.5,0.25,1,0,"core",1516,1516,4.4674277685117,2.01622832729481,0,100,900,0.0625,-332,1664
117,500,"zero",0.5,0.25,1,0,"core",1517,1517,12.4845171037596,3.50378324324265,0,100,900,0.0625,-332,1664
118,500,"zero",0.5,0.25,1,0,"core",1518,1518,9.77627804712392,3.6468798306305,0,100,900,0.0625,-332,1664
119,500,"zero",0.5,0.25,1,0,"core",1519,1519,11.3907181075774,1.53644824249204,0,100,900,0.0625,-332,1664
120,500,"zero",0.5,0.25,1,0,"core",1520,1520,7.42289048247039,2.98573474551085,0,100,900,0.0625,-332,1664
121,500,"zero",0.5,0.25,1,0,"core",1521,1521,8.92903642216697,2.813261428033,0,100,900,0.0625,-332,1664
122,500,"zero",0.5,0.25,1,0,"core",1522,1522,4.66474088584073,3.27886300184764,0,100,900,0.0625,-332,1664
123,500,"zero",0.5,0.25,1,0,"core",1523,1523,6.46188947395422,1.56061108596623,0,100,900,0.0625,-332,1664
124,500,"zero",0.5,0.25,1,0,"core",1524,1524,9.57585438597016,2.13221395108849,0,100,900,0.0625,-332,1664
125,500,"zero",0.5,0.25,1,0,"core",1525,1525,9.49872645130381,2.88581184577197,0,100,900,0.0625,-332,1664
126,500,"zero",0.5,0.25,1,0,"core",1526,1526,11.7597246763762,1.71334538666997,0,100,900,0.0625,-332,1664
127,500,"zero",0.5,0.25,1,0,"core",1527,1527,5.77107708062977,2.24716558470391,0,100,900,0.0625,-332,1664
128,500,"zero",0.5,0.25,1,0,"core",1528,1528,14.8812959508505,1.35381940659136,0,100,900,0.0625,-332,1664
129,500,"zero",0.5,0.25,1,0,"core",1529,1529,11.8685182249174,2.18231893831398,0,100,900,0.0625,-332,1664
130,500,"zero",0.5,0.25,1,0,"core",1530,1530,10.7712016501464,1.30774022988044,0,100,900,0.0625,-332,1664
131,500,"zero",0.5,0.25,1,0,"core",1531,1531,10.5093164902646,3.06479199393652,0,100,900,0.0625,-332,1664
132,500,"zero",0.5,0.25,1,0,"core",1532,1532,8.25227094907314,2.95414223207626,0,100,900,0.0625,-332,1664
133,500,"zero",0.5,0.25,1,0,"core",1533,1533,8.55189042026177,3.75671130581759,0,100,900,0.0625,-332,1664
134,500,"zero",0.5,0.25,1,0,"core",1534,1534,8.85373824159615,3.32551680470351,0,100,900,0.0625,-332,1664
135,500,"zero",0.5,0.25,1,0,"core",1535,1535,7.1890009616036,1.66357111081015,0,100,900,0.0625,-332,1664
136,500,"zero",0.5,0.25,1,0,"core",1536,1536,2.89292427245528,3.33285410655662,0,100,900,0.0625,-332,1664
137,500,"zero",0.5,0.25,1,0,"core",1537,1537,10.0417666649446,0.906438821577467,0,100,900,0.0625,-332,1664
138,500,"zero",0.5,0.25,1,0,"core",1538,1538,4.44629074865952,2.83124900702387,0,100,900,0.0625,-332,1664
139,500,"zero",0.5,0.25,1,0,"core",1539,1539,11.9494127014186,3.56606504076626,0,100,900,0.0625,-332,1664
140,500,"zero",0.5,0.25,1,0,"core",1540,1540,14.6427307862323,1.49231489968952,0,100,900,0.0625,-332,1664
141,500,"zero",0.5,0.25,1,0,"core",1541,1541,13.9793790543918,0.779590085614473,0,100,900,0.0625,-332,1664
142,500,"zero",0.5,0.25,1,0,"core",1542,1542,5.25217828387395,1.67850448668469,0,100,900,0.0625,-332,1664
143,500,"zero",0.5,0.25,1,0,"core",1543,1543,3.10262360563502,2.70993786491454,0,100,900,0.0625,-332,1664
144,500,"zero",0.5,0.25,1,0,"core",1544,1544,11.3214919781312,1.96075651654974,0,100,900,0.0625,-332,1664
145,500,"zero",0.5,0.25,1,0,"core",1545,1545,5.56724851042964,3.23371753038373,0,100,900,0.0625,-332,1664
146,500,"zero",0.5,0.25,1,0,"core",1546,1546,8.49923025188036,1.95625222020317,0,100,900,0.0625,-332,1664
147,500,"zero",0.5,0.25,1,0,"core",1547,1547,14.4329595181625,2.58193366706837,0,100,900,0.0625,-332,1664
148,500,"zero",0.5,0.25,1,0,"core",1548,1548,5.61344026541337,0.991210209438577,0,100,900,0.0625,-332,1664
149,500,"zero",0.5,0.25,1,0,"core",1549,1549,7.65357209951617,3.89133153518196,0,100,900,0.0625,-332,1664
150,500,"zero",0.5,0.25,1,0,"core",1550,1550,7.11062095849775,0.722287411335856,0,100,900,0.0625,-332,1664
151,500,"zero",0.5,0.25,1,0,"core",1551,1551,14.2942199374083,2.10663795901928,0,100,900,0.0625,-332,1664
152,500,"zero",0.5,0.25,1,0,"core",1552,1552,13.9167321766727,1.50030948128551,0,100,900,0.0625,-332,1664
153,500,"zero",0.5,0.25,1,0,"core",1553,1553,4.75911370152608,3.56882014521398,0,100,900,0.0625,-332,1664
154,500,"zero",0.5,0.25,1,0,"core",1554,1554,7.44580317055807,2.09986224642489,0,100,900,0.0625,-332,1664
155,500,"zero",0.5,0.25,1,0,"core",1555,1555,13.4539658278227,3.74011477187742,0,100,900,0.0625,-332,1664
156,500,"zero",0.5,0.25,1,0,"core",1556,1556,12.3951768579427,1.59528930438682,0,100,900,0.0625,-332,1664
157,500,"zero",0.5,0.25,1,0,"core",1557,1557,4.53509867144749,2.19945656822529,0,100,900,0.0625,-332,1664
158,500,"zero",0.5,0.25,1,0,"core",1558,1558,12.7678486313671,3.10286163142882,0,100,900,0.0625,-332,1664
159,500,"zero",0.5,0.25,1,0,"core",1559,1559,4.49884199770167,3.01629160146695,0,100,900,0.0625,-332,1664
160,500,"zero",0.5,0.25,1,0,"core",1560,1560,3.76845684298314,2.06295367330313,0,100,900,0.0625,-332,1664
161,500,"zero",0.5,0.25,1,0,"core",1561,1561,10.0109421287198,1.26569462730549,0,100,900,0.0625,-332,1664
162,500,"zero",0.5,0.25,1,0,"core",1562,1562,7.83586222678423,1.37496115174145,0,100,900,0.0625,-332,1664
163,500,"zero",0.5,0.25,1,0,"core",1563,1563,7.09236490284093,3.6291267053457,0,100,900,0.0625,-332,1664
164,500,"zero",0.5,0.25,1,0,"core",1564,1564,12.4909542019013,1.91192391002551,0,100,900,0.0625,-332,1664
165,500,"zero",0.5,0.25,1,0,"core",1565,1565,3.72883410006762,3.17454436526168,0,100,900,0.0625,-332,1664
166,500,"zero",0.5,0.25,1,0,"core",1566,1566,4.52595481346361,3.51736825075932,0,100,900,0.0625,-332,1664
167,500,"zero",0.5,0.25,1,0,"core",1567,1567,3.74640763690695,0.664917556103319,0,100,900,0.0625,-332,1664
168,500,"zero",0.5,0.25,1,0,"core",1568,1568,3.59545000921935,1.95253191271331,0,100,900,0.0625,-332,1664
169,500,"zero",0.5,0.25,1,0,"core",1569,1569,10.0726061777677,2.42422836448532,0,100,900,0.0625,-332,1664
170,500,"zero",0.5,0.25,1,0,"core",1570,1570,11.6037493252661,2.35633100441191,0,100,900,0.0625,-332,1664
171,500,"zero",0.5,0.25,1,0,"core",1571,1571,3.80451107537374,2.93302219361067,0,100,900,0.0625,-332,1664
172,500,"zero",0.5,0.25,1,0,"core",1572,1572,5.49545705132186,1.21956465905532,0,100,900,0.0625,-332,1664
173,500,"zero",0.5,0.25,1,0,"core",1573,1573,12.9900061183143,3.36063300969545,0,100,900,0.0625,-332,1664
174,500,"zero",0.5,0.25,1,0,"core",1574,1574,14.6211434332654,3.0070177874295,0,100,900,0.0625,-332,1664
175,500,"zero",0.5,0.25,1,0,"core",1575,1575,13.7281356938183,2.31121720757801,0,100,900,0.0625,-332,1664
176,500,"zero",0.5,0.25,1,0,"core",1576,1576,2.01056680129841,1.02796925767325,0,100,900,0.0625,-332,1664
177,500,"zero",0.5,0.25,1,0,"core",1577,1577,3.47848628135398,0.971466999966651,0,100,900,0.0625,-332,1664
178,500,"zero",0.5,0.25,1,0,"core",1578,1578,10.0199979129247,0.769986118422821,0,100,900,0.0625,-332,1664
179,500,"zero",0.5,0.25,1,0,"core",1579,1579,2.52080161171034,2.10797619319055,0,100,900,0.0625,-332,1664
180,500,"zero",0.5,0.25,1,0,"core",1580,1580,14.0180913787335,0.990557943005115,0,100,900,0.0625,-332,1664
181,500,"zero",0.5,0.25,1,0,"core",1581,1581,2.18295726692304,3.88075911754277,0,100,900,0.0625,-332,1664
182,500,"zero",0.5,0.25,1,0,"core",1582,1582,13.7548777873162,0.52435632282868,0,100,900,0.0625,-332,1664
183,500,"zero",0.5,0.25,1,0,"core",1583,1583,12.1703034399543,1.03608115902171,0,100,900,0.0625,-332,1664
184,500,"zero",0.5,0.25,1,0,"core",1584,1584,12.2916927526239,3.38002138736192,0,100,900,0.0625,-332,1664
185,500,"zero",0.5,0.25,1,0,"core",1585,1585,3.80515305628069,1.05152720364276,0,100,900,0.0625,-332,1664
186,500,"zero",0.5,0.25,1,0,"core",1586,1586,13.8322449994739,1.59497948153876,0,100,900,0.0625,-332,1664
187,500,"zero",0.5,0.25,1,0,"core",1587,1587,12.9878070009872,1.70121015131008,0,100,900,0.0625,-332,1664
188,500,"zero",0.5,0.25,1,0,"core",1588,1588,5.21336237341166,2.11935811850708,0,100,900,0.0625,-332,1664
189,500,"zero",0.5,0.25,1,0,"core",1589,1589,7.41677720332518,0.530132613610476,0,100,900,0.0625,-332,1664
190,500,"zero",0.5,0.25,1,0,"core",1590,1590,4.52447873773053,3.45039254019503,0,100,900,0.0625,-332,1664
191,500,"zero",0.5,0.25,1,0,"core",1591,1591,3.17441488010809,0.849200814263895,0,100,900,0.0625,-332,1664
192,500,"zero",0.5,0.25,1,0,"core",1592,1592,10.4212019857951,3.23956432857085,0,100,900,0.0625,-332,1664
193,500,"zero",0.5,0.25,1,0,"core",1593,1593,4.47620170935988,0.647004679660313,0,100,900,0.0625,-332,1664
194,500,"zero",0.5,0.25,1,0,"core",1594,1594,4.00179580738768,0.892158320872113,0,100,900,0.0625,-332,1664
195,500,"zero",0.5,0.25,1,0,"core",1595,1595,8.7445596056059,3.54560656519607,0,100,900,0.0625,-332,1664
196,500,"zero",0.5,0.25,1,0,"core",1596,1596,12.1024082300719,2.50105309707578,0,100,900,0.0625,-332,1664
197,500,"zero",0.5,0.25,1,0,"core",1597,1597,14.7159468957689,3.42713163199369,0,100,900,0.0625,-332,1664
198,500,"zero",0.5,0.25,1,0,"core",1598,1598,4.24885926232673,3.33597783267032,0,100,900,0.0625,-332,1664
199,500,"zero",0.5,0.25,1,0,"core",1599,1599,10.3890788350254,0.955232965294272,0,100,900,0.0625,-332,1664
200,500,"zero",0.5,0.25,1,0,"core",1600,1600,11.303428481333,1.68539784743916,0,100,900,0.0625,-332,1664
1,200,"random",0,0.25,1,0,"prop",1601,1601,2.70483539276756,2.90641141601373,0.0234923733025789,100,900,0.0625,-332,1664
2,200,"random",0,0.25,1,0,"prop",1602,1602,13.6643656741362,1.71483215480112,-0.0207140826433897,100,900,0.0625,-332,1664
3,200,"random",0,0.25,1,0,"prop",1603,1603,5.99956135405228,1.7577660625102,-0.00766445342916995,100,900,0.0625,-332,1664
4,200,"random",0,0.25,1,0,"prop",1604,1604,5.06189219979569,0.515181894879788,-0.00482824133243412,100,900,0.0625,-332,1664
5,200,"random",0,0.25,1,0,"prop",1605,1605,3.50638907635584,2.35133365576621,0.0280954687250778,100,900,0.0625,-332,1664
6,200,"random",0,0.25,1,0,"prop",1606,1606,11.6504681669176,0.980716613703407,-0.0233059532521293,100,900,0.0625,-332,1664
7,200,"random",0,0.25,1,0,"prop",1607,1607,3.84690372622572,3.7757079298608,-0.0267653240449727,100,900,0.0625,-332,1664
8,200,"random",0,0.25,1,0,"prop",1608,1608,6.10001748660579,1.36923188925721,0.028887184294872,100,900,0.0625,-332,1664
9,200,"random",0,0.25,1,0,"prop",1609,1609,12.0388948374894,0.584353593061678,-0.0168620863789693,100,900,0.0625,-332,1664
10,200,"random",0,0.25,1,0,"prop",1610,1610,4.59481379226781,3.85242701868992,-0.0117783271707594,100,900,0.0625,-332,1664
11,200,"random",0,0.25,1,0,"prop",1611,1611,6.30425907555036,1.84633153956383,0.0119142623059452,100,900,0.0625,-332,1664
12,200,"random",0,0.25,1,0,"prop",1612,1612,7.48648148821667,1.66276898619253,0.0052781117381528,100,900,0.0625,-332,1664
13,200,"random",0,0.25,1,0,"prop",1613,1613,13.1714448707644,2.71863028337248,0.0157725455705076,100,900,0.0625,-332,1664
14,200,"random",0,0.25,1,0,"prop",1614,1614,13.2992581513245,3.00185746548232,0.0232832061778754,100,900,0.0625,-332,1664
15,200,"random",0,0.25,1,0,"prop",1615,1615,9.74689310765825,0.582047966192476,0.00790975166950375,100,900,0.0625,-332,1664
16,200,"random",0,0.25,1,0,"prop",1616,1616,7.3540609786287,2.2180952540366,-0.00219789560884237,100,900,0.0625,-332,1664
17,200,"random",0,0.25,1,0,"prop",1617,1617,8.76033139228821,2.35602719476447,0.0139163864543661,100,900,0.0625,-332,1664
18,200,"random",0,0.25,1,0,"prop",1618,1618,13.6811822298914,3.57919970690273,-0.0183064992818981,100,900,0.0625,-332,1664
19,200,"random",0,0.25,1,0,"prop",1619,1619,14.3617798991036,3.36439972696826,0.0178760551102459,100,900,0.0625,-332,1664
20,200,"random",0,0.25,1,0,"prop",1620,1620,14.3940228717402,1.46483944111969,-0.0155928532406688,100,900,0.0625,-332,1664
21,200,"random",0,0.25,1,0,"prop",1621,1621,5.86416356451809,1.99593225459103,-0.0271491698501632,100,900,0.0625,-332,1664
22,200,"random",0,0.25,1,0,"prop",1622,1622,2.10667168116197,3.6693679940654,0.00806032945867628,100,900,0.0625,-332,1664
23,200,"random",0,0.25,1,0,"prop",1623,1623,10.1721154127736,2.34635683626402,0.0278261914523318,100,900,0.0625,-332,1664
24,200,"random",0,0.25,1,0,"prop",1624,1624,7.99494643276557,1.94469238515012,-0.0114059406146407,100,900,0.0625,-332,1664
25,200,"random",0,0.25,1,0,"prop",1625,1625,14.9958765804768,2.29196447774302,-0.0121458525024354,100,900,0.0625,-332,1664
26,200,"random",0,0.25,1,0,"prop",1626,1626,9.10375090898015,0.621537687140517,-0.0107741544535384,100,900,0.0625,-332,1664
27,200,"random",0,0.25,1,0,"prop",1627,1627,6.69456556043588,2.57393551862333,0.0136051802756265,100,900,0.0625,-332,1664
28,200,"random",0,0.25,1,0,"prop",1628,1628,5.42622947809286,1.66826897859573,-0.00731974947731942,100,900,0.0625,-332,1664
29,200,"random",0,0.25,1,0,"prop",1629,1629,14.5203228984028,3.06211826449726,-0.0105830047605559,100,900,0.0625,-332,1664
30,200,"random",0,0.25,1,0,"prop",1630,1630,14.5176440305077,2.81517379614525,0.0238998416857794,100,900,0.0625,-332,1664
31,200,"random",0,0.25,1,0,"prop",1631,1631,2.73359471117146,2.04222896508873,0.0194876368157566,100,900,0.0625,-332,1664
32,200,"random",0,0.25,1,0,"prop",1632,1632,13.9048665429,1.60566176171415,0.0254303309507668,100,900,0.0625,-332,1664
33,200,"random",0,0.25,1,0,"prop",1633,1633,9.90970015153289,0.586196500109509,-0.00883529407437891,100,900,0.0625,-332,1664
34,200,"random",0,0.25,1,0,"prop",1634,1634,3.51827687537298,1.59791412961204,-0.0045228886557743,100,900,0.0625,-332,1664
35,200,"random",0,0.25,1,0,"prop",1635,1635,5.79751037107781,3.76709476602264,-0.00223637798801064,100,900,0.0625,-332,1664
36,200,"random",0,0.25,1,0,"prop",1636,1636,7.76657978375442,1.43925772351213,-0.0207959379069507,100,900,0.0625,-332,1664
37,200,"random",0,0.25,1,0,"prop",1637,1637,2.83105360204354,1.26886229566298,0.0168176379986107,100,900,0.0625,-332,1664
38,200,"random",0,0.25,1,0,"prop",1638,1638,14.8328293389641,2.46282808121759,0.0168363682832569,100,900,0.0625,-332,1664
39,200,"random",0,0.25,1,0,"prop",1639,1639,5.48528683022596,1.58078217471484,0.0290746744070202,100,900,0.0625,-332,1664
40,200,"random",0,0.25,1,0,"prop",1640,1640,13.295783335343,3.34411970141809,-0.0277789148222655,100,900,0.0625,-332,1664
41,200,"random",0,0.25,1,0,"prop",1641,1641,14.8696559770033,1.63416498212609,-0.00869114872533828,100,900,0.0625,-332,1664
42,200,"random",0,0.25,1,0,"prop",1642,1642,9.6711310762912,3.96064833900891,0.00921724663116038,100,900,0.0625,-332,1664
43,200,"random",0,0.25,1,0,"prop",1643,1643,7.50937546463683,2.55895143270027,0.0186839134152979,100,900,0.0625,-332,1664
44,200,"random",0,0.25,1,0,"prop",1644,1644,12.2904193331487,1.16585185169242,0.000883496766909957,100,900,0.0625,-332,1664
45,200,"random",0,0.25,1,0,"prop",1645,1645,5.71819848031737,2.08837553462945,-0.0188822319544852,100,900,0.0625,-332,1664
46,200,"random",0,0.25,1,0,"prop",1646,1646,11.3101072390564,2.74847209651489,0.0261396704614162,100,900,0.0625,-332,1664
47,200,"random",0,0.25,1,0,"prop",1647,1647,13.1015439892653,2.78886433131993,0.016641228091903,100,900,0.0625,-332,1664
48,200,"random",0,0.25,1,0,"prop",1648,1648,8.70730791427195,2.81744523684029,-0.0252059228159487,100,900,0.0625,-332,1664
49,200,"random",0,0.25,1,0,"prop",1649,1649,5.16751406015828,1.61811531858984,-0.0125353520270437,100,900,0.0625,-332,1664
50,200,"random",0,0.25,1,0,"prop",1650,1650,4.04730871203355,1.30153959651943,-0.00733647054992616,100,900,0.0625,-332,1664
51,200,"random",0,0.25,1,0,"prop",1651,1651,9.71309693949297,2.32922059169505,0.0196492796391249,100,900,0.0625,-332,1664
52,200,"random",0,0.25,1,0,"prop",1652,1652,10.6453374763951,2.01430830231402,-0.0225291491439566,100,900,0.0625,-332,1664
53,200,"random",0,0.25,1,0,"prop",1653,1653,9.9342601201497,2.62804993591271,0.0150312834139913,100,900,0.0625,-332,1664
54,200,"random",0,0.25,1,0,"prop",1654,1654,6.54116976796649,1.0485938154161,0.0127826568111777,100,900,0.0625,-332,1664
55,200,"random",0,0.25,1,0,"prop",1655,1655,6.38880743947811,3.2079542465508,0.0218131636781618,100,900,0.0625,-332,1664
56,200,"random",0,0.25,1,0,"prop",1656,1656,8.37571908696555,2.04588232224341,-0.00299809698946774,100,900,0.0625,-332,1664
57,200,"random",0,0.25,1,0,"prop",1657,1657,6.59379579708911,1.51440244249534,-0.00750117755960673,100,900,0.0625,-332,1664
58,200,"random",0,0.25,1,0,"prop",1658,1658,12.9516437856946,2.4608428881038,-0.0110872011305764,100,900,0.0625,-332,1664
59,200,"random",0,0.25,1,0,"prop",1659,1659,14.3769029823598,2.64159984374419,-0.00455805948469788,100,900,0.0625,-332,1664
60,200,"random",0,0.25,1,0,"prop",1660,1660,14.6206305362284,0.818845319445245,-0.0136476433463395,100,900,0.0625,-332,1664
61,200,"random",0,0.25,1,0,"prop",1661,1661,7.67208554805256,2.84700902970508,-0.0116685429308563,100,900,0.0625,-332,1664
62,200,"random",0,0.25,1,0,"prop",1662,1662,4.11742033436894,0.800981562351808,0.0127047762321308,100,900,0.0625,-332,1664
63,200,"random",0,0.25,1,0,"prop",1663,1663,14.8074584789574,2.19837509340141,-0.0183633044315502,100,900,0.0625,-332,1664
64,200,"random",0,0.25,1,0,"prop",1664,1664,10.7220582037698,2.13071354792919,0.0228692216612399,100,900,0.0625,-332,1664
65,200,"random",0,0.25,1,0,"prop",1665,1665,7.45360252470709,1.89234059187584,-0.0204989899182692,100,900,0.0625,-332,1664
66,200,"random",0,0.25,1,0,"prop",1666,1666,11.0511676261667,3.13542449322995,0.00811005906667561,100,900,0.0625,-332,1664
67,200,"random",0,0.25,1,0,"prop",1667,1667,7.22746280930005,3.50101453391835,-0.0212182041490451,100,900,0.0625,-332,1664
68,200,"random",0,0.25,1,0,"prop",1668,1668,4.07068651309237,2.9952510726871,-0.028586597009562,100,900,0.0625,-332,1664
69,200,"random",0,0.25,1,0,"prop",1669,1669,5.51399640017189,2.64083189307712,0.0209460316272452,100,900,0.0625,-332,1664
70,200,"random",0,0.25,1,0,"prop",1670,1670,5.38998515368439,2.74137832561973,0.0129023572197184,100,900,0.0625,-332,1664
71,200,"random",0,0.25,1,0,"prop",1671,1671,2.02536042663269,0.511039496399462,-0.0269367803167552,100,900,0.0625,-332,1664
72,200,"random",0,0.25,1,0,"prop",1672,1672,3.2700455756858,2.6141263662139,0.0253328817011788,100,900,0.0625,-332,1664
73,200,"random",0,0.25,1,0,"prop",1673,1673,2.37368210963905,2.01669575076085,-0.0197841024957597,100,900,0.0625,-332,1664
74,200,"random",0,0.25,1,0,"prop",1674,1674,5.41192712332122,3.46320581668988,0.0170741725992411,100,900,0.0625,-332,1664
75,200,"random",0,0.25,1,0,"prop",1675,1675,8.00185859296471,1.6614262846997,-0.00806589896790683,100,900,0.0625,-332,1664
76,200,"random",0,0.25,1,0,"prop",1676,1676,6.1554324682802,2.21243886626326,-0.0146560644172132,100,900,0.0625,-332,1664
77,200,"random",0,0.25,1,0,"prop",1677,1677,4.98834185302258,2.53760028001852,0.0166870527109131,100,900,0.0625,-332,1664
78,200,"random",0,0.25,1,0,"prop",1678,1678,5.90386886638589,3.8473772307625,-0.0239714271342382,100,900,0.0625,-332,1664
79,200,"random",0,0.25,1,0,"prop",1679,1679,14.2309072185308,2.76781336928252,-0.0279469282273203,100,900,0.0625,-332,1664
80,200,"random",0,0.25,1,0,"prop",1680,1680,4.89500667224638,3.41409518010914,-0.0255337035795674,100,900,0.0625,-332,1664
81,200,"random",0,0.25,1,0,"prop",1681,1681,10.204564870568,2.79108827596065,0.0181360605033115,100,900,0.0625,-332,1664
82,200,"random",0,0.25,1,0,"prop",1682,1682,11.2612948457245,0.940732990507968,0.02366469967179,100,900,0.0625,-332,1664
83,200,"random",0,0.25,1,0,"prop",1683,1683,6.00023700809106,3.17427832819521,-0.00455068032257259,100,900,0.0625,-332,1664
84,200,"random",0,0.25,1,0,"prop",1684,1684,3.56176287843846,1.67495119851083,-0.00154172918759286,100,900,0.0625,-332,1664
85,200,"random",0,0.25,1,0,"prop",1685,1685,13.0435819961131,0.977853703545406,0.00674805943854153,100,900,0.0625,-332,1664
86,200,"random",0,0.25,1,0,"prop",1686,1686,2.60905197402462,3.67420784069691,-0.00936358752194792,100,900,0.0625,-332,1664
87,200,"random",0,0.25,1,0,"prop",1687,1687,5.05344758066349,0.703356437035836,-0.0134825506992638,100,900,0.0625,-332,1664
88,200,"random",0,0.25,1,0,"prop",1688,1688,8.48835454764776,0.86782361427322,0.0131391574116424,100,900,0.0625,-332,1664
89,200,"random",0,0.25,1,0,"prop",1689,1689,9.37111834227107,2.04740014078561,-0.00750950657296926,100,900,0.0625,-332,1664
90,200,"random",0,0.25,1,0,"prop",1690,1690,13.1600005279761,2.20627589139622,-0.00745988076087088,100,900,0.0625,-332,1664
91,200,"random",0,0.25,1,0,"prop",1691,1691,11.6151735065505,1.85314137476962,0.0134121496696025,100,900,0.0625,-332,1664
92,200,"random",0,0.25,1,0,"prop",1692,1692,2.66010261815973,0.674310143687762,0.0064379917876795,100,900,0.0625,-332,1664
93,200,"random",0,0.25,1,0,"prop",1693,1693,8.71594007685781,3.18411054683384,0.00737755893263966,100,900,0.0625,-332,1664
94,200,"random",0,0.25,1,0,"prop",1694,1694,14.5575398723595,3.89675557252485,0.0294070403790101,100,900,0.0625,-332,1664
95,200,"random",0,0.25,1,0,"prop",1695,1695,7.31471698870882,3.63534092484042,-0.0095147259067744,100,900,0.0625,-332,1664
96,200,"random",0,0.25,1,0,"prop",1696,1696,8.17960804444738,1.36916723207105,-0.00380023077595979,100,900,0.0625,-332,1664
97,200,"random",0,0.25,1,0,"prop",1697,1697,7.11354312952608,2.0816270961659,-0.0245382407773286,100,900,0.0625,-332,1664
98,200,"random",0,0.25,1,0,"prop",1698,1698,12.1118669931311,2.31400719168596,-0.0298525860160589,100,900,0.0625,-332,1664
99,200,"random",0,0.25,1,0,"prop",1699,1699,6.58191031962633,0.64298891776707,0.0194791906652972,100,900,0.0625,-332,1664
100,200,"random",0,0.25,1,0,"prop",1700,1700,7.43370220321231,1.27491408050992,-0.00107540116645396,100,900,0.0625,-332,1664
101,200,"random",0,0.25,1,0,"prop",1701,1701,14.0730936231557,3.68605924304575,0.00652121511753648,100,900,0.0625,-332,1664
102,200,"random",0,0.25,1,0,"prop",1702,1702,2.83183704339899,2.52797159506008,-0.0218601031322032,100,900,0.0625,-332,1664
103,200,"random",0,0.25,1,0,"prop",1703,1703,8.57226241379976,2.81232827855274,-0.0292745390720665,100,900,0.0625,-332,1664
104,200,"random",0,0.25,1,0,"prop",1704,1704,9.49386899382807,2.61733979731798,0.0246777299093083,100,900,0.0625,-332,1664
105,200,"random",0,0.25,1,0,"prop",1705,1705,4.32712253089994,1.99351261486299,-0.027670383551158,100,900,0.0625,-332,1664
106,200,"random",0,0.25,1,0,"prop",1706,1706,7.76333445659839,2.46369532344397,-0.0271111331367865,100,900,0.0625,-332,1664
107,200,"random",0,0.25,1,0,"prop",1707,1707,5.8712053836789,3.14552262751386,-0.0180589191522449,100,900,0.0625,-332,1664
108,200,"random",0,0.25,1,0,"prop",1708,1708,2.28614231548272,1.85578469757456,0.0240415143035352,100,900,0.0625,-332,1664
109,200,"random",0,0.25,1,0,"prop",1709,1709,4.0062203570269,2.28525960666593,-0.000642555356025695,100,900,0.0625,-332,1664
110,200,"random",0,0.25,1,0,"prop",1710,1710,14.0528114407789,0.892701485892758,-0.0204723503021523,100,900,0.0625,-332,1664
111,200,"random",0,0.25,1,0,"prop",1711,1711,10.6896463206504,3.97016501089092,-0.0274973742943257,100,900,0.0625,-332,1664
112,200,"random",0,0.25,1,0,"prop",1712,1712,12.1596255309414,3.31549045152497,0.00595494389533997,100,900,0.0625,-332,1664
113,200,"random",0,0.25,1,0,"prop",1713,1713,7.00829071714543,1.48272444528993,0.0041515272622928,100,900,0.0625,-332,1664
114,200,"random",0,0.25,1,0,"prop",1714,1714,8.68640731764026,3.96693135541864,0.00339721124153584,100,900,0.0625,-332,1664
115,200,"random",0,0.25,1,0,"prop",1715,1715,9.96281427610666,2.40131603204645,0.00389134495519101,100,900,0.0625,-332,1664
116,200,"random",0,0.25,1,0,"prop",1716,1716,14.8771519642323,1.69669421645813,-0.00823068156838417,100,900,0.0625,-332,1664
117,200,"random",0,0.25,1,0,"prop",1717,1717,10.0712384160142,0.961795827373862,0.0184314670460299,100,900,0.0625,-332,1664
118,200,"random",0,0.25,1,0,"prop",1718,1718,3.74253470613621,2.91791142139118,-0.00537786047905683,100,900,0.0625,-332,1664
119,200,"random",0,0.25,1,0,"prop",1719,1719,2.01497187651694,0.76457727747038,0.012815315569751,100,900,0.0625,-332,1664
120,200,"random",0,0.25,1,0,"prop",1720,1720,2.35559450136498,2.63338777888566,0.0284799069631845,100,900,0.0625,-332,1664
121,200,"random",0,0.25,1,0,"prop",1721,1721,4.45079208211973,3.20211165165529,0.00873774210456759,100,900,0.0625,-332,1664
122,200,"random",0,0.25,1,0,"prop",1722,1722,7.10172584885731,3.27823699498549,0.0142885584477335,100,900,0.0625,-332,1664
123,200,"random",0,0.25,1,0,"prop",1723,1723,14.7971425387077,3.66299629292917,0.00736180210020393,100,900,0.0625,-332,1664
124,200,"random",0,0.25,1,0,"prop",1724,1724,10.5642605263274,3.17725174874067,0.0236450724117458,100,900,0.0625,-332,1664
125,200,"random",0,0.25,1,0,"prop",1725,1725,9.52612434001639,3.18330251739826,0.0261740656150505,100,900,0.0625,-332,1664
126,200,"random",0,0.25,1,0,"prop",1726,1726,8.55754534830339,3.88528914132621,-0.0133616506168619,100,900,0.0625,-332,1664
127,200,"random",0,0.25,1,0,"prop",1727,1727,7.76734402007423,0.777166804065928,0.011581674576737,100,900,0.0625,-332,1664
128,200,"random",0,0.25,1,0,"prop",1728,1728,5.82574641960673,3.80182179412805,-0.00715527260676026,100,900,0.0625,-332,1664
129,200,"random",0,0.25,1,0,"prop",1729,1729,11.0995608835947,2.81085307069588,0.0100895778508857,100,900,0.0625,-332,1664
130,200,"random",0,0.25,1,0,"prop",1730,1730,4.22330234805122,3.04716894740704,-0.0255286740045995,100,900,0.0625,-332,1664
131,200,"random",0,0.25,1,0,"prop",1731,1731,11.2658436938655,1.06426322285552,-0.0279052114253864,100,900,0.0625,-332,1664
132,200,"random",0,0.25,1,0,"prop",1732,1732,2.66965806321241,2.47987624409143,0.00767819025088102,100,900,0.0625,-332,1664
133,200,"random",0,0.25,1,0,"prop",1733,1733,3.21249023894779,2.79525217332412,0.0146918450156227,100,900,0.0625,-332,1664
134,200,"random",0,0.25,1,0,"prop",1734,1734,7.43395359395072,2.68256126192864,0.00366469077765941,100,900,0.0625,-332,1664
135,200,"random",0,0.25,1,0,"prop",1735,1735,8.53918938105926,0.553382641985081,-0.00883674609940499,100,900,0.0625,-332,1664
136,200,"random",0,0.25,1,0,"prop",1736,1736,14.3717294484377,1.17057393852156,-0.0198478881502524,100,900,0.0625,-332,1664
137,200,"random",0,0.25,1,0,"prop",1737,1737,11.9693353394978,3.60776225663722,-0.0127061085356399,100,900,0.0625,-332,1664
138,200,"random",0,0.25,1,0,"prop",1738,1738,8.51940534915775,1.04576592182275,-0.00640355862211436,100,900,0.0625,-332,1664
139,200,"random",0,0.25,1,0,"prop",1739,1739,9.69840817758814,3.89373793837149,-0.0191648263111711,100,900,0.0625,-332,1664
140,200,"random",0,0.25,1,0,"prop",1740,1740,12.4500146866776,1.06378074153326,-0.023738277903758,100,900,0.0625,-332,1664
141,200,"random",0,0.25,1,0,"prop",1741,1741,7.23225429165177,2.46761943760794,0.00723864621017128,100,900,0.0625,-332,1664
142,200,"random",0,0.25,1,0,"prop",1742,1742,10.9037860215176,0.806849449523725,-0.0049027586588636,100,900,0.0625,-332,1664
143,200,"random",0,0.25,1,0,"prop",1743,1743,7.36756154359318,3.6774434853578,0.0279226624639705,100,900,0.0625,-332,1664
144,200,"random",0,0.25,1,0,"prop",1744,1744,14.0125949217472,2.52545318123884,0.0167135910876095,100,900,0.0625,-332,1664
145,200,"random",0,0.25,1,0,"prop",1745,1745,3.93136742454953,1.29207812075038,0.0186749033862725,100,900,0.0625,-332,1664
146,200,"random",0,0.25,1,0,"prop",1746,1746,4.84887234773487,0.818331108079292,-0.00173497604671866,100,900,0.0625,-332,1664
147,200,"random",0,0.25,1,0,"prop",1747,1747,6.84538654331118,1.97496642020997,-0.00405925795901567,100,900,0.0625,-332,1664
148,200,"random",0,0.25,1,0,"prop",1748,1748,2.52781291469,2.4445276723709,0.00397641896735876,100,900,0.0625,-332,1664
149,200,"random",0,0.25,1,0,"prop",1749,1749,10.5243184955325,3.25624655734282,0.0154939566040412,100,900,0.0625,-332,1664
150,200,"random",0,0.25,1,0,"prop",1750,1750,7.43689674069174,0.799679754534736,-0.00981509153265506,100,900,0.0625,-332,1664
151,200,"random",0,0.25,1,0,"prop",1751,1751,5.26416715979576,2.30449423741084,0.00712718243245036,100,900,0.0625,-332,1664
152,200,"random",0,0.25,1,0,"prop",1752,1752,11.2695928104222,2.0059358245926,0.0217491238284856,100,900,0.0625,-332,1664
153,200,"random",0,0.25,1,0,"prop",1753,1753,8.64907506201416,0.851702584419399,0.00818382421508431,100,900,0.0625,-332,1664
154,200,"random",0,0.25,1,0,"prop",1754,1754,2.81334510631859,1.18036355706863,0.00142437228932977,100,900,0.0625,-332,1664
155,200,"random",0,0.25,1,0,"prop",1755,1755,9.76448821951635,2.00467108609155,-0.0240360673796386,100,900,0.0625,-332,1664
156,200,"random",0,0.25,1,0,"prop",1756,1756,10.7752073544543,2.10961963539012,0.0178183874068782,100,900,0.0625,-332,1664
157,200,"random",0,0.25,1,0,"prop",1757,1757,12.7790071414784,1.72857108036987,-0.00694564220029861,100,900,0.0625,-332,1664
158,200,"random",0,0.25,1,0,"prop",1758,1758,12.3460416081361,1.03675631131046,-0.0153346429858357,100,900,0.0625,-332,1664
159,200,"random",0,0.25,1,0,"prop",1759,1759,2.70425570034422,1.63697654742282,0.0203796227322891,100,900,0.0625,-332,1664
160,200,"random",0,0.25,1,0,"prop",1760,1760,14.5014908248559,3.74666421406437,0.0273197484668344,100,900,0.0625,-332,1664
161,200,"random",0,0.25,1,0,"prop",1761,1761,9.16887847799808,3.21471468289383,0.0287913205940276,100,900,0.0625,-332,1664
162,200,"random",0,0.25,1,0,"prop",1762,1762,12.5792676245328,3.89744484878611,-0.0235515144187957,100,900,0.0625,-332,1664
163,200,"random",0,0.25,1,0,"prop",1763,1763,12.9469747373369,3.77001841855235,-0.0193134633544832,100,900,0.0625,-332,1664
164,200,"random",0,0.25,1,0,"prop",1764,1764,11.7933604968712,3.08026262512431,0.00710094087291509,100,900,0.0625,-332,1664
165,200,"random",0,0.25,1,0,"prop",1765,1765,10.1652376551647,2.54854080430232,0.00445433512330055,100,900,0.0625,-332,1664
166,200,"random",0,0.25,1,0,"prop",1766,1766,14.1037451052107,1.16511028364766,-0.0160053258715197,100,900,0.0625,-332,1664
167,200,"random",0,0.25,1,0,"prop",1767,1767,2.40390898939222,2.7322403305443,-0.00124883180949837,100,900,0.0625,-332,1664
168,200,"random",0,0.25,1,0,"prop",1768,1768,8.61925169383176,2.38961503386963,-0.00327531565446407,100,900,0.0625,-332,1664
169,200,"random",0,0.25,1,0,"prop",1769,1769,8.0091383184772,3.14268706890289,0.0247832938330248,100,900,0.0625,-332,1664
170,200,"random",0,0.25,1,0,"prop",1770,1770,9.27224650257267,0.69786727882456,0.0252491030283272,100,900,0.0625,-332,1664
171,200,"random",0,0.25,1,0,"prop",1771,1771,13.6972224633209,2.25279985996895,-0.00409826532471925,100,900,0.0625,-332,1664
172,200,"random",0,0.25,1,0,"prop",1772,1772,11.4358245767653,1.81040319637395,0.000703801573254167,100,900,0.0625,-332,1664
173,200,"random",0,0.25,1,0,"prop",1773,1773,4.0806087849196,3.9521284828661,-0.0116701721213758,100,900,0.0625,-332,1664
174,200,"random",0,0.25,1,0,"prop",1774,1774,4.85818430501968,1.85880508203991,-0.00152702651917934,100,900,0.0625,-332,1664
175,200,"random",0,0.25,1,0,"prop",1775,1775,9.28306713118218,2.64148299500812,-0.00871270193718374,100,900,0.0625,-332,1664
176,200,"random",0,0.25,1,0,"prop",1776,1776,6.71090870373882,2.76098443754017,0.00967531090602278,100,900,0.0625,-332,1664
177,200,"random",0,0.25,1,0,"prop",1777,1777,5.05314816674218,2.6767634160351,-0.029616791093722,100,900,0.0625,-332,1664
178,200,"random",0,0.25,1,0,"prop",1778,1778,14.5616390260402,0.526560580939986,0.0171644715266302,100,900,0.0625,-332,1664
179,200,"random",0,0.25,1,0,"prop",1779,1779,13.0779759176075,3.83665225515142,0.0243161293119192,100,900,0.0625,-332,1664
180,200,"random",0,0.25,1,0,"prop",1780,1780,4.52309304219671,2.98688571155071,-0.0211392467888072,100,900,0.0625,-332,1664
181,200,"random",0,0.25,1,0,"prop",1781,1781,13.4044009149075,0.542095695738681,0.0250878372369334,100,900,0.0625,-332,1664
182,200,"random",0,0.25,1,0,"prop",1782,1782,5.45449515897781,2.07851902768016,-0.0116540053021163,100,900,0.0625,-332,1664
183,200,"random",0,0.25,1,0,"prop",1783,1783,10.0158280017786,2.86755361000542,-0.0174361997377127,100,900,0.0625,-332,1664
184,200,"random",0,0.25,1,0,"prop",1784,1784,12.5692817748059,3.08404342480935,0.0295020855870098,100,900,0.0625,-332,1664
185,200,"random",0,0.25,1,0,"prop",1785,1785,10.9871132993139,1.71219537244178,0.020636633313261,100,900,0.0625,-332,1664
186,200,"random",0,0.25,1,0,"prop",1786,1786,10.8242612227332,1.89626181230415,-0.0158350493106991,100,900,0.0625,-332,1664
187,200,"random",0,0.25,1,0,"prop",1787,1787,7.89771495130844,1.51841575151775,0.0192119073076174,100,900,0.0625,-332,1664
188,200,"random",0,0.25,1,0,"prop",1788,1788,8.6924246835988,0.663172023952939,0.0216282257856801,100,900,0.0625,-332,1664
189,200,"random",0,0.25,1,0,"prop",1789,1789,14.8095086051617,2.03767186356708,-0.0264450143789873,100,900,0.0625,-332,1664
190,200,"random",0,0.25,1,0,"prop",1790,1790,11.9493143153377,1.34453893150203,-0.0145409415336326,100,900,0.0625,-332,1664
191,200,"random",0,0.25,1,0,"prop",1791,1791,13.0083601817023,3.97845391987357,-0.0288566178828478,100,900,0.0625,-332,1664
192,200,"random",0,0.25,1,0,"prop",1792,1792,9.14180169021711,0.621246748138219,0.0200491873081773,100,900,0.0625,-332,1664
193,200,"random",0,0.25,1,0,"prop",1793,1793,3.20359358564019,2.83752938883845,0.0121673025889322,100,900,0.0625,-332,1664
194,200,"random",0,0.25,1,0,"prop",1794,1794,6.21815108414739,2.39075558702461,0.00693335417658091,100,900,0.0625,-332,1664
195,200,"random",0,0.25,1,0,"prop",1795,1795,3.10219242610037,1.78245707100723,-0.0257363874418661,100,900,0.0625,-332,1664
196,200,"random",0,0.25,1,0,"prop",1796,1796,5.25824676640332,0.676789466408081,-0.00810993800405413,100,900,0.0625,-332,1664
197,200,"random",0,0.25,1,0,"prop",1797,1797,8.43538625421934,0.892209089593962,0.0121236152853817,100,900,0.0625,-332,1664
198,200,"random",0,0.25,1,0,"prop",1798,1798,2.32981909764931,3.88033446366899,0.0189313730411231,100,900,0.0625,-332,1664
199,200,"random",0,0.25,1,0,"prop",1799,1799,6.78904149611481,3.92369743878953,-0.0191413502208889,100,900,0.0625,-332,1664
200,200,"random",0,0.25,1,0,"prop",1800,1800,14.591159547912,3.47635437292047,-0.0229913145164028,100,900,0.0625,-332,1664
1,200,"random",0.25,0.25,1,0,"prop",1801,1801,9.7429675499443,1.08739915769547,-0.0239977464778349,100,900,0.0625,-332,1664
2,200,"random",0.25,0.25,1,0,"prop",1802,1802,4.50860681547783,3.11611444118898,0.0078944296343252,100,900,0.0625,-332,1664
3,200,"random",0.25,0.25,1,0,"prop",1803,1803,6.38208946958184,2.80607320123818,0.0245358668407425,100,900,0.0625,-332,1664
4,200,"random",0.25,0.25,1,0,"prop",1804,1804,4.39593209419399,0.613404142670333,-0.00643798579461873,100,900,0.0625,-332,1664
5,200,"random",0.25,0.25,1,0,"prop",1805,1805,5.75752523867413,3.24311298970133,0.00606099669355899,100,900,0.0625,-332,1664
6,200,"random",0.25,0.25,1,0,"prop",1806,1806,4.06526655238122,1.05708339856938,-0.0160917699756101,100,900,0.0625,-332,1664
7,200,"random",0.25,0.25,1,0,"prop",1807,1807,12.8361999646295,3.16730416205246,-0.0100773676531389,100,900,0.0625,-332,1664
8,200,"random",0.25,0.25,1,0,"prop",1808,1808,14.7486575632356,2.35327633109409,-0.0266200242983177,100,900,0.0625,-332,1664
9,200,"random",0.25,0.25,1,0,"prop",1809,1809,12.6659979075193,1.3824693885399,-0.0117603920353577,100,900,0.0625,-332,1664
10,200,"random",0.25,0.25,1,0,"prop",1810,1810,12.5031783266459,1.7727114566369,-0.0128087123483419,100,900,0.0625,-332,1664
11,200,"random",0.25,0.25,1,0,"prop",1811,1811,11.8625806332566,1.18823691387661,0.00755896724760532,100,900,0.0625,-332,1664
12,200,"random",0.25,0.25,1,0,"prop",1812,1812,8.68776383483782,0.574382953462191,-0.000872753709554672,100,900,0.0625,-332,1664
13,200,"random",0.25,0.25,1,0,"prop",1813,1813,8.36151799373329,0.968768051592633,0.0129214516840875,100,900,0.0625,-332,1664
14,200,"random",0.25,0.25,1,0,"prop",1814,1814,8.04696049471386,0.938581558759324,0.00778477032668889,100,900,0.0625,-332,1664
15,200,"random",0.25,0.25,1,0,"prop",1815,1815,12.3843702494632,2.68605130026117,0.0186585145723075,100,900,0.0625,-332,1664
16,200,"random",0.25,0.25,1,0,"prop",1816,1816,3.12463836069219,1.59837074985262,-0.000965245636180043,100,900,0.0625,-332,1664
17,200,"random",0.25,0.25,1,0,"prop",1817,1817,2.77214788948186,2.64132525504101,0.0115335466945544,100,900,0.0625,-332,1664
18,200,"random",0.25,0.25,1,0,"prop",1818,1818,6.08070490881801,0.905953789595515,0.00462703642901033,100,900,0.0625,-332,1664
19,200,"random",0.25,0.25,1,0,"prop",1819,1819,3.12573171593249,1.99054696364328,-0.0261783005576581,100,900,0.0625,-332,1664
20,200,"random",0.25,0.25,1,0,"prop",1820,1820,14.2588994342368,1.07095957244746,-0.0183312394889072,100,900,0.0625,-332,1664
21,200,"random",0.25,0.25,1,0,"prop",1821,1821,13.4404697304126,0.852676777518354,-0.0261259668739513,100,900,0.0625,-332,1664
22,200,"random",0.25,0.25,1,0,"prop",1822,1822,7.19777002022602,3.38589686457999,0.026871350761503,100,900,0.0625,-332,1664
23,200,"random",0.25,0.25,1,0,"prop",1823,1823,6.25724783306941,0.725351386819966,-0.0174769767466933,100,900,0.0625,-332,1664
24,200,"random",0.25,0.25,1,0,"prop",1824,1824,13.011869400274,2.38929953682236,-0.0137515166401863,100,900,0.0625,-332,1664
25,200,"random",0.25,0.25,1,0,"prop",1825,1825,9.96909828786738,3.56525637407321,0.0266829793481156,100,900,0.0625,-332,1664
26,200,"random",0.25,0.25,1,0,"prop",1826,1826,12.2068877131678,3.19946783909108,-0.0183193224761635,100,900,0.0625,-332,1664
27,200,"random",0.25,0.25,1,0,"prop",1827,1827,14.561129585607,2.1978806060506,0.0135222654277459,100,900,0.0625,-332,1664
28,200,"random",0.25,0.25,1,0,"prop",1828,1828,3.84068067115732,1.66560335748363,0.0230405114684254,100,900,0.0625,-332,1664
29,200,"random",0.25,0.25,1,0,"prop",1829,1829,6.42571467813104,2.41017782816198,0.0211459288839251,100,900,0.0625,-332,1664
30,200,"random",0.25,0.25,1,0,"prop",1830,1830,13.0148529366124,0.790820158668794,-0.0299789312900975,100,900,0.0625,-332,1664
31,200,"random",0.25,0.25,1,0,"prop",1831,1831,3.92824744014069,3.34246951178648,0.000729692769236862,100,900,0.0625,-332,1664
32,200,"random",0.25,0.25,1,0,"prop",1832,1832,13.3206080610398,2.39546171471011,0.00937243150547147,100,900,0.0625,-332,1664
33,200,"random",0.25,0.25,1,0,"prop",1833,1833,2.01976011414081,2.88386337726843,0.0195978467585519,100,900,0.0625,-332,1664
34,200,"random",0.25,0.25,1,0,"prop",1834,1834,11.0922297569923,1.38794148992747,0.00332686405163259,100,900,0.0625,-332,1664
35,200,"random",0.25,0.25,1,0,"prop",1835,1835,7.53937841579318,1.10893668618519,-0.0209479151526466,100,900,0.0625,-332,1664
36,200,"random",0.25,0.25,1,0,"prop",1836,1836,4.4751049883198,2.34559620020445,-0.0145452004764229,100,900,0.0625,-332,1664
37,200,"random",0.25,0.25,1,0,"prop",1837,1837,7.54614498396404,0.913106344640255,0.00259500714484602,100,900,0.0625,-332,1664
38,200,"random",0.25,0.25,1,0,"prop",1838,1838,2.95398647594266,2.47874925669748,-0.0245603124238551,100,900,0.0625,-332,1664
39,200,"random",0.25,0.25,1,0,"prop",1839,1839,12.7965488333721,0.690950626390986,0.0247443684004247,100,900,0.0625,-332,1664
40,200,"random",0.25,0.25,1,0,"prop",1840,1840,4.51277013425715,2.6585309834918,0.0203452460747212,100,900,0.0625,-332,1664
41,200,"random",0.25,0.25,1,0,"prop",1841,1841,5.87231972976588,1.01177655428182,-0.023135941629298,100,900,0.0625,-332,1664
42,200,"random",0.25,0.25,1,0,"prop",1842,1842,4.97633319091983,2.90910795715172,0.0115987362619489,100,900,0.0625,-332,1664
43,200,"random",0.25,0.25,1,0,"prop",1843,1843,6.96711177309044,2.41854747326579,0.0266492425370961,100,900,0.0625,-332,1664
44,200,"random",0.25,0.25,1,0,"prop",1844,1844,7.87555953790434,3.86933939601295,0.0075366451498121,100,900,0.0625,-332,1664
45,200,"random",0.25,0.25,1,0,"prop",1845,1845,7.80111881601624,2.68521303287707,0.00656716003082693,100,900,0.0625,-332,1664
46,200,"random",0.25,0.25,1,0,"prop",1846,1846,11.4426911261398,3.11325902899262,0.0292655477765948,100,900,0.0625,-332,1664
47,200,"random",0.25,0.25,1,0,"prop",1847,1847,10.2414933179971,1.04693523712922,0.0194619561033323,100,900,0.0625,-332,1664
48,200,"random",0.25,0.25,1,0,"prop",1848,1848,13.1403514912818,3.86030709114857,0.00546595949213952,100,900,0.0625,-332,1664
49,200,"random",0.25,0.25,1,0,"prop",1849,1849,11.5787179358304,3.76350555429235,-0.00588907166384161,100,900,0.0625,-332,1664
50,200,"random",0.25,0.25,1,0,"prop",1850,1850,5.57382246525958,2.06747389456723,0.0266662678308785,100,900,0.0625,-332,1664
51,200,"random",0.25,0.25,1,0,"prop",1851,1851,5.19742724555545,2.77275325229857,0.0135288853431121,100,900,0.0625,-332,1664
52,200,"random",0.25,0.25,1,0,"prop",1852,1852,11.1429749457166,0.589086257386953,0.0177532633999363,100,900,0.0625,-332,1664
53,200,"random",0.25,0.25,1,0,"prop",1853,1853,9.95272129285149,3.96583631809335,0.00662457690574229,100,900,0.0625,-332,1664
54,200,"random",0.25,0.25,1,0,"prop",1854,1854,13.4587644352578,2.20000146247912,-0.0232228961912915,100,900,0.0625,-332,1664
55,200,"random",0.25,0.25,1,0,"prop",1855,1855,10.2895846492611,3.24100201565307,-0.016137160831131,100,900,0.0625,-332,1664
56,200,"random",0.25,0.25,1,0,"prop",1856,1856,4.11611340823583,2.06767778925132,-0.0162201258866116,100,900,0.0625,-332,1664
57,200,"random",0.25,0.25,1,0,"prop",1857,1857,8.87331310962327,2.10086954513099,-0.0149669720185921,100,900,0.0625,-332,1664
58,200,"random",0.25,0.25,1,0,"prop",1858,1858,4.94565722509287,2.86618759809062,-0.00246676879003644,100,900,0.0625,-332,1664
59,200,"random",0.25,0.25,1,0,"prop",1859,1859,13.9704852886498,3.42020681907889,0.00224556363187731,100,900,0.0625,-332,1664
60,200,"random",0.25,0.25,1,0,"prop",1860,1860,11.9753566160798,2.12350504216738,0.0171553486771882,100,900,0.0625,-332,1664
61,200,"random",0.25,0.25,1,0,"prop",1861,1861,2.49047488998622,2.75076994427945,0.0142056176997721,100,900,0.0625,-332,1664
62,200,"random",0.25,0.25,1,0,"prop",1862,1862,5.90757669741288,3.06531284109224,-0.00663739569950849,100,900,0.0625,-332,1664
63,200,"random",0.25,0.25,1,0,"prop",1863,1863,11.5036819214001,2.91412478534039,0.0213235417194664,100,900,0.0625,-332,1664
64,200,"random",0.25,0.25,1,0,"prop",1864,1864,13.0930533052888,1.29659697134048,0.0127634824672714,100,900,0.0625,-332,1664
65,200,"random",0.25,0.25,1,0,"prop",1865,1865,13.5759413072374,3.66859849425964,0.00113772148266435,100,900,0.0625,-332,1664
66,200,"random",0.25,0.25,1,0,"prop",1866,1866,5.59447180735879,0.905747269280255,-0.0171424858504906,100,900,0.0625,-332,1664
67,200,"random",0.25,0.25,1,0,"prop",1867,1867,3.38751730322838,3.78815012692939,-0.00296194774098694,100,900,0.0625,-332,1664
68,200,"random",0.25,0.25,1,0,"prop",1868,1868,4.31740304548293,2.36650390725117,-0.00804786309599876,100,900,0.0625,-332,1664
69,200,"random",0.25,0.25,1,0,"prop",1869,1869,9.25020033237524,2.34545924444683,-0.00120630197692663,100,900,0.0625,-332,1664
70,200,"random",0.25,0.25,1,0,"prop",1870,1870,7.91409519710578,1.98129389632959,-0.0194068012107164,100,900,0.0625,-332,1664
71,200,"random",0.25,0.25,1,0,"prop",1871,1871,4.14508397900499,2.35437253455166,0.00286526831332594,100,900,0.0625,-332,1664
72,200,"random",0.25,0.25,1,0,"prop",1872,1872,14.0077396254055,3.69620617723558,-0.00453637688420713,100,900,0.0625,-332,1664
73,200,"random",0.25,0.25,1,0,"prop",1873,1873,6.6830238183029,2.88918689091224,0.00124924171250313,100,900,0.0625,-332,1664
74,200,"random",0.25,0.25,1,0,"prop",1874,1874,13.7266767104156,1.79335411754437,-0.0258719153003767,100,900,0.0625,-332,1664
75,200,"random",0.25,0.25,1,0,"prop",1875,1875,8.68203208968043,1.46264641650487,0.00434767812956124,100,900,0.0625,-332,1664
76,200,"random",0.25,0.25,1,0,"prop",1876,1876,13.1375075599644,1.97687933349516,-0.00522472788579762,100,900,0.0625,-332,1664
77,200,"random",0.25,0.25,1,0,"prop",1877,1877,7.64207868929952,3.77407696389128,0.00482342035509646,100,900,0.0625,-332,1664
78,200,"random",0.25,0.25,1,0,"prop",1878,1878,5.67627781326883,1.82005446811672,0.0299503487488255,100,900,0.0625,-332,1664
79,200,"random",0.25,0.25,1,0,"prop",1879,1879,14.6740314499475,3.34354403789621,-0.00168747858144343,100,900,0.0625,-332,1664
80,200,"random",0.25,0.25,1,0,"prop",1880,1880,3.52190754725598,1.51335633627605,-0.00939064223784953,100,900,0.0625,-332,1664
81,200,"random",0.25,0.25,1,0,"prop",1881,1881,8.02703348896466,1.02919529785868,-0.0235856622224674,100,900,0.0625,-332,1664
82,200,"random",0.25,0.25,1,0,"prop",1882,1882,13.0919312348124,2.93613430322148,-0.0282565267011523,100,900,0.0625,-332,1664
83,200,"random",0.25,0.25,1,0,"prop",1883,1883,3.1423061217647,1.88732033863198,0.000726291532628237,100,900,0.0625,-332,1664
84,200,"random",0.25,0.25,1,0,"prop",1884,1884,6.80051544099115,3.16832689021248,0.0189320908533409,100,900,0.0625,-332,1664
85,200,"random",0.25,0.25,1,0,"prop",1885,1885,4.9263086435385,2.41435178637039,0.00567939634434879,100,900,0.0625,-332,1664
86,200,"random",0.25,0.25,1,0,"prop",1886,1886,8.34935921151191,2.88507770560682,-0.0142014921410009,100,900,0.0625,-332,1664
87,200,"random",0.25,0.25,1,0,"prop",1887,1887,6.86873090732843,3.55125384312123,0.0271004997845739,100,900,0.0625,-332,1664
88,200,"random",0.25,0.25,1,0,"prop",1888,1888,13.7926880076993,1.94568917073775,-0.0105799475731328,100,900,0.0625,-332,1664
89,200,"random",0.25,0.25,1,0,"prop",1889,1889,6.24727170844562,3.43177798215766,-0.00173181985504925,100,900,0.0625,-332,1664
90,200,"random",0.25,0.25,1,0,"prop",1890,1890,13.0605157010723,2.23830103501678,0.0278108135098591,100,900,0.0625,-332,1664
91,200,"random",0.25,0.25,1,0,"prop",1891,1891,11.5353897530586,3.68381338799372,-0.0176542921224609,100,900,0.0625,-332,1664
92,200,"random",0.25,0.25,1,0,"prop",1892,1892,12.4783314357046,3.42043601174373,-0.0188401944609359,100,900,0.0625,-332,1664
93,200,"random",0.25,0.25,1,0,"prop",1893,1893,5.20252982224338,3.78622589213774,-0.0293497770605609,100,900,0.0625,-332,1664
94,200,"random",0.25,0.25,1,0,"prop",1894,1894,13.5429497226141,3.5701422735583,0.0217235776316375,100,900,0.0625,-332,1664
95,200,"random",0.25,0.25,1,0,"prop",1895,1895,11.2057166984305,2.70012986368965,-0.00039400485344231,100,900,0.0625,-332,1664
96,200,"random",0.25,0.25,1,0,"prop",1896,1896,8.61954537499696,3.14464739512186,-0.0250495462585241,100,900,0.0625,-332,1664
97,200,"random",0.25,0.25,1,0,"prop",1897,1897,6.84027419914491,2.28776102804113,-0.0294937044940889,100,900,0.0625,-332,1664
98,200,"random",0.25,0.25,1,0,"prop",1898,1898,13.7053381996229,0.671915757120587,0.00268854393158108,100,900,0.0625,-332,1664
99,200,"random",0.25,0.25,1,0,"prop",1899,1899,3.6310795545578,2.06529974238947,-0.020216932981275,100,900,0.0625,-332,1664
100,200,"random",0.25,0.25,1,0,"prop",1900,1900,4.88083024742082,2.22597262426279,0.0189699263032526,100,900,0.0625,-332,1664
101,200,"random",0.25,0.25,1,0,"prop",1901,1901,8.15075435652398,1.97603041934781,-0.0285457371035591,100,900,0.0625,-332,1664
102,200,"random",0.25,0.25,1,0,"prop",1902,1902,9.77887917775661,3.04854258440901,-0.0105658586975187,100,900,0.0625,-332,1664
103,200,"random",0.25,0.25,1,0,"prop",1903,1903,5.43499753787182,3.77056276681833,-0.00737356568221003,100,900,0.0625,-332,1664
104,200,"random",0.25,0.25,1,0,"prop",1904,1904,11.1497335110325,2.70123329048511,-0.00782866314053535,100,900,0.0625,-332,1664
105,200,"random",0.25,0.25,1,0,"prop",1905,1905,8.57109734159894,3.95105248421896,0.0192332122614607,100,900,0.0625,-332,1664
106,200,"random",0.25,0.25,1,0,"prop",1906,1906,8.97845495305955,2.70521358191036,0.0137044901540503,100,900,0.0625,-332,1664
107,200,"random",0.25,0.25,1,0,"prop",1907,1907,14.3276979285292,3.64765983377583,0.0173206644086167,100,900,0.0625,-332,1664
108,200,"random",0.25,0.25,1,0,"prop",1908,1908,12.652954319492,1.74244295724202,0.00629906522110105,100,900,0.0625,-332,1664
109,200,"random",0.25,0.25,1,0,"prop",1909,1909,8.01435782946646,3.21106430911459,-0.0200993155734614,100,900,0.0625,-332,1664
110,200,"random",0.25,0.25,1,0,"prop",1910,1910,12.3300770991482,2.33193390932865,-8.25104909017681e-05,100,900,0.0625,-332,1664
111,200,"random",0.25,0.25,1,0,"prop",1911,1911,7.68939237552695,3.9449699659599,0.00734160630963743,100,900,0.0625,-332,1664
112,200,"random",0.25,0.25,1,0,"prop",1912,1912,6.78439118363895,2.97843160945922,-0.0138083765376359,100,900,0.0625,-332,1664
113,200,"random",0.25,0.25,1,0,"prop",1913,1913,2.92299795383587,2.06414387875702,-0.0157090904843062,100,900,0.0625,-332,1664
114,200,"random",0.25,0.25,1,0,"prop",1914,1914,10.983161335811,3.11786497605499,0.00569345768541098,100,900,0.0625,-332,1664
115,200,"random",0.25,0.25,1,0,"prop",1915,1915,9.64190086373128,0.754368166672066,0.0153167188167572,100,900,0.0625,-332,1664
116,200,"random",0.25,0.25,1,0,"prop",1916,1916,9.36308073066175,2.33932197419927,0.0227432733820751,100,900,0.0625,-332,1664
117,200,"random",0.25,0.25,1,0,"prop",1917,1917,7.57483438635245,0.552953762002289,-0.0109684308618307,100,900,0.0625,-332,1664
118,200,"random",0.25,0.25,1,0,"prop",1918,1918,13.3082989165559,1.03634322748985,-0.00533757157623768,100,900,0.0625,-332,1664
119,200,"random",0.25,0.25,1,0,"prop",1919,1919,14.0917332437821,1.71816560137086,0.0132757540466264,100,900,0.0625,-332,1664
120,200,"random",0.25,0.25,1,0,"prop",1920,1920,7.75422098767012,3.24664167012088,0.0299484323104844,100,900,0.0625,-332,1664
121,200,"random",0.25,0.25,1,0,"prop",1921,1921,2.33485118625686,1.63967493188102,-0.0188833317859098,100,900,0.0625,-332,1664
122,200,"random",0.25,0.25,1,0,"prop",1922,1922,6.48641155916266,0.867139351321384,0.00217163087334484,100,900,0.0625,-332,1664
123,200,"random",0.25,0.25,1,0,"prop",1923,1923,4.62042168690823,1.77747667324729,0.00362059400416911,100,900,0.0625,-332,1664
124,200,"random",0.25,0.25,1,0,"prop",1924,1924,10.573914357461,0.985811980208382,-0.00753232425078749,100,900,0.0625,-332,1664
125,200,"random",0.25,0.25,1,0,"prop",1925,1925,5.87142238393426,1.76622073422186,-0.0182475005602464,100,900,0.0625,-332,1664
126,200,"random",0.25,0.25,1,0,"prop",1926,1926,2.82986021717079,1.45442540233489,0.00304982090368867,100,900,0.0625,-332,1664
127,200,"random",0.25,0.25,1,0,"prop",1927,1927,8.85431368439458,1.76773551560473,-0.0105633366527036,100,900,0.0625,-332,1664
128,200,"random",0.25,0.25,1,0,"prop",1928,1928,13.056204789551,2.65013824228663,0.0291948180785403,100,900,0.0625,-332,1664
129,200,"random",0.25,0.25,1,0,"prop",1929,1929,5.48533555865288,0.909014137927443,0.0192984234122559,100,900,0.0625,-332,1664
130,200,"random",0.25,0.25,1,0,"prop",1930,1930,10.357264302671,2.82772763713729,-0.00383247524499893,100,900,0.0625,-332,1664
131,200,"random",0.25,0.25,1,0,"prop",1931,1931,9.51366791152395,3.5802448441973,0.0257679313095286,100,900,0.0625,-332,1664
132,200,"random",0.25,0.25,1,0,"prop",1932,1932,7.79009476234205,2.7109304521,0.0294632721785456,100,900,0.0625,-332,1664
133,200,"random",0.25,0.25,1,0,"prop",1933,1933,14.9130814531818,1.49372271634638,0.00197716775815934,100,900,0.0625,-332,1664
134,200,"random",0.25,0.25,1,0,"prop",1934,1934,10.8265589228831,0.770596712129191,0.00650325912516564,100,900,0.0625,-332,1664
135,200,"random",0.25,0.25,1,0,"prop",1935,1935,6.54370524128899,1.88966489199083,0.0137845135945827,100,900,0.0625,-332,1664
136,200,"random",0.25,0.25,1,0,"prop",1936,1936,4.85319681931287,2.2410492306808,-0.00028344084508717,100,900,0.0625,-332,1664
137,200,"random",0.25,0.25,1,0,"prop",1937,1937,9.01374624762684,1.14373074937612,0.0167727981414646,100,900,0.0625,-332,1664
138,200,"random",0.25,0.25,1,0,"prop",1938,1938,7.32593433069997,0.765621903818101,-0.00126809243112802,100,900,0.0625,-332,1664
139,200,"random",0.25,0.25,1,0,"prop",1939,1939,4.97976825293154,0.544391640694812,-0.0158365067839622,100,900,0.0625,-332,1664
140,200,"random",0.25,0.25,1,0,"prop",1940,1940,5.56792515725829,3.87033214455005,0.0109474755311385,100,900,0.0625,-332,1664
141,200,"random",0.25,0.25,1,0,"prop",1941,1941,13.1883627818897,2.5798182876315,-0.0243018883327022,100,900,0.0625,-332,1664
142,200,"random",0.25,0.25,1,0,"prop",1942,1942,10.6637280096766,3.99121651728638,0.0232243879465386,100,900,0.0625,-332,1664
143,200,"random",0.25,0.25,1,0,"prop",1943,1943,3.41589680989273,3.17414211400319,0.00948743040673435,100,900,0.0625,-332,1664
144,200,"random",0.25,0.25,1,0,"prop",1944,1944,7.21722591388971,2.3500474387547,-0.00184416128788143,100,900,0.0625,-332,1664
145,200,"random",0.25,0.25,1,0,"prop",1945,1945,6.35435110540129,1.38768155977596,0.00166888334322721,100,900,0.0625,-332,1664
146,200,"random",0.25,0.25,1,0,"prop",1946,1946,2.09208877850324,3.65162889577914,0.0183145748684183,100,900,0.0625,-332,1664
147,200,"random",0.25,0.25,1,0,"prop",1947,1947,9.86108529008925,3.76903642597608,0.00236863050609827,100,900,0.0625,-332,1664
148,200,"random",0.25,0.25,1,0,"prop",1948,1948,7.08990961546078,2.79470049007796,-0.0189971151715145,100,900,0.0625,-332,1664
149,200,"random",0.25,0.25,1,0,"prop",1949,1949,12.4659017731901,2.94877105613705,-0.00710720350965858,100,900,0.0625,-332,1664
150,200,"random",0.25,0.25,1,0,"prop",1950,1950,4.12381704594009,1.78031733888201,0.0252227428648621,100,900,0.0625,-332,1664
151,200,"random",0.25,0.25,1,0,"prop",1951,1951,9.79917870974168,0.623096748138778,-0.0257217757031322,100,900,0.0625,-332,1664
152,200,"random",0.25,0.25,1,0,"prop",1952,1952,5.30245510884561,3.57284021389205,-0.0110917115863413,100,900,0.0625,-332,1664
153,200,"random",0.25,0.25,1,0,"prop",1953,1953,11.6253602872603,3.58751553634647,0.0256491416925564,100,900,0.0625,-332,1664
154,200,"random",0.25,0.25,1,0,"prop",1954,1954,2.72975772363134,1.39011010807008,0.00604201579000801,100,900,0.0625,-332,1664
155,200,"random",0.25,0.25,1,0,"prop",1955,1955,3.05254269321449,3.93719190603588,-0.00729608289431781,100,900,0.0625,-332,1664
156,200,"random",0.25,0.25,1,0,"prop",1956,1956,7.0814430671744,1.68969145359006,-0.00568672761786729,100,900,0.0625,-332,1664
157,200,"random",0.25,0.25,1,0,"prop",1957,1957,5.66701231431216,1.20994739013258,0.0195220058318228,100,900,0.0625,-332,1664
158,200,"random",0.25,0.25,1,0,"prop",1958,1958,14.5388872334734,3.26078387210146,-0.0295917181111872,100,900,0.0625,-332,1664
159,200,"random",0.25,0.25,1,0,"prop",1959,1959,8.0284592078533,1.06484646501485,-0.0159270011074841,100,900,0.0625,-332,1664
160,200,"random",0.25,0.25,1,0,"prop",1960,1960,14.7310935426503,0.7661274013808,-0.0212978124478832,100,900,0.0625,-332,1664
161,200,"random",0.25,0.25,1,0,"prop",1961,1961,13.0962230139412,2.31445136747789,0.0130086755426601,100,900,0.0625,-332,1664
162,200,"random",0.25,0.25,1,0,"prop",1962,1962,10.364745113533,2.26080182788428,-0.00718775340355933,100,900,0.0625,-332,1664
163,200,"random",0.25,0.25,1,0,"prop",1963,1963,8.42190957069397,2.58898246649187,-0.00600223189685494,100,900,0.0625,-332,1664
164,200,"random",0.25,0.25,1,0,"prop",1964,1964,7.44582175510004,1.99467178701889,-0.00360886702314019,100,900,0.0625,-332,1664
165,200,"random",0.25,0.25,1,0,"prop",1965,1965,7.22899894579314,1.8557778702816,0.0152893978217617,100,900,0.0625,-332,1664
166,200,"random",0.25,0.25,1,0,"prop",1966,1966,4.88169163791463,0.861841333680786,0.00631601929664612,100,900,0.0625,-332,1664
167,200,"random",0.25,0.25,1,0,"prop",1967,1967,8.90680634975433,1.98957163782325,0.016984291523695,100,900,0.0625,-332,1664
168,200,"random",0.25,0.25,1,0,"prop",1968,1968,3.4861782961525,3.54975967970677,-0.0250536687718704,100,900,0.0625,-332,1664
169,200,"random",0.25,0.25,1,0,"prop",1969,1969,3.79917678819038,1.90148449258413,0.00846180320251733,100,900,0.0625,-332,1664
170,200,"random",0.25,0.25,1,0,"prop",1970,1970,3.4876300606411,0.712944437749684,0.00412244521547109,100,900,0.0625,-332,1664
171,200,"random",0.25,0.25,1,0,"prop",1971,1971,3.01066294242628,3.00983543030452,-0.0112053326843306,100,900,0.0625,-332,1664
172,200,"random",0.25,0.25,1,0,"prop",1972,1972,3.64393937052228,2.52277438063174,0.0292123877769336,100,900,0.0625,-332,1664
173,200,"random",0.25,0.25,1,0,"prop",1973,1973,10.6589711478446,2.96306826325599,-0.00840465116780251,100,900,0.0625,-332,1664
174,200,"random",0.25,0.25,1,0,"prop",1974,1974,13.5553991440684,1.82396066165529,0.0264041122701019,100,900,0.0625,-332,1664
175,200,"random",0.25,0.25,1,0,"prop",1975,1975,4.36665391596034,2.6757800495252,-0.00848041922785342,100,900,0.0625,-332,1664
176,200,"random",0.25,0.25,1,0,"prop",1976,1976,4.11620596167631,3.05534905160312,0.0276590951392427,100,900,0.0625,-332,1664
177,200,"random",0.25,0.25,1,0,"prop",1977,1977,9.97928336448967,2.61571853037458,-0.0104340119054541,100,900,0.0625,-332,1664
178,200,"random",0.25,0.25,1,0,"prop",1978,1978,2.83459949935786,1.22212013404351,-0.017111110961996,100,900,0.0625,-332,1664
179,200,"random",0.25,0.25,1,0,"prop",1979,1979,3.31576380017214,2.14762927696574,-0.00300130415707827,100,900,0.0625,-332,1664
180,200,"random",0.25,0.25,1,0,"prop",1980,1980,14.9627416497096,3.64804863824975,0.0273387277498841,100,900,0.0625,-332,1664
181,200,"random",0.25,0.25,1,0,"prop",1981,1981,5.01164051541127,2.55357119743712,-0.00180995916947722,100,900,0.0625,-332,1664
182,200,"random",0.25,0.25,1,0,"prop",1982,1982,11.7943505716976,2.2376873503672,0.0216697272844613,100,900,0.0625,-332,1664
183,200,"random",0.25,0.25,1,0,"prop",1983,1983,8.8115782213863,3.70396286051255,0.014408672307618,100,900,0.0625,-332,1664
184,200,"random",0.25,0.25,1,0,"prop",1984,1984,3.38324616081081,1.81166385707911,-0.0221453258162364,100,900,0.0625,-332,1664
185,200,"random",0.25,0.25,1,0,"prop",1985,1985,3.65748407226056,3.5223484284943,0.00483965617138892,100,900,0.0625,-332,1664
186,200,"random",0.25,0.25,1,0,"prop",1986,1986,12.0661013084464,1.67947925184853,-0.00270825470332056,100,900,0.0625,-332,1664
187,200,"random",0.25,0.25,1,0,"prop",1987,1987,7.65865541971289,0.9621237590909,-0.0136100018955767,100,900,0.0625,-332,1664
188,200,"random",0.25,0.25,1,0,"prop",1988,1988,8.528406487545,2.13796903553884,-0.00913213516585529,100,900,0.0625,-332,1664
189,200,"random",0.25,0.25,1,0,"prop",1989,1989,9.68365635536611,3.26566351717338,0.0119718476710841,100,900,0.0625,-332,1664
190,200,"random",0.25,0.25,1,0,"prop",1990,1990,10.0931242960505,2.4074415366631,0.0102267230814323,100,900,0.0625,-332,1664
191,200,"random",0.25,0.25,1,0,"prop",1991,1991,14.2951854649,0.982788433902897,0.0116312861116603,100,900,0.0625,-332,1664
192,200,"random",0.25,0.25,1,0,"prop",1992,1992,3.45141839841381,1.94335296365898,0.0154678822075948,100,900,0.0625,-332,1664
193,200,"random",0.25,0.25,1,0,"prop",1993,1993,5.30371342762373,1.64590463705827,-0.00778023536782712,100,900,0.0625,-332,1664
194,200,"random",0.25,0.25,1,0,"prop",1994,1994,2.20085604535416,3.98877382709179,0.0219327486818656,100,900,0.0625,-332,1664
195,200,"random",0.25,0.25,1,0,"prop",1995,1995,10.752208644757,3.4777641966939,0.00782888383604586,100,900,0.0625,-332,1664
196,200,"random",0.25,0.25,1,0,"prop",1996,1996,2.67013501399197,1.16277843061835,-0.0283385089645162,100,900,0.0625,-332,1664
197,200,"random",0.25,0.25,1,0,"prop",1997,1997,11.8722296275664,2.54459924297407,0.000394549034535886,100,900,0.0625,-332,1664
198,200,"random",0.25,0.25,1,0,"prop",1998,1998,7.93291287822649,2.95727757876739,-0.011039190092124,100,900,0.0625,-332,1664
199,200,"random",0.25,0.25,1,0,"prop",1999,1999,14.8720933881123,3.4728556558257,-0.00501156242564321,100,900,0.0625,-332,1664
200,200,"random",0.25,0.25,1,0,"prop",2000,2000,14.8714514677413,3.59809668979142,0.0115651973616332,100,900,0.0625,-332,1664
1,200,"random",0.75,0.25,1,0,"prop",2001,2001,14.5018847354222,1.83949030679651,-0.00983299403451383,100,900,0.0625,-332,1664
2,200,"random",0.75,0.25,1,0,"prop",2002,2002,5.25274668028578,3.6708010622533,-0.00889580195769668,100,900,0.0625,-332,1664
3,200,"random",0.75,0.25,1,0,"prop",2003,2003,12.6085225357674,2.26644541346468,-0.0203181190229952,100,900,0.0625,-332,1664
4,200,"random",0.75,0.25,1,0,"prop",2004,2004,9.06919759325683,3.74158369516954,0.0257084805797786,100,900,0.0625,-332,1664
5,200,"random",0.75,0.25,1,0,"prop",2005,2005,13.8080163835548,0.513575207442045,-0.00878970866091549,100,900,0.0625,-332,1664
6,200,"random",0.75,0.25,1,0,"prop",2006,2006,2.10363556933589,2.96761417447124,0.0192493386520073,100,900,0.0625,-332,1664
7,200,"random",0.75,0.25,1,0,"prop",2007,2007,6.72463073045947,2.43059753859416,-0.0135201968299225,100,900,0.0625,-332,1664
8,200,"random",0.75,0.25,1,0,"prop",2008,2008,6.08198880706914,0.637219040305354,0.0202255025831982,100,900,0.0625,-332,1664
9,200,"random",0.75,0.25,1,0,"prop",2009,2009,13.1270139890257,2.74636204901617,-0.0166980230715126,100,900,0.0625,-332,1664
10,200,"random",0.75,0.25,1,0,"prop",2010,2010,10.1373478663154,0.829291452537291,0.020070816334337,100,900,0.0625,-332,1664
11,200,"random",0.75,0.25,1,0,"prop",2011,2011,5.47937078936957,3.74143028969411,-0.000201049740426243,100,900,0.0625,-332,1664
12,200,"random",0.75,0.25,1,0,"prop",2012,2012,13.1751417326741,2.26924509741366,-0.0176825687801465,100,900,0.0625,-332,1664
13,200,"random",0.75,0.25,1,0,"prop",2013,2013,11.6715233421419,3.97824532887898,0.00058078841306269,100,900,0.0625,-332,1664
14,200,"random",0.75,0.25,1,0,"prop",2014,2014,6.90429333341308,0.873388699023053,0.0238631319534034,100,900,0.0625,-332,1664
15,200,"random",0.75,0.25,1,0,"prop",2015,2015,9.10545258107595,2.35198373498861,0.0168434358062223,100,900,0.0625,-332,1664
16,200,"random",0.75,0.25,1,0,"prop",2016,2016,14.224869890837,0.583187829121016,0.00689043811988085,100,900,0.0625,-332,1664
17,200,"random",0.75,0.25,1,0,"prop",2017,2017,5.97167624766007,1.29017893865239,0.00286305734887719,100,900,0.0625,-332,1664
18,200,"random",0.75,0.25,1,0,"prop",2018,2018,3.3356419231277,0.864628593553789,-0.0293454771023244,100,900,0.0625,-332,1664
19,200,"random",0.75,0.25,1,0,"prop",2019,2019,10.5589490551502,2.47181693848688,0.0159823660505936,100,900,0.0625,-332,1664
20,200,"random",0.75,0.25,1,0,"prop",2020,2020,12.6727989539504,0.582358269020915,-0.0169337305985391,100,900,0.0625,-332,1664
21,200,"random",0.75,0.25,1,0,"prop",2021,2021,12.4521928525064,0.903548282803968,-0.0116005895286798,100,900,0.0625,-332,1664
22,200,"random",0.75,0.25,1,0,"prop",2022,2022,3.64688931242563,3.56076384824701,-0.00857138345483691,100,900,0.0625,-332,1664
23,200,"random",0.75,0.25,1,0,"prop",2023,2023,11.5730149603914,2.47331150365062,-0.0279643713729456,100,900,0.0625,-332,1664
24,200,"random",0.75,0.25,1,0,"prop",2024,2024,7.44844542327337,2.99847842811141,0.014060553512536,100,900,0.0625,-332,1664
25,200,"random",0.75,0.25,1,0,"prop",2025,2025,3.73947194032371,2.10837495175656,0.0179865411249921,100,900,0.0625,-332,1664
26,200,"random",0.75,0.25,1,0,"prop",2026,2026,9.43556705489755,0.91666118928697,-0.000340762306004761,100,900,0.0625,-332,1664
27,200,"random",0.75,0.25,1,0,"prop",2027,2027,2.71849265811034,3.12830424518324,-0.0279874110175297,100,900,0.0625,-332,1664
28,200,"random",0.75,0.25,1,0,"prop",2028,2028,5.41472472040914,3.01265866344329,-0.0163040667073801,100,900,0.0625,-332,1664
29,200,"random",0.75,0.25,1,0,"prop",2029,2029,7.40146208484657,1.99274576187599,0.0204854544857517,100,900,0.0625,-332,1664
30,200,"random",0.75,0.25,1,0,"prop",2030,2030,12.0913471283857,1.82698856201023,-0.00539691742043942,100,900,0.0625,-332,1664
31,200,"random",0.75,0.25,1,0,"prop",2031,2031,3.44656475470401,2.73024189111311,-0.00834045193623751,100,900,0.0625,-332,1664
32,200,"random",0.75,0.25,1,0,"prop",2032,2032,8.17856583301909,2.12130821112078,0.0263832574384287,100,900,0.0625,-332,1664
33,200,"random",0.75,0.25,1,0,"prop",2033,2033,8.55271384562366,3.77281075448263,0.0232225551176816,100,900,0.0625,-332,1664
34,200,"random",0.75,0.25,1,0,"prop",2034,2034,8.89333091629669,2.3933903524885,0.0284060176508501,100,900,0.0625,-332,1664
35,200,"random",0.75,0.25,1,0,"prop",2035,2035,8.40421042777598,1.974903694354,0.0135606662090868,100,900,0.0625,-332,1664
36,200,"random",0.75,0.25,1,0,"prop",2036,2036,4.03655255422927,0.679167087888345,0.0283251366438344,100,900,0.0625,-332,1664
37,200,"random",0.75,0.25,1,0,"prop",2037,2037,6.00749775557779,1.70624016225338,-0.0206553153181449,100,900,0.0625,-332,1664
38,200,"random",0.75,0.25,1,0,"prop",2038,2038,5.92283516027965,1.63098982640076,-0.00219898408278823,100,900,0.0625,-332,1664
39,200,"random",0.75,0.25,1,0,"prop",2039,2039,2.60365282860585,3.25242299295496,-0.000927544799633324,100,900,0.0625,-332,1664
40,200,"random",0.75,0.25,1,0,"prop",2040,2040,6.07400105590932,3.88296183792409,0.00234482922591269,100,900,0.0625,-332,1664
41,200,"random",0.75,0.25,1,0,"prop",2041,2041,6.22727875784039,0.646317537641153,-0.0185533174406737,100,900,0.0625,-332,1664
42,200,"random",0.75,0.25,1,0,"prop",2042,2042,13.5478223715909,1.59515012637712,0.0164034479577094,100,900,0.0625,-332,1664
43,200,"random",0.75,0.25,1,0,"prop",2043,2043,6.33160526049323,2.13919794664253,-0.0296128977555782,100,900,0.0625,-332,1664
44,200,"random",0.75,0.25,1,0,"prop",2044,2044,9.4706309218891,3.57287449459545,0.0240331491222605,100,900,0.0625,-332,1664
45,200,"random",0.75,0.25,1,0,"prop",2045,2045,2.62866917485371,0.610824908246286,0.0225839246297255,100,900,0.0625,-332,1664
46,200,"random",0.75,0.25,1,0,"prop",2046,2046,6.89937134459615,3.5118673350662,-0.00194900969043374,100,900,0.0625,-332,1664
47,200,"random",0.75,0.25,1,0,"prop",2047,2047,11.4203393703792,1.39127924898639,-0.00284750266000628,100,900,0.0625,-332,1664
48,200,"random",0.75,0.25,1,0,"prop",2048,2048,11.860674576601,0.598472733167,-0.00177409433294088,100,900,0.0625,-332,1664
49,200,"random",0.75,0.25,1,0,"prop",2049,2049,7.64065139647573,3.9407121008262,0.00522388296201825,100,900,0.0625,-332,1664
50,200,"random",0.75,0.25,1,0,"prop",2050,2050,7.48618779797107,2.61340557422955,-0.026134108887054,100,900,0.0625,-332,1664
51,200,"random",0.75,0.25,1,0,"prop",2051,2051,8.7879233956337,3.76639796246309,-0.0266333388257772,100,900,0.0625,-332,1664
52,200,"random",0.75,0.25,1,0,"prop",2052,2052,7.10010489239357,2.61156448116526,0.0214686679048464,100,900,0.0625,-332,1664
53,200,"random",0.75,0.25,1,0,"prop",2053,2053,11.4248988637701,3.72356406098697,0.00884812587406486,100,900,0.0625,-332,1664
54,200,"random",0.75,0.25,1,0,"prop",2054,2054,10.3923579563852,3.07410162477754,-0.0143146814871579,100,900,0.0625,-332,1664
55,200,"random",0.75,0.25,1,0,"prop",2055,2055,13.4028748001438,3.64311873214319,-0.0165957047883421,100,900,0.0625,-332,1664
56,200,"random",0.75,0.25,1,0,"prop",2056,2056,6.014182085637,3.43178676767275,-0.0282256737956777,100,900,0.0625,-332,1664
57,200,"random",0.75,0.25,1,0,"prop",2057,2057,3.2394796279259,3.31016876082867,-0.0032027827296406,100,900,0.0625,-332,1664
58,200,"random",0.75,0.25,1,0,"prop",2058,2058,14.676619492704,1.31005737872329,-0.0285932394023985,100,900,0.0625,-332,1664
59,200,"random",0.75,0.25,1,0,"prop",2059,2059,14.8705155635253,0.75608284806367,-0.0228738590329885,100,900,0.0625,-332,1664
60,200,"random",0.75,0.25,1,0,"prop",2060,2060,13.6931076822802,1.65275996120181,0.0202390806376934,100,900,0.0625,-332,1664
61,200,"random",0.75,0.25,1,0,"prop",2061,2061,5.25263553019613,3.56263195874635,0.00627180799841881,100,900,0.0625,-332,1664
62,200,"random",0.75,0.25,1,0,"prop",2062,2062,10.8551553359721,3.82637891662307,-0.0133248894056305,100,900,0.0625,-332,1664
63,200,"random",0.75,0.25,1,0,"prop",2063,2063,8.9639204943087,2.52415650570765,-0.00134841755032539,100,900,0.0625,-332,1664
64,200,"random",0.75,0.25,1,0,"prop",2064,2064,3.4418107047677,1.1833077094052,0.00242518871091306,100,900,0.0625,-332,1664
65,200,"random",0.75,0.25,1,0,"prop",2065,2065,11.1986513913143,0.994920909171924,0.00253386997617781,100,900,0.0625,-332,1664
66,200,"random",0.75,0.25,1,0,"prop",2066,2066,10.7787257200107,3.2881252564257,-0.00276826206129044,100,900,0.0625,-332,1664
67,200,"random",0.75,0.25,1,0,"prop",2067,2067,6.12507684365846,3.56618435052224,0.0298367875535041,100,900,0.0625,-332,1664
68,200,"random",0.75,0.25,1,0,"prop",2068,2068,7.55896491883323,2.0995092644589,-0.0124337766179815,100,900,0.0625,-332,1664
69,200,"random",0.75,0.25,1,0,"prop",2069,2069,13.30346405413,2.63010833295994,0.00301936080213636,100,900,0.0625,-332,1664
70,200,"random",0.75,0.25,1,0,"prop",2070,2070,9.82301921444014,1.3672857733909,-0.0251951826224104,100,900,0.0625,-332,1664
71,200,"random",0.75,0.25,1,0,"prop",2071,2071,6.8564949054271,2.30063650314696,-0.0128407439030707,100,900,0.0625,-332,1664
72,200,"random",0.75,0.25,1,0,"prop",2072,2072,9.03354886407033,1.67590787354857,-0.00442122255451977,100,900,0.0625,-332,1664
73,200,"random",0.75,0.25,1,0,"prop",2073,2073,7.42571805091575,3.50329743709881,-0.000230926112271844,100,900,0.0625,-332,1664
74,200,"random",0.75,0.25,1,0,"prop",2074,2074,5.68770111678168,2.34804203920066,0.0183541993936524,100,900,0.0625,-332,1664
75,200,"random",0.75,0.25,1,0,"prop",2075,2075,14.8972233845852,2.84589465463068,-0.0262570768827572,100,900,0.0625,-332,1664
76,200,"random",0.75,0.25,1,0,"prop",2076,2076,11.7853289600462,1.6010363457026,0.0247944595338777,100,900,0.0625,-332,1664
77,200,"random",0.75,0.25,1,0,"prop",2077,2077,8.73179227951914,0.66856704489328,0.00101602665614337,100,900,0.0625,-332,1664
78,200,"random",0.75,0.25,1,0,"prop",2078,2078,6.74246306461282,1.24376667919569,0.00695964239537716,100,900,0.0625,-332,1664
79,200,"random",0.75,0.25,1,0,"prop",2079,2079,10.7154840976,2.14166218787432,-0.0176873718760908,100,900,0.0625,-332,1664
80,200,"random",0.75,0.25,1,0,"prop",2080,2080,9.24985864316113,3.74043190607335,0.0117719139670953,100,900,0.0625,-332,1664
81,200,"random",0.75,0.25,1,0,"prop",2081,2081,2.21245975513011,1.01247398776468,-0.00374111395329237,100,900,0.0625,-332,1664
82,200,"random",0.75,0.25,1,0,"prop",2082,2082,3.41264328011312,2.1238382976735,0.0176572681590915,100,900,0.0625,-332,1664
83,200,"random",0.75,0.25,1,0,"prop",2083,2083,9.25569359003566,3.73728069476783,0.0201904287328944,100,900,0.0625,-332,1664
84,200,"random",0.75,0.25,1,0,"prop",2084,2084,6.98434201045893,2.67814577091485,-0.000461099348030986,100,900,0.0625,-332,1664
85,200,"random",0.75,0.25,1,0,"prop",2085,2085,8.57976484508254,3.87314464617521,-0.00468200844246894,100,900,0.0625,-332,1664
86,200,"random",0.75,0.25,1,0,"prop",2086,2086,5.54541394673288,3.39588970143814,0.00140783134382218,100,900,0.0625,-332,1664
87,200,"random",0.75,0.25,1,0,"prop",2087,2087,2.84898500633426,0.90152675868012,0.008453908120282,100,900,0.0625,-332,1664
88,200,"random",0.75,0.25,1,0,"prop",2088,2088,14.5867375074886,3.14087793894578,0.02673088720534,100,900,0.0625,-332,1664
89,200,"random",0.75,0.25,1,0,"prop",2089,2089,7.24685895699076,2.1760374547448,0.00378766792360693,100,900,0.0625,-332,1664
90,200,"random",0.75,0.25,1,0,"prop",2090,2090,5.63781824777834,1.69492205476854,-0.0129542569164187,100,900,0.0625,-332,1664
91,200,"random",0.75,0.25,1,0,"prop",2091,2091,4.36574106686749,1.92443625594024,0.0291905107581988,100,900,0.0625,-332,1664
92,200,"random",0.75,0.25,1,0,"prop",2092,2092,14.4366541886702,2.41243194311392,0.00489008080679923,100,900,0.0625,-332,1664
93,200,"random",0.75,0.25,1,0,"prop",2093,2093,4.35239769262262,3.40837624086998,0.0244927906198427,100,900,0.0625,-332,1664
94,200,"random",0.75,0.25,1,0,"prop",2094,2094,13.510652070865,2.84212101227604,-0.0126252591563389,100,900,0.0625,-332,1664
95,200,"random",0.75,0.25,1,0,"prop",2095,2095,8.11154104559682,1.98389541276265,0.00859866937156767,100,900,0.0625,-332,1664
96,200,"random",0.75,0.25,1,0,"prop",2096,2096,12.6906313819345,0.661977545940317,-0.0113012512028217,100,900,0.0625,-332,1664
97,200,"random",0.75,0.25,1,0,"prop",2097,2097,8.96762321307324,2.55251839431003,-0.0235581490164623,100,900,0.0625,-332,1664
98,200,"random",0.75,0.25,1,0,"prop",2098,2098,12.6556788133457,2.94359413941856,0.00329416054766625,100,900,0.0625,-332,1664
99,200,"random",0.75,0.25,1,0,"prop",2099,2099,9.72076781815849,2.37596947303973,0.0284255255386233,100,900,0.0625,-332,1664
100,200,"random",0.75,0.25,1,0,"prop",2100,2100,4.33359753969125,1.07074634055607,-0.0243459327332675,100,900,0.0625,-332,1664
101,200,"random",0.75,0.25,1,0,"prop",2101,2101,13.8370225888211,0.658786587533541,0.0219266391266137,100,900,0.0625,-332,1664
102,200,"random",0.75,0.25,1,0,"prop",2102,2102,10.3035796750337,2.86407618317753,0.00970064159017056,100,900,0.0625,-332,1664
103,200,"random",0.75,0.25,1,0,"prop",2103,2103,5.89545726962388,1.38508181169163,-0.00181032123975456,100,900,0.0625,-332,1664
104,200,"random",0.75,0.25,1,0,"prop",2104,2104,5.42455790448003,2.99403355398681,-0.0184104709234089,100,900,0.0625,-332,1664
105,200,"random",0.75,0.25,1,0,"prop",2105,2105,8.51573279243894,1.21579350624233,-0.00511405561119318,100,900,0.0625,-332,1664
106,200,"random",0.75,0.25,1,0,"prop",2106,2106,5.25800326652825,2.96637445362285,0.0116581087745726,100,900,0.0625,-332,1664
107,200,"random",0.75,0.25,1,0,"prop",2107,2107,9.65721702040173,0.814661447890103,-0.0194386577373371,100,900,0.0625,-332,1664
108,200,"random",0.75,0.25,1,0,"prop",2108,2108,6.8308411850594,2.59225349524058,0.0229689814383164,100,900,0.0625,-332,1664
109,200,"random",0.75,0.25,1,0,"prop",2109,2109,12.2234943392687,1.77377482911106,0.00283613874111324,100,900,0.0625,-332,1664
110,200,"random",0.75,0.25,1,0,"prop",2110,2110,8.36096375063062,1.58448983484413,-0.010043751639314,100,900,0.0625,-332,1664
111,200,"random",0.75,0.25,1,0,"prop",2111,2111,3.65486870054156,0.877372196293436,0.0236112747061998,100,900,0.0625,-332,1664
112,200,"random",0.75,0.25,1,0,"prop",2112,2112,4.862367273774,3.13088769838214,-0.0118754235003144,100,900,0.0625,-332,1664
113,200,"random",0.75,0.25,1,0,"prop",2113,2113,8.73918139049783,3.53260398737621,-0.0185008799051866,100,900,0.0625,-332,1664
114,200,"random",0.75,0.25,1,0,"prop",2114,2114,13.4549728194252,3.58552458346821,0.0141425696527585,100,900,0.0625,-332,1664
115,200,"random",0.75,0.25,1,0,"prop",2115,2115,9.29307847260498,2.15507571445778,-0.00777023940347135,100,900,0.0625,-332,1664
116,200,"random",0.75,0.25,1,0,"prop",2116,2116,13.5116158428136,3.24536560196429,-0.00303419197909534,100,900,0.0625,-332,1664
117,200,"random",0.75,0.25,1,0,"prop",2117,2117,3.2669238387607,2.20801211241633,0.00619016643147915,100,900,0.0625,-332,1664
118,200,"random",0.75,0.25,1,0,"prop",2118,2118,13.0736853068229,1.87801678862888,0.0259015469904989,100,900,0.0625,-332,1664
119,200,"random",0.75,0.25,1,0,"prop",2119,2119,3.18648043391295,2.8811592257116,0.0180696446215734,100,900,0.0625,-332,1664
120,200,"random",0.75,0.25,1,0,"prop",2120,2120,11.5948047365528,3.44948141358327,-0.0243777305167168,100,900,0.0625,-332,1664
121,200,"random",0.75,0.25,1,0,"prop",2121,2121,13.6457975979429,1.73067207506392,0.000171747640706599,100,900,0.0625,-332,1664
122,200,"random",0.75,0.25,1,0,"prop",2122,2122,13.2319447314367,2.7009490467608,0.0119879480078816,100,900,0.0625,-332,1664
123,200,"random",0.75,0.25,1,0,"prop",2123,2123,12.1038941398729,3.08863899158314,0.0160625010821968,100,900,0.0625,-332,1664
124,200,"random",0.75,0.25,1,0,"prop",2124,2124,7.33162500220351,2.91414487198927,-0.0286791677819565,100,900,0.0625,-332,1664
125,200,"random",0.75,0.25,1,0,"prop",2125,2125,5.46027713082731,3.65266709658317,-0.0224366719974205,100,900,0.0625,-332,1664
126,200,"random",0.75,0.25,1,0,"prop",2126,2126,14.5672335512936,1.26827771053649,-0.00731277625076473,100,900,0.0625,-332,1664
127,200,"random",0.75,0.25,1,0,"prop",2127,2127,9.78996065584943,1.55848677107133,0.00510591449216008,100,900,0.0625,-332,1664
128,200,"random",0.75,0.25,1,0,"prop",2128,2128,9.33297428721562,1.9565342759015,-0.0127163701085374,100,900,0.0625,-332,1664
129,200,"random",0.75,0.25,1,0,"prop",2129,2129,7.74610901367851,1.1708479054505,0.0161175087047741,100,900,0.0625,-332,1664
130,200,"random",0.75,0.25,1,0,"prop",2130,2130,11.3631987564731,1.15689517999999,0.0153591967653483,100,900,0.0625,-332,1664
131,200,"random",0.75,0.25,1,0,"prop",2131,2131,4.86146652884781,3.92793916875962,-0.0218260079808533,100,900,0.0625,-332,1664
132,200,"random",0.75,0.25,1,0,"prop",2132,2132,13.3960429136641,2.67683883733116,0.0252947987057269,100,900,0.0625,-332,1664
133,200,"random",0.75,0.25,1,0,"prop",2133,2133,12.3617016817443,2.0545137913432,-0.0280330059025437,100,900,0.0625,-332,1664
134,200,"random",0.75,0.25,1,0,"prop",2134,2134,10.7287058702204,1.03645786864217,0.000871754307299851,100,900,0.0625,-332,1664
135,200,"random",0.75,0.25,1,0,"prop",2135,2135,5.26918790093623,2.83859207760543,-0.0223430057801306,100,900,0.0625,-332,1664
136,200,"random",0.75,0.25,1,0,"prop",2136,2136,8.28362285648473,1.22503427416086,-0.020390798477456,100,900,0.0625,-332,1664
137,200,"random",0.75,0.25,1,0,"prop",2137,2137,9.22978342114948,3.56694971956313,0.00680683515965939,100,900,0.0625,-332,1664
138,200,"random",0.75,0.25,1,0,"prop",2138,2138,2.00490793539211,2.42971223802306,0.0230347937112674,100,900,0.0625,-332,1664
139,200,"random",0.75,0.25,1,0,"prop",2139,2139,11.3699781401083,2.56151346606202,-0.0145767900394276,100,900,0.0625,-332,1664
140,200,"random",0.75,0.25,1,0,"prop",2140,2140,9.66321473335847,3.88464206096251,-0.021134693599306,100,900,0.0625,-332,1664
141,200,"random",0.75,0.25,1,0,"prop",2141,2141,13.3999125270639,0.798576130531728,0.00206440027803183,100,900,0.0625,-332,1664
142,200,"random",0.75,0.25,1,0,"prop",2142,2142,3.32464534067549,1.99997553997673,-0.00169158071279526,100,900,0.0625,-332,1664
143,200,"random",0.75,0.25,1,0,"prop",2143,2143,5.28888930426911,1.13896918680985,-0.0112006531795487,100,900,0.0625,-332,1664
144,200,"random",0.75,0.25,1,0,"prop",2144,2144,8.8582578478381,1.46583651762921,0.0277309539774433,100,900,0.0625,-332,1664
145,200,"random",0.75,0.25,1,0,"prop",2145,2145,13.8233289534692,0.955045115319081,-0.0286674753203988,100,900,0.0625,-332,1664
146,200,"random",0.75,0.25,1,0,"prop",2146,2146,2.61217457661405,3.40523701522034,-0.00428177392110228,100,900,0.0625,-332,1664
147,200,"random",0.75,0.25,1,0,"prop",2147,2147,14.7656811489724,1.08783025341108,-0.0286319106118754,100,900,0.0625,-332,1664
148,200,"random",0.75,0.25,1,0,"prop",2148,2148,13.7182005611248,0.733029162627645,0.0245525948842987,100,900,0.0625,-332,1664
149,200,"random",0.75,0.25,1,0,"prop",2149,2149,9.1354347744491,3.88408640096895,-0.0250215916195884,100,900,0.0625,-332,1664
150,200,"random",0.75,0.25,1,0,"prop",2150,2150,2.91649708710611,1.34901674417779,0.0263376824185252,100,900,0.0625,-332,1664
151,200,"random",0.75,0.25,1,0,"prop",2151,2151,4.5704431196209,1.72415466688108,-0.0177332744887099,100,900,0.0625,-332,1664
152,200,"random",0.75,0.25,1,0,"prop",2152,2152,11.0470385041554,2.60955306596588,0.0233787997579202,100,900,0.0625,-332,1664
153,200,"random",0.75,0.25,1,0,"prop",2153,2153,4.84934583888389,1.78784401051234,-0.0022300588293001,100,900,0.0625,-332,1664
154,200,"random",0.75,0.25,1,0,"prop",2154,2154,14.3224825672805,0.756405550520867,-0.0250191831495613,100,900,0.0625,-332,1664
155,200,"random",0.75,0.25,1,0,"prop",2155,2155,5.77261324436404,2.63122214574832,-0.0283996205683798,100,900,0.0625,-332,1664
156,200,"random",0.75,0.25,1,0,"prop",2156,2156,6.35668022977188,1.08983215212356,-0.0026546929590404,100,900,0.0625,-332,1664
157,200,"random",0.75,0.25,1,0,"prop",2157,2157,11.0713479658589,0.877302031149156,0.024426009748131,100,900,0.0625,-332,1664
158,200,"random",0.75,0.25,1,0,"prop",2158,2158,5.48103804676794,1.60279445839114,-0.0248125452362001,100,900,0.0625,-332,1664
159,200,"random",0.75,0.25,1,0,"prop",2159,2159,13.9046751190908,1.40249910799321,-0.0296552290208638,100,900,0.0625,-332,1664
160,200,"random",0.75,0.25,1,0,"prop",2160,2160,3.27662229700945,1.85070725495461,-0.0291687146108598,100,900,0.0625,-332,1664
161,200,"random",0.75,0.25,1,0,"prop",2161,2161,8.62364675942808,2.14176752360072,0.00406004117801786,100,900,0.0625,-332,1664
162,200,"random",0.75,0.25,1,0,"prop",2162,2162,7.95306592225097,0.515306840534322,-0.00579490894451738,100,900,0.0625,-332,1664
163,200,"random",0.75,0.25,1,0,"prop",2163,2163,4.55001420108601,1.06077801855281,-0.0265747107518837,100,900,0.0625,-332,1664
164,200,"random",0.75,0.25,1,0,"prop",2164,2164,9.76683812588453,1.0632992470637,-0.0117020169971511,100,900,0.0625,-332,1664
165,200,"random",0.75,0.25,1,0,"prop",2165,2165,5.94936268101446,1.12329266930465,0.0215561522170901,100,900,0.0625,-332,1664
166,200,"random",0.75,0.25,1,0,"prop",2166,2166,7.6409583077766,2.55572615528945,0.00135366692673415,100,900,0.0625,-332,1664
167,200,"random",0.75,0.25,1,0,"prop",2167,2167,13.3741713745985,0.562596178147942,0.00877168646547943,100,900,0.0625,-332,1664
168,200,"random",0.75,0.25,1,0,"prop",2168,2168,9.24047189671546,1.04632988001686,0.0256151926796883,100,900,0.0625,-332,1664
169,200,"random",0.75,0.25,1,0,"prop",2169,2169,2.95124986884184,0.649395294021815,0.00433055377565324,100,900,0.0625,-332,1664
170,200,"random",0.75,0.25,1,0,"prop",2170,2170,3.43470661831088,1.80344853422139,-0.00887725287582725,100,900,0.0625,-332,1664
171,200,"random",0.75,0.25,1,0,"prop",2171,2171,8.33295917348005,3.07911151810549,-0.00964714037720114,100,900,0.0625,-332,1664
172,200,"random",0.75,0.25,1,0,"prop",2172,2172,13.8599458495155,3.52176251180936,-0.0200236394070089,100,900,0.0625,-332,1664
173,200,"random",0.75,0.25,1,0,"prop",2173,2173,5.54358013672754,1.76492317859083,0.0290478151990101,100,900,0.0625,-332,1664
174,200,"random",0.75,0.25,1,0,"prop",2174,2174,10.4921325447503,1.94544643512927,0.016895193932578,100,900,0.0625,-332,1664
175,200,"random",0.75,0.25,1,0,"prop",2175,2175,12.4856467442587,2.75116282003,-0.0175041109789163,100,900,0.0625,-332,1664
176,200,"random",0.75,0.25,1,0,"prop",2176,2176,13.6433693459257,3.9159030293813,0.0149818908283487,100,900,0.0625,-332,1664
177,200,"random",0.75,0.25,1,0,"prop",2177,2177,10.2209484730847,0.504244911368005,0.00816424886696041,100,900,0.0625,-332,1664
178,200,"random",0.75,0.25,1,0,"prop",2178,2178,4.19307985715568,3.99912530707661,-0.0239368783542886,100,900,0.0625,-332,1664
179,200,"random",0.75,0.25,1,0,"prop",2179,2179,7.02096063480712,1.50615713431034,-0.000117924143560232,100,900,0.0625,-332,1664
180,200,"random",0.75,0.25,1,0,"prop",2180,2180,12.2056959869806,3.99528827797621,-0.00595761787611991,100,900,0.0625,-332,1664
181,200,"random",0.75,0.25,1,0,"prop",2181,2181,2.46667111245915,3.43178924743552,0.028520011017099,100,900,0.0625,-332,1664
182,200,"random",0.75,0.25,1,0,"prop",2182,2182,6.36287014442496,1.72008898947388,-0.0144137918483466,100,900,0.0625,-332,1664
183,200,"random",0.75,0.25,1,0,"prop",2183,2183,9.74195636017248,1.17868384090252,-0.0163342786207795,100,900,0.0625,-332,1664
184,200,"random",0.75,0.25,1,0,"prop",2184,2184,14.3800135746133,3.95995954843238,-0.0169916816521436,100,900,0.0625,-332,1664
185,200,"random",0.75,0.25,1,0,"prop",2185,2185,3.57367311813869,3.70312651630957,0.0253369640093297,100,900,0.0625,-332,1664
186,200,"random",0.75,0.25,1,0,"prop",2186,2186,7.97770308936015,3.34422454005107,0.00567597282584757,100,900,0.0625,-332,1664
187,200,"random",0.75,0.25,1,0,"prop",2187,2187,5.89990133303218,2.04368928214535,0.00302456990350038,100,900,0.0625,-332,1664
188,200,"random",0.75,0.25,1,0,"prop",2188,2188,2.54798956774175,0.684077453333884,-0.00655347474385053,100,900,0.0625,-332,1664
189,200,"random",0.75,0.25,1,0,"prop",2189,2189,14.1862602687906,2.39990498428233,-0.00507606104481965,100,900,0.0625,-332,1664
190,200,"random",0.75,0.25,1,0,"prop",2190,2190,14.3261398870964,0.724348960444331,-0.0271295539336279,100,900,0.0625,-332,1664
191,200,"random",0.75,0.25,1,0,"prop",2191,2191,14.4867576356046,2.18892342993058,0.0267392722377554,100,900,0.0625,-332,1664
192,200,"random",0.75,0.25,1,0,"prop",2192,2192,12.3824012808036,1.91644550929777,-0.0141529100993648,100,900,0.0625,-332,1664
193,200,"random",0.75,0.25,1,0,"prop",2193,2193,13.1720553305931,2.53451254998799,0.0251613554963842,100,900,0.0625,-332,1664
194,200,"random",0.75,0.25,1,0,"prop",2194,2194,14.9703395704273,3.01585182943381,-0.0287443304015324,100,900,0.0625,-332,1664
195,200,"random",0.75,0.25,1,0,"prop",2195,2195,9.39035699656233,2.72066012036521,-0.0136785808810964,100,900,0.0625,-332,1664
196,200,"random",0.75,0.25,1,0,"prop",2196,2196,13.5317714929115,3.69553368072957,-0.0183121769037098,100,900,0.0625,-332,1664
197,200,"random",0.75,0.25,1,0,"prop",2197,2197,5.57463069306687,1.2030736458255,-0.0115699750883505,100,900,0.0625,-332,1664
198,200,"random",0.75,0.25,1,0,"prop",2198,2198,6.47711896733381,2.66222893726081,0.0152807678421959,100,900,0.0625,-332,1664
199,200,"random",0.75,0.25,1,0,"prop",2199,2199,10.9159400546923,2.75648021453526,-0.0220308181643486,100,900,0.0625,-332,1664
200,200,"random",0.75,0.25,1,0,"prop",2200,2200,14.0971335454378,3.74642551795114,-0.0155525651760399,100,900,0.0625,-332,1664
1,200,"random",1,0.25,1,0,"prop",2201,2201,12.377385691274,0.890464198775589,-0.0092687508976087,100,900,0.0625,-332,1664
2,200,"random",1,0.25,1,0,"prop",2202,2202,7.44704326801002,2.45227982557844,-0.0106851568864658,100,900,0.0625,-332,1664
3,200,"random",1,0.25,1,0,"prop",2203,2203,12.5202931854874,3.44766216084827,-0.0117606647405773,100,900,0.0625,-332,1664
4,200,"random",1,0.25,1,0,"prop",2204,2204,10.5224670332391,2.80453009775374,0.0213887784769759,100,900,0.0625,-332,1664
5,200,"random",1,0.25,1,0,"prop",2205,2205,3.35467742173932,3.68372686440125,0.00273822607006877,100,900,0.0625,-332,1664
6,200,"random",1,0.25,1,0,"prop",2206,2206,13.2144566501956,3.78423186787404,0.0147544452315196,100,900,0.0625,-332,1664
7,200,"random",1,0.25,1,0,"prop",2207,2207,3.64278787956573,2.92417337815277,0.0204454762442037,100,900,0.0625,-332,1664
8,200,"random",1,0.25,1,0,"prop",2208,2208,9.56601906195283,2.74632538878359,-0.00143629272468388,100,900,0.0625,-332,1664
9,200,"random",1,0.25,1,0,"prop",2209,2209,4.47056290809996,0.950941057410091,-0.00302901992574334,100,900,0.0625,-332,1664
10,200,"random",1,0.25,1,0,"prop",2210,2210,2.43250321713276,2.31536335626151,-0.00686791264917701,100,900,0.0625,-332,1664
11,200,"random",1,0.25,1,0,"prop",2211,2211,10.5179627244361,1.43366360198706,0.00582049921620637,100,900,0.0625,-332,1664
12,200,"random",1,0.25,1,0,"prop",2212,2212,9.76116649899632,3.01177436194848,-0.0171544584771618,100,900,0.0625,-332,1664
13,200,"random",1,0.25,1,0,"prop",2213,2213,3.07107436610386,0.623717114212923,-0.0247918312065303,100,900,0.0625,-332,1664
14,200,"random",1,0.25,1,0,"prop",2214,2214,6.90547170233913,1.47127605206333,0.0288370883977041,100,900,0.0625,-332,1664
15,200,"random",1,0.25,1,0,"prop",2215,2215,12.2886046040803,3.54359338083304,-0.0249750417703763,100,900,0.0625,-332,1664
16,200,"random",1,0.25,1,0,"prop",2216,2216,12.2369170761667,3.21430331689771,0.0278179730661213,100,900,0.0625,-332,1664
17,200,"random",1,0.25,1,0,"prop",2217,2217,2.87789904256351,1.72349316673353,-0.0146134822256863,100,900,0.0625,-332,1664
18,200,"random",1,0.25,1,0,"prop",2218,2218,10.2492863128427,2.14346851536538,-0.0161972923669964,100,900,0.0625,-332,1664
19,200,"random",1,0.25,1,0,"prop",2219,2219,10.5919550836552,2.80747077369597,0.0163205505721271,100,900,0.0625,-332,1664
20,200,"random",1,0.25,1,0,"prop",2220,2220,8.03017222741619,0.697437678463757,-0.000710832620970905,100,900,0.0625,-332,1664
21,200,"random",1,0.25,1,0,"prop",2221,2221,7.97857188945636,1.81118727975991,0.0110715497424826,100,900,0.0625,-332,1664
22,200,"random",1,0.25,1,0,"prop",2222,2222,8.82236385415308,2.95503961935174,0.0212298768712208,100,900,0.0625,-332,1664
23,200,"random",1,0.25,1,0,"prop",2223,2223,8.95932922558859,1.17690625682008,0.0291929219244048,100,900,0.0625,-332,1664
24,200,"random",1,0.25,1,0,"prop",2224,2224,13.8193112690933,1.53890339587815,0.0170818597404286,100,900,0.0625,-332,1664
25,200,"random",1,0.25,1,0,"prop",2225,2225,14.6386024239473,1.34445772599429,0.00887543538585305,100,900,0.0625,-332,1664
26,200,"random",1,0.25,1,0,"prop",2226,2226,14.3277449468151,1.73360251414124,0.0109688190836459,100,900,0.0625,-332,1664
27,200,"random",1,0.25,1,0,"prop",2227,2227,8.01018460700288,2.46550679707434,0.00895767790731043,100,900,0.0625,-332,1664
28,200,"random",1,0.25,1,0,"prop",2228,2228,10.5797443131451,1.73886378842872,-0.027601283127442,100,900,0.0625,-332,1664
29,200,"random",1,0.25,1,0,"prop",2229,2229,8.48821153142489,1.64558264357038,-0.0214512932533398,100,900,0.0625,-332,1664
30,200,"random",1,0.25,1,0,"prop",2230,2230,10.4483769538347,2.98915035673417,-0.0163264143839479,100,900,0.0625,-332,1664
31,200,"random",1,0.25,1,0,"prop",2231,2231,6.76812990917824,2.2656472150702,-0.0107593599753454,100,900,0.0625,-332,1664
32,200,"random",1,0.25,1,0,"prop",2232,2232,3.98753603361547,1.69703802093863,0.0239351032767445,100,900,0.0625,-332,1664
33,200,"random",1,0.25,1,0,"prop",2233,2233,12.1012720940635,1.48863835679367,0.00822161633055657,100,900,0.0625,-332,1664
34,200,"random",1,0.25,1,0,"prop",2234,2234,11.7273015517276,3.21281617961358,-0.0270291083632037,100,900,0.0625,-332,1664
35,200,"random",1,0.25,1,0,"prop",2235,2235,13.952815069817,1.87574718391988,0.00128451146185398,100,900,0.0625,-332,1664
36,200,"random",1,0.25,1,0,"prop",2236,2236,8.70331050036475,1.55409859982319,0.00840999221429229,100,900,0.0625,-332,1664
37,200,"random",1,0.25,1,0,"prop",2237,2237,4.02676550461911,3.83673979493324,0.0186107164481655,100,900,0.0625,-332,1664
38,200,"random",1,0.25,1,0,"prop",2238,2238,9.97238248516805,1.51375771884341,0.00350137731526047,100,900,0.0625,-332,1664
39,200,"random",1,0.25,1,0,"prop",2239,2239,9.86338910134509,2.37931416858919,-0.00525078685954213,100,900,0.0625,-332,1664
40,200,"random",1,0.25,1,0,"prop",2240,2240,2.30235500377603,3.20240999571979,0.0186034968774766,100,900,0.0625,-332,1664
41,200,"random",1,0.25,1,0,"prop",2241,2241,2.66341670812108,2.62984992505517,0.0147155991755426,100,900,0.0625,-332,1664
42,200,"random",1,0.25,1,0,"prop",2242,2242,6.01094478857704,2.47601603821386,0.0193137906398624,100,900,0.0625,-332,1664
43,200,"random",1,0.25,1,0,"prop",2243,2243,14.2448651206214,2.50938085350208,0.022625693413429,100,900,0.0625,-332,1664
44,200,"random",1,0.25,1,0,"prop",2244,2244,2.29769881023094,3.71230199956335,0.0137458098633215,100,900,0.0625,-332,1664
45,200,"random",1,0.25,1,0,"prop",2245,2245,10.8585036983714,2.62396237335633,0.0176562917232513,100,900,0.0625,-332,1664
46,200,"random",1,0.25,1,0,"prop",2246,2246,2.1323242301587,2.74451946141198,0.00758859334979206,100,900,0.0625,-332,1664
47,200,"random",1,0.25,1,0,"prop",2247,2247,14.1661347777117,3.43925549287815,0.0116471678763628,100,900,0.0625,-332,1664
48,200,"random",1,0.25,1,0,"prop",2248,2248,9.15383570175618,2.49745896982495,-0.000270456117577852,100,900,0.0625,-332,1664
49,200,"random",1,0.25,1,0,"prop",2249,2249,6.12179528875276,2.96333924192004,0.00333335149101913,100,900,0.0625,-332,1664
50,200,"random",1,0.25,1,0,"prop",2250,2250,3.03941227239557,2.49601786176208,-0.0206042318511754,100,900,0.0625,-332,1664
51,200,"random",1,0.25,1,0,"prop",2251,2251,9.98107081302442,0.67848186660558,-0.0114237942080945,100,900,0.0625,-332,1664
52,200,"random",1,0.25,1,0,"prop",2252,2252,2.34324843902141,2.07690486998763,-0.0124537919601426,100,900,0.0625,-332,1664
53,200,"random",1,0.25,1,0,"prop",2253,2253,13.5430961258244,3.31245954334736,-0.0295423344383016,100,900,0.0625,-332,1664
54,200,"random",1,0.25,1,0,"prop",2254,2254,10.7201915681362,0.88416908425279,0.0283682260941714,100,900,0.0625,-332,1664
55,200,"random",1,0.25,1,0,"prop",2255,2255,11.2610944474582,1.64848219032865,0.018798363651149,100,900,0.0625,-332,1664
56,200,"random",1,0.25,1,0,"prop",2256,2256,3.01980877085589,2.49751046299934,0.0206245538871735,100,900,0.0625,-332,1664
57,200,"random",1,0.25,1,0,"prop",2257,2257,12.5667039232794,2.90269590832759,0.0282364033162594,100,900,0.0625,-332,1664
58,200,"random",1,0.25,1,0,"prop",2258,2258,14.8040983180981,2.27121270156931,0.0132188724540174,100,900,0.0625,-332,1664
59,200,"random",1,0.25,1,0,"prop",2259,2259,13.6890291683376,1.72579467180185,-0.00385106747969985,100,900,0.0625,-332,1664
60,200,"random",1,0.25,1,0,"prop",2260,2260,4.20972709683701,0.656523777521215,-0.0139919315418228,100,900,0.0625,-332,1664
61,200,"random",1,0.25,1,0,"prop",2261,2261,6.95879756961949,1.1057020976441,0.0251082807546481,100,900,0.0625,-332,1664
62,200,"random",1,0.25,1,0,"prop",2262,2262,3.77126413793303,3.48045952687971,0.0010032603610307,100,900,0.0625,-332,1664
63,200,"random",1,0.25,1,0,"prop",2263,2263,9.19036543508992,1.56963440892287,-0.0261360374791548,100,900,0.0625,-332,1664
64,200,"random",1,0.25,1,0,"prop",2264,2264,6.90334015828557,0.605043626972474,-0.0135217216517776,100,900,0.0625,-332,1664
65,200,"random",1,0.25,1,0,"prop",2265,2265,8.92691181250848,1.30986946763005,-0.0260545241972432,100,900,0.0625,-332,1664
66,200,"random",1,0.25,1,0,"prop",2266,2266,2.31844021240249,1.66823041229509,-0.00921787408646196,100,900,0.0625,-332,1664
67,200,"random",1,0.25,1,0,"prop",2267,2267,6.30137334112078,2.06971914577298,-0.000531029594130813,100,900,0.0625,-332,1664
68,200,"random",1,0.25,1,0,"prop",2268,2268,10.6485321531072,2.95051357476041,0.0226594483712688,100,900,0.0625,-332,1664
69,200,"random",1,0.25,1,0,"prop",2269,2269,2.26570689538494,1.93315083254129,0.0049590768199414,100,900,0.0625,-332,1664
70,200,"random",1,0.25,1,0,"prop",2270,2270,5.31792505411431,1.76561342377681,0.017663123938255,100,900,0.0625,-332,1664
71,200,"random",1,0.25,1,0,"prop",2271,2271,5.73582323966548,0.961496591800824,0.00730342956259847,100,900,0.0625,-332,1664
72,200,"random",1,0.25,1,0,"prop",2272,2272,2.97305184905417,3.7381540822098,-0.00719702817499638,100,900,0.0625,-332,1664
73,200,"random",1,0.25,1,0,"prop",2273,2273,14.1376213352196,3.18154564173892,-0.0135732416203246,100,900,0.0625,-332,1664
74,200,"random",1,0.25,1,0,"prop",2274,2274,3.45510550797917,3.92847021855414,-0.0094373746868223,100,900,0.0625,-332,1664
75,200,"random",1,0.25,1,0,"prop",2275,2275,14.8618847236503,3.14576309605036,0.0297592609422281,100,900,0.0625,-332,1664
76,200,"random",1,0.25,1,0,"prop",2276,2276,3.37926938361488,3.45319494348951,0.00914917828515172,100,900,0.0625,-332,1664
77,200,"random",1,0.25,1,0,"prop",2277,2277,4.05818672268651,1.88796073023695,-0.0184146660799161,100,900,0.0625,-332,1664
78,200,"random",1,0.25,1,0,"prop",2278,2278,7.22714091837406,2.86193398677278,-0.0151609431579709,100,900,0.0625,-332,1664
79,200,"random",1,0.25,1,0,"prop",2279,2279,5.40865515125915,0.676171813160181,-0.0164249915024266,100,900,0.0625,-332,1664
80,200,"random",1,0.25,1,0,"prop",2280,2280,5.30279840528965,0.574332592193969,0.01571164380759,100,900,0.0625,-332,1664
81,200,"random",1,0.25,1,0,"prop",2281,2281,2.2431998164393,1.13542841153685,0.0165528035676107,100,900,0.0625,-332,1664
82,200,"random",1,0.25,1,0,"prop",2282,2282,8.550545404898,3.20087515702471,0.0177520804619417,100,900,0.0625,-332,1664
83,200,"random",1,0.25,1,0,"prop",2283,2283,9.88820999511518,3.05479986360297,0.00665210633073002,100,900,0.0625,-332,1664
84,200,"random",1,0.25,1,0,"prop",2284,2284,10.2103425958194,2.61547897860873,0.00473900795448572,100,900,0.0625,-332,1664
85,200,"random",1,0.25,1,0,"prop",2285,2285,5.95451953727752,2.00933787005488,-0.029576492398046,100,900,0.0625,-332,1664
86,200,"random",1,0.25,1,0,"prop",2286,2286,13.8488547855522,1.53388181026094,-0.023493146658875,100,900,0.0625,-332,1664
87,200,"random",1,0.25,1,0,"prop",2287,2287,3.44204324460588,3.37073088809848,0.0120999591099098,100,900,0.0625,-332,1664
88,200,"random",1,0.25,1,0,"prop",2288,2288,10.3634828266222,2.46918652788736,-0.021482595638372,100,900,0.0625,-332,1664
89,200,"random",1,0.25,1,0,"prop",2289,2289,6.97823879541829,1.55413593072444,-0.00182512632105499,100,900,0.0625,-332,1664
90,200,"random",1,0.25,1,0,"prop",2290,2290,12.9813802212011,1.77511114580557,-0.00484906434081495,100,900,0.0625,-332,1664
91,200,"random",1,0.25,1,0,"prop",2291,2291,4.14732661866583,1.9936982417712,0.0044546618219465,100,900,0.0625,-332,1664
92,200,"random",1,0.25,1,0,"prop",2292,2292,7.673226862913,1.04712512192782,0.0239005993818864,100,900,0.0625,-332,1664
93,200,"random",1,0.25,1,0,"prop",2293,2293,12.7930916908663,0.757240833714604,0.00829065587371588,100,900,0.0625,-332,1664
94,200,"random",1,0.25,1,0,"prop",2294,2294,14.5292751782108,2.11990818334743,-0.0025480211013928,100,900,0.0625,-332,1664
95,200,"random",1,0.25,1,0,"prop",2295,2295,10.6311851418577,3.56029827788007,0.00626663032919168,100,900,0.0625,-332,1664
96,200,"random",1,0.25,1,0,"prop",2296,2296,5.70459097856656,2.65132183232345,-0.0236193536315113,100,900,0.0625,-332,1664
97,200,"random",1,0.25,1,0,"prop",2297,2297,9.04984892997891,2.23323272587731,0.00172867166809738,100,900,0.0625,-332,1664
98,200,"random",1,0.25,1,0,"prop",2298,2298,7.11560549004935,3.53486238466576,-0.0124187675910071,100,900,0.0625,-332,1664
99,200,"random",1,0.25,1,0,"prop",2299,2299,12.6639461801387,2.25459091772791,-0.012725167600438,100,900,0.0625,-332,1664
100,200,"random",1,0.25,1,0,"prop",2300,2300,7.65550207090564,3.4962180305738,-0.00584120455663651,100,900,0.0625,-332,1664
101,200,"random",1,0.25,1,0,"prop",2301,2301,11.0312271572184,0.674459502333775,0.0132876472827047,100,900,0.0625,-332,1664
102,200,"random",1,0.25,1,0,"prop",2302,2302,3.69560844707303,2.06933466764167,-0.0204137134272605,100,900,0.0625,-332,1664
103,200,"random",1,0.25,1,0,"prop",2303,2303,2.12052501947619,3.01067205239087,0.0297217466728762,100,900,0.0625,-332,1664
104,200,"random",1,0.25,1,0,"prop",2304,2304,6.03654087265022,1.16352736949921,-0.0182291755545884,100,900,0.0625,-332,1664
105,200,"random",1,0.25,1,0,"prop",2305,2305,9.94267190457322,0.682469172752462,-0.00540449718944728,100,900,0.0625,-332,1664
106,200,"random",1,0.25,1,0,"prop",2306,2306,13.9424391081557,2.62708139664028,0.0119969752198085,100,900,0.0625,-332,1664
107,200,"random",1,0.25,1,0,"prop",2307,2307,11.0072210382205,3.99280485138297,0.0166449216892943,100,900,0.0625,-332,1664
108,200,"random",1,0.25,1,0,"prop",2308,2308,3.03932612668723,1.67377319466323,-0.0265322881098837,100,900,0.0625,-332,1664
109,200,"random",1,0.25,1,0,"prop",2309,2309,10.1559801469557,2.93293950578663,0.00726573597639799,100,900,0.0625,-332,1664
110,200,"random",1,0.25,1,0,"prop",2310,2310,14.2212907108478,2.23837678635027,-0.0138591728685424,100,900,0.0625,-332,1664
111,200,"random",1,0.25,1,0,"prop",2311,2311,5.55766658089124,0.878027011756785,0.0240618796879426,100,900,0.0625,-332,1664
112,200,"random",1,0.25,1,0,"prop",2312,2312,9.20732998917811,1.1360517666908,0.0203550057951361,100,900,0.0625,-332,1664
113,200,"random",1,0.25,1,0,"prop",2313,2313,9.17333395848982,1.64644569065422,0.0090815675072372,100,900,0.0625,-332,1664
114,200,"random",1,0.25,1,0,"prop",2314,2314,8.06750106881373,1.55149709887337,0.0247513894876465,100,900,0.0625,-332,1664
115,200,"random",1,0.25,1,0,"prop",2315,2315,7.68193941726349,2.14641656295862,-0.00664272325113416,100,900,0.0625,-332,1664
116,200,"random",1,0.25,1,0,"prop",2316,2316,14.4397047262173,1.24777143984102,-0.0170907509699464,100,900,0.0625,-332,1664
117,200,"random",1,0.25,1,0,"prop",2317,2317,3.57836531847715,2.33293517283164,-0.00707246133126319,100,900,0.0625,-332,1664
118,200,"random",1,0.25,1,0,"prop",2318,2318,2.80403551901691,1.38426751154475,0.00725585889536887,100,900,0.0625,-332,1664
119,200,"random",1,0.25,1,0,"prop",2319,2319,14.6803616415709,2.51487754634582,0.0183641555299982,100,900,0.0625,-332,1664
120,200,"random",1,0.25,1,0,"prop",2320,2320,6.50279845180921,0.91525165643543,0.019246265469119,100,900,0.0625,-332,1664
121,200,"random",1,0.25,1,0,"prop",2321,2321,2.76406894996762,2.17631634534337,0.00277843035757542,100,900,0.0625,-332,1664
122,200,"random",1,0.25,1,0,"prop",2322,2322,13.8125771845225,3.8387329390971,0.00242435705848038,100,900,0.0625,-332,1664
123,200,"random",1,0.25,1,0,"prop",2323,2323,5.24508724291809,1.62433379597496,0.0215162587165833,100,900,0.0625,-332,1664
124,200,"random",1,0.25,1,0,"prop",2324,2324,11.4800829824526,3.5870855578687,0.0265356705710292,100,900,0.0625,-332,1664
125,200,"random",1,0.25,1,0,"prop",2325,2325,13.4690827031154,2.65616560191847,-0.0244112733285874,100,900,0.0625,-332,1664
126,200,"random",1,0.25,1,0,"prop",2326,2326,12.5502140680328,1.93209566292353,0.0179444873565808,100,900,0.0625,-332,1664
127,200,"random",1,0.25,1,0,"prop",2327,2327,2.66866285190918,2.34680417145137,0.021802980909124,100,900,0.0625,-332,1664
128,200,"random",1,0.25,1,0,"prop",2328,2328,11.6700236331671,0.664380624308251,0.0282336699496955,100,900,0.0625,-332,1664
129,200,"random",1,0.25,1,0,"prop",2329,2329,11.7813967736438,1.3418001056416,0.0267050378629938,100,900,0.0625,-332,1664
130,200,"random",1,0.25,1,0,"prop",2330,2330,8.25266682705842,1.65386498195585,0.0278831151360646,100,900,0.0625,-332,1664
131,200,"random",1,0.25,1,0,"prop",2331,2331,6.86727595562115,1.90693634352647,0.00904128064401448,100,900,0.0625,-332,1664
132,200,"random",1,0.25,1,0,"prop",2332,2332,8.26818198966794,0.684635008801706,-0.00369552962947637,100,900,0.0625,-332,1664
133,200,"random",1,0.25,1,0,"prop",2333,2333,6.70491049136035,2.38726231351029,0.0102294046897441,100,900,0.0625,-332,1664
134,200,"random",1,0.25,1,0,"prop",2334,2334,11.0686010948848,3.15143876860384,-0.0209928418742493,100,900,0.0625,-332,1664
135,200,"random",1,0.25,1,0,"prop",2335,2335,2.35031923069619,1.78524243540596,0.0294139625318348,100,900,0.0625,-332,1664
136,200,"random",1,0.25,1,0,"prop",2336,2336,6.09389436128549,1.60706087027211,-0.0217053772090003,100,900,0.0625,-332,1664
137,200,"random",1,0.25,1,0,"prop",2337,2337,5.1176746468991,1.33061773236841,0.0258683008002117,100,900,0.0625,-332,1664
138,200,"random",1,0.25,1,0,"prop",2338,2338,8.66442902036943,2.73252102127299,0.021985500860028,100,900,0.0625,-332,1664
139,200,"random",1,0.25,1,0,"prop",2339,2339,10.5850823505316,3.38998089940287,-0.0229391420586035,100,900,0.0625,-332,1664
140,200,"random",1,0.25,1,0,"prop",2340,2340,8.05415360839106,0.667316577048041,0.0218098802631721,100,900,0.0625,-332,1664
141,200,"random",1,0.25,1,0,"prop",2341,2341,6.466375652235,2.53245112474542,0.0149413941521198,100,900,0.0625,-332,1664
142,200,"random",1,0.25,1,0,"prop",2342,2342,2.27404971420765,3.67709199874662,-0.0112691886769608,100,900,0.0625,-332,1664
143,200,"random",1,0.25,1,0,"prop",2343,2343,13.5256222765893,2.98290490347426,0.00649718347471207,100,900,0.0625,-332,1664
144,200,"random",1,0.25,1,0,"prop",2344,2344,6.06830474548042,2.7036761167692,-0.00595237161498517,100,900,0.0625,-332,1664
145,200,"random",1,0.25,1,0,"prop",2345,2345,8.84338066168129,3.04241032421123,-0.000304204942658544,100,900,0.0625,-332,1664
146,200,"random",1,0.25,1,0,"prop",2346,2346,5.10023066913709,3.76552670437377,-0.0298183534992859,100,900,0.0625,-332,1664
147,200,"random",1,0.25,1,0,"prop",2347,2347,8.44052350893617,3.57573378738016,0.0165698585193604,100,900,0.0625,-332,1664
148,200,"random",1,0.25,1,0,"prop",2348,2348,10.0011385285761,3.63345991354436,0.0223974232189357,100,900,0.0625,-332,1664
149,200,"random",1,0.25,1,0,"prop",2349,2349,8.05120789189823,3.21922572015319,-0.0162540772464126,100,900,0.0625,-332,1664
150,200,"random",1,0.25,1,0,"prop",2350,2350,3.05649506836198,2.57907189941034,0.000822719531133772,100,900,0.0625,-332,1664
151,200,"random",1,0.25,1,0,"prop",2351,2351,10.5889827888459,0.816871815361083,-0.00227530268020928,100,900,0.0625,-332,1664
152,200,"random",1,0.25,1,0,"prop",2352,2352,10.118723873049,3.82013987423852,0.0262109773093835,100,900,0.0625,-332,1664
153,200,"random",1,0.25,1,0,"prop",2353,2353,13.7134970193729,0.756168370950036,-0.00185464834794402,100,900,0.0625,-332,1664
154,200,"random",1,0.25,1,0,"prop",2354,2354,2.5346778749954,1.5073654926382,0.0255188730033115,100,900,0.0625,-332,1664
155,200,"random",1,0.25,1,0,"prop",2355,2355,12.4423798874486,1.90832867531572,0.0138477142341435,100,900,0.0625,-332,1664
156,200,"random",1,0.25,1,0,"prop",2356,2356,3.43408034951426,3.46128769288771,0.00188794340472669,100,900,0.0625,-332,1664
157,200,"random",1,0.25,1,0,"prop",2357,2357,12.2899194755591,3.2391112287296,0.00701404350344092,100,900,0.0625,-332,1664
158,200,"random",1,0.25,1,0,"prop",2358,2358,13.4921491616406,1.68711159820668,-0.0152415497554466,100,900,0.0625,-332,1664
159,200,"random",1,0.25,1,0,"prop",2359,2359,14.1997342766263,2.97184257092886,0.023994015539065,100,900,0.0625,-332,1664
160,200,"random",1,0.25,1,0,"prop",2360,2360,12.7293563249987,3.1637960865628,-0.0214319214038551,100,900,0.0625,-332,1664
161,200,"random",1,0.25,1,0,"prop",2361,2361,6.36059263907373,3.60503360978328,0.0264357732608914,100,900,0.0625,-332,1664
162,200,"random",1,0.25,1,0,"prop",2362,2362,9.80547192599624,3.84514210233465,-0.0237914259452373,100,900,0.0625,-332,1664
163,200,"random",1,0.25,1,0,"prop",2363,2363,8.23353950749151,1.7523112379713,0.0230332453502342,100,900,0.0625,-332,1664
164,200,"random",1,0.25,1,0,"prop",2364,2364,4.66030335123651,0.517218062072061,0.0294698353204876,100,900,0.0625,-332,1664
165,200,"random",1,0.25,1,0,"prop",2365,2365,14.595130979782,1.04607636563014,0.029008703827858,100,900,0.0625,-332,1664
166,200,"random",1,0.25,1,0,"prop",2366,2366,14.745675186161,2.67944336321671,-0.0230827902210876,100,900,0.0625,-332,1664
167,200,"random",1,0.25,1,0,"prop",2367,2367,6.05928440508433,0.840857130475342,0.0277751247771084,100,900,0.0625,-332,1664
168,200,"random",1,0.25,1,0,"prop",2368,2368,3.5253850298468,0.96580133610405,0.0248650103062391,100,900,0.0625,-332,1664
169,200,"random",1,0.25,1,0,"prop",2369,2369,11.9696190685499,3.71417813037988,0.0192778810299933,100,900,0.0625,-332,1664
170,200,"random",1,0.25,1,0,"prop",2370,2370,9.04115563211963,2.36555729957763,-0.00126904170960188,100,900,0.0625,-332,1664
171,200,"random",1,0.25,1,0,"prop",2371,2371,10.0662782653235,3.83767878077924,-0.00803432485554367,100,900,0.0625,-332,1664
172,200,"random",1,0.25,1,0,"prop",2372,2372,14.5255602311809,2.71457797614858,0.00368340621236712,100,900,0.0625,-332,1664
173,200,"random",1,0.25,1,0,"prop",2373,2373,14.7304755400401,1.18007920659147,-0.0114013428473845,100,900,0.0625,-332,1664
174,200,"random",1,0.25,1,0,"prop",2374,2374,4.0295516604092,3.02621736656874,-0.00789318698924035,100,900,0.0625,-332,1664
175,200,"random",1,0.25,1,0,"prop",2375,2375,14.2852144495118,1.35154183616396,0.0199522917950526,100,900,0.0625,-332,1664
176,200,"random",1,0.25,1,0,"prop",2376,2376,14.2410549807828,2.11644218070433,0.0113759954134002,100,900,0.0625,-332,1664
177,200,"random",1,0.25,1,0,"prop",2377,2377,9.72952085593715,3.94630503340159,0.0116822031838819,100,900,0.0625,-332,1664
178,200,"random",1,0.25,1,0,"prop",2378,2378,6.08730799960904,2.08457300299779,-0.00826508082915097,100,900,0.0625,-332,1664
179,200,"random",1,0.25,1,0,"prop",2379,2379,11.4398190577049,1.10927470645402,0.0179849595297128,100,900,0.0625,-332,1664
180,200,"random",1,0.25,1,0,"prop",2380,2380,8.71407475788146,2.2294327620184,0.0267668700031936,100,900,0.0625,-332,1664
181,200,"random",1,0.25,1,0,"prop",2381,2381,2.01825239625759,1.11118354601786,0.0144136540079489,100,900,0.0625,-332,1664
182,200,"random",1,0.25,1,0,"prop",2382,2382,11.4076021458022,2.11363725282717,0.00441392926499248,100,900,0.0625,-332,1664
183,200,"random",1,0.25,1,0,"prop",2383,2383,8.1740702202078,0.965565342223272,0.0253460020199418,100,900,0.0625,-332,1664
184,200,"random",1,0.25,1,0,"prop",2384,2384,13.2203300162219,3.65604544535745,0.0215005963342264,100,900,0.0625,-332,1664
185,200,"random",1,0.25,1,0,"prop",2385,2385,11.7983342499938,0.853674321784638,0.00318256807979196,100,900,0.0625,-332,1664
186,200,"random",1,0.25,1,0,"prop",2386,2386,8.52380967978388,1.30231537763029,-0.000335434824228285,100,900,0.0625,-332,1664
187,200,"random",1,0.25,1,0,"prop",2387,2387,14.9098008063156,1.40094088716432,0.0289814990898594,100,900,0.0625,-332,1664
188,200,"random",1,0.25,1,0,"prop",2388,2388,11.5107505035121,2.97049536951818,-0.00412549462169409,100,900,0.0625,-332,1664
189,200,"random",1,0.25,1,0,"prop",2389,2389,9.16909456718713,3.85042140563019,0.00959261780139059,100,900,0.0625,-332,1664
190,200,"random",1,0.25,1,0,"prop",2390,2390,9.25248175743036,3.06986470764969,-0.0048035879060626,100,900,0.0625,-332,1664
191,200,"random",1,0.25,1,0,"prop",2391,2391,11.5512482484337,1.6323581681354,0.0251183940377086,100,900,0.0625,-332,1664
192,200,"random",1,0.25,1,0,"prop",2392,2392,7.92812194675207,1.5337990768021,-0.01932193829678,100,900,0.0625,-332,1664
193,200,"random",1,0.25,1,0,"prop",2393,2393,8.93474486097693,0.658529185224324,-0.00950129693839699,100,900,0.0625,-332,1664
194,200,"random",1,0.25,1,0,"prop",2394,2394,10.4181716763414,2.06891627958976,0.00891919864341616,100,900,0.0625,-332,1664
195,200,"random",1,0.25,1,0,"prop",2395,2395,3.36679792404175,2.93636960769072,0.00986416578758508,100,900,0.0625,-332,1664
196,200,"random",1,0.25,1,0,"prop",2396,2396,11.6222105161287,3.23746970645152,-0.0103551808604971,100,900,0.0625,-332,1664
197,200,"random",1,0.25,1,0,"prop",2397,2397,8.96099395258352,0.577852356713265,-0.0118603690853342,100,900,0.0625,-332,1664
198,200,"random",1,0.25,1,0,"prop",2398,2398,11.0164504244458,2.40814533864614,0.00843086301349103,100,900,0.0625,-332,1664
199,200,"random",1,0.25,1,0,"prop",2399,2399,11.5603795724455,1.28579447849188,-0.0263712365599349,100,900,0.0625,-332,1664
200,200,"random",1,0.25,1,0,"prop",2400,2400,12.0189798814245,3.79231310996693,0.00503663042094558,100,900,0.0625,-332,1664
1,200,"random",0.5,0.1,1,0,"width",2401,2401,9.99366404674947,3.59899072535336,-0.0234219726920128,100,900,0.0625,-332,1664
2,200,"random",0.5,0.1,1,0,"width",2402,2402,7.88664671243168,2.87750666309148,0.0106496774358675,100,900,0.0625,-332,1664
3,200,"random",0.5,0.1,1,0,"width",2403,2403,11.9976994185708,1.97143671219237,0.0288954520225525,100,900,0.0625,-332,1664
4,200,"random",0.5,0.1,1,0,"width",2404,2404,6.7268390795216,3.10743785719387,0.0183347314456478,100,900,0.0625,-332,1664
5,200,"random",0.5,0.1,1,0,"width",2405,2405,8.47774180257693,0.525503976270556,-0.0201554177189246,100,900,0.0625,-332,1664
6,200,"random",0.5,0.1,1,0,"width",2406,2406,10.4390334573109,3.93301475502085,-0.00991747191175818,100,900,0.0625,-332,1664
7,200,"random",0.5,0.1,1,0,"width",2407,2407,6.26076909224503,3.64999443956185,-0.0283275868976489,100,900,0.0625,-332,1664
8,200,"random",0.5,0.1,1,0,"width",2408,2408,3.47199060558341,3.18942987022456,-0.00295259322971106,100,900,0.0625,-332,1664
9,200,"random",0.5,0.1,1,0,"width",2409,2409,12.9821418453939,0.742743683396839,-0.00690093560144305,100,900,0.0625,-332,1664
10,200,"random",0.5,0.1,1,0,"width",2410,2410,8.03841453534551,3.32621641317382,0.0251671029115096,100,900,0.0625,-332,1664
11,200,"random",0.5,0.1,1,0,"width",2411,2411,3.2789138557855,2.01663172920235,-0.0165553489141166,100,900,0.0625,-332,1664
12,200,"random",0.5,0.1,1,0,"width",2412,2412,14.3198606213555,1.64408784615807,-0.00245783268939704,100,900,0.0625,-332,1664
13,200,"random",0.5,0.1,1,0,"width",2413,2413,12.0710919571575,2.72871773666702,0.0147244460508227,100,900,0.0625,-332,1664
14,200,"random",0.5,0.1,1,0,"width",2414,2414,6.12693042168394,2.35631378705148,0.0294357763649896,100,900,0.0625,-332,1664
15,200,"random",0.5,0.1,1,0,"width",2415,2415,9.20290536084212,0.750171713763848,-0.00354717173147947,100,900,0.0625,-332,1664
16,200,"random",0.5,0.1,1,0,"width",2416,2416,7.05375645821914,3.77018040744588,0.0239029242843389,100,900,0.0625,-332,1664
17,200,"random",0.5,0.1,1,0,"width",2417,2417,2.05884815496393,1.21771102212369,0.00433530765585601,100,900,0.0625,-332,1664
18,200,"random",0.5,0.1,1,0,"width",2418,2418,9.17244374984875,1.4059146377258,-0.0207607249869034,100,900,0.0625,-332,1664
19,200,"random",0.5,0.1,1,0,"width",2419,2419,5.99408342107199,2.0151108262362,-0.00663354966323823,100,900,0.0625,-332,1664
20,200,"random",0.5,0.1,1,0,"width",2420,2420,4.7153045211453,2.50518505985383,0.0131386722251773,100,900,0.0625,-332,1664
21,200,"random",0.5,0.1,1,0,"width",2421,2421,13.7251250282861,1.6172051372705,0.000838599954731761,100,900,0.0625,-332,1664
22,200,"random",0.5,0.1,1,0,"width",2422,2422,7.39809889113531,2.03683257673401,0.0226733568962663,100,900,0.0625,-332,1664
23,200,"random",0.5,0.1,1,0,"width",2423,2423,2.24750690208748,2.63560270902235,0.0136121658375487,100,900,0.0625,-332,1664
24,200,"random",0.5,0.1,1,0,"width",2424,2424,12.7405477757566,3.33164294087328,0.0148423501616344,100,900,0.0625,-332,1664
25,200,"random",0.5,0.1,1,0,"width",2425,2425,14.0509051207919,2.22740425250959,0.0192543852003291,100,900,0.0625,-332,1664
26,200,"random",0.5,0.1,1,0,"width",2426,2426,10.0973949572071,0.856799945002422,-0.0221357367094606,100,900,0.0625,-332,1664
27,200,"random",0.5,0.1,1,0,"width",2427,2427,14.0240214215592,0.728257687529549,-0.015741480588913,100,900,0.0625,-332,1664
28,200,"random",0.5,0.1,1,0,"width",2428,2428,7.05354538746178,3.58894584036898,0.00145991305354982,100,900,0.0625,-332,1664
29,200,"random",0.5,0.1,1,0,"width",2429,2429,13.4645253920462,0.81304498645477,0.028539484036155,100,900,0.0625,-332,1664
30,200,"random",0.5,0.1,1,0,"width",2430,2430,9.87200992251746,3.21548783511389,-0.0207977506332099,100,900,0.0625,-332,1664
31,200,"random",0.5,0.1,1,0,"width",2431,2431,8.13958445354365,1.50226012233179,0.0224111797800288,100,900,0.0625,-332,1664
32,200,"random",0.5,0.1,1,0,"width",2432,2432,5.44390236050822,3.41842258453835,-0.0256175432587042,100,900,0.0625,-332,1664
33,200,"random",0.5,0.1,1,0,"width",2433,2433,5.74283947027288,2.53156817355193,-0.00960543026681989,100,900,0.0625,-332,1664
34,200,"random",0.5,0.1,1,0,"width",2434,2434,10.6695492179133,2.49742908228654,-0.0179111557966098,100,900,0.0625,-332,1664
35,200,"random",0.5,0.1,1,0,"width",2435,2435,2.78075381880626,3.79016944102477,-0.0172777625313029,100,900,0.0625,-332,1664
36,200,"random",0.5,0.1,1,0,"width",2436,2436,8.28293161443435,2.42770085379016,0.0107029332406819,100,900,0.0625,-332,1664
37,200,"random",0.5,0.1,1,0,"width",2437,2437,8.09599491581321,3.81228360929526,0.0158802833687514,100,900,0.0625,-332,1664
38,200,"random",0.5,0.1,1,0,"width",2438,2438,5.97245442843996,3.84965007554274,-0.0190859537059441,100,900,0.0625,-332,1664
39,200,"random",0.5,0.1,1,0,"width",2439,2439,7.34313150634989,2.22313536820002,-0.01703580819536,100,900,0.0625,-332,1664
40,200,"random",0.5,0.1,1,0,"width",2440,2440,11.547487272881,2.0515906913206,0.020002284203656,100,900,0.0625,-332,1664
41,200,"random",0.5,0.1,1,0,"width",2441,2441,14.635529312538,0.59485997306183,-0.0222567524341866,100,900,0.0625,-332,1664
42,200,"random",0.5,0.1,1,0,"width",2442,2442,4.2992093055509,3.63949297997169,-0.00294296300970018,100,900,0.0625,-332,1664
43,200,"random",0.5,0.1,1,0,"width",2443,2443,9.84364751726389,3.30288459418807,-0.0257488161837682,100,900,0.0625,-332,1664
44,200,"random",0.5,0.1,1,0,"width",2444,2444,8.21764519601129,3.40290010487661,-0.0204186660144478,100,900,0.0625,-332,1664
45,200,"random",0.5,0.1,1,0,"width",2445,2445,5.86743412609212,3.53353712789249,0.00731531213968992,100,900,0.0625,-332,1664
46,200,"random",0.5,0.1,1,0,"width",2446,2446,5.5921725302469,3.14497360575479,0.0212305358564481,100,900,0.0625,-332,1664
47,200,"random",0.5,0.1,1,0,"width",2447,2447,12.9398420869838,1.72010134346783,0.0159314346592873,100,900,0.0625,-332,1664
48,200,"random",0.5,0.1,1,0,"width",2448,2448,11.223143135896,1.21428435505368,-0.00842024738900363,100,900,0.0625,-332,1664
49,200,"random",0.5,0.1,1,0,"width",2449,2449,12.3602650694083,2.64729359664489,-0.0148365222243592,100,900,0.0625,-332,1664
50,200,"random",0.5,0.1,1,0,"width",2450,2450,13.4310160190798,3.72045271331444,0.0247678857436404,100,900,0.0625,-332,1664
51,200,"random",0.5,0.1,1,0,"width",2451,2451,6.05427745403722,1.23150263552088,0.0248020750936121,100,900,0.0625,-332,1664
52,200,"random",0.5,0.1,1,0,"width",2452,2452,4.93952362705022,0.958628839463927,-0.0143552604457363,100,900,0.0625,-332,1664
53,200,"random",0.5,0.1,1,0,"width",2453,2453,10.8579259885009,2.16017147130333,-0.02759489311371,100,900,0.0625,-332,1664
54,200,"random",0.5,0.1,1,0,"width",2454,2454,10.2128581437282,2.39534621709026,-0.0190506739541888,100,900,0.0625,-332,1664
55,200,"random",0.5,0.1,1,0,"width",2455,2455,5.4701926165726,2.6913770288229,-0.0170988928293809,100,900,0.0625,-332,1664
56,200,"random",0.5,0.1,1,0,"width",2456,2456,7.17927400302142,1.46514446823858,0.000139994239434602,100,900,0.0625,-332,1664
57,200,"random",0.5,0.1,1,0,"width",2457,2457,5.22075386950746,3.29997330217157,-3.27851157635312e-06,100,900,0.0625,-332,1664
58,200,"random",0.5,0.1,1,0,"width",2458,2458,9.12741275085136,2.07176555227488,-0.010269540832378,100,900,0.0625,-332,1664
59,200,"random",0.5,0.1,1,0,"width",2459,2459,4.42656554258429,2.9492528301198,0.00469982407987118,100,900,0.0625,-332,1664
60,200,"random",0.5,0.1,1,0,"width",2460,2460,4.73393164412118,1.13406422827393,-0.0288804679596797,100,900,0.0625,-332,1664
61,200,"random",0.5,0.1,1,0,"width",2461,2461,6.4830010808073,2.72380106628407,-0.0240010631410405,100,900,0.0625,-332,1664
62,200,"random",0.5,0.1,1,0,"width",2462,2462,10.5812997212633,3.04227005911525,-0.0177899000421166,100,900,0.0625,-332,1664
63,200,"random",0.5,0.1,1,0,"width",2463,2463,4.07678145286627,0.853567849262618,0.00708327136002481,100,900,0.0625,-332,1664
64,200,"random",0.5,0.1,1,0,"width",2464,2464,10.1841418088879,1.19002862519119,-0.0222312886314467,100,900,0.0625,-332,1664
65,200,"random",0.5,0.1,1,0,"width",2465,2465,12.3840171068441,3.69081868196372,-0.010839238576591,100,900,0.0625,-332,1664
66,200,"random",0.5,0.1,1,0,"width",2466,2466,2.41741171851754,1.29012959112879,-0.0236566618597135,100,900,0.0625,-332,1664
67,200,"random",0.5,0.1,1,0,"width",2467,2467,11.6747670196928,0.532215407351032,-0.014892073944211,100,900,0.0625,-332,1664
68,200,"random",0.5,0.1,1,0,"width",2468,2468,9.87115856283344,3.34765207418241,-0.029058748553507,100,900,0.0625,-332,1664
69,200,"random",0.5,0.1,1,0,"width",2469,2469,7.89294405723922,1.16388491250109,-0.0269114707410336,100,900,0.0625,-332,1664
70,200,"random",0.5,0.1,1,0,"width",2470,2470,6.50582567392848,3.61722003272735,-0.00139720825944096,100,900,0.0625,-332,1664
71,200,"random",0.5,0.1,1,0,"width",2471,2471,14.3316864285152,3.57030093437061,-0.00663481442257762,100,900,0.0625,-332,1664
72,200,"random",0.5,0.1,1,0,"width",2472,2472,2.13179174973629,2.77018252143171,0.0221931873774156,100,900,0.0625,-332,1664
73,200,"random",0.5,0.1,1,0,"width",2473,2473,11.008230085019,1.32316404220182,-0.00596060687676072,100,900,0.0625,-332,1664
74,200,"random",0.5,0.1,1,0,"width",2474,2474,11.0940469922498,2.31061446713284,-0.0272307878779247,100,900,0.0625,-332,1664
75,200,"random",0.5,0.1,1,0,"width",2475,2475,11.8371715962421,1.71568688005209,0.0210142861073837,100,900,0.0625,-332,1664
76,200,"random",0.5,0.1,1,0,"width",2476,2476,4.1287416680716,2.90414462762419,-0.00532673557754606,100,900,0.0625,-332,1664
77,200,"random",0.5,0.1,1,0,"width",2477,2477,6.50764031219296,3.96853969385847,-0.0287582830572501,100,900,0.0625,-332,1664
78,200,"random",0.5,0.1,1,0,"width",2478,2478,10.3548762737773,1.87096981785726,-0.0112785182800144,100,900,0.0625,-332,1664
79,200,"random",0.5,0.1,1,0,"width",2479,2479,13.988223728491,3.39736536156852,0.028498033862561,100,900,0.0625,-332,1664
80,200,"random",0.5,0.1,1,0,"width",2480,2480,8.81288466323167,1.20059128676075,-0.0129769996739924,100,900,0.0625,-332,1664
81,200,"random",0.5,0.1,1,0,"width",2481,2481,9.12668442144059,0.782068769447505,-0.00894348509609699,100,900,0.0625,-332,1664
82,200,"random",0.5,0.1,1,0,"width",2482,2482,13.2208146974444,1.41595137037802,0.00703500440809875,100,900,0.0625,-332,1664
83,200,"random",0.5,0.1,1,0,"width",2483,2483,6.15132950386032,1.58493729063775,0.0210780517850071,100,900,0.0625,-332,1664
84,200,"random",0.5,0.1,1,0,"width",2484,2484,2.0806148215197,2.63954057963565,0.027625160026364,100,900,0.0625,-332,1664
85,200,"random",0.5,0.1,1,0,"width",2485,2485,12.5644241296686,1.14519409788772,0.00490455117076635,100,900,0.0625,-332,1664
86,200,"random",0.5,0.1,1,0,"width",2486,2486,13.488275807118,3.54543138376903,0.0229003047896549,100,900,0.0625,-332,1664
87,200,"random",0.5,0.1,1,0,"width",2487,2487,4.73587778769433,2.37969638372306,0.0172431135177612,100,900,0.0625,-332,1664
88,200,"random",0.5,0.1,1,0,"width",2488,2488,2.64479888649657,1.56520322035067,-0.00735565375071019,100,900,0.0625,-332,1664
89,200,"random",0.5,0.1,1,0,"width",2489,2489,3.83645272720605,0.805762923904695,0.00781018580775708,100,900,0.0625,-332,1664
90,200,"random",0.5,0.1,1,0,"width",2490,2490,10.9149745695759,1.31761417503003,0.0219776194402948,100,900,0.0625,-332,1664
91,200,"random",0.5,0.1,1,0,"width",2491,2491,13.8009232601617,1.84569723368622,-0.0112626493535936,100,900,0.0625,-332,1664
92,200,"random",0.5,0.1,1,0,"width",2492,2492,13.3862181047443,2.56251251138747,0.0297374631743878,100,900,0.0625,-332,1664
93,200,"random",0.5,0.1,1,0,"width",2493,2493,12.9313985756598,3.73131087981164,-0.0131618324434385,100,900,0.0625,-332,1664
94,200,"random",0.5,0.1,1,0,"width",2494,2494,9.89437271095812,1.31106500583701,0.015941985421814,100,900,0.0625,-332,1664
95,200,"random",0.5,0.1,1,0,"width",2495,2495,13.0746601659339,3.11438729660586,-0.0244594649551436,100,900,0.0625,-332,1664
96,200,"random",0.5,0.1,1,0,"width",2496,2496,11.9098974491935,1.60679364833049,-0.0170644725719467,100,900,0.0625,-332,1664
97,200,"random",0.5,0.1,1,0,"width",2497,2497,11.7607898036949,2.92426203028299,0.00971873781178147,100,900,0.0625,-332,1664
98,200,"random",0.5,0.1,1,0,"width",2498,2498,13.4137017123867,0.750117819872685,0.0155559202982113,100,900,0.0625,-332,1664
99,200,"random",0.5,0.1,1,0,"width",2499,2499,9.54775842977688,1.51521162665449,-0.0246539421658963,100,900,0.0625,-332,1664
100,200,"random",0.5,0.1,1,0,"width",2500,2500,5.8821960366331,0.836478088633157,0.00130350520368665,100,900,0.0625,-332,1664
101,200,"random",0.5,0.1,1,0,"width",2501,2501,4.22579875448719,1.81671882700175,-0.00289442560169846,100,900,0.0625,-332,1664
102,200,"random",0.5,0.1,1,0,"width",2502,2502,12.1232132827863,2.71037452726159,-0.00807735941838473,100,900,0.0625,-332,1664
103,200,"random",0.5,0.1,1,0,"width",2503,2503,5.85344351339154,2.78974740556441,-0.0139135104976594,100,900,0.0625,-332,1664
104,200,"random",0.5,0.1,1,0,"width",2504,2504,11.469206421636,3.80150385235902,0.00897533610463142,100,900,0.0625,-332,1664
105,200,"random",0.5,0.1,1,0,"width",2505,2505,7.24329209001735,0.797634193091653,0.00298952308483422,100,900,0.0625,-332,1664
106,200,"random",0.5,0.1,1,0,"width",2506,2506,2.30927431327291,1.20497093326412,-0.0297277628537267,100,900,0.0625,-332,1664
107,200,"random",0.5,0.1,1,0,"width",2507,2507,12.8127831239253,0.517687972635031,0.022267373772338,100,900,0.0625,-332,1664
108,200,"random",0.5,0.1,1,0,"width",2508,2508,4.42555145919323,1.54412597673945,0.0254859914397821,100,900,0.0625,-332,1664
109,200,"random",0.5,0.1,1,0,"width",2509,2509,7.54340083408169,1.77894996362738,-0.0272975226771086,100,900,0.0625,-332,1664
110,200,"random",0.5,0.1,1,0,"width",2510,2510,14.0627850955352,3.33013232774101,0.0130716271558776,100,900,0.0625,-332,1664
111,200,"random",0.5,0.1,1,0,"width",2511,2511,11.7683038003743,1.75772399373818,0.00611795044038445,100,900,0.0625,-332,1664
112,200,"random",0.5,0.1,1,0,"width",2512,2512,6.78134712646715,0.789005298283882,0.00786591417621821,100,900,0.0625,-332,1664
113,200,"random",0.5,0.1,1,0,"width",2513,2513,11.4449988298584,3.2553844449576,-0.010290968301706,100,900,0.0625,-332,1664
114,200,"random",0.5,0.1,1,0,"width",2514,2514,10.9936188999563,3.39529782126192,0.0214511303091422,100,900,0.0625,-332,1664
115,200,"random",0.5,0.1,1,0,"width",2515,2515,6.73294598725624,1.50873833347578,0.00979415800888091,100,900,0.0625,-332,1664
116,200,"random",0.5,0.1,1,0,"width",2516,2516,12.9341857302934,1.8509103966644,-0.0168613388529047,100,900,0.0625,-332,1664
117,200,"random",0.5,0.1,1,0,"width",2517,2517,3.19614140223712,1.27992866525892,-0.0216684902552515,100,900,0.0625,-332,1664
118,200,"random",0.5,0.1,1,0,"width",2518,2518,8.63375359028578,1.83927723462693,-0.0168951643723994,100,900,0.0625,-332,1664
119,200,"random",0.5,0.1,1,0,"width",2519,2519,7.63171129953116,2.92606724787038,-0.0251984071685001,100,900,0.0625,-332,1664
120,200,"random",0.5,0.1,1,0,"width",2520,2520,14.7803265640978,1.33881353249308,-0.0143758011376485,100,900,0.0625,-332,1664
121,200,"random",0.5,0.1,1,0,"width",2521,2521,6.66778908553533,1.33788960857783,0.00694224008359015,100,900,0.0625,-332,1664
122,200,"random",0.5,0.1,1,0,"width",2522,2522,4.79527062410489,2.25867005006876,-0.00363981942180544,100,900,0.0625,-332,1664
123,200,"random",0.5,0.1,1,0,"width",2523,2523,2.71646540844813,3.79345596034545,0.00591066946741194,100,900,0.0625,-332,1664
124,200,"random",0.5,0.1,1,0,"width",2524,2524,12.0445895709563,1.62470455106813,-0.0152885557897389,100,900,0.0625,-332,1664
125,200,"random",0.5,0.1,1,0,"width",2525,2525,6.69361697998829,1.02469449013006,0.0125358315138146,100,900,0.0625,-332,1664
126,200,"random",0.5,0.1,1,0,"width",2526,2526,3.92028966941871,1.41779451130424,0.0173710648482665,100,900,0.0625,-332,1664
127,200,"random",0.5,0.1,1,0,"width",2527,2527,13.6908836059738,3.29874514974654,-0.0218685465166345,100,900,0.0625,-332,1664
128,200,"random",0.5,0.1,1,0,"width",2528,2528,6.87297464814037,2.15245482767932,0.00653306656982749,100,900,0.0625,-332,1664
129,200,"random",0.5,0.1,1,0,"width",2529,2529,5.07341454620473,0.567968252114952,-0.0282404430024326,100,900,0.0625,-332,1664
130,200,"random",0.5,0.1,1,0,"width",2530,2530,5.06717915390618,3.48770829802379,-0.00135158096440137,100,900,0.0625,-332,1664
131,200,"random",0.5,0.1,1,0,"width",2531,2531,5.26485429145396,3.76836401748005,0.0261161943851039,100,900,0.0625,-332,1664
132,200,"random",0.5,0.1,1,0,"width",2532,2532,12.8436673758551,0.717471474898048,-0.00654244442470372,100,900,0.0625,-332,1664
133,200,"random",0.5,0.1,1,0,"width",2533,2533,14.4749107074458,2.06385369191412,-0.00563387418631464,100,900,0.0625,-332,1664
134,200,"random",0.5,0.1,1,0,"width",2534,2534,7.88933053822257,3.1629458302632,-0.0125803086860105,100,900,0.0625,-332,1664
135,200,"random",0.5,0.1,1,0,"width",2535,2535,8.94805476185866,0.567701013060287,-0.00054579919204116,100,900,0.0625,-332,1664
136,200,"random",0.5,0.1,1,0,"width",2536,2536,9.03732908703387,1.72028258943465,-0.00952822401188314,100,900,0.0625,-332,1664
137,200,"random",0.5,0.1,1,0,"width",2537,2537,2.65312434965745,0.75170874374453,-0.000563328629359604,100,900,0.0625,-332,1664
138,200,"random",0.5,0.1,1,0,"width",2538,2538,3.71516325348057,2.05076803674456,0.0189620045665652,100,900,0.0625,-332,1664
139,200,"random",0.5,0.1,1,0,"width",2539,2539,3.41675300034694,2.01839038461912,-0.0107939929375425,100,900,0.0625,-332,1664
140,200,"random",0.5,0.1,1,0,"width",2540,2540,10.2273240122013,3.01509101083502,-0.00325344383250922,100,900,0.0625,-332,1664
141,200,"random",0.5,0.1,1,0,"width",2541,2541,14.7879782286473,3.8584633251885,-0.0259561663493514,100,900,0.0625,-332,1664
142,200,"random",0.5,0.1,1,0,"width",2542,2542,9.91917352494784,3.88263773138169,-0.000653920783661305,100,900,0.0625,-332,1664
143,200,"random",0.5,0.1,1,0,"width",2543,2543,13.3656274431851,1.45357534568757,0.00276506601367146,100,900,0.0625,-332,1664
144,200,"random",0.5,0.1,1,0,"width",2544,2544,14.0742539523635,1.68265931413043,-0.0132695829262957,100,900,0.0625,-332,1664
145,200,"random",0.5,0.1,1,0,"width",2545,2545,7.6090461066924,2.01726025249809,-0.0169219811819494,100,900,0.0625,-332,1664
146,200,"random",0.5,0.1,1,0,"width",2546,2546,7.17386868293397,2.03446087636985,-0.026671296833083,100,900,0.0625,-332,1664
147,200,"random",0.5,0.1,1,0,"width",2547,2547,2.32574963080697,3.33161231584381,-0.0119168011844158,100,900,0.0625,-332,1664
148,200,"random",0.5,0.1,1,0,"width",2548,2548,5.39071349822916,1.22309882950503,-0.0126359758945182,100,900,0.0625,-332,1664
149,200,"random",0.5,0.1,1,0,"width",2549,2549,2.38102275249548,2.18369745579548,0.0257770747086033,100,900,0.0625,-332,1664
150,200,"random",0.5,0.1,1,0,"width",2550,2550,7.6988494284451,1.57561997848097,0.0191937460005283,100,900,0.0625,-332,1664
151,200,"random",0.5,0.1,1,0,"width",2551,2551,3.14449440920725,1.86200301116332,0.00161939016077668,100,900,0.0625,-332,1664
152,200,"random",0.5,0.1,1,0,"width",2552,2552,11.1780373326037,3.16169341153,-0.000395657247863709,100,900,0.0625,-332,1664
153,200,"random",0.5,0.1,1,0,"width",2553,2553,3.01730006653816,2.14372528367676,-0.0245263617346063,100,900,0.0625,-332,1664
154,200,"random",0.5,0.1,1,0,"width",2554,2554,11.9749444387853,3.97682580037508,-0.0155738107440993,100,900,0.0625,-332,1664
155,200,"random",0.5,0.1,1,0,"width",2555,2555,6.84173838258721,1.7689771115547,-0.0178655727161095,100,900,0.0625,-332,1664
156,200,"random",0.5,0.1,1,0,"width",2556,2556,6.71031383797526,2.60652863467112,0.0105777825415134,100,900,0.0625,-332,1664
157,200,"random",0.5,0.1,1,0,"width",2557,2557,13.4882388014812,2.49929248914123,-0.00848679127637297,100,900,0.0625,-332,1664
158,200,"random",0.5,0.1,1,0,"width",2558,2558,11.6961250745226,3.07884579640813,-0.0265840879781172,100,900,0.0625,-332,1664
159,200,"random",0.5,0.1,1,0,"width",2559,2559,6.15014113136567,2.82045525568537,0.0281158633623272,100,900,0.0625,-332,1664
160,200,"random",0.5,0.1,1,0,"width",2560,2560,13.4666847130284,3.04383303411305,-0.0210880212346092,100,900,0.0625,-332,1664
161,200,"random",0.5,0.1,1,0,"width",2561,2561,4.77376246126369,0.679389412514865,0.00763004616368562,100,900,0.0625,-332,1664
162,200,"random",0.5,0.1,1,0,"width",2562,2562,3.39257867611013,1.09610976162367,0.000266515002585947,100,900,0.0625,-332,1664
163,200,"random",0.5,0.1,1,0,"width",2563,2563,3.50437772646546,1.77876471157651,0.00220041082240641,100,900,0.0625,-332,1664
164,200,"random",0.5,0.1,1,0,"width",2564,2564,10.4683720443863,1.06472155440133,-0.0201255969889462,100,900,0.0625,-332,1664
165,200,"random",0.5,0.1,1,0,"width",2565,2565,3.41556726116687,1.19039803731721,0.0011185508267954,100,900,0.0625,-332,1664
166,200,"random",0.5,0.1,1,0,"width",2566,2566,9.83350164978765,3.42729880614206,0.0134953234344721,100,900,0.0625,-332,1664
167,200,"random",0.5,0.1,1,0,"width",2567,2567,6.3701445760671,2.92901120218448,-0.00217393408063799,100,900,0.0625,-332,1664
168,200,"random",0.5,0.1,1,0,"width",2568,2568,8.38762938417494,2.7145926860394,-0.0250631034839898,100,900,0.0625,-332,1664
169,200,"random",0.5,0.1,1,0,"width",2569,2569,3.32749405433424,2.11907959380187,-0.0156888452824205,100,900,0.0625,-332,1664
170,200,"random",0.5,0.1,1,0,"width",2570,2570,4.15504124970175,1.69182439020369,0.0249118070024997,100,900,0.0625,-332,1664
171,200,"random",0.5,0.1,1,0,"width",2571,2571,14.4514069976285,0.814881411730312,-0.0075745562184602,100,900,0.0625,-332,1664
172,200,"random",0.5,0.1,1,0,"width",2572,2572,14.2004344265442,3.83602898882236,0.0147732329601422,100,900,0.0625,-332,1664
173,200,"random",0.5,0.1,1,0,"width",2573,2573,7.0352189980913,2.76266387093347,0.0162977248197421,100,900,0.0625,-332,1664
174,200,"random",0.5,0.1,1,0,"width",2574,2574,3.2407272530254,0.81925694050733,-0.0256395145319402,100,900,0.0625,-332,1664
175,200,"random",0.5,0.1,1,0,"width",2575,2575,12.8579382519238,0.548642280860804,-0.0150579486647621,100,900,0.0625,-332,1664
176,200,"random",0.5,0.1,1,0,"width",2576,2576,5.75437643914483,2.13992769364268,0.0265037886751816,100,900,0.0625,-332,1664
177,200,"random",0.5,0.1,1,0,"width",2577,2577,5.32696302561089,3.35657305619679,-0.0281293912231922,100,900,0.0625,-332,1664
178,200,"random",0.5,0.1,1,0,"width",2578,2578,12.340606740443,0.71614821953699,0.00189251363743097,100,900,0.0625,-332,1664
179,200,"random",0.5,0.1,1,0,"width",2579,2579,8.88249848014675,0.690364927286282,0.0262380001600832,100,900,0.0625,-332,1664
180,200,"random",0.5,0.1,1,0,"width",2580,2580,11.8346894702408,2.76079646858852,0.0252158233663067,100,900,0.0625,-332,1664
181,200,"random",0.5,0.1,1,0,"width",2581,2581,4.06702059716918,3.85892202996183,0.000102339531295001,100,900,0.0625,-332,1664
182,200,"random",0.5,0.1,1,0,"width",2582,2582,11.8516272432171,0.818452173960395,0.00960932019632309,100,900,0.0625,-332,1664
183,200,"random",0.5,0.1,1,0,"width",2583,2583,4.73011689749546,1.44372487394139,0.0175937903160229,100,900,0.0625,-332,1664
184,200,"random",0.5,0.1,1,0,"width",2584,2584,6.80228341510519,3.43575993843842,-1.76385557278981e-05,100,900,0.0625,-332,1664
185,200,"random",0.5,0.1,1,0,"width",2585,2585,6.22490887460299,1.65485445945524,-0.00890298080630601,100,900,0.0625,-332,1664
186,200,"random",0.5,0.1,1,0,"width",2586,2586,5.08218281785958,2.89173444255721,-0.0220346428547055,100,900,0.0625,-332,1664
187,200,"random",0.5,0.1,1,0,"width",2587,2587,7.52978878607973,0.880921884207055,0.0227800807636231,100,900,0.0625,-332,1664
188,200,"random",0.5,0.1,1,0,"width",2588,2588,13.7125525493175,3.51381064276211,-0.0298120016232133,100,900,0.0625,-332,1664
189,200,"random",0.5,0.1,1,0,"width",2589,2589,9.45354109467007,0.620752044022083,0.0108996811928228,100,900,0.0625,-332,1664
190,200,"random",0.5,0.1,1,0,"width",2590,2590,13.2679302252363,2.31542144855484,0.0152279618941247,100,900,0.0625,-332,1664
191,200,"random",0.5,0.1,1,0,"width",2591,2591,9.34488673647866,2.55404522898607,0.0237543193856254,100,900,0.0625,-332,1664
192,200,"random",0.5,0.1,1,0,"width",2592,2592,4.81574370362796,1.71020416042302,0.0113172607077286,100,900,0.0625,-332,1664
193,200,"random",0.5,0.1,1,0,"width",2593,2593,12.1512941806577,0.71958408690989,0.0215997684979811,100,900,0.0625,-332,1664
194,200,"random",0.5,0.1,1,0,"width",2594,2594,14.1385993754957,3.32477230136283,-0.0121022593276575,100,900,0.0625,-332,1664
195,200,"random",0.5,0.1,1,0,"width",2595,2595,4.76234905840829,3.17249934491701,0.0139043347164989,100,900,0.0625,-332,1664
196,200,"random",0.5,0.1,1,0,"width",2596,2596,14.9245376640465,2.16508065350354,-0.0231640740204602,100,900,0.0625,-332,1664
197,200,"random",0.5,0.1,1,0,"width",2597,2597,12.822546237614,0.572123930323869,-0.029549773237668,100,900,0.0625,-332,1664
198,200,"random",0.5,0.1,1,0,"width",2598,2598,14.2129857754335,1.80569532234222,-0.00700944334734231,100,900,0.0625,-332,1664
199,200,"random",0.5,0.1,1,0,"width",2599,2599,10.9950265125372,1.32686948252376,-0.0140697398129851,100,900,0.0625,-332,1664
200,200,"random",0.5,0.1,1,0,"width",2600,2600,3.37181614688598,3.89312249922659,-0.00740183834452182,100,900,0.0625,-332,1664
1,200,"random",0.5,0.45,1,0,"width",2601,2601,2.81016319058836,2.96894738147967,-0.026899985242635,100,900,0.0625,-332,1664
2,200,"random",0.5,0.45,1,0,"width",2602,2602,4.26663811900653,3.76019089622423,-0.0128638770757243,100,900,0.0625,-332,1664
3,200,"random",0.5,0.45,1,0,"width",2603,2603,3.22455836553127,1.93873680336401,-0.0226605978235602,100,900,0.0625,-332,1664
4,200,"random",0.5,0.45,1,0,"width",2604,2604,13.0131650031544,2.06321980163921,0.0280786053696647,100,900,0.0625,-332,1664
5,200,"random",0.5,0.45,1,0,"width",2605,2605,14.2136494978331,3.05403257871512,-0.0106342189852148,100,900,0.0625,-332,1664
6,200,"random",0.5,0.45,1,0,"width",2606,2606,2.96551223960705,1.83006564120296,-0.0294837380480021,100,900,0.0625,-332,1664
7,200,"random",0.5,0.45,1,0,"width",2607,2607,9.41785955196247,2.47595161490608,-0.00205614237114787,100,900,0.0625,-332,1664
8,200,"random",0.5,0.45,1,0,"width",2608,2608,14.2456412734464,2.87281015294138,-0.0250128492387012,100,900,0.0625,-332,1664
9,200,"random",0.5,0.45,1,0,"width",2609,2609,6.89075068687089,2.21322607644834,-0.00543748922646046,100,900,0.0625,-332,1664
10,200,"random",0.5,0.45,1,0,"width",2610,2610,6.07164363097399,0.753213152172975,-0.0114287649700418,100,900,0.0625,-332,1664
11,200,"random",0.5,0.45,1,0,"width",2611,2611,9.78140728385188,3.8756123597268,0.0259116935357451,100,900,0.0625,-332,1664
12,200,"random",0.5,0.45,1,0,"width",2612,2612,13.0457251479384,1.36336521792691,0.0148099488951266,100,900,0.0625,-332,1664
13,200,"random",0.5,0.45,1,0,"width",2613,2613,3.20888130553067,1.00591687322594,0.00327465458773077,100,900,0.0625,-332,1664
14,200,"random",0.5,0.45,1,0,"width",2614,2614,12.1892190440558,2.50363137479872,0.00496752431150526,100,900,0.0625,-332,1664
15,200,"random",0.5,0.45,1,0,"width",2615,2615,7.14964863890782,2.05160655430518,0.0263243169430643,100,900,0.0625,-332,1664
16,200,"random",0.5,0.45,1,0,"width",2616,2616,8.98394619184546,2.27218231570441,0.0111886599613354,100,900,0.0625,-332,1664
17,200,"random",0.5,0.45,1,0,"width",2617,2617,11.8395645164419,1.19655733939726,0.00909657714888453,100,900,0.0625,-332,1664
18,200,"random",0.5,0.45,1,0,"width",2618,2618,13.0074476716109,3.12896315963008,-0.0112659329222515,100,900,0.0625,-332,1664
19,200,"random",0.5,0.45,1,0,"width",2619,2619,5.89237093413249,1.17425067943987,-0.00512260974850506,100,900,0.0625,-332,1664
20,200,"random",0.5,0.45,1,0,"width",2620,2620,12.5760676539503,1.41168707807083,0.0277597531070933,100,900,0.0625,-332,1664
21,200,"random",0.5,0.45,1,0,"width",2621,2621,5.26762898475863,1.79108606034424,0.00699932456016541,100,900,0.0625,-332,1664
22,200,"random",0.5,0.45,1,0,"width",2622,2622,2.76551780570298,3.05859477585182,-0.0140379838272929,100,900,0.0625,-332,1664
23,200,"random",0.5,0.45,1,0,"width",2623,2623,4.82806658977643,1.07408588833641,-0.0284162324946374,100,900,0.0625,-332,1664
24,200,"random",0.5,0.45,1,0,"width",2624,2624,2.7182283217553,3.83577571972273,-0.0109347648499534,100,900,0.0625,-332,1664
25,200,"random",0.5,0.45,1,0,"width",2625,2625,13.9844082554337,3.16599263157696,0.0248602873692289,100,900,0.0625,-332,1664
26,200,"random",0.5,0.45,1,0,"width",2626,2626,10.0236720102839,1.34949294989929,0.0116205910407007,100,900,0.0625,-332,1664
27,200,"random",0.5,0.45,1,0,"width",2627,2627,10.9001554918941,3.27783243265003,-0.000617342158220707,100,900,0.0625,-332,1664
28,200,"random",0.5,0.45,1,0,"width",2628,2628,10.9042004295625,1.62999273685273,-0.0120518936729059,100,900,0.0625,-332,1664
29,200,"random",0.5,0.45,1,0,"width",2629,2629,2.86933776759543,2.77636248141062,0.0217386357206851,100,900,0.0625,-332,1664
30,200,"random",0.5,0.45,1,0,"width",2630,2630,13.4565043612383,1.01522144349292,0.0127457525487989,100,900,0.0625,-332,1664
31,200,"random",0.5,0.45,1,0,"width",2631,2631,5.20828313636594,0.583657929557376,0.0117821112368256,100,900,0.0625,-332,1664
32,200,"random",0.5,0.45,1,0,"width",2632,2632,3.53832504386082,3.85040325846057,-0.0284412595722824,100,900,0.0625,-332,1664
33,200,"random",0.5,0.45,1,0,"width",2633,2633,2.28355792001821,1.56865724467207,0.00217054221779108,100,900,0.0625,-332,1664
34,200,"random",0.5,0.45,1,0,"width",2634,2634,14.5841571437195,2.20910266775172,0.0198878581915051,100,900,0.0625,-332,1664
35,200,"random",0.5,0.45,1,0,"width",2635,2635,8.60221877042204,2.71954835543875,-0.00138326384592801,100,900,0.0625,-332,1664
36,200,"random",0.5,0.45,1,0,"width",2636,2636,8.57135508558713,0.80681392038241,-0.0182562625827268,100,900,0.0625,-332,1664
37,200,"random",0.5,0.45,1,0,"width",2637,2637,9.77625896618702,1.92967552773189,0.0217917088698596,100,900,0.0625,-332,1664
38,200,"random",0.5,0.45,1,0,"width",2638,2638,7.47606303938664,2.95559964235872,0.0289807414636016,100,900,0.0625,-332,1664
39,200,"random",0.5,0.45,1,0,"width",2639,2639,7.07321013021283,3.69569891947322,-0.000195105811581015,100,900,0.0625,-332,1664
40,200,"random",0.5,0.45,1,0,"width",2640,2640,11.395148986252,1.98444987484254,0.014759249878116,100,900,0.0625,-332,1664
41,200,"random",0.5,0.45,1,0,"width",2641,2641,3.68908013333566,1.63059368205722,-0.00930752498097718,100,900,0.0625,-332,1664
42,200,"random",0.5,0.45,1,0,"width",2642,2642,8.59835174190812,1.02457940322347,0.0251503272168338,100,900,0.0625,-332,1664
43,200,"random",0.5,0.45,1,0,"width",2643,2643,2.49533601896837,1.98541151348036,0.0223465171968564,100,900,0.0625,-332,1664
44,200,"random",0.5,0.45,1,0,"width",2644,2644,13.0368233551271,2.60234945209231,0.0289640129869804,100,900,0.0625,-332,1664
45,200,"random",0.5,0.45,1,0,"width",2645,2645,5.77297188062221,2.54718739981763,-0.000559085360728205,100,900,0.0625,-332,1664
46,200,"random",0.5,0.45,1,0,"width",2646,2646,2.71368156513199,3.35085309261922,-0.0231550181703642,100,900,0.0625,-332,1664
47,200,"random",0.5,0.45,1,0,"width",2647,2647,2.12382312794216,2.80340186029207,-0.000448025856167079,100,900,0.0625,-332,1664
48,200,"random",0.5,0.45,1,0,"width",2648,2648,2.17145950114354,1.35204207920469,0.021937175556086,100,900,0.0625,-332,1664
49,200,"random",0.5,0.45,1,0,"width",2649,2649,12.9018791434355,2.74252310895827,0.0161843950627372,100,900,0.0625,-332,1664
50,200,"random",0.5,0.45,1,0,"width",2650,2650,2.25055180373602,2.34116656973492,0.029937775824219,100,900,0.0625,-332,1664
51,200,"random",0.5,0.45,1,0,"width",2651,2651,5.13449598802254,1.50028686679434,0.0173719363845885,100,900,0.0625,-332,1664
52,200,"random",0.5,0.45,1,0,"width",2652,2652,4.13534063636325,0.757410432212055,-0.0238435677811503,100,900,0.0625,-332,1664
53,200,"random",0.5,0.45,1,0,"width",2653,2653,2.04706440819427,3.70517193595879,0.00606297047808766,100,900,0.0625,-332,1664
54,200,"random",0.5,0.45,1,0,"width",2654,2654,3.38182236999273,0.847624304471537,0.00207701966632157,100,900,0.0625,-332,1664
55,200,"random",0.5,0.45,1,0,"width",2655,2655,13.0220010871999,2.77737567841541,0.00880456045735627,100,900,0.0625,-332,1664
56,200,"random",0.5,0.45,1,0,"width",2656,2656,13.9559420340229,1.52796078054234,-0.00370762651786208,100,900,0.0625,-332,1664
57,200,"random",0.5,0.45,1,0,"width",2657,2657,10.2190607285593,2.69053202948999,0.015517436703667,100,900,0.0625,-332,1664
58,200,"random",0.5,0.45,1,0,"width",2658,2658,11.624817912234,3.09128430113196,-0.00882050293497741,100,900,0.0625,-332,1664
59,200,"random",0.5,0.45,1,0,"width",2659,2659,2.03797465423122,1.01790453295689,0.014160044635646,100,900,0.0625,-332,1664
60,200,"random",0.5,0.45,1,0,"width",2660,2660,13.8265302800573,0.581380284158513,-0.00427751531358808,100,900,0.0625,-332,1664
61,200,"random",0.5,0.45,1,0,"width",2661,2661,7.07189577934332,1.05048786278348,-0.026192205324769,100,900,0.0625,-332,1664
62,200,"random",0.5,0.45,1,0,"width",2662,2662,6.29457752499729,3.10519513953477,-0.0268098877044395,100,900,0.0625,-332,1664
63,200,"random",0.5,0.45,1,0,"width",2663,2663,3.93693747208454,1.34650837245863,0.0148813920887187,100,900,0.0625,-332,1664
64,200,"random",0.5,0.45,1,0,"width",2664,2664,5.51999373477884,2.70652908831835,0.00956825654022395,100,900,0.0625,-332,1664
65,200,"random",0.5,0.45,1,0,"width",2665,2665,13.7982104618568,1.35501211707015,-0.00485676800832152,100,900,0.0625,-332,1664
66,200,"random",0.5,0.45,1,0,"width",2666,2666,6.72099626599811,3.71345146698877,0.00687312260270119,100,900,0.0625,-332,1664
67,200,"random",0.5,0.45,1,0,"width",2667,2667,14.6252360551152,3.28627243358642,-0.0256775188911706,100,900,0.0625,-332,1664
68,200,"random",0.5,0.45,1,0,"width",2668,2668,13.7379377260804,3.80850876006298,0.00928000195417553,100,900,0.0625,-332,1664
69,200,"random",0.5,0.45,1,0,"width",2669,2669,9.24797197012231,3.30027341865934,-0.0261767696868628,100,900,0.0625,-332,1664
70,200,"random",0.5,0.45,1,0,"width",2670,2670,3.37695822026581,3.94075729313772,0.0243105732835829,100,900,0.0625,-332,1664
71,200,"random",0.5,0.45,1,0,"width",2671,2671,12.9076138064265,3.20040317578241,-0.0213051313860342,100,900,0.0625,-332,1664
72,200,"random",0.5,0.45,1,0,"width",2672,2672,8.25311803189106,2.67225989873987,0.0221316623082384,100,900,0.0625,-332,1664
73,200,"random",0.5,0.45,1,0,"width",2673,2673,14.0755104974378,2.06382142973598,0.0263665577955544,100,900,0.0625,-332,1664
74,200,"random",0.5,0.45,1,0,"width",2674,2674,7.99180309358053,2.23555888189003,-0.00790706647094339,100,900,0.0625,-332,1664
75,200,"random",0.5,0.45,1,0,"width",2675,2675,6.2424515017774,1.294260392664,0.0176310049183667,100,900,0.0625,-332,1664
76,200,"random",0.5,0.45,1,0,"width",2676,2676,6.01673449389637,3.52323227690067,0.0271866255020723,100,900,0.0625,-332,1664
77,200,"random",0.5,0.45,1,0,"width",2677,2677,10.926817199681,0.689655288122594,-0.00481323734857142,100,900,0.0625,-332,1664
78,200,"random",0.5,0.45,1,0,"width",2678,2678,5.93865185556933,1.62509423319716,0.0103690956439823,100,900,0.0625,-332,1664
79,200,"random",0.5,0.45,1,0,"width",2679,2679,7.21881139930338,0.822554548271,0.0170124500244856,100,900,0.0625,-332,1664
80,200,"random",0.5,0.45,1,0,"width",2680,2680,7.19446564326063,3.54583408078179,-0.0233948700176552,100,900,0.0625,-332,1664
81,200,"random",0.5,0.45,1,0,"width",2681,2681,5.55124885123223,3.75911438581534,-0.00134466940071434,100,900,0.0625,-332,1664
82,200,"random",0.5,0.45,1,0,"width",2682,2682,6.87187588098459,1.09852455672808,0.00098077189642936,100,900,0.0625,-332,1664
83,200,"random",0.5,0.45,1,0,"width",2683,2683,10.3711647470482,1.19222017808352,-0.0293508079787716,100,900,0.0625,-332,1664
84,200,"random",0.5,0.45,1,0,"width",2684,2684,10.2331910128705,1.28214431088418,-0.0180365128722042,100,900,0.0625,-332,1664
85,200,"random",0.5,0.45,1,0,"width",2685,2685,7.1198384675663,1.06735561415553,0.0087420178251341,100,900,0.0625,-332,1664
86,200,"random",0.5,0.45,1,0,"width",2686,2686,2.15402877773158,1.72122438671067,0.0196762453392148,100,900,0.0625,-332,1664
87,200,"random",0.5,0.45,1,0,"width",2687,2687,12.5530652999878,1.45105801650789,0.00521492800209671,100,900,0.0625,-332,1664
88,200,"random",0.5,0.45,1,0,"width",2688,2688,12.8370766434819,2.98596437496599,0.0263533205213025,100,900,0.0625,-332,1664
89,200,"random",0.5,0.45,1,0,"width",2689,2689,6.56760144210421,1.05907983903307,0.013799207881093,100,900,0.0625,-332,1664
90,200,"random",0.5,0.45,1,0,"width",2690,2690,12.1824381742626,3.26497442100663,0.029766156678088,100,900,0.0625,-332,1664
91,200,"random",0.5,0.45,1,0,"width",2691,2691,4.01067509292625,1.19070572266355,-0.0151365712517872,100,900,0.0625,-332,1664
92,200,"random",0.5,0.45,1,0,"width",2692,2692,12.7017475774046,3.03024211036973,-0.0155711360089481,100,900,0.0625,-332,1664
93,200,"random",0.5,0.45,1,0,"width",2693,2693,11.0007557424251,3.85986533889081,0.0177786841057241,100,900,0.0625,-332,1664
94,200,"random",0.5,0.45,1,0,"width",2694,2694,3.3874397627078,2.5410995373968,-0.0178680058568716,100,900,0.0625,-332,1664
95,200,"random",0.5,0.45,1,0,"width",2695,2695,12.5162163574714,1.2832234982634,-0.00660758551675826,100,900,0.0625,-332,1664
96,200,"random",0.5,0.45,1,0,"width",2696,2696,9.46031045354903,3.82131637458224,0.0256944737490267,100,900,0.0625,-332,1664
97,200,"random",0.5,0.45,1,0,"width",2697,2697,2.82832414424047,1.56579321401659,-0.0142020283732563,100,900,0.0625,-332,1664
98,200,"random",0.5,0.45,1,0,"width",2698,2698,2.15713840443641,1.09832994302269,-0.0143702002102509,100,900,0.0625,-332,1664
99,200,"random",0.5,0.45,1,0,"width",2699,2699,3.08981367433444,2.10363188595511,-0.0232528006425127,100,900,0.0625,-332,1664
100,200,"random",0.5,0.45,1,0,"width",2700,2700,11.3261847959366,3.75063860719092,0.0135273888660595,100,900,0.0625,-332,1664
101,200,"random",0.5,0.45,1,0,"width",2701,2701,9.01948947343044,3.91283689520787,0.0102325084246695,100,900,0.0625,-332,1664
102,200,"random",0.5,0.45,1,0,"width",2702,2702,13.2935057028662,2.20664138300344,-0.0214452902041376,100,900,0.0625,-332,1664
103,200,"random",0.5,0.45,1,0,"width",2703,2703,9.16384536330588,1.66606005188078,-0.0230789327435195,100,900,0.0625,-332,1664
104,200,"random",0.5,0.45,1,0,"width",2704,2704,9.76964951609261,1.85218494338915,-0.0217760737705976,100,900,0.0625,-332,1664
105,200,"random",0.5,0.45,1,0,"width",2705,2705,5.62733435351402,2.57065457571298,-0.0125672411033884,100,900,0.0625,-332,1664
106,200,"random",0.5,0.45,1,0,"width",2706,2706,11.176358927507,1.73401820322033,0.0239632030623034,100,900,0.0625,-332,1664
107,200,"random",0.5,0.45,1,0,"width",2707,2707,14.106432977831,2.66940885444637,0.0285028572147712,100,900,0.0625,-332,1664
108,200,"random",0.5,0.45,1,0,"width",2708,2708,4.06370789348148,2.58723520755302,0.00685857108794153,100,900,0.0625,-332,1664
109,200,"random",0.5,0.45,1,0,"width",2709,2709,2.64644469600171,1.79031823843252,-0.0244771583424881,100,900,0.0625,-332,1664
110,200,"random",0.5,0.45,1,0,"width",2710,2710,5.11815094994381,1.2421007512603,-0.0149774193065241,100,900,0.0625,-332,1664
111,200,"random",0.5,0.45,1,0,"width",2711,2711,2.90570079698227,0.544949764152989,0.000780193135142326,100,900,0.0625,-332,1664
112,200,"random",0.5,0.45,1,0,"width",2712,2712,12.4820886550006,1.67620444355998,-0.0272197965625674,100,900,0.0625,-332,1664
113,200,"random",0.5,0.45,1,0,"width",2713,2713,6.55367185268551,3.69363572995644,0.0166191753884777,100,900,0.0625,-332,1664
114,200,"random",0.5,0.45,1,0,"width",2714,2714,5.4302653898485,2.07583258894738,-0.0289484002673998,100,900,0.0625,-332,1664
115,200,"random",0.5,0.45,1,0,"width",2715,2715,9.36813874682412,1.96426461241208,0.012614186508581,100,900,0.0625,-332,1664
116,200,"random",0.5,0.45,1,0,"width",2716,2716,12.900074248435,0.583558728452772,-0.0133412944665179,100,900,0.0625,-332,1664
117,200,"random",0.5,0.45,1,0,"width",2717,2717,3.65044240141287,2.83451685030013,-0.0122463119029999,100,900,0.0625,-332,1664
118,200,"random",0.5,0.45,1,0,"width",2718,2718,8.39431767631322,3.47682024398819,-0.0269159324700013,100,900,0.0625,-332,1664
119,200,"random",0.5,0.45,1,0,"width",2719,2719,13.0208061102312,1.2939610038884,0.00550149295013398,100,900,0.0625,-332,1664
120,200,"random",0.5,0.45,1,0,"width",2720,2720,5.30863008019514,2.29646262561437,0.0126013266015798,100,900,0.0625,-332,1664
121,200,"random",0.5,0.45,1,0,"width",2721,2721,6.83659083372913,2.99882673169486,-0.000248373267240823,100,900,0.0625,-332,1664
122,200,"random",0.5,0.45,1,0,"width",2722,2722,3.1439609087538,3.51237547863275,0.0171916631609201,100,900,0.0625,-332,1664
123,200,"random",0.5,0.45,1,0,"width",2723,2723,3.65562845417298,3.30389915208798,-0.00365179858636111,100,900,0.0625,-332,1664
124,200,"random",0.5,0.45,1,0,"width",2724,2724,2.60134899918921,2.68170886975713,0.0014476712141186,100,900,0.0625,-332,1664
125,200,"random",0.5,0.45,1,0,"width",2725,2725,4.03347987565212,3.75241667532828,0.00350874210242182,100,900,0.0625,-332,1664
126,200,"random",0.5,0.45,1,0,"width",2726,2726,7.85522513417527,0.860720251104794,0.00785207372624427,100,900,0.0625,-332,1664
127,200,"random",0.5,0.45,1,0,"width",2727,2727,4.36131915054284,1.11253027559724,-0.0266445817518979,100,900,0.0625,-332,1664
128,200,"random",0.5,0.45,1,0,"width",2728,2728,3.40613467688672,2.37376292911358,-0.00638277834746987,100,900,0.0625,-332,1664
129,200,"random",0.5,0.45,1,0,"width",2729,2729,10.4374986798503,2.55208328028675,0.0284050547517836,100,900,0.0625,-332,1664
130,200,"random",0.5,0.45,1,0,"width",2730,2730,4.58065575826913,2.62336704938207,0.00178016681224108,100,900,0.0625,-332,1664
131,200,"random",0.5,0.45,1,0,"width",2731,2731,3.9149563992396,1.92040285049006,0.0178239393141121,100,900,0.0625,-332,1664
132,200,"random",0.5,0.45,1,0,"width",2732,2732,13.7161887632683,1.7051843382651,0.0182461392693222,100,900,0.0625,-332,1664
133,200,"random",0.5,0.45,1,0,"width",2733,2733,8.56127818976529,1.68534464784898,0.0203938074270263,100,900,0.0625,-332,1664
134,200,"random",0.5,0.45,1,0,"width",2734,2734,3.62989158765413,1.79570529854391,-0.0280522493692115,100,900,0.0625,-332,1664
135,200,"random",0.5,0.45,1,0,"width",2735,2735,3.28915780060925,1.09557392506395,0.0138942766981199,100,900,0.0625,-332,1664
136,200,"random",0.5,0.45,1,0,"width",2736,2736,5.71540138870478,1.56432832533028,-0.0131758749531582,100,900,0.0625,-332,1664
137,200,"random",0.5,0.45,1,0,"width",2737,2737,8.49021236621775,3.00588777917437,0.0258884014142677,100,900,0.0625,-332,1664
138,200,"random",0.5,0.45,1,0,"width",2738,2738,3.76337508158758,0.534520499641076,-0.0272223266121,100,900,0.0625,-332,1664
139,200,"random",0.5,0.45,1,0,"width",2739,2739,9.30821173195727,2.80675471143331,-0.00841509654186666,100,900,0.0625,-332,1664
140,200,"random",0.5,0.45,1,0,"width",2740,2740,6.30903873220086,1.30106028681621,0.0166330439737067,100,900,0.0625,-332,1664
141,200,"random",0.5,0.45,1,0,"width",2741,2741,13.6710602680687,3.89857843285426,-0.00746160595212132,100,900,0.0625,-332,1664
142,200,"random",0.5,0.45,1,0,"width",2742,2742,10.4797092324588,0.914863370242529,-0.00808130881749093,100,900,0.0625,-332,1664
143,200,"random",0.5,0.45,1,0,"width",2743,2743,7.9396131655667,0.56005379545968,-0.00508308394812047,100,900,0.0625,-332,1664
144,200,"random",0.5,0.45,1,0,"width",2744,2744,14.6648963938933,1.4010650513228,0.0249389392510056,100,900,0.0625,-332,1664
145,200,"random",0.5,0.45,1,0,"width",2745,2745,12.2220790870488,3.91583904449362,0.0215245488239452,100,900,0.0625,-332,1664
146,200,"random",0.5,0.45,1,0,"width",2746,2746,3.89679377176799,1.08034435973968,0.0166841537458822,100,900,0.0625,-332,1664
147,200,"random",0.5,0.45,1,0,"width",2747,2747,2.52366817742586,1.45521415758412,0.0129660375136882,100,900,0.0625,-332,1664
148,200,"random",0.5,0.45,1,0,"width",2748,2748,10.1216682880186,2.3065124155255,0.0261916314996779,100,900,0.0625,-332,1664
149,200,"random",0.5,0.45,1,0,"width",2749,2749,10.1651539793238,3.54120015713852,0.000165536510758103,100,900,0.0625,-332,1664
150,200,"random",0.5,0.45,1,0,"width",2750,2750,10.0155338393524,2.63814074581023,0.0140683340281248,100,900,0.0625,-332,1664
151,200,"random",0.5,0.45,1,0,"width",2751,2751,8.35536106815562,2.46454408764839,0.00809921365231275,100,900,0.0625,-332,1664
152,200,"random",0.5,0.45,1,0,"width",2752,2752,5.90775681915693,1.37525486876257,0.0106030657002702,100,900,0.0625,-332,1664
153,200,"random",0.5,0.45,1,0,"width",2753,2753,13.8253140186425,2.94142481475137,0.0197772233420983,100,900,0.0625,-332,1664
154,200,"random",0.5,0.45,1,0,"width",2754,2754,11.4603422307409,1.27890622802079,-0.016319103394635,100,900,0.0625,-332,1664
155,200,"random",0.5,0.45,1,0,"width",2755,2755,2.92805630899966,2.57477830792777,-0.0243755220947787,100,900,0.0625,-332,1664
156,200,"random",0.5,0.45,1,0,"width",2756,2756,7.53981083934195,1.66763829335105,0.00735564982518554,100,900,0.0625,-332,1664
157,200,"random",0.5,0.45,1,0,"width",2757,2757,12.1107630440965,3.63001756684389,-0.0232028855569661,100,900,0.0625,-332,1664
158,200,"random",0.5,0.45,1,0,"width",2758,2758,13.6581024019979,2.48914795892779,-0.013529066615738,100,900,0.0625,-332,1664
159,200,"random",0.5,0.45,1,0,"width",2759,2759,6.42525481060147,1.39414368139114,-0.0234865561919287,100,900,0.0625,-332,1664
160,200,"random",0.5,0.45,1,0,"width",2760,2760,12.8452946310863,2.35250081319828,-0.00339181182906031,100,900,0.0625,-332,1664
161,200,"random",0.5,0.45,1,0,"width",2761,2761,8.64667163579725,3.18847277550958,0.0222808133158833,100,900,0.0625,-332,1664
162,200,"random",0.5,0.45,1,0,"width",2762,2762,9.24855928402394,2.59507708367892,0.0103216800559312,100,900,0.0625,-332,1664
163,200,"random",0.5,0.45,1,0,"width",2763,2763,8.34282334288582,0.735624806839041,0.0292719948431477,100,900,0.0625,-332,1664
164,200,"random",0.5,0.45,1,0,"width",2764,2764,2.10943969432265,2.80502219498158,0.0293150283163413,100,900,0.0625,-332,1664
165,200,"random",0.5,0.45,1,0,"width",2765,2765,9.7179794346448,1.17612568079494,-0.00527874624822289,100,900,0.0625,-332,1664
166,200,"random",0.5,0.45,1,0,"width",2766,2766,14.2339216705877,1.40604236058425,-0.0204886753717437,100,900,0.0625,-332,1664
167,200,"random",0.5,0.45,1,0,"width",2767,2767,5.50155119807459,2.9787030746229,-0.0172714647743851,100,900,0.0625,-332,1664
168,200,"random",0.5,0.45,1,0,"width",2768,2768,11.4301338628866,0.673315903870389,-0.0295432779751718,100,900,0.0625,-332,1664
169,200,"random",0.5,0.45,1,0,"width",2769,2769,9.99314935784787,2.68873463501222,0.0180872719734907,100,900,0.0625,-332,1664
170,200,"random",0.5,0.45,1,0,"width",2770,2770,8.70775103755295,3.38691131817177,-0.0247238040156662,100,900,0.0625,-332,1664
171,200,"random",0.5,0.45,1,0,"width",2771,2771,10.4697461896576,1.91536477440968,-0.0259803666081279,100,900,0.0625,-332,1664
172,200,"random",0.5,0.45,1,0,"width",2772,2772,9.78780939523131,2.97317765711341,0.0229773857351393,100,900,0.0625,-332,1664
173,200,"random",0.5,0.45,1,0,"width",2773,2773,7.29377192538232,2.07742681074888,-0.0136492000194266,100,900,0.0625,-332,1664
174,200,"random",0.5,0.45,1,0,"width",2774,2774,2.53756756847724,2.3798883856507,0.0148745859414339,100,900,0.0625,-332,1664
175,200,"random",0.5,0.45,1,0,"width",2775,2775,6.47526913043112,2.51255802041851,0.0274281196575612,100,900,0.0625,-332,1664
176,200,"random",0.5,0.45,1,0,"width",2776,2776,7.2274404745549,3.87873685266823,0.0281214483361691,100,900,0.0625,-332,1664
177,200,"random",0.5,0.45,1,0,"width",2777,2777,14.7252338274848,3.33513608155772,-0.019326404244639,100,900,0.0625,-332,1664
178,200,"random",0.5,0.45,1,0,"width",2778,2778,2.88304558652453,2.41615710826591,0.017647137218155,100,900,0.0625,-332,1664
179,200,"random",0.5,0.45,1,0,"width",2779,2779,3.61966055515222,0.625241386005655,-0.0122394336154684,100,900,0.0625,-332,1664
180,200,"random",0.5,0.45,1,0,"width",2780,2780,2.24480914697051,3.81275544059463,-0.0117196353524923,100,900,0.0625,-332,1664
181,200,"random",0.5,0.45,1,0,"width",2781,2781,7.13199973478913,2.55342629062943,-0.0256138618569821,100,900,0.0625,-332,1664
182,200,"random",0.5,0.45,1,0,"width",2782,2782,5.98131435154937,2.77590708923526,0.0112813779199496,100,900,0.0625,-332,1664
183,200,"random",0.5,0.45,1,0,"width",2783,2783,11.3759425340686,0.695764192263596,0.00993441891856491,100,900,0.0625,-332,1664
184,200,"random",0.5,0.45,1,0,"width",2784,2784,13.4663218574133,2.784243962029,0.0274210959300399,100,900,0.0625,-332,1664
185,200,"random",0.5,0.45,1,0,"width",2785,2785,9.35260416124947,3.70477869349997,-0.017326691262424,100,900,0.0625,-332,1664
186,200,"random",0.5,0.45,1,0,"width",2786,2786,4.20742487162352,2.69536090095062,0.0234430162562057,100,900,0.0625,-332,1664
187,200,"random",0.5,0.45,1,0,"width",2787,2787,13.7368208405096,3.31836878706235,0.00171563942916692,100,900,0.0625,-332,1664
188,200,"random",0.5,0.45,1,0,"width",2788,2788,9.95030755735934,3.02574473177083,-0.00397720073349774,100,900,0.0625,-332,1664
189,200,"random",0.5,0.45,1,0,"width",2789,2789,10.713702372741,1.82182534306776,0.0235118088265881,100,900,0.0625,-332,1664
190,200,"random",0.5,0.45,1,0,"width",2790,2790,9.43990246532485,1.41974965308327,0.015903564048931,100,900,0.0625,-332,1664
191,200,"random",0.5,0.45,1,0,"width",2791,2791,11.9639490640257,3.57758307841141,0.0278245905786753,100,900,0.0625,-332,1664
192,200,"random",0.5,0.45,1,0,"width",2792,2792,13.8743773547467,0.593201975803822,-0.0111365592386574,100,900,0.0625,-332,1664
193,200,"random",0.5,0.45,1,0,"width",2793,2793,12.7854915666394,1.6043162047863,0.0185243976535276,100,900,0.0625,-332,1664
194,200,"random",0.5,0.45,1,0,"width",2794,2794,8.18571751285344,1.60155214450788,-0.0188970195036381,100,900,0.0625,-332,1664
195,200,"random",0.5,0.45,1,0,"width",2795,2795,2.85958812921308,0.544271819177084,0.00454483803827316,100,900,0.0625,-332,1664
196,200,"random",0.5,0.45,1,0,"width",2796,2796,6.07974758697674,1.97711522469763,0.00773719291202724,100,900,0.0625,-332,1664
197,200,"random",0.5,0.45,1,0,"width",2797,2797,8.12446922785603,0.758353996207006,0.00942399628926068,100,900,0.0625,-332,1664
198,200,"random",0.5,0.45,1,0,"width",2798,2798,4.05512851825915,0.706419190159068,-0.00543272217269987,100,900,0.0625,-332,1664
199,200,"random",0.5,0.45,1,0,"width",2799,2799,11.6007487722673,2.12179304019082,-0.0145870176097378,100,900,0.0625,-332,1664
200,200,"random",0.5,0.45,1,0,"width",2800,2800,2.53788758278824,2.8129756677663,-0.0114358487538993,100,900,0.0625,-332,1664
1,200,"random",0.5,0.25,4,0,"deposition",2801,2801,14.2749394527636,1.11833732912783,-0.0276112028025091,100,900,0.0625,-332,1664
2,200,"random",0.5,0.25,4,0,"deposition",2802,2802,2.50374047551304,0.707533674431033,-0.00771367751061916,100,900,0.0625,-332,1664
3,200,"random",0.5,0.25,4,0,"deposition",2803,2803,2.32884804019704,2.58008166728541,-0.0259447857504711,100,900,0.0625,-332,1664
4,200,"random",0.5,0.25,4,0,"deposition",2804,2804,2.97784005641006,1.83632038766518,-0.0139050434622914,100,900,0.0625,-332,1664
5,200,"random",0.5,0.25,4,0,"deposition",2805,2805,4.09808215592057,3.86481388437096,-0.00618929738178849,100,900,0.0625,-332,1664
6,200,"random",0.5,0.25,4,0,"deposition",2806,2806,2.92988061485812,0.806637793662958,0.0239369316073135,100,900,0.0625,-332,1664
7,200,"random",0.5,0.25,4,0,"deposition",2807,2807,12.9062421098351,1.81019867421128,0.00576946024317294,100,900,0.0625,-332,1664
8,200,"random",0.5,0.25,4,0,"deposition",2808,2808,14.4177763711195,3.89893516339362,-0.0167760240565985,100,900,0.0625,-332,1664
9,200,"random",0.5,0.25,4,0,"deposition",2809,2809,12.900869960431,2.32670866698027,-0.0152705206861719,100,900,0.0625,-332,1664
10,200,"random",0.5,0.25,4,0,"deposition",2810,2810,3.40721117286012,0.584800550946966,0.00892192403320223,100,900,0.0625,-332,1664
11,200,"random",0.5,0.25,4,0,"deposition",2811,2811,5.91614076308906,3.39382179605309,0.0172792013129219,100,900,0.0625,-332,1664
12,200,"random",0.5,0.25,4,0,"deposition",2812,2812,12.8593006653246,0.593212792067789,-0.0236373949516565,100,900,0.0625,-332,1664
13,200,"random",0.5,0.25,4,0,"deposition",2813,2813,2.67236218671314,3.88402527559083,0.0173452869057655,100,900,0.0625,-332,1664
14,200,"random",0.5,0.25,4,0,"deposition",2814,2814,10.1238518233877,2.49131226132158,0.0108446257235482,100,900,0.0625,-332,1664
15,200,"random",0.5,0.25,4,0,"deposition",2815,2815,4.12882245937362,0.523157477728091,-3.72055359184748e-05,100,900,0.0625,-332,1664
16,200,"random",0.5,0.25,4,0,"deposition",2816,2816,3.34592938725837,1.73004855203908,0.00715582828503102,100,900,0.0625,-332,1664
17,200,"random",0.5,0.25,4,0,"deposition",2817,2817,14.0653343226295,3.2897173553938,0.0204635841865093,100,900,0.0625,-332,1664
18,200,"random",0.5,0.25,4,0,"deposition",2818,2818,6.38155421661213,2.21825598634314,0.0183322655037046,100,900,0.0625,-332,1664
19,200,"random",0.5,0.25,4,0,"deposition",2819,2819,2.157070934074,1.26644359307829,0.0134164784476161,100,900,0.0625,-332,1664
20,200,"random",0.5,0.25,4,0,"deposition",2820,2820,8.61202072398737,0.510461836354807,0.0158767883526161,100,900,0.0625,-332,1664
21,200,"random",0.5,0.25,4,0,"deposition",2821,2821,6.87366237910464,2.21636504377238,0.0244842529809102,100,900,0.0625,-332,1664
22,200,"random",0.5,0.25,4,0,"deposition",2822,2822,11.3041065114085,0.666706693940796,-0.0168061452638358,100,900,0.0625,-332,1664
23,200,"random",0.5,0.25,4,0,"deposition",2823,2823,11.2672722851858,0.576697998214513,0.0286673671798781,100,900,0.0625,-332,1664
24,200,"random",0.5,0.25,4,0,"deposition",2824,2824,3.37810804648325,1.58490611717571,-0.0246976647293195,100,900,0.0625,-332,1664
25,200,"random",0.5,0.25,4,0,"deposition",2825,2825,7.82274839887396,1.36319854657631,-0.0224315061466768,100,900,0.0625,-332,1664
26,200,"random",0.5,0.25,4,0,"deposition",2826,2826,4.43322768621147,1.95017468347214,0.0095911306142807,100,900,0.0625,-332,1664
27,200,"random",0.5,0.25,4,0,"deposition",2827,2827,8.29622415057383,3.6276205603499,0.0161276124743745,100,900,0.0625,-332,1664
28,200,"random",0.5,0.25,4,0,"deposition",2828,2828,6.73281659465283,1.45962947991211,-0.0296475411113352,100,900,0.0625,-332,1664
29,200,"random",0.5,0.25,4,0,"deposition",2829,2829,14.3152903253213,3.18202540616039,-0.0101275979541242,100,900,0.0625,-332,1664
30,200,"random",0.5,0.25,4,0,"deposition",2830,2830,9.5809995951131,2.87248779111542,0.00941107258200646,100,900,0.0625,-332,1664
31,200,"random",0.5,0.25,4,0,"deposition",2831,2831,6.56643233820796,1.03120921889786,0.011890624165535,100,900,0.0625,-332,1664
32,200,"random",0.5,0.25,4,0,"deposition",2832,2832,13.8255292633548,3.22639405180234,-0.00841864566318691,100,900,0.0625,-332,1664
33,200,"random",0.5,0.25,4,0,"deposition",2833,2833,9.75698513444513,2.4910932892235,-0.00338121046777815,100,900,0.0625,-332,1664
34,200,"random",0.5,0.25,4,0,"deposition",2834,2834,12.5357533178758,2.46704934886657,0.0104447831958532,100,900,0.0625,-332,1664
35,200,"random",0.5,0.25,4,0,"deposition",2835,2835,6.20374001888558,1.72819807531778,-0.026818380234763,100,900,0.0625,-332,1664
36,200,"random",0.5,0.25,4,0,"deposition",2836,2836,5.9710098344367,3.70750639424659,0.025247238446027,100,900,0.0625,-332,1664
37,200,"random",0.5,0.25,4,0,"deposition",2837,2837,11.0161065650173,0.672098506591283,-0.0154867189005017,100,900,0.0625,-332,1664
38,200,"random",0.5,0.25,4,0,"deposition",2838,2838,8.91311372839846,1.13093405461404,-0.00712028549518436,100,900,0.0625,-332,1664
39,200,"random",0.5,0.25,4,0,"deposition",2839,2839,6.50624835118651,1.33725632866845,-0.0249736150167882,100,900,0.0625,-332,1664
40,200,"random",0.5,0.25,4,0,"deposition",2840,2840,14.1404223828577,1.8445696644485,-0.00545210496056825,100,900,0.0625,-332,1664
41,200,"random",0.5,0.25,4,0,"deposition",2841,2841,10.2536831703037,3.6934361999156,-0.0236500381166115,100,900,0.0625,-332,1664
42,200,"random",0.5,0.25,4,0,"deposition",2842,2842,9.99226406170055,1.51401314418763,0.0154052723245695,100,900,0.0625,-332,1664
43,200,"random",0.5,0.25,4,0,"deposition",2843,2843,7.91149153606966,1.58841572550591,-0.0291739434236661,100,900,0.0625,-332,1664
44,200,"random",0.5,0.25,4,0,"deposition",2844,2844,6.03994299704209,3.96185601444449,0.00340003499295562,100,900,0.0625,-332,1664
45,200,"random",0.5,0.25,4,0,"deposition",2845,2845,14.8876937339082,0.920297002303414,-0.00326172941364348,100,900,0.0625,-332,1664
46,200,"random",0.5,0.25,4,0,"deposition",2846,2846,12.0110503144097,2.2308776259888,-0.0169803954754025,100,900,0.0625,-332,1664
47,200,"random",0.5,0.25,4,0,"deposition",2847,2847,14.4272485428955,3.12371047120541,-0.0252713574282825,100,900,0.0625,-332,1664
48,200,"random",0.5,0.25,4,0,"deposition",2848,2848,4.73524364619516,2.2260131300427,0.021738363308832,100,900,0.0625,-332,1664
49,200,"random",0.5,0.25,4,0,"deposition",2849,2849,5.451924293302,2.16127035499085,-0.0069361417600885,100,900,0.0625,-332,1664
50,200,"random",0.5,0.25,4,0,"deposition",2850,2850,4.03299708617851,1.09627571993042,0.0252434241771698,100,900,0.0625,-332,1664
51,200,"random",0.5,0.25,4,0,"deposition",2851,2851,5.78138178237714,1.25126298819669,-0.000863193715922535,100,900,0.0625,-332,1664
52,200,"random",0.5,0.25,4,0,"deposition",2852,2852,9.0789831627626,2.08691463246942,0.00781648778356612,100,900,0.0625,-332,1664
53,200,"random",0.5,0.25,4,0,"deposition",2853,2853,3.00929475086741,2.43115853134077,-0.00428480617236346,100,900,0.0625,-332,1664
54,200,"random",0.5,0.25,4,0,"deposition",2854,2854,11.3928212632891,1.18974799558055,-0.0163004487426952,100,900,0.0625,-332,1664
55,200,"random",0.5,0.25,4,0,"deposition",2855,2855,3.82661231211387,0.506938704638742,-0.0161371893016621,100,900,0.0625,-332,1664
56,200,"random",0.5,0.25,4,0,"deposition",2856,2856,9.01041093072854,0.673518896452151,0.0142599801812321,100,900,0.0625,-332,1664
57,200,"random",0.5,0.25,4,0,"deposition",2857,2857,2.31885188422166,3.11075388838071,-0.00782911563757807,100,900,0.0625,-332,1664
58,200,"random",0.5,0.25,4,0,"deposition",2858,2858,7.63773550605401,1.84859189833514,0.00460551269352436,100,900,0.0625,-332,1664
59,200,"random",0.5,0.25,4,0,"deposition",2859,2859,11.6324801736046,1.13232315937057,-0.0150525600509718,100,900,0.0625,-332,1664
60,200,"random",0.5,0.25,4,0,"deposition",2860,2860,12.3054876767565,2.70970043842681,-0.0265595413232222,100,900,0.0625,-332,1664
61,200,"random",0.5,0.25,4,0,"deposition",2861,2861,4.18130995798856,3.19749883329496,0.00638807594776154,100,900,0.0625,-332,1664
62,200,"random",0.5,0.25,4,0,"deposition",2862,2862,3.28955222270451,1.77487420500256,-0.0285653746314347,100,900,0.0625,-332,1664
63,200,"random",0.5,0.25,4,0,"deposition",2863,2863,7.85044164862484,3.8413783138385,-0.0263561399979517,100,900,0.0625,-332,1664
64,200,"random",0.5,0.25,4,0,"deposition",2864,2864,14.0375522968825,1.32092315237969,0.013436454241164,100,900,0.0625,-332,1664
65,200,"random",0.5,0.25,4,0,"deposition",2865,2865,14.5050393887796,3.06243848393206,0.0239676939323544,100,900,0.0625,-332,1664
66,200,"random",0.5,0.25,4,0,"deposition",2866,2866,7.83000775706023,1.51091792027,-0.00733818682841957,100,900,0.0625,-332,1664
67,200,"random",0.5,0.25,4,0,"deposition",2867,2867,11.669658631552,2.19756007939577,-0.0238830558629707,100,900,0.0625,-332,1664
68,200,"random",0.5,0.25,4,0,"deposition",2868,2868,9.68335421429947,1.1410620927345,0.0136538386764005,100,900,0.0625,-332,1664
69,200,"random",0.5,0.25,4,0,"deposition",2869,2869,3.26512855989859,0.755387891898863,-0.0134670174261555,100,900,0.0625,-332,1664
70,200,"random",0.5,0.25,4,0,"deposition",2870,2870,8.78999405261129,2.86213543021586,-0.00535374325700104,100,900,0.0625,-332,1664
71,200,"random",0.5,0.25,4,0,"deposition",2871,2871,4.59587456705049,0.715352314291522,2.70752096548678e-05,100,900,0.0625,-332,1664
72,200,"random",0.5,0.25,4,0,"deposition",2872,2872,12.1733761942014,1.95940208039246,0.0122292703203857,100,900,0.0625,-332,1664
73,200,"random",0.5,0.25,4,0,"deposition",2873,2873,2.41547661670484,2.07636201544665,-0.0228832575352862,100,900,0.0625,-332,1664
74,200,"random",0.5,0.25,4,0,"deposition",2874,2874,9.8270734292455,2.21682373550721,0.0186222950415686,100,900,0.0625,-332,1664
75,200,"random",0.5,0.25,4,0,"deposition",2875,2875,3.4560473326128,0.930092110880651,-0.00777832478284836,100,900,0.0625,-332,1664
76,200,"random",0.5,0.25,4,0,"deposition",2876,2876,2.8958373661153,1.09994410315994,0.00959705065470189,100,900,0.0625,-332,1664
77,200,"random",0.5,0.25,4,0,"deposition",2877,2877,14.1054511570837,1.64972905954346,0.0257109807897359,100,900,0.0625,-332,1664
78,200,"random",0.5,0.25,4,0,"deposition",2878,2878,7.63268974842504,3.68009981978685,-0.025736557985656,100,900,0.0625,-332,1664
79,200,"random",0.5,0.25,4,0,"deposition",2879,2879,10.7992523708381,0.877258548513055,0.000850818464532496,100,900,0.0625,-332,1664
80,200,"random",0.5,0.25,4,0,"deposition",2880,2880,8.69989636866376,1.31517318473198,-0.0063869622303173,100,900,0.0625,-332,1664
81,200,"random",0.5,0.25,4,0,"deposition",2881,2881,3.08891555061564,3.81224452797323,0.00820052532479167,100,900,0.0625,-332,1664
82,200,"random",0.5,0.25,4,0,"deposition",2882,2882,4.32441201177426,0.518842550343834,0.0149669055081904,100,900,0.0625,-332,1664
83,200,"random",0.5,0.25,4,0,"deposition",2883,2883,11.4628664050251,1.50524483015761,0.020301272557117,100,900,0.0625,-332,1664
84,200,"random",0.5,0.25,4,0,"deposition",2884,2884,12.8680946405511,1.88412761432119,0.000505906473845245,100,900,0.0625,-332,1664
85,200,"random",0.5,0.25,4,0,"deposition",2885,2885,12.0033469218761,2.52972948038951,0.0112981937360018,100,900,0.0625,-332,1664
86,200,"random",0.5,0.25,4,0,"deposition",2886,2886,3.64348557172343,3.71031401050277,0.0295968744345009,100,900,0.0625,-332,1664
87,200,"random",0.5,0.25,4,0,"deposition",2887,2887,3.77514366107062,2.49056723807007,0.00203980852849781,100,900,0.0625,-332,1664
88,200,"random",0.5,0.25,4,0,"deposition",2888,2888,4.08683187630959,2.62896052224096,0.0187553911702707,100,900,0.0625,-332,1664
89,200,"random",0.5,0.25,4,0,"deposition",2889,2889,7.73654213640839,2.42578437528573,0.0107382230227813,100,900,0.0625,-332,1664
90,200,"random",0.5,0.25,4,0,"deposition",2890,2890,11.3924079751596,0.533648211508989,-0.00613741312175989,100,900,0.0625,-332,1664
91,200,"random",0.5,0.25,4,0,"deposition",2891,2891,9.06022102036513,0.981911110458896,-0.00148060063831508,100,900,0.0625,-332,1664
92,200,"random",0.5,0.25,4,0,"deposition",2892,2892,12.2968736537732,3.08083276601974,0.00116013504099101,100,900,0.0625,-332,1664
93,200,"random",0.5,0.25,4,0,"deposition",2893,2893,10.227555238409,2.49158707575407,0.0156383577967063,100,900,0.0625,-332,1664
94,200,"random",0.5,0.25,4,0,"deposition",2894,2894,12.8008465631865,1.31326752412133,-0.0229308553319424,100,900,0.0625,-332,1664
95,200,"random",0.5,0.25,4,0,"deposition",2895,2895,12.2453765599057,3.09164920682088,-0.0128146638767794,100,900,0.0625,-332,1664
96,200,"random",0.5,0.25,4,0,"deposition",2896,2896,14.127643676009,3.25231494440231,0.00225277616176754,100,900,0.0625,-332,1664
97,200,"random",0.5,0.25,4,0,"deposition",2897,2897,11.1550238491036,1.13431250362191,-0.0135333810886368,100,900,0.0625,-332,1664
98,200,"random",0.5,0.25,4,0,"deposition",2898,2898,8.80397333600558,3.92620356543921,0.00113814666867256,100,900,0.0625,-332,1664
99,200,"random",0.5,0.25,4,0,"deposition",2899,2899,8.73399117286317,3.9888120405376,0.0227763229468837,100,900,0.0625,-332,1664
100,200,"random",0.5,0.25,4,0,"deposition",2900,2900,2.22790287085809,3.06790458108298,-0.0210660417051986,100,900,0.0625,-332,1664
101,200,"random",0.5,0.25,4,0,"deposition",2901,2901,14.946532163769,1.92847573652398,0.0298274608701468,100,900,0.0625,-332,1664
102,200,"random",0.5,0.25,4,0,"deposition",2902,2902,3.29978445987217,2.33762514090631,-0.0227631866047159,100,900,0.0625,-332,1664
103,200,"random",0.5,0.25,4,0,"deposition",2903,2903,8.13219287572429,1.7513953653397,0.00423487509135157,100,900,0.0625,-332,1664
104,200,"random",0.5,0.25,4,0,"deposition",2904,2904,12.1092876857147,0.58838723320514,0.0215721476403996,100,900,0.0625,-332,1664
105,200,"random",0.5,0.25,4,0,"deposition",2905,2905,2.54122595977969,1.27054825238883,0.016992535837926,100,900,0.0625,-332,1664
106,200,"random",0.5,0.25,4,0,"deposition",2906,2906,4.20018384978175,2.97709364094771,-0.00843938613776117,100,900,0.0625,-332,1664
107,200,"random",0.5,0.25,4,0,"deposition",2907,2907,4.26574300089851,3.67316534614656,-0.00139530952088535,100,900,0.0625,-332,1664
108,200,"random",0.5,0.25,4,0,"deposition",2908,2908,5.19867567275651,0.603540715528652,-0.00361214410979301,100,900,0.0625,-332,1664
109,200,"random",0.5,0.25,4,0,"deposition",2909,2909,6.57571961497888,3.98699796164874,-0.0280252948729321,100,900,0.0625,-332,1664
110,200,"random",0.5,0.25,4,0,"deposition",2910,2910,9.33955904166214,2.56616758229211,-0.0196075530443341,100,900,0.0625,-332,1664
111,200,"random",0.5,0.25,4,0,"deposition",2911,2911,12.4852451698389,1.39729763078503,-0.0217819019732997,100,900,0.0625,-332,1664
112,200,"random",0.5,0.25,4,0,"deposition",2912,2912,14.2859236465301,1.7801842604531,0.0186081371549517,100,900,0.0625,-332,1664
113,200,"random",0.5,0.25,4,0,"deposition",2913,2913,2.99058792018332,1.25087066821288,0.0156731385877356,100,900,0.0625,-332,1664
114,200,"random",0.5,0.25,4,0,"deposition",2914,2914,2.00125495600514,2.65139896248002,0.00216189316939563,100,900,0.0625,-332,1664
115,200,"random",0.5,0.25,4,0,"deposition",2915,2915,3.12808260601014,1.57089791935869,-0.00894377084914595,100,900,0.0625,-332,1664
116,200,"random",0.5,0.25,4,0,"deposition",2916,2916,9.39534968230873,1.32033760321792,0.0293236348545179,100,900,0.0625,-332,1664
117,200,"random",0.5,0.25,4,0,"deposition",2917,2917,7.03972866130061,0.806150207761675,0.0136131713027135,100,900,0.0625,-332,1664
118,200,"random",0.5,0.25,4,0,"deposition",2918,2918,4.44546735356562,3.73933258233592,0.0060483596753329,100,900,0.0625,-332,1664
119,200,"random",0.5,0.25,4,0,"deposition",2919,2919,11.5002725902013,3.81582540157251,-0.0165969425300136,100,900,0.0625,-332,1664
120,200,"random",0.5,0.25,4,0,"deposition",2920,2920,6.32966189249419,0.808775378507562,-0.0252710790373385,100,900,0.0625,-332,1664
121,200,"random",0.5,0.25,4,0,"deposition",2921,2921,12.0577164262068,1.29882702534087,0.0272718770988286,100,900,0.0625,-332,1664
122,200,"random",0.5,0.25,4,0,"deposition",2922,2922,2.82964627700858,2.80239857826382,-0.0221750416746363,100,900,0.0625,-332,1664
123,200,"random",0.5,0.25,4,0,"deposition",2923,2923,6.80538539611734,0.741205598926172,0.0193015208188444,100,900,0.0625,-332,1664
124,200,"random",0.5,0.25,4,0,"deposition",2924,2924,6.87706328975037,1.20865049620625,-0.0115357661247253,100,900,0.0625,-332,1664
125,200,"random",0.5,0.25,4,0,"deposition",2925,2925,4.42901554820128,0.85326673288364,0.00520071100909263,100,900,0.0625,-332,1664
126,200,"random",0.5,0.25,4,0,"deposition",2926,2926,10.8915008886252,3.27820563490968,-0.00622832614928484,100,900,0.0625,-332,1664
127,200,"random",0.5,0.25,4,0,"deposition",2927,2927,14.8176231186371,1.73447515675798,-0.0270293619157746,100,900,0.0625,-332,1664
128,200,"random",0.5,0.25,4,0,"deposition",2928,2928,10.3686894979328,1.22280107054394,-0.0287810207996517,100,900,0.0625,-332,1664
129,200,"random",0.5,0.25,4,0,"deposition",2929,2929,10.7930889467243,0.7576621187618,-0.023000320577994,100,900,0.0625,-332,1664
130,200,"random",0.5,0.25,4,0,"deposition",2930,2930,8.70888996729627,3.56323452398647,-0.00995539520401507,100,900,0.0625,-332,1664
131,200,"random",0.5,0.25,4,0,"deposition",2931,2931,8.98264774982817,2.6499298379058,0.0224598271027207,100,900,0.0625,-332,1664
132,200,"random",0.5,0.25,4,0,"deposition",2932,2932,10.1258535268717,0.730680806096643,0.00464642544742674,100,900,0.0625,-332,1664
133,200,"random",0.5,0.25,4,0,"deposition",2933,2933,11.3373980789911,1.2504521033261,0.00170991368126124,100,900,0.0625,-332,1664
134,200,"random",0.5,0.25,4,0,"deposition",2934,2934,7.68287600856274,0.673000523354858,-0.012219131863676,100,900,0.0625,-332,1664
135,200,"random",0.5,0.25,4,0,"deposition",2935,2935,4.94368002959527,3.40684621420223,-0.00619768101722002,100,900,0.0625,-332,1664
136,200,"random",0.5,0.25,4,0,"deposition",2936,2936,14.4359863074496,3.95006282255054,0.0244295977335423,100,900,0.0625,-332,1664
137,200,"random",0.5,0.25,4,0,"deposition",2937,2937,9.65709794312716,3.36212047946174,-0.0120521180005744,100,900,0.0625,-332,1664
138,200,"random",0.5,0.25,4,0,"deposition",2938,2938,6.28422645875253,2.9822499071015,-0.014101424231194,100,900,0.0625,-332,1664
139,200,"random",0.5,0.25,4,0,"deposition",2939,2939,10.853106783703,2.51041381363757,-0.0118746295105666,100,900,0.0625,-332,1664
140,200,"random",0.5,0.25,4,0,"deposition",2940,2940,3.48365645855665,3.74662190733943,0.0153361896146089,100,900,0.0625,-332,1664
141,200,"random",0.5,0.25,4,0,"deposition",2941,2941,5.04966371948831,2.68837815138977,-0.0249836107715964,100,900,0.0625,-332,1664
142,200,"random",0.5,0.25,4,0,"deposition",2942,2942,12.1557258947287,2.53749101806898,0.0148206265177578,100,900,0.0625,-332,1664
143,200,"random",0.5,0.25,4,0,"deposition",2943,2943,7.17306348495185,2.55653129995335,0.00199943203479051,100,900,0.0625,-332,1664
144,200,"random",0.5,0.25,4,0,"deposition",2944,2944,7.52316154143773,0.769744491903111,-0.0124090499337763,100,900,0.0625,-332,1664
145,200,"random",0.5,0.25,4,0,"deposition",2945,2945,11.2853741527069,1.83314394764602,-0.0251576327718794,100,900,0.0625,-332,1664
146,200,"random",0.5,0.25,4,0,"deposition",2946,2946,10.3745835975278,3.67697996366769,-0.0213486789911985,100,900,0.0625,-332,1664
147,200,"random",0.5,0.25,4,0,"deposition",2947,2947,2.7624136544764,1.70484578830656,0.00715988815762102,100,900,0.0625,-332,1664
148,200,"random",0.5,0.25,4,0,"deposition",2948,2948,9.24614986171946,2.54242353024893,-0.00697568678297102,100,900,0.0625,-332,1664
149,200,"random",0.5,0.25,4,0,"deposition",2949,2949,13.3683935736772,2.67591262597125,6.54720235615976e-05,100,900,0.0625,-332,1664
150,200,"random",0.5,0.25,4,0,"deposition",2950,2950,10.8592671779916,3.90981363004539,0.00611487260553985,100,900,0.0625,-332,1664
151,200,"random",0.5,0.25,4,0,"deposition",2951,2951,7.52160382992588,1.4168669602368,0.0209715675143525,100,900,0.0625,-332,1664
152,200,"random",0.5,0.25,4,0,"deposition",2952,2952,8.55623760796152,0.904407831490971,0.00596070744562894,100,900,0.0625,-332,1664
153,200,"random",0.5,0.25,4,0,"deposition",2953,2953,5.63387311878614,1.73442052293103,0.00895305379293859,100,900,0.0625,-332,1664
154,200,"random",0.5,0.25,4,0,"deposition",2954,2954,6.70211775228381,0.877872299170122,-0.00411679296288639,100,900,0.0625,-332,1664
155,200,"random",0.5,0.25,4,0,"deposition",2955,2955,4.87831312557682,1.67617794848047,-0.0240176348062232,100,900,0.0625,-332,1664
156,200,"random",0.5,0.25,4,0,"deposition",2956,2956,12.5634260307997,2.06944747362286,0.00495258956216275,100,900,0.0625,-332,1664
157,200,"random",0.5,0.25,4,0,"deposition",2957,2957,14.2518270111177,1.94394251727499,0.0157951254397631,100,900,0.0625,-332,1664
158,200,"random",0.5,0.25,4,0,"deposition",2958,2958,11.0230364683084,1.83223149273545,0.00908400615211576,100,900,0.0625,-332,1664
159,200,"random",0.5,0.25,4,0,"deposition",2959,2959,6.64311649580486,0.862105955253355,-0.0215464440453798,100,900,0.0625,-332,1664
160,200,"random",0.5,0.25,4,0,"deposition",2960,2960,9.72054411354475,0.977086922270246,-0.026011822395958,100,900,0.0625,-332,1664
161,200,"random",0.5,0.25,4,0,"deposition",2961,2961,8.72517923358828,2.53787280211691,-0.00648074449505657,100,900,0.0625,-332,1664
162,200,"random",0.5,0.25,4,0,"deposition",2962,2962,7.07856982434168,0.943399543873966,0.0273155150609091,100,900,0.0625,-332,1664
163,200,"random",0.5,0.25,4,0,"deposition",2963,2963,5.55398577917367,3.13075758540072,-0.0194157573441043,100,900,0.0625,-332,1664
164,200,"random",0.5,0.25,4,0,"deposition",2964,2964,11.8707311504986,3.3613472400466,-0.00221060071606189,100,900,0.0625,-332,1664
165,200,"random",0.5,0.25,4,0,"deposition",2965,2965,4.31905245385133,3.36954230512492,0.00205727585591376,100,900,0.0625,-332,1664
166,200,"random",0.5,0.25,4,0,"deposition",2966,2966,7.49130922858603,1.12986413191538,0.0112735806126147,100,900,0.0625,-332,1664
167,200,"random",0.5,0.25,4,0,"deposition",2967,2967,11.3451228619087,0.639077979023568,0.00540143961086869,100,900,0.0625,-332,1664
168,200,"random",0.5,0.25,4,0,"deposition",2968,2968,8.10390871018171,1.96036027441733,0.0216125349327922,100,900,0.0625,-332,1664
169,200,"random",0.5,0.25,4,0,"deposition",2969,2969,8.13279897999018,1.12657005758956,0.00380128992721438,100,900,0.0625,-332,1664
170,200,"random",0.5,0.25,4,0,"deposition",2970,2970,3.02405170653947,3.12128890259191,0.0169483997533098,100,900,0.0625,-332,1664
171,200,"random",0.5,0.25,4,0,"deposition",2971,2971,9.44790270202793,3.67760808765888,-0.0148853629874066,100,900,0.0625,-332,1664
172,200,"random",0.5,0.25,4,0,"deposition",2972,2972,14.0643247400876,2.69830514048226,-0.0128076789015904,100,900,0.0625,-332,1664
173,200,"random",0.5,0.25,4,0,"deposition",2973,2973,5.23554768553004,3.91008925042115,0.00179486132226885,100,900,0.0625,-332,1664
174,200,"random",0.5,0.25,4,0,"deposition",2974,2974,10.9553688040469,0.82884021801874,0.0247034720610827,100,900,0.0625,-332,1664
175,200,"random",0.5,0.25,4,0,"deposition",2975,2975,12.9010387831368,1.39785273175221,0.0198918063612655,100,900,0.0625,-332,1664
176,200,"random",0.5,0.25,4,0,"deposition",2976,2976,6.39185639703646,3.51178924413398,0.00846299319528043,100,900,0.0625,-332,1664
177,200,"random",0.5,0.25,4,0,"deposition",2977,2977,11.1130515933037,2.30234868847765,0.0101354412781075,100,900,0.0625,-332,1664
178,200,"random",0.5,0.25,4,0,"deposition",2978,2978,6.3101147771813,1.5990825346671,-0.0135878686141223,100,900,0.0625,-332,1664
179,200,"random",0.5,0.25,4,0,"deposition",2979,2979,10.5905388568062,1.26338299864437,0.00280439126305282,100,900,0.0625,-332,1664
180,200,"random",0.5,0.25,4,0,"deposition",2980,2980,8.67441531806253,1.72162401559763,-0.00312944009900093,100,900,0.0625,-332,1664
181,200,"random",0.5,0.25,4,0,"deposition",2981,2981,10.7309636136051,0.552100099390373,0.0279402452660725,100,900,0.0625,-332,1664
182,200,"random",0.5,0.25,4,0,"deposition",2982,2982,7.94119464349933,3.67415338696446,-0.0281659366423264,100,900,0.0625,-332,1664
183,200,"random",0.5,0.25,4,0,"deposition",2983,2983,13.5584119011182,2.99905501899775,0.0250400619674474,100,900,0.0625,-332,1664
184,200,"random",0.5,0.25,4,0,"deposition",2984,2984,10.517630236689,0.722763562458567,-0.0232861198112369,100,900,0.0625,-332,1664
185,200,"random",0.5,0.25,4,0,"deposition",2985,2985,12.2252317881212,1.14200933522079,0.0122528523439541,100,900,0.0625,-332,1664
186,200,"random",0.5,0.25,4,0,"deposition",2986,2986,3.93206691462547,0.742755361017771,-0.0143283257586881,100,900,0.0625,-332,1664
187,200,"random",0.5,0.25,4,0,"deposition",2987,2987,5.97422968200408,2.86484492185991,-0.0197070655692369,100,900,0.0625,-332,1664
188,200,"random",0.5,0.25,4,0,"deposition",2988,2988,12.8421563103329,2.28125525836367,-0.0225234775571153,100,900,0.0625,-332,1664
189,200,"random",0.5,0.25,4,0,"deposition",2989,2989,10.4550536775496,3.69326555507723,-0.0202549491869286,100,900,0.0625,-332,1664
190,200,"random",0.5,0.25,4,0,"deposition",2990,2990,9.88494984572753,3.89770358998794,-0.00397631220985204,100,900,0.0625,-332,1664
191,200,"random",0.5,0.25,4,0,"deposition",2991,2991,8.67503714049235,1.54289314674679,0.0283764988090843,100,900,0.0625,-332,1664
192,200,"random",0.5,0.25,4,0,"deposition",2992,2992,13.9794355011545,1.78812340716831,-0.0264227403933182,100,900,0.0625,-332,1664
193,200,"random",0.5,0.25,4,0,"deposition",2993,2993,14.4970803861506,3.70212180085946,-0.0253683007601649,100,900,0.0625,-332,1664
194,200,"random",0.5,0.25,4,0,"deposition",2994,2994,11.257594212424,3.1638410865562,-0.00598930608015507,100,900,0.0625,-332,1664
195,200,"random",0.5,0.25,4,0,"deposition",2995,2995,3.24638449051417,1.57446366909426,0.0146106108790264,100,900,0.0625,-332,1664
196,200,"random",0.5,0.25,4,0,"deposition",2996,2996,9.43817520467564,1.77614456880838,0.00606402109377086,100,900,0.0625,-332,1664
197,200,"random",0.5,0.25,4,0,"deposition",2997,2997,9.84893712284975,3.84079609846231,0.0297133058169857,100,900,0.0625,-332,1664
198,200,"random",0.5,0.25,4,0,"deposition",2998,2998,4.76200190582313,0.600113894441165,-0.0182984547642991,100,900,0.0625,-332,1664
199,200,"random",0.5,0.25,4,0,"deposition",2999,2999,4.75572627526708,3.29208964004647,-0.0189252310898155,100,900,0.0625,-332,1664
200,200,"random",0.5,0.25,4,0,"deposition",3000,3000,4.83883679495193,3.70226613478735,-0.0111900510080159,100,900,0.0625,-332,1664
1,200,"random",0.5,0.25,1,0.6,"precision",3001,3001,2.51879065833054,2.42497761384584,0.0238758756313473,100,900,0.0625,-332,1664
2,200,"random",0.5,0.25,1,0.6,"precision",3002,3002,14.4574918218423,3.28408457466867,-0.0118698890553787,100,900,0.0625,-332,1664
3,200,"random",0.5,0.25,1,0.6,"precision",3003,3003,6.10948322946206,2.89684887055773,-0.016199226253666,100,900,0.0625,-332,1664
4,200,"random",0.5,0.25,1,0.6,"precision",3004,3004,6.81342523242347,1.32153737894259,0.0299136273795739,100,900,0.0625,-332,1664
5,200,"random",0.5,0.25,1,0.6,"precision",3005,3005,4.0375271984376,2.18713945779018,-0.0155584292812273,100,900,0.0625,-332,1664
6,200,"random",0.5,0.25,1,0.6,"precision",3006,3006,11.7471996909007,2.49704356025904,-0.025015159053728,100,900,0.0625,-332,1664
7,200,"random",0.5,0.25,1,0.6,"precision",3007,3007,8.76976855914108,2.46800370467827,-0.00806777570396662,100,900,0.0625,-332,1664
8,200,"random",0.5,0.25,1,0.6,"precision",3008,3008,13.8380927951075,2.80528152210172,0.00535613081417978,100,900,0.0625,-332,1664
9,200,"random",0.5,0.25,1,0.6,"precision",3009,3009,10.4889925683383,2.08545122772921,0.00358478395733983,100,900,0.0625,-332,1664
10,200,"random",0.5,0.25,1,0.6,"precision",3010,3010,9.18005814542994,1.08852921240032,-0.0055030878726393,100,900,0.0625,-332,1664
11,200,"random",0.5,0.25,1,0.6,"precision",3011,3011,9.01790668186732,1.32715470495168,-0.0121192975156009,100,900,0.0625,-332,1664
12,200,"random",0.5,0.25,1,0.6,"precision",3012,3012,10.07730620238,3.86974112328608,-0.00093163562938571,100,900,0.0625,-332,1664
13,200,"random",0.5,0.25,1,0.6,"precision",3013,3013,8.46956730401143,3.79633466585074,-0.0196941187139601,100,900,0.0625,-332,1664
14,200,"random",0.5,0.25,1,0.6,"precision",3014,3014,9.58185976278037,1.32700747973286,0.000670082936994731,100,900,0.0625,-332,1664
15,200,"random",0.5,0.25,1,0.6,"precision",3015,3015,11.8081294810399,0.967388746910729,0.0119192000571638,100,900,0.0625,-332,1664
16,200,"random",0.5,0.25,1,0.6,"precision",3016,3016,6.09816033090465,3.46089059184305,-0.00178596212994307,100,900,0.0625,-332,1664
17,200,"random",0.5,0.25,1,0.6,"precision",3017,3017,6.09368912619539,3.27425043610856,0.012665952402167,100,900,0.0625,-332,1664
18,200,"random",0.5,0.25,1,0.6,"precision",3018,3018,10.2873350661248,2.25151765637565,0.0134600474825129,100,900,0.0625,-332,1664
19,200,"random",0.5,0.25,1,0.6,"precision",3019,3019,2.04558448237367,3.91716269752942,0.00599313450045884,100,900,0.0625,-332,1664
20,200,"random",0.5,0.25,1,0.6,"precision",3020,3020,14.5707428334281,2.35267954925075,0.0127603413769975,100,900,0.0625,-332,1664
21,200,"random",0.5,0.25,1,0.6,"precision",3021,3021,13.3099265592173,0.711626037606038,0.0199692567531019,100,900,0.0625,-332,1664
22,200,"random",0.5,0.25,1,0.6,"precision",3022,3022,11.586555890739,1.57585919694975,0.00144815426319837,100,900,0.0625,-332,1664
23,200,"random",0.5,0.25,1,0.6,"precision",3023,3023,7.90512880333699,1.00608126120642,-0.0173834393173456,100,900,0.0625,-332,1664
24,200,"random",0.5,0.25,1,0.6,"precision",3024,3024,4.35618427791633,1.10079489485361,0.00718787970487028,100,900,0.0625,-332,1664
25,200,"random",0.5,0.25,1,0.6,"precision",3025,3025,12.0033279862255,0.920613847207278,0.00416909320279956,100,900,0.0625,-332,1664
26,200,"random",0.5,0.25,1,0.6,"precision",3026,3026,10.0835390400607,1.64330702077132,-0.000413849987089633,100,900,0.0625,-332,1664
27,200,"random",0.5,0.25,1,0.6,"precision",3027,3027,11.1712968403008,2.27177501935512,0.0297670307010412,100,900,0.0625,-332,1664
28,200,"random",0.5,0.25,1,0.6,"precision",3028,3028,12.220619879663,3.77015563345049,-0.00175540693569928,100,900,0.0625,-332,1664
29,200,"random",0.5,0.25,1,0.6,"precision",3029,3029,7.76825089729391,1.54332596843597,-0.0296174166491255,100,900,0.0625,-332,1664
30,200,"random",0.5,0.25,1,0.6,"precision",3030,3030,8.61888286331668,3.45789615891408,-0.0179569228179753,100,900,0.0625,-332,1664
31,200,"random",0.5,0.25,1,0.6,"precision",3031,3031,11.7068678205833,3.32042260596063,-0.0173152888845652,100,900,0.0625,-332,1664
32,200,"random",0.5,0.25,1,0.6,"precision",3032,3032,5.58743587229401,1.81235836667474,-0.0297475828696042,100,900,0.0625,-332,1664
33,200,"random",0.5,0.25,1,0.6,"precision",3033,3033,3.29003382869996,3.59122916811612,0.0210846963291988,100,900,0.0625,-332,1664
34,200,"random",0.5,0.25,1,0.6,"precision",3034,3034,10.0092453267425,2.04582227009814,0.00266358171589673,100,900,0.0625,-332,1664
35,200,"random",0.5,0.25,1,0.6,"precision",3035,3035,10.9122305226047,3.83565391227603,0.011345178312622,100,900,0.0625,-332,1664
36,200,"random",0.5,0.25,1,0.6,"precision",3036,3036,5.88196044578217,3.32845928077586,0.0143538523837924,100,900,0.0625,-332,1664
37,200,"random",0.5,0.25,1,0.6,"precision",3037,3037,13.6745053851046,1.65640247764532,9.05024819075964e-06,100,900,0.0625,-332,1664
38,200,"random",0.5,0.25,1,0.6,"precision",3038,3038,5.39172299299389,2.2653311182512,-0.000340873841196299,100,900,0.0625,-332,1664
39,200,"random",0.5,0.25,1,0.6,"precision",3039,3039,14.1823676456697,2.12431772064883,-0.0268186335638165,100,900,0.0625,-332,1664
40,200,"random",0.5,0.25,1,0.6,"precision",3040,3040,13.8042989636306,3.40401038748678,0.0220740132965147,100,900,0.0625,-332,1664
41,200,"random",0.5,0.25,1,0.6,"precision",3041,3041,6.13747057807632,2.21708086645231,-0.00497927557211369,100,900,0.0625,-332,1664
42,200,"random",0.5,0.25,1,0.6,"precision",3042,3042,12.6604523740243,2.66157319687773,0.0202503224182874,100,900,0.0625,-332,1664
43,200,"random",0.5,0.25,1,0.6,"precision",3043,3043,6.99886944098398,0.93176691478584,0.00256417235825211,100,900,0.0625,-332,1664
44,200,"random",0.5,0.25,1,0.6,"precision",3044,3044,12.0909071408678,3.51340672094375,-0.019118857816793,100,900,0.0625,-332,1664
45,200,"random",0.5,0.25,1,0.6,"precision",3045,3045,13.1440495518036,0.810016886447556,0.00655873987823725,100,900,0.0625,-332,1664
46,200,"random",0.5,0.25,1,0.6,"precision",3046,3046,4.35357474186458,1.58537663647439,-0.00525251334998757,100,900,0.0625,-332,1664
47,200,"random",0.5,0.25,1,0.6,"precision",3047,3047,5.81943726725876,0.887042456190102,-0.00991576879285276,100,900,0.0625,-332,1664
48,200,"random",0.5,0.25,1,0.6,"precision",3048,3048,13.3828232113738,2.95188775204588,0.0170233351131901,100,900,0.0625,-332,1664
49,200,"random",0.5,0.25,1,0.6,"precision",3049,3049,11.1917693507858,1.97968885174487,0.00919491817709058,100,900,0.0625,-332,1664
50,200,"random",0.5,0.25,1,0.6,"precision",3050,3050,10.5882316555362,1.12956754968036,-0.00288717987947166,100,900,0.0625,-332,1664
51,200,"random",0.5,0.25,1,0.6,"precision",3051,3051,7.28034807462245,1.77626693039201,-0.00102624789811671,100,900,0.0625,-332,1664
52,200,"random",0.5,0.25,1,0.6,"precision",3052,3052,6.32074034982361,3.58335414808244,-0.00155706210527569,100,900,0.0625,-332,1664
53,200,"random",0.5,0.25,1,0.6,"precision",3053,3053,5.21172471204773,2.39117637008894,0.0250493301032111,100,900,0.0625,-332,1664
54,200,"random",0.5,0.25,1,0.6,"precision",3054,3054,13.9564802350942,1.34807650989387,-0.0286454220302403,100,900,0.0625,-332,1664
55,200,"random",0.5,0.25,1,0.6,"precision",3055,3055,8.80145373824053,1.89198074594606,0.028944185343571,100,900,0.0625,-332,1664
56,200,"random",0.5,0.25,1,0.6,"precision",3056,3056,12.7250584014691,0.92310400493443,-0.01754063566681,100,900,0.0625,-332,1664
57,200,"random",0.5,0.25,1,0.6,"precision",3057,3057,7.71326917153783,0.910397194442339,-0.00782129611819982,100,900,0.0625,-332,1664
58,200,"random",0.5,0.25,1,0.6,"precision",3058,3058,12.6084317802452,2.32629348558839,-0.00710392897948623,100,900,0.0625,-332,1664
59,200,"random",0.5,0.25,1,0.6,"precision",3059,3059,6.39880073512904,0.593037994462065,-0.0188549170363694,100,900,0.0625,-332,1664
60,200,"random",0.5,0.25,1,0.6,"precision",3060,3060,4.10996539960615,3.2881831653649,0.0272262385860085,100,900,0.0625,-332,1664
61,200,"random",0.5,0.25,1,0.6,"precision",3061,3061,5.62389005371369,0.954925134894438,0.0230551000870764,100,900,0.0625,-332,1664
62,200,"random",0.5,0.25,1,0.6,"precision",3062,3062,3.35791434952989,2.67214267840609,-0.00323044718708843,100,900,0.0625,-332,1664
63,200,"random",0.5,0.25,1,0.6,"precision",3063,3063,11.861063253833,3.12411926209461,-0.00903632875531912,100,900,0.0625,-332,1664
64,200,"random",0.5,0.25,1,0.6,"precision",3064,3064,8.29528563725762,1.97432000970002,0.0175720850564539,100,900,0.0625,-332,1664
65,200,"random",0.5,0.25,1,0.6,"precision",3065,3065,14.5129335150123,0.753845062223263,-0.0112741610454395,100,900,0.0625,-332,1664
66,200,"random",0.5,0.25,1,0.6,"precision",3066,3066,5.81441415916197,0.770853898487985,-0.0121736772777513,100,900,0.0625,-332,1664
67,200,"random",0.5,0.25,1,0.6,"precision",3067,3067,6.50811854028143,2.65820849128067,-0.0220166548574343,100,900,0.0625,-332,1664
68,200,"random",0.5,0.25,1,0.6,"precision",3068,3068,4.87262024451047,2.76168952463195,-0.0160381829319522,100,900,0.0625,-332,1664
69,200,"random",0.5,0.25,1,0.6,"precision",3069,3069,3.53354848967865,1.4933112867875,-0.00378019949421287,100,900,0.0625,-332,1664
70,200,"random",0.5,0.25,1,0.6,"precision",3070,3070,2.34606600995176,1.30335600441322,-0.000146668986417353,100,900,0.0625,-332,1664
71,200,"random",0.5,0.25,1,0.6,"precision",3071,3071,4.38452126411721,1.64893429598305,-0.00540757133625448,100,900,0.0625,-332,1664
72,200,"random",0.5,0.25,1,0.6,"precision",3072,3072,14.6256072979886,2.63371907209512,-0.0243561472557485,100,900,0.0625,-332,1664
73,200,"random",0.5,0.25,1,0.6,"precision",3073,3073,9.51767936674878,3.03879919066094,-0.024803202166222,100,900,0.0625,-332,1664
74,200,"random",0.5,0.25,1,0.6,"precision",3074,3074,11.0693557998165,1.96096733713057,-0.00300578943919391,100,900,0.0625,-332,1664
75,200,"random",0.5,0.25,1,0.6,"precision",3075,3075,8.58151002135128,1.59283335402142,0.0276077564293519,100,900,0.0625,-332,1664
76,200,"random",0.5,0.25,1,0.6,"precision",3076,3076,5.31639904831536,2.32796105393209,0.0130906391981989,100,900,0.0625,-332,1664
77,200,"random",0.5,0.25,1,0.6,"precision",3077,3077,3.81584024545737,3.08704941393808,-0.0227419309644029,100,900,0.0625,-332,1664
78,200,"random",0.5,0.25,1,0.6,"precision",3078,3078,14.3004300771281,1.984011248569,0.0217826656624675,100,900,0.0625,-332,1664
79,200,"random",0.5,0.25,1,0.6,"precision",3079,3079,9.66486900881864,3.69553057837766,0.0102514103427529,100,900,0.0625,-332,1664
80,200,"random",0.5,0.25,1,0.6,"precision",3080,3080,7.4510527739767,3.611824528547,0.018373628645204,100,900,0.0625,-332,1664
81,200,"random",0.5,0.25,1,0.6,"precision",3081,3081,7.98257456999272,3.57834641588852,-0.00867055494803935,100,900,0.0625,-332,1664
82,200,"random",0.5,0.25,1,0.6,"precision",3082,3082,9.21217819675803,1.16009977180511,0.0292829530779272,100,900,0.0625,-332,1664
83,200,"random",0.5,0.25,1,0.6,"precision",3083,3083,10.0988423691597,1.08335764391813,-0.00603805761784315,100,900,0.0625,-332,1664
84,200,"random",0.5,0.25,1,0.6,"precision",3084,3084,10.6419718067627,1.02379223215394,0.0123692218540236,100,900,0.0625,-332,1664
85,200,"random",0.5,0.25,1,0.6,"precision",3085,3085,7.91930542490445,2.51432118634693,-0.01293910196051,100,900,0.0625,-332,1664
86,200,"random",0.5,0.25,1,0.6,"precision",3086,3086,10.2657275123056,3.58342895575333,-0.00697241721209139,100,900,0.0625,-332,1664
87,200,"random",0.5,0.25,1,0.6,"precision",3087,3087,2.93170652491972,2.57336559449323,-0.0273013247223571,100,900,0.0625,-332,1664
88,200,"random",0.5,0.25,1,0.6,"precision",3088,3088,11.4658809539396,1.79333213705104,-0.014638124993071,100,900,0.0625,-332,1664
89,200,"random",0.5,0.25,1,0.6,"precision",3089,3089,13.9102002973668,0.883511971565895,0.0250606163358316,100,900,0.0625,-332,1664
90,200,"random",0.5,0.25,1,0.6,"precision",3090,3090,9.69909917144105,0.519532350590453,0.0247484242217615,100,900,0.0625,-332,1664
91,200,"random",0.5,0.25,1,0.6,"precision",3091,3091,13.8864847782534,1.71822571544908,0.0150369600718841,100,900,0.0625,-332,1664
92,200,"random",0.5,0.25,1,0.6,"precision",3092,3092,8.62011106545106,1.42807150061708,-0.0150881325546652,100,900,0.0625,-332,1664
93,200,"random",0.5,0.25,1,0.6,"precision",3093,3093,8.71503764903173,3.41481277684215,0.0230801167152822,100,900,0.0625,-332,1664
94,200,"random",0.5,0.25,1,0.6,"precision",3094,3094,5.5546188945882,3.88877080974635,0.0217927907360718,100,900,0.0625,-332,1664
95,200,"random",0.5,0.25,1,0.6,"precision",3095,3095,14.2175213086884,3.23722756083589,0.00461003727279603,100,900,0.0625,-332,1664
96,200,"random",0.5,0.25,1,0.6,"precision",3096,3096,2.49475876311772,2.02926591678988,-0.00519027746748179,100,900,0.0625,-332,1664
97,200,"random",0.5,0.25,1,0.6,"precision",3097,3097,12.6714568231255,2.55258612532634,-0.0260225906129926,100,900,0.0625,-332,1664
98,200,"random",0.5,0.25,1,0.6,"precision",3098,3098,5.59088457003236,1.08695289900061,-0.0107749741757289,100,900,0.0625,-332,1664
99,200,"random",0.5,0.25,1,0.6,"precision",3099,3099,4.06398798129521,2.65942116943188,-0.0108303079660982,100,900,0.0625,-332,1664
100,200,"random",0.5,0.25,1,0.6,"precision",3100,3100,11.1421452155337,0.857272919616662,-0.0249303848063573,100,900,0.0625,-332,1664
101,200,"random",0.5,0.25,1,0.6,"precision",3101,3101,12.3951644934714,1.47967944655102,0.00772698054090142,100,900,0.0625,-332,1664
102,200,"random",0.5,0.25,1,0.6,"precision",3102,3102,11.6889616658445,0.564742078306153,0.0141045915847644,100,900,0.0625,-332,1664
103,200,"random",0.5,0.25,1,0.6,"precision",3103,3103,3.72060174122453,2.95341854146682,-0.0297245513694361,100,900,0.0625,-332,1664
104,200,"random",0.5,0.25,1,0.6,"precision",3104,3104,9.90373041224666,0.518092484446242,0.000660713072866203,100,900,0.0625,-332,1664
105,200,"random",0.5,0.25,1,0.6,"precision",3105,3105,6.78251965367235,2.76094278681558,-0.0222820774186403,100,900,0.0625,-332,1664
106,200,"random",0.5,0.25,1,0.6,"precision",3106,3106,4.70224816305563,2.28968390519731,0.00712174204643816,100,900,0.0625,-332,1664
107,200,"random",0.5,0.25,1,0.6,"precision",3107,3107,10.9297237615101,2.46850291197188,-0.00172039173077792,100,900,0.0625,-332,1664
108,200,"random",0.5,0.25,1,0.6,"precision",3108,3108,13.3420253684744,2.09854676690884,0.0040946927620098,100,900,0.0625,-332,1664
109,200,"random",0.5,0.25,1,0.6,"precision",3109,3109,13.8254254804924,3.61788129736669,-0.0199171195691451,100,900,0.0625,-332,1664
110,200,"random",0.5,0.25,1,0.6,"precision",3110,3110,14.2410142431036,1.10916496941354,-0.0176089467527345,100,900,0.0625,-332,1664
111,200,"random",0.5,0.25,1,0.6,"precision",3111,3111,4.88039097725414,1.55057167960331,-0.0160991909494624,100,900,0.0625,-332,1664
112,200,"random",0.5,0.25,1,0.6,"precision",3112,3112,5.3295314880088,1.86535004142206,0.0232598743401468,100,900,0.0625,-332,1664
113,200,"random",0.5,0.25,1,0.6,"precision",3113,3113,9.71001084917225,1.15148491866421,-0.00156202289275825,100,900,0.0625,-332,1664
114,200,"random",0.5,0.25,1,0.6,"precision",3114,3114,14.0018666831311,2.9557797719026,-0.0251298726070672,100,900,0.0625,-332,1664
115,200,"random",0.5,0.25,1,0.6,"precision",3115,3115,13.4908692315221,2.34832651924808,-0.0224913790868595,100,900,0.0625,-332,1664
116,200,"random",0.5,0.25,1,0.6,"precision",3116,3116,11.1493665510789,3.23575028311461,0.0190662169503048,100,900,0.0625,-332,1664
117,200,"random",0.5,0.25,1,0.6,"precision",3117,3117,8.69500061008148,1.45822277397383,-0.018596657468006,100,900,0.0625,-332,1664
118,200,"random",0.5,0.25,1,0.6,"precision",3118,3118,2.24898750288412,2.71957814192865,-0.001753039942123,100,900,0.0625,-332,1664
119,200,"random",0.5,0.25,1,0.6,"precision",3119,3119,2.46916941972449,0.922001036116853,0.0250537276128307,100,900,0.0625,-332,1664
120,200,"random",0.5,0.25,1,0.6,"precision",3120,3120,9.05427136388607,2.35046382946894,0.00629601167980581,100,900,0.0625,-332,1664
121,200,"random",0.5,0.25,1,0.6,"precision",3121,3121,12.7116284668446,0.662935656844638,-0.00976215080358088,100,900,0.0625,-332,1664
122,200,"random",0.5,0.25,1,0.6,"precision",3122,3122,2.80588488373905,2.72549003653694,0.0173620007839054,100,900,0.0625,-332,1664
123,200,"random",0.5,0.25,1,0.6,"precision",3123,3123,11.5219252039678,2.02447834482882,0.0280508757848293,100,900,0.0625,-332,1664
124,200,"random",0.5,0.25,1,0.6,"precision",3124,3124,8.36400950280949,3.86379991890863,-0.00735062909312546,100,900,0.0625,-332,1664
125,200,"random",0.5,0.25,1,0.6,"precision",3125,3125,12.7268863637,3.66344494745135,-0.000301911039277913,100,900,0.0625,-332,1664
126,200,"random",0.5,0.25,1,0.6,"precision",3126,3126,5.83437300985679,2.46432125859428,0.00709359266795218,100,900,0.0625,-332,1664
127,200,"random",0.5,0.25,1,0.6,"precision",3127,3127,8.23046188009903,2.9893831993686,0.0292728702630848,100,900,0.0625,-332,1664
128,200,"random",0.5,0.25,1,0.6,"precision",3128,3128,4.61998597928323,1.52028428658377,-0.0029369398439303,100,900,0.0625,-332,1664
129,200,"random",0.5,0.25,1,0.6,"precision",3129,3129,13.5558885561768,3.1087630194379,-0.00820976670831442,100,900,0.0625,-332,1664
130,200,"random",0.5,0.25,1,0.6,"precision",3130,3130,13.1890463025775,0.793188513023779,0.0115959671186283,100,900,0.0625,-332,1664
131,200,"random",0.5,0.25,1,0.6,"precision",3131,3131,9.37850339128636,3.01280954189133,-0.0249253132380545,100,900,0.0625,-332,1664
132,200,"random",0.5,0.25,1,0.6,"precision",3132,3132,9.31327460915782,2.56020315387286,-0.00478008038364351,100,900,0.0625,-332,1664
133,200,"random",0.5,0.25,1,0.6,"precision",3133,3133,8.74926687031984,0.867549133952707,0.00409059287980199,100,900,0.0625,-332,1664
134,200,"random",0.5,0.25,1,0.6,"precision",3134,3134,2.09862711699679,1.66086176340468,-0.0188553062779829,100,900,0.0625,-332,1664
135,200,"random",0.5,0.25,1,0.6,"precision",3135,3135,8.07043103082106,0.833339715376496,0.00227802589070052,100,900,0.0625,-332,1664
136,200,"random",0.5,0.25,1,0.6,"precision",3136,3136,6.40108874347061,3.692158646998,0.0251126265199855,100,900,0.0625,-332,1664
137,200,"random",0.5,0.25,1,0.6,"precision",3137,3137,14.8643102969509,2.96248788305093,0.00886285701300949,100,900,0.0625,-332,1664
138,200,"random",0.5,0.25,1,0.6,"precision",3138,3138,11.2049678261392,2.65122425206937,-0.0191518765501678,100,900,0.0625,-332,1664
139,200,"random",0.5,0.25,1,0.6,"precision",3139,3139,12.3566486174241,1.77181332290638,0.00222359953913838,100,900,0.0625,-332,1664
140,200,"random",0.5,0.25,1,0.6,"precision",3140,3140,10.8684034296311,3.98335243982729,0.0092750301444903,100,900,0.0625,-332,1664
141,200,"random",0.5,0.25,1,0.6,"precision",3141,3141,2.10103524685837,0.93015171319712,-0.018890705681406,100,900,0.0625,-332,1664
142,200,"random",0.5,0.25,1,0.6,"precision",3142,3142,6.84830757323653,3.98990235466044,-0.0277936726855114,100,900,0.0625,-332,1664
143,200,"random",0.5,0.25,1,0.6,"precision",3143,3143,6.22290377807803,1.11217940179631,0.00196556389331817,100,900,0.0625,-332,1664
144,200,"random",0.5,0.25,1,0.6,"precision",3144,3144,11.816423147684,3.95214675797615,0.00747586305253208,100,900,0.0625,-332,1664
145,200,"random",0.5,0.25,1,0.6,"precision",3145,3145,12.1073534011375,1.48476694757119,-0.027402929244563,100,900,0.0625,-332,1664
146,200,"random",0.5,0.25,1,0.6,"precision",3146,3146,13.1511481991038,2.41490348265506,0.0252819430176169,100,900,0.0625,-332,1664
147,200,"random",0.5,0.25,1,0.6,"precision",3147,3147,5.44957514968701,3.81539033562876,-0.0159487188979983,100,900,0.0625,-332,1664
148,200,"random",0.5,0.25,1,0.6,"precision",3148,3148,8.31505398428999,2.1738325112965,-0.009955102535896,100,900,0.0625,-332,1664
149,200,"random",0.5,0.25,1,0.6,"precision",3149,3149,4.64736886112951,0.870766060194001,0.0276758447242901,100,900,0.0625,-332,1664
150,200,"random",0.5,0.25,1,0.6,"precision",3150,3150,9.58500341977924,3.1847148478264,0.0153681683214381,100,900,0.0625,-332,1664
151,200,"random",0.5,0.25,1,0.6,"precision",3151,3151,4.83874873933382,2.71629721939098,-0.00518977465108037,100,900,0.0625,-332,1664
152,200,"random",0.5,0.25,1,0.6,"precision",3152,3152,10.798899933463,0.593009662581608,-0.0124718960328028,100,900,0.0625,-332,1664
153,200,"random",0.5,0.25,1,0.6,"precision",3153,3153,10.3041468667798,1.9594936335925,-0.00509763384237885,100,900,0.0625,-332,1664
154,200,"random",0.5,0.25,1,0.6,"precision",3154,3154,13.638060553465,3.8405473708408,-0.0191423220047727,100,900,0.0625,-332,1664
155,200,"random",0.5,0.25,1,0.6,"precision",3155,3155,5.88155256654136,3.87722350552212,0.0187366892024875,100,900,0.0625,-332,1664
156,200,"random",0.5,0.25,1,0.6,"precision",3156,3156,8.83597220340744,3.66579277999699,0.0133960353769362,100,900,0.0625,-332,1664
157,200,"random",0.5,0.25,1,0.6,"precision",3157,3157,8.44962595426477,0.826340808649547,0.0298301655706018,100,900,0.0625,-332,1664
158,200,"random",0.5,0.25,1,0.6,"precision",3158,3158,12.3476356200408,3.64234492799733,-0.0116298921173438,100,900,0.0625,-332,1664
159,200,"random",0.5,0.25,1,0.6,"precision",3159,3159,7.80914022214711,0.93541728775017,0.0127508658729494,100,900,0.0625,-332,1664
160,200,"random",0.5,0.25,1,0.6,"precision",3160,3160,13.3613057108596,2.78901648754254,-0.0218866514414549,100,900,0.0625,-332,1664
161,200,"random",0.5,0.25,1,0.6,"precision",3161,3161,7.71740556997247,1.31909848458599,-0.00891684501897544,100,900,0.0625,-332,1664
162,200,"random",0.5,0.25,1,0.6,"precision",3162,3162,12.4489613759797,1.73121723579243,0.0113173624221235,100,900,0.0625,-332,1664
163,200,"random",0.5,0.25,1,0.6,"precision",3163,3163,5.88510711747222,0.609885927289724,0.017580156144686,100,900,0.0625,-332,1664
164,200,"random",0.5,0.25,1,0.6,"precision",3164,3164,13.3377636393998,2.11291512928437,0.0148205338837579,100,900,0.0625,-332,1664
165,200,"random",0.5,0.25,1,0.6,"precision",3165,3165,4.80041058477946,1.66937901265919,-0.0102723237359896,100,900,0.0625,-332,1664
166,200,"random",0.5,0.25,1,0.6,"precision",3166,3166,8.98093048972078,2.37395350984298,-0.0130054454924539,100,900,0.0625,-332,1664
167,200,"random",0.5,0.25,1,0.6,"precision",3167,3167,14.18212610716,0.887350578326732,-0.000458542238920927,100,900,0.0625,-332,1664
168,200,"random",0.5,0.25,1,0.6,"precision",3168,3168,7.40509523567744,3.93976204283535,0.0263301968481392,100,900,0.0625,-332,1664
169,200,"random",0.5,0.25,1,0.6,"precision",3169,3169,12.5603938205168,1.27409871201962,-0.0298081850633025,100,900,0.0625,-332,1664
170,200,"random",0.5,0.25,1,0.6,"precision",3170,3170,9.05369874206372,3.31248119624797,-0.00538918370380998,100,900,0.0625,-332,1664
171,200,"random",0.5,0.25,1,0.6,"precision",3171,3171,9.19786593830213,3.69493597641122,-0.0201171509642154,100,900,0.0625,-332,1664
172,200,"random",0.5,0.25,1,0.6,"precision",3172,3172,11.3759638820775,2.51389841490891,-0.00828757444862276,100,900,0.0625,-332,1664
173,200,"random",0.5,0.25,1,0.6,"precision",3173,3173,9.21852073166519,2.33426556026097,0.00707498181145638,100,900,0.0625,-332,1664
174,200,"random",0.5,0.25,1,0.6,"precision",3174,3174,3.38884705444798,2.88207966345362,-0.0189994545467198,100,900,0.0625,-332,1664
175,200,"random",0.5,0.25,1,0.6,"precision",3175,3175,9.67598627880216,3.51744133571628,-0.024594764825888,100,900,0.0625,-332,1664
176,200,"random",0.5,0.25,1,0.6,"precision",3176,3176,4.39550924138166,1.39820443512872,-0.00418788710609078,100,900,0.0625,-332,1664
177,200,"random",0.5,0.25,1,0.6,"precision",3177,3177,14.579183254391,2.17876734677702,-0.0132513119559735,100,900,0.0625,-332,1664
178,200,"random",0.5,0.25,1,0.6,"precision",3178,3178,12.0015542944893,3.24648351455107,0.0265647424058989,100,900,0.0625,-332,1664
179,200,"random",0.5,0.25,1,0.6,"precision",3179,3179,6.66485351487063,1.22036299679894,-0.011407517963089,100,900,0.0625,-332,1664
180,200,"random",0.5,0.25,1,0.6,"precision",3180,3180,13.2187951358501,1.48451649805065,-0.00533898480702192,100,900,0.0625,-332,1664
181,200,"random",0.5,0.25,1,0.6,"precision",3181,3181,3.61772252945229,2.45267587539274,-0.00919590034056455,100,900,0.0625,-332,1664
182,200,"random",0.5,0.25,1,0.6,"precision",3182,3182,14.6522146232892,1.20777801331133,-0.00712713656947017,100,900,0.0625,-332,1664
183,200,"random",0.5,0.25,1,0.6,"precision",3183,3183,8.88787057506852,1.86409711174201,-0.0210577804315835,100,900,0.0625,-332,1664
184,200,"random",0.5,0.25,1,0.6,"precision",3184,3184,4.77688688901253,3.79456240311265,0.0189961238438264,100,900,0.0625,-332,1664
185,200,"random",0.5,0.25,1,0.6,"precision",3185,3185,11.2764408781659,3.10762186488137,-0.0142645290819928,100,900,0.0625,-332,1664
186,200,"random",0.5,0.25,1,0.6,"precision",3186,3186,14.1509418934584,1.20302301645279,0.0155817000428215,100,900,0.0625,-332,1664
187,200,"random",0.5,0.25,1,0.6,"precision",3187,3187,9.18101058201864,1.21188451186754,0.0191364382300526,100,900,0.0625,-332,1664
188,200,"random",0.5,0.25,1,0.6,"precision",3188,3188,8.70585007197224,3.47816555318423,0.0208194018155336,100,900,0.0625,-332,1664
189,200,"random",0.5,0.25,1,0.6,"precision",3189,3189,6.41029416047968,2.681410680525,-0.0127839073073119,100,900,0.0625,-332,1664
190,200,"random",0.5,0.25,1,0.6,"precision",3190,3190,2.5190037782304,3.57620948785916,-0.0157850396633148,100,900,0.0625,-332,1664
191,200,"random",0.5,0.25,1,0.6,"precision",3191,3191,12.4747288948856,1.1096676987363,0.0294963872758672,100,900,0.0625,-332,1664
192,200,"random",0.5,0.25,1,0.6,"precision",3192,3192,5.45850142324343,1.41365352505818,-0.00614352521952242,100,900,0.0625,-332,1664
193,200,"random",0.5,0.25,1,0.6,"precision",3193,3193,14.1687282808125,2.95579246082343,-0.0222654825216159,100,900,0.0625,-332,1664
194,200,"random",0.5,0.25,1,0.6,"precision",3194,3194,6.4513671908062,3.45881948550232,0.00960861219093204,100,900,0.0625,-332,1664
195,200,"random",0.5,0.25,1,0.6,"precision",3195,3195,8.7778189771343,1.78882833942771,0.00270952524617314,100,900,0.0625,-332,1664
196,200,"random",0.5,0.25,1,0.6,"precision",3196,3196,7.72585946624167,2.30645568168256,0.0269852663297206,100,900,0.0625,-332,1664
197,200,"random",0.5,0.25,1,0.6,"precision",3197,3197,14.5939011038281,3.52942202147096,0.0145959166903049,100,900,0.0625,-332,1664
198,200,"random",0.5,0.25,1,0.6,"precision",3198,3198,11.093052719254,3.73249519919045,0.0118607278726995,100,900,0.0625,-332,1664
199,200,"random",0.5,0.25,1,0.6,"precision",3199,3199,3.03502075420693,2.14275588956662,0.0185832800902426,100,900,0.0625,-332,1664
200,200,"random",0.5,0.25,1,0.6,"precision",3200,3200,6.16768685192801,2.81563204701524,0.00835013138595968,100,900,0.0625,-332,1664
