"rep","N","slope_condition","merge_max","sweep","dataset_id","seed","period_start","period_end","slope","sigma","intercept","K","alpha_conc","x_min","x_max","grid_step"
1,50,"random",3,"core",1,1,100,900,0.479469388350844,135.791252534837,260.265305824578,6,1.341419982838,0,1000,5
2,50,"random",3,"core",2,2,100,900,0.422612202353776,90.2803993970156,288.693898823112,10,0.699302492548254,0,1000,5
3,50,"random",3,"core",3,3,100,900,0.256055983062834,137.110398635268,371.972008468583,7,4.75666833660151,0,1000,5
4,50,"random",3,"core",4,4,100,900,-0.31428932249546,118.668926460668,657.14466124773,6,0.477793404990319,0,1000,5
5,50,"random",3,"core",5,5,100,900,-0.422147603984922,52.5047146622092,711.073801992461,7,2.16894506904446,0,1000,5
6,50,"random",3,"core",6,6,100,900,0.210052460152656,143.518061386421,394.973769923672,7,3.05610957038223,0,1000,5
7,50,"random",3,"core",7,7,100,900,-0.386492221988738,55.164195811376,693.246110994369,10,0.513099381684554,0,1000,5
8,50,"random",3,"core",8,8,100,900,0.544404274038971,109.840175956488,227.797862980515,10,1.0508234564716,0,1000,5
9,50,"random",3,"core",9,9,100,900,-0.301000471506268,62.8051960747689,650.500235753134,6,0.253034130357845,0,1000,5
10,50,"random",3,"core",10,10,100,900,-0.432322534918785,43.9923373889178,716.161267459393,6,2.41959205946127,0,1000,5
11,50,"random",3,"core",11,11,100,900,-0.202373302727938,118.627348225564,601.186651363969,5,1.25046017769811,0,1000,5
12,50,"random",3,"core",12,12,100,900,0.476746375951916,111.641536913812,261.626812024042,5,0.142317627221145,0,1000,5
13,50,"random",3,"core",13,13,100,900,0.292450018785894,49.8868403024972,353.774990607053,8,0.61316164813898,0,1000,5
14,50,"random",3,"core",14,14,100,900,0.539412984903902,85.2812772523612,230.293507548049,10,0.965309756089844,0,1000,5
15,50,"random",3,"core",15,15,100,900,-0.261534096300602,134.971734806895,630.767048150301,5,1.57855239887666,0,1000,5
16,50,"random",3,"core",16,16,100,900,0.342723725922406,134.494619164616,328.638137038797,6,0.559993813742538,0,1000,5
17,50,"random",3,"core",17,17,100,900,-0.418081801664084,48.103683469817,709.040900832042,7,0.197379181602617,0,1000,5
18,50,"random",3,"core",18,18,100,900,0.200479045510292,116.147258272395,399.760477244854,7,0.478281280701175,0,1000,5
19,50,"random",3,"core",19,19,100,900,0.327129795961082,119.310354618356,336.435102019459,6,4.57391233007468,0,1000,5
20,50,"random",3,"core",20,20,100,900,0.206915741506964,95.6631282530725,396.542129246518,7,0.209102489208292,0,1000,5
21,50,"random",3,"core",21,21,100,900,-0.336623210366815,95.1868174411356,668.311605183408,7,0.211937565598655,0,1000,5
22,50,"random",3,"core",22,22,100,900,-0.33737551998347,102.975666346028,668.687759991735,5,0.352638877162268,0,1000,5
23,50,"random",3,"core",23,23,100,900,0.293025077320635,104.239962082356,353.487461339682,7,0.175599937478129,0,1000,5
24,50,"random",3,"core",24,24,100,900,0.224547531083226,149.101334791631,387.726234458387,8,0.138893537041419,0,1000,5
25,50,"random",3,"core",25,25,100,900,0.364950500708073,156.664022374898,317.524749645963,9,2.08476125176837,0,1000,5
26,50,"random",3,"core",26,26,100,900,0.2742048708722,153.794568739831,362.8975645639,9,1.73310930308988,0,1000,5
27,50,"random",3,"core",27,27,100,900,-0.364268825482577,95.4786271415651,682.134412741289,9,0.194463403231979,0,1000,5
28,50,"random",3,"core",28,28,100,900,0.256032342277467,119.197639813647,371.983828861266,8,0.940241811144728,0,1000,5
29,50,"random",3,"core",29,29,100,900,-0.202173806726933,99.891183366999,601.086903363466,7,0.36779552266598,0,1000,5
30,50,"random",3,"core",30,30,100,900,0.440695526264608,117.985018035397,279.652236867696,9,0.57815083923001,0,1000,5
31,50,"random",3,"core",31,31,100,900,-0.564404050912708,84.013506853953,782.202025456354,8,3.33440278812994,0,1000,5
32,50,"random",3,"core",32,32,100,900,-0.270145113579929,58.3464864641428,635.072556789964,7,0.392852835609164,0,1000,5
33,50,"random",3,"core",33,33,100,900,-0.49247496528551,133.242511637509,746.237482642755,5,0.788302500886304,0,1000,5
34,50,"random",3,"core",34,34,100,900,0.206462883856148,129.790475862101,396.768558071926,10,0.125663635084321,0,1000,5
35,50,"random",3,"core",35,35,100,900,-0.434446286503226,150.333677567542,717.223143251613,8,0.580324787001512,0,1000,5
36,50,"random",3,"core",36,36,100,900,0.370327371358871,101.876712311059,314.836314320564,5,1.586663544958,0,1000,5
37,50,"random",3,"core",37,37,100,900,-0.284196391049773,58.7086046580225,642.098195524886,5,0.439374946967274,0,1000,5
38,50,"random",3,"core",38,38,100,900,0.390880043338984,113.591222940013,304.559978330508,6,0.575857251139131,0,1000,5
39,50,"random",3,"core",39,39,100,900,0.50192930996418,112.585130166262,249.03534501791,6,0.551540432099383,0,1000,5
40,50,"random",3,"core",40,40,100,900,0.378731711953878,42.7909692656249,310.634144023061,8,0.694544904231567,0,1000,5
41,50,"random",3,"core",41,41,100,900,0.348480720818043,46.1238465365022,325.759639590979,10,1.10307240194297,0,1000,5
42,50,"random",3,"core",42,42,100,900,0.549911361839622,77.0241057407111,225.044319080189,10,0.454989368850374,0,1000,5
43,50,"random",3,"core",43,43,100,900,-0.373838922940195,153.029524190351,686.919461470097,10,0.126564682305477,0,1000,5
44,50,"random",3,"core",44,44,100,900,-0.376054710615426,42.7479890175164,688.027355307713,10,3.26255575571261,0,1000,5
45,50,"random",3,"core",45,45,100,900,0.232782733347267,121.770803369582,383.608633326367,5,0.253671938037651,0,1000,5
46,50,"random",3,"core",46,46,100,900,0.213847721368074,41.2214544322342,393.076139315963,10,0.322311807802496,0,1000,5
47,50,"random",3,"core",47,47,100,900,-0.571460792701691,152.302782563493,785.730396350846,6,0.335446006830181,0,1000,5
48,50,"random",3,"core",48,48,100,900,-0.317826518882066,106.035406477749,658.913259441033,8,0.685752783508498,0,1000,5
49,50,"random",3,"core",49,49,100,900,-0.407689714990556,78.0473411269486,703.844857495278,8,0.47119407060849,0,1000,5
50,50,"random",3,"core",50,50,100,900,0.294558569975197,49.5945748221129,352.720715012401,8,0.840528396091624,0,1000,5
51,50,"random",3,"core",51,51,100,900,-0.588723923452198,113.671422889456,794.361961726099,6,0.331447362108772,0,1000,5
52,50,"random",3,"core",52,52,100,900,-0.453004600480199,43.1684471294284,726.502300240099,5,0.56804972365454,0,1000,5
53,50,"random",3,"core",53,53,100,900,-0.58330766633153,146.551656546071,791.653833165765,7,0.727648816590479,0,1000,5
54,50,"random",3,"core",54,54,100,900,-0.55454159155488,120.494076013565,777.27079577744,8,1.30051821208016,0,1000,5
55,50,"random",3,"core",55,55,100,900,-0.409273505490273,125.487025668845,704.636752745137,6,0.306610722342791,0,1000,5
56,50,"random",3,"core",56,56,100,900,0.486366253718734,49.4136194232851,256.816873140633,7,0.736286611096128,0,1000,5
57,50,"random",3,"core",57,57,100,900,-0.496257093176246,137.538805445656,748.128546588123,6,0.887746284488314,0,1000,5
58,50,"random",3,"core",58,58,100,900,0.218358529545367,158.191676782444,390.820735227317,7,0.512670080511463,0,1000,5
59,50,"random",3,"core",59,59,100,900,-0.583117165509611,147.898730784655,791.558582754806,9,0.406564309672545,0,1000,5
60,50,"random",3,"core",60,60,100,900,-0.280454673245549,60.3974808938801,640.227336622775,7,1.93860976621304,0,1000,5
61,50,"random",3,"core",61,61,100,900,-0.31936567928642,85.7735160272569,659.68283964321,8,0.735793165317922,0,1000,5
62,50,"random",3,"core",62,62,100,900,-0.558229067269713,56.3501305039972,779.114533634856,9,0.446300868742873,0,1000,5
63,50,"random",3,"core",63,63,100,900,0.426430308818817,106.372604016215,286.784845590591,10,0.342339739941805,0,1000,5
64,50,"random",3,"core",64,64,100,900,-0.38220319384709,85.2616014610976,691.101596923545,8,0.673489985500335,0,1000,5
65,50,"random",3,"core",65,65,100,900,-0.359787322115153,103.940724423155,679.893661057577,9,0.824352775044168,0,1000,5
66,50,"random",3,"core",66,66,100,900,-0.233202012162656,42.9394481144845,616.601006081328,10,0.842264710108844,0,1000,5
67,50,"random",3,"core",67,67,100,900,0.452140284143388,79.7049846872687,273.929857928306,8,1.25007432146981,0,1000,5
68,50,"random",3,"core",68,68,100,900,-0.386037995945662,119.832604490221,693.018997972831,9,0.19852920793624,0,1000,5
69,50,"random",3,"core",69,69,100,900,-0.428951383661479,42.4526790343225,714.475691830739,9,0.14947968805002,0,1000,5
70,50,"random",3,"core",70,70,100,900,-0.464892677310854,70.6270004995167,732.446338655427,7,0.456772644639043,0,1000,5
71,50,"random",3,"core",71,71,100,900,-0.551163306459785,74.4845222122967,775.581653229892,10,0.394851037457936,0,1000,5
72,50,"random",3,"core",72,72,100,900,0.351574794854969,48.9820170681924,324.212602572516,7,2.4484771491782,0,1000,5
73,50,"random",3,"core",73,73,100,900,-0.489429725054651,152.039581555873,744.714862527326,6,0.468782696363464,0,1000,5
74,50,"random",3,"core",74,74,100,900,0.543143177405,53.4317431505769,228.4284112975,9,0.138116233518867,0,1000,5
75,50,"random",3,"core",75,75,100,900,0.274502201192081,158.725089756772,362.74889940396,8,2.71076678461102,0,1000,5
76,50,"random",3,"core",76,76,100,900,-0.453079248871654,52.7317173872143,726.539624435827,7,0.859119976583218,0,1000,5
77,50,"random",3,"core",77,77,100,900,0.48724632980302,58.9986466709524,256.37683509849,9,0.438575801891576,0,1000,5
78,50,"random",3,"core",78,78,100,900,-0.416722641605884,88.2505315542221,708.361320802942,8,1.20948556592007,0,1000,5
79,50,"random",3,"core",79,79,100,900,0.281885039340705,71.4645090885461,359.057480329648,9,0.548634793269441,0,1000,5
80,50,"random",3,"core",80,80,100,900,0.559995595458895,70.4873698949814,220.002202270553,7,0.299347731205519,0,1000,5
81,50,"random",3,"core",81,81,100,900,-0.249433731660247,42.2449213825166,624.716865830123,7,0.601862409135401,0,1000,5
82,50,"random",3,"core",82,82,100,900,-0.580618778523058,100.466572968289,790.309389261529,5,0.195640915061551,0,1000,5
83,50,"random",3,"core",83,83,100,900,0.512686050403863,112.814246108755,243.656974798068,7,0.160561789382438,0,1000,5
84,50,"random",3,"core",84,84,100,900,0.584854385908693,115.787777807564,207.572807045653,10,1.29152878155566,0,1000,5
85,50,"random",3,"core",85,85,100,900,0.245700771082193,76.5032572671771,377.149614458904,6,0.162811223286497,0,1000,5
86,50,"random",3,"core",86,86,100,900,0.591020855680108,149.374044174328,204.489572159946,9,0.857933120429041,0,1000,5
87,50,"random",3,"core",87,87,100,900,0.448187800683081,53.3111684117466,275.906099658459,7,0.214285913828921,0,1000,5
88,50,"random",3,"core",88,88,100,900,0.570970906224102,117.201379938051,214.514546887949,6,0.845529980843999,0,1000,5
89,50,"random",3,"core",89,89,100,900,0.280894685164094,85.9529734961689,359.552657417953,8,0.119073519250834,0,1000,5
90,50,"random",3,"core",90,90,100,900,0.286211672704667,141.366586657241,356.894163647667,6,2.32494347423072,0,1000,5
91,50,"random",3,"core",91,91,100,900,0.568770089093596,59.8214764799923,215.614955453202,8,4.80059174372002,0,1000,5
92,50,"random",3,"core",92,92,100,900,0.488846220355481,92.3682479653508,255.57688982226,6,0.635349700781081,0,1000,5
93,50,"random",3,"core",93,93,100,900,0.504680555313826,139.628538684919,247.659722343087,9,2.66254560121825,0,1000,5
94,50,"random",3,"core",94,94,100,900,0.314110980276018,155.654847798869,342.944509861991,6,0.25837746141665,0,1000,5
95,50,"random",3,"core",95,95,100,900,-0.337463552318513,119.672478232533,668.731776159257,7,0.432504541683479,0,1000,5
96,50,"random",3,"core",96,96,100,900,0.336557366605848,74.1962244175375,331.721316697076,10,1.3789691720772,0,1000,5
97,50,"random",3,"core",97,97,100,900,0.515183918736875,105.075528584421,242.408040631562,9,0.557023203500774,0,1000,5
98,50,"random",3,"core",98,98,100,900,0.345799996424466,87.2209737543017,327.100001787767,7,0.176043111847575,0,1000,5
99,50,"random",3,"core",99,99,100,900,-0.466049022041261,138.436426278204,733.024511020631,8,0.442274910589477,0,1000,5
100,50,"random",3,"core",100,100,100,900,0.34912470402196,92.2046345006675,325.43764798902,7,0.359893556109736,0,1000,5
1,100,"random",3,"core",101,101,100,900,-0.248408347740769,123.365173758939,624.204173870385,6,0.336151007533464,0,1000,5
2,100,"random",3,"core",102,102,100,900,-0.532338608056307,55.6517702806741,766.169304028153,10,0.679735200572396,0,1000,5
3,100,"random",3,"core",103,103,100,900,0.367326912935823,41.1125386413187,316.336543532088,10,0.798043520325683,0,1000,5
4,100,"random",3,"core",104,104,100,900,0.232812534179538,77.260377286002,383.593732910231,10,1.20559961796976,0,1000,5
5,100,"random",3,"core",105,105,100,900,-0.27041103830561,113.31697142683,635.205519152805,8,0.534839263885677,0,1000,5
6,100,"random",3,"core",106,106,100,900,0.272384454868734,150.237899459898,363.807772565633,10,0.736211499653377,0,1000,5
7,100,"random",3,"core",107,107,100,900,-0.469371021073312,123.143578814343,734.685510536656,9,0.759397808132242,0,1000,5
8,100,"random",3,"core",108,108,100,900,0.442798191960901,49.593779630959,278.600904019549,8,0.116229035685201,0,1000,5
9,100,"random",3,"core",109,109,100,900,0.303810522519052,115.285970587283,348.094738740474,7,0.905387199484309,0,1000,5
10,100,"random",3,"core",110,110,100,900,0.436145181395113,152.81191425398,281.927409302443,8,0.355534396596829,0,1000,5
11,100,"random",3,"core",111,111,100,900,-0.363397286273539,72.8399992082268,681.69864313677,6,0.307541174735979,0,1000,5
12,100,"random",3,"core",112,112,100,900,0.546571560110897,106.529199900106,226.714219944552,10,0.453424516105398,0,1000,5
13,100,"random",3,"core",113,113,100,900,0.243264362029731,106.21539038606,378.367818985134,7,7.48835563019964,0,1000,5
14,100,"random",3,"core",114,114,100,900,-0.328755974583328,96.0077021736652,664.377987291664,8,0.879780885941863,0,1000,5
15,100,"random",3,"core",115,115,100,900,-0.26731493100524,92.4486715439707,633.65746550262,6,0.374612985897131,0,1000,5
16,100,"random",3,"core",116,116,100,900,0.220631966553628,154.828043626621,389.684016723186,7,0.183224767819701,0,1000,5
17,100,"random",3,"core",117,117,100,900,0.421312573179603,54.5695260167122,289.343713410199,6,0.218578052098728,0,1000,5
18,100,"random",3,"core",118,118,100,900,-0.25676846280694,47.4218663293868,628.38423140347,8,0.854104322765722,0,1000,5
19,100,"random",3,"core",119,119,100,900,-0.263553829863667,157.049492076039,631.776914931834,8,1.35686996047292,0,1000,5
20,100,"random",3,"core",120,120,100,900,0.51152360541746,81.5642934013158,244.23819729127,5,1.24002815047949,0,1000,5
21,100,"random",3,"core",121,121,100,900,-0.377499623224139,47.0529441535473,688.74981161207,6,0.277254124778775,0,1000,5
22,100,"random",3,"core",122,122,100,900,-0.252608999889344,149.039174010977,626.304499944672,10,0.237735475777578,0,1000,5
23,100,"random",3,"core",123,123,100,900,0.426577903330326,69.9546514730901,286.711048334837,5,0.19689370304006,0,1000,5
24,100,"random",3,"core",124,124,100,900,0.509552455041558,127.508458299562,245.223772479221,6,0.765676137369708,0,1000,5
25,100,"random",3,"core",125,125,100,900,-0.368485622294247,145.868455721065,684.242811147124,10,0.736110120279432,0,1000,5
26,100,"random",3,"core",126,126,100,900,-0.224332232959569,137.386591397226,612.166116479784,6,0.43759856046695,0,1000,5
27,100,"random",3,"core",127,127,100,900,-0.354178573191166,46.1722724791616,677.089286595583,6,0.17621568746529,0,1000,5
28,100,"random",3,"core",128,128,100,900,0.384962046053261,129.261756613851,307.51897697337,8,0.153495800151765,0,1000,5
29,100,"random",3,"core",129,129,100,900,0.216569532547146,130.289816372097,391.715233726427,6,2.1556232150892,0,1000,5
30,100,"random",3,"core",130,130,100,900,-0.364290261268616,97.7169245574623,682.145130634308,8,0.512473936695771,0,1000,5
31,100,"random",3,"core",131,131,100,900,0.357012409064919,84.9287011288107,321.493795467541,7,0.606199529042863,0,1000,5
32,100,"random",3,"core",132,132,100,900,-0.456942751351744,97.8601414430887,728.471375675872,7,1.54041755945893,0,1000,5
33,100,"random",3,"core",133,133,100,900,-0.214374355226755,83.4299429971725,607.187177613378,9,0.9197729819411,0,1000,5
34,100,"random",3,"core",134,134,100,900,0.237217906583101,123.710163952783,381.39104670845,8,0.222605866169252,0,1000,5
35,100,"random",3,"core",135,135,100,900,-0.550196658819914,43.2337159756571,775.098329409957,10,0.186939488147255,0,1000,5
36,100,"random",3,"core",136,136,100,900,-0.201679190061986,77.7897941041738,600.839595030993,10,0.147191064693827,0,1000,5
37,100,"random",3,"core",137,137,100,900,0.263141348864883,68.7785352021456,368.429325567558,7,0.204668403367016,0,1000,5
38,100,"random",3,"core",138,138,100,900,-0.403295155614614,101.517806341872,701.647577807307,8,0.610333979500714,0,1000,5
39,100,"random",3,"core",139,139,100,900,-0.423564600851387,119.246914004907,711.782300425693,5,0.765106425955024,0,1000,5
40,100,"random",3,"core",140,140,100,900,-0.334576526749879,95.8844948466867,667.28826337494,9,0.211093269646686,0,1000,5
41,100,"random",3,"core",141,141,100,900,-0.479317114595324,81.2280829437077,739.658557297662,8,3.23351765725936,0,1000,5
42,100,"random",3,"core",142,142,100,900,0.313891942705959,42.5296896696091,343.05402864702,7,0.828106956871822,0,1000,5
43,100,"random",3,"core",143,143,100,900,-0.400867501273751,146.390359476209,700.433750636876,9,1.35337296341275,0,1000,5
44,100,"random",3,"core",144,144,100,900,0.456608872767538,77.5535822659731,271.695563616231,9,0.475697177847553,0,1000,5
45,100,"random",3,"core",145,145,100,900,-0.564405296929181,103.169667646289,782.20264846459,5,1.7158107292551,0,1000,5
46,100,"random",3,"core",146,146,100,900,-0.22988711912185,68.6175138689578,614.943559560925,5,0.811591162404659,0,1000,5
47,100,"random",3,"core",147,147,100,900,-0.279395297821611,99.4509862363339,639.697648910806,9,0.94740411696607,0,1000,5
48,100,"random",3,"core",148,148,100,900,0.455128554627299,113.856663340703,272.43572268635,10,2.61470679504459,0,1000,5
49,100,"random",3,"core",149,149,100,900,0.468504426255822,95.8573036175221,265.747786872089,9,3.44396364734672,0,1000,5
50,100,"random",3,"core",150,150,100,900,0.222414777427912,49.7522621694952,388.792611286044,9,0.575444852470439,0,1000,5
51,100,"random",3,"core",151,151,100,900,-0.265699032787234,119.282918050885,632.849516393617,6,0.579557169471497,0,1000,5
52,100,"random",3,"core",152,152,100,900,-0.219405043777078,114.942066520453,609.702521888539,5,0.924543844682848,0,1000,5
53,100,"random",3,"core",153,153,100,900,-0.593274180125445,148.124587871134,796.637090062723,5,0.29481712233431,0,1000,5
54,100,"random",3,"core",154,154,100,900,-0.414187322277576,44.9354880768806,707.093661138788,10,3.32055681626496,0,1000,5
55,100,"random",3,"core",155,155,100,900,0.501671525090933,136.391198961064,249.164237454534,9,1.54262957189049,0,1000,5
56,100,"random",3,"core",156,156,100,900,-0.495580552518368,53.237664764747,747.790276259184,9,0.207842997416588,0,1000,5
57,100,"random",3,"core",157,157,100,900,0.346264293324202,134.983872082084,326.867853337899,7,0.405043725533147,0,1000,5
58,100,"random",3,"core",158,158,100,900,0.478853132296354,146.081376876682,260.573433851823,5,0.60825671533989,0,1000,5
59,100,"random",3,"core",159,159,100,900,-0.513529159221798,152.612931784242,756.764579610899,7,2.10468993987327,0,1000,5
60,100,"random",3,"core",160,160,100,900,0.210758208949119,139.040212230757,394.620895525441,10,1.74488758986414,0,1000,5
61,100,"random",3,"core",161,161,100,900,0.24957080623135,80.2516243606806,375.214596884325,9,0.775336709954242,0,1000,5
62,100,"random",3,"core",162,162,100,900,0.4021569092758,112.050510086119,298.9215453621,8,0.54971652993356,0,1000,5
63,100,"random",3,"core",163,163,100,900,-0.573735969047993,97.5403646845371,786.867984523997,6,0.463008174091299,0,1000,5
64,100,"random",3,"core",164,164,100,900,0.245126232225448,64.5566463191062,377.436883887276,8,0.432850288526464,0,1000,5
65,100,"random",3,"core",165,165,100,900,0.2495774615556,156.26274750568,375.2112692222,7,2.50768113418561,0,1000,5
66,100,"random",3,"core",166,166,100,900,0.351425002887845,157.652386333793,324.287498556077,5,1.30534554995364,0,1000,5
67,100,"random",3,"core",167,167,100,900,-0.223903035186231,77.4703175853938,611.951517593116,5,0.462602538469451,0,1000,5
68,100,"random",3,"core",168,168,100,900,-0.379352470859885,54.0804771985859,689.676235429943,6,0.158732079592155,0,1000,5
69,100,"random",3,"core",169,169,100,900,0.391188192181289,132.027252940461,304.405903909355,5,0.118968705855501,0,1000,5
70,100,"random",3,"core",170,170,100,900,-0.239417515974492,104.995282758027,619.708757987246,5,0.357117672622309,0,1000,5
71,100,"random",3,"core",171,171,100,900,0.520845234766602,114.457953218371,239.577382616699,6,0.336828908246092,0,1000,5
72,100,"random",3,"core",172,172,100,900,-0.490705390460789,155.620555980131,745.352695230395,5,0.373227695099615,0,1000,5
73,100,"random",3,"core",173,173,100,900,0.398229255527258,157.512081908062,300.885372236371,9,0.370115834015235,0,1000,5
74,100,"random",3,"core",174,174,100,900,-0.513602358475328,58.7343230191618,756.801179237664,5,0.370533095474985,0,1000,5
75,100,"random",3,"core",175,175,100,900,0.289413403254002,153.401979533955,355.293298372999,6,0.186211301002905,0,1000,5
76,100,"random",3,"core",176,176,100,900,-0.42835353249684,152.994353668764,714.17676624842,6,2.21268120349599,0,1000,5
77,100,"random",3,"core",177,177,100,900,-0.552064976748079,111.349423285574,776.03248837404,7,0.301853201118303,0,1000,5
78,100,"random",3,"core",178,178,100,900,-0.576047339010984,77.728996919468,788.023669505492,10,0.405753106444007,0,1000,5
79,100,"random",3,"core",179,179,100,900,0.59684820137918,127.136791301891,201.57589931041,8,0.229183490912171,0,1000,5
80,100,"random",3,"core",180,180,100,900,0.409955111704767,101.976074688137,295.022444147617,6,1.24987683384603,0,1000,5
81,100,"random",3,"core",181,181,100,900,-0.21003397507593,40.1684836577624,605.016987537965,10,0.278371317721347,0,1000,5
82,100,"random",3,"core",182,182,100,900,0.308326298836619,126.83940442279,345.836850581691,10,0.980633811688586,0,1000,5
83,100,"random",3,"core",183,183,100,900,-0.57188159134239,96.9914174173027,785.940795671195,10,2.2413625606659,0,1000,5
84,100,"random",3,"core",184,184,100,900,-0.451883905287832,143.572277072817,725.941952643916,8,0.241967966998883,0,1000,5
85,100,"random",3,"core",185,185,100,900,0.326973936520517,130.446162307635,336.513031739742,6,0.214393694874863,0,1000,5
86,100,"random",3,"core",186,186,100,900,-0.304873017780483,100.219781659544,652.436508890241,7,0.561430103466327,0,1000,5
87,100,"random",3,"core",187,187,100,900,0.534698315896094,159.167392058298,232.650842051953,5,0.703533315425265,0,1000,5
88,100,"random",3,"core",188,188,100,900,-0.257232885528356,127.791543109342,628.616442764178,6,0.395627527740904,0,1000,5
89,100,"random",3,"core",189,189,100,900,0.213619678933173,106.176257543266,393.190160533413,9,0.437277707927954,0,1000,5
90,100,"random",3,"core",190,190,100,900,-0.36448931787163,106.945985453203,682.244658935815,10,0.40934969534983,0,1000,5
91,100,"random",3,"core",191,191,100,900,-0.358878530934453,128.16536844708,679.439265467227,8,1.04377723658224,0,1000,5
92,100,"random",3,"core",192,192,100,900,0.239980003330857,94.7211256623268,380.009998334572,9,0.994873938979683,0,1000,5
93,100,"random",3,"core",193,193,100,900,-0.267527334205806,104.013029485941,633.763667102903,8,0.758737430265626,0,1000,5
94,100,"random",3,"core",194,194,100,900,-0.565724409557879,117.706200089306,782.862204778939,7,0.719912372790592,0,1000,5
95,100,"random",3,"core",195,195,100,900,0.324784932192415,52.6165962219238,337.607533903793,7,0.493011145988425,0,1000,5
96,100,"random",3,"core",196,196,100,900,0.32174867214635,128.820404764265,339.125663926825,5,0.682633682202476,0,1000,5
97,100,"random",3,"core",197,197,100,900,0.256269545014948,104.255328793079,371.865227492526,8,2.81648848952826,0,1000,5
98,100,"random",3,"core",198,198,100,900,0.42065079882741,123.22877314873,289.674600586295,8,2.00615767750498,0,1000,5
99,100,"random",3,"core",199,199,100,900,-0.457637942675501,128.249657591805,728.818971337751,8,0.195699795838572,0,1000,5
100,100,"random",3,"core",200,200,100,900,-0.277338993083686,132.482891213149,638.669496541843,7,1.3951872780131,0,1000,5
1,200,"random",3,"core",201,201,100,900,-0.555223314557225,113.787668123841,777.611657278612,9,0.199418977696717,0,1000,5
2,200,"random",3,"core",202,202,100,900,-0.452165239769965,94.3382773455233,726.082619884983,6,0.338398778007835,0,1000,5
3,200,"random",3,"core",203,203,100,900,-0.32428337726742,132.286456171423,662.14168863371,8,1.86948040847442,0,1000,5
4,200,"random",3,"core",204,204,100,900,-0.585286107566208,83.6323607340455,792.643053783104,9,0.677476016613878,0,1000,5
5,200,"random",3,"core",205,205,100,900,-0.36396271949634,99.7945397160947,681.98135974817,8,0.390856090484659,0,1000,5
6,200,"random",3,"core",206,206,100,900,-0.499251980520785,117.898770375177,749.625990260392,9,0.540584621091013,0,1000,5
7,200,"random",3,"core",207,207,100,900,0.253257826995105,79.3301762361079,373.371086502448,6,0.616352736585986,0,1000,5
8,200,"random",3,"core",208,208,100,900,-0.587728665955365,53.5876055900008,793.864332977682,7,0.808337986737355,0,1000,5
9,200,"random",3,"core",209,209,100,900,0.536133749037981,141.373617034405,231.933125481009,9,3.06557754128613,0,1000,5
10,200,"random",3,"core",210,210,100,900,0.429861766751856,95.739211095497,285.069116624072,6,0.578451308347064,0,1000,5
11,200,"random",3,"core",211,211,100,900,-0.485153478570282,51.8053586687893,742.576739285141,10,0.257990443479465,0,1000,5
12,200,"random",3,"core",212,212,100,900,-0.259008318558335,153.721790350974,629.504159279168,10,0.637553155175619,0,1000,5
13,200,"random",3,"core",213,213,100,900,-0.223550435807556,132.963925758377,611.775217903778,9,0.185239283934892,0,1000,5
14,200,"random",3,"core",214,214,100,900,-0.22956841122359,78.0947423540056,614.784205611795,7,0.638340217589726,0,1000,5
15,200,"random",3,"core",215,215,100,900,-0.572282789181918,106.488357177004,786.141394590959,6,0.478426769204904,0,1000,5
16,200,"random",3,"core",216,216,100,900,-0.422256696876138,86.6500596143305,711.128348438069,5,1.18619723179229,0,1000,5
17,200,"random",3,"core",217,217,100,900,0.248464198131114,40.5432137381286,375.767900934443,10,0.438322872636849,0,1000,5
18,200,"random",3,"core",218,218,100,900,-0.256673102919012,106.207173075527,628.336551459506,5,0.796602217635089,0,1000,5
19,200,"random",3,"core",219,219,100,900,-0.258558668289334,76.8684623483568,629.279334144667,7,3.30988634266478,0,1000,5
20,200,"random",3,"core",220,220,100,900,0.338784086797386,65.0643494259566,330.607956601307,6,0.432484168549508,0,1000,5
21,200,"random",3,"core",221,221,100,900,-0.228212520107627,148.231923338026,614.106260053813,10,0.353961870699685,0,1000,5
22,200,"random",3,"core",222,222,100,900,0.45154035706073,89.8286051489413,274.229821469635,8,0.138760804008802,0,1000,5
23,200,"random",3,"core",223,223,100,900,-0.246539659332484,42.2846790961921,623.269829666242,8,0.489834137490848,0,1000,5
24,200,"random",3,"core",224,224,100,900,-0.497300407849252,139.143517930061,748.650203924626,6,0.131726300940865,0,1000,5
25,200,"random",3,"core",225,225,100,900,-0.3455711257644,151.239124191925,672.7855628822,6,0.279144379028805,0,1000,5
26,200,"random",3,"core",226,226,100,900,0.547209920920432,114.745184220374,226.395039539784,7,1.47636035457693,0,1000,5
27,200,"random",3,"core",227,227,100,900,0.481168714817613,150.990966968238,259.415642591193,8,0.159039781481433,0,1000,5
28,200,"random",3,"core",228,228,100,900,-0.252557406481355,86.648111268878,626.278703240678,7,0.665923946762855,0,1000,5
29,200,"random",3,"core",229,229,100,900,0.295418264064938,145.826388234273,352.290867967531,5,0.201611183513398,0,1000,5
30,200,"random",3,"core",230,230,100,900,-0.273628097400069,112.664706977084,636.814048700035,8,2.15907775303641,0,1000,5
31,200,"random",3,"core",231,231,100,900,0.368454250600189,96.6730872634798,315.772874699906,5,0.728951686451798,0,1000,5
32,200,"random",3,"core",232,232,100,900,0.281358118541539,71.7898679431528,359.320940729231,8,0.555327741163522,0,1000,5
33,200,"random",3,"core",233,233,100,900,0.355684816092253,74.5492874179035,322.157591953874,6,1.94564270882949,0,1000,5
34,200,"random",3,"core",234,234,100,900,0.398619334865361,120.026608165354,300.690332567319,6,0.886804292105775,0,1000,5
35,200,"random",3,"core",235,235,100,900,0.551674317196012,47.2069583274424,224.162841401994,5,0.14300749320872,0,1000,5
36,200,"random",3,"core",236,236,100,900,0.488703096937388,97.9962918255478,255.648451531306,10,0.490760130234593,0,1000,5
37,200,"random",3,"core",237,237,100,900,0.595581028144807,96.2707222998142,202.209485927597,6,0.204795206183783,0,1000,5
38,200,"random",3,"core",238,238,100,900,-0.228690467681736,76.6688101086766,614.345233840868,6,3.03590538447765,0,1000,5
39,200,"random",3,"core",239,239,100,900,-0.257026856765151,89.3212139047682,628.513428382576,6,0.184879952755446,0,1000,5
40,200,"random",3,"core",240,240,100,900,0.556969423685223,128.130651749671,221.515288157389,9,0.503900813122372,0,1000,5
41,200,"random",3,"core",241,241,100,900,-0.588675254955888,156.635655192658,794.337627477944,7,0.416432548445153,0,1000,5
42,200,"random",3,"core",242,242,100,900,-0.416240649670362,61.2234705127776,708.120324835181,9,1.68694385416286,0,1000,5
43,200,"random",3,"core",243,243,100,900,-0.593395303282887,112.402900159359,796.697651641443,7,0.435415651835367,0,1000,5
44,200,"random",3,"core",244,244,100,900,-0.527758153434843,97.3936479631812,763.879076717421,6,0.682025645316212,0,1000,5
45,200,"random",3,"core",245,245,100,900,-0.436607942357659,75.699391933158,718.30397117883,10,0.589681647961509,0,1000,5
46,200,"random",3,"core",246,246,100,900,0.408531450107694,73.1585156638175,295.734274946153,5,0.141153084749184,0,1000,5
47,200,"random",3,"core",247,247,100,900,0.526050425134599,140.983157726005,236.9747874327,6,0.277813669210635,0,1000,5
48,200,"random",3,"core",248,248,100,900,-0.326744168810546,125.136705869809,663.372084405273,10,0.24311483212747,0,1000,5
49,200,"random",3,"core",249,249,100,900,0.216414246335626,135.633216025308,391.792876832187,6,0.169478860984599,0,1000,5
50,200,"random",3,"core",250,250,100,900,0.230378327611834,145.517070945352,384.810836194083,7,0.372201378493595,0,1000,5
51,200,"random",3,"core",251,251,100,900,-0.472164333797991,77.4240995757282,736.082166898996,5,0.180592186418576,0,1000,5
52,200,"random",3,"core",252,252,100,900,0.347249079588801,67.1340642496943,326.3754602056,9,0.495837740059165,0,1000,5
53,200,"random",3,"core",253,253,100,900,0.317267970088869,121.765470663086,341.366014955565,9,0.516511256658183,0,1000,5
54,200,"random",3,"core",254,254,100,900,0.481163187325001,115.810998249799,259.4184063375,10,0.917363901981399,0,1000,5
55,200,"random",3,"core",255,255,100,900,-0.373723602574319,72.032547229901,686.861801287159,6,0.360456591339939,0,1000,5
56,200,"random",3,"core",256,256,100,900,-0.267922928743064,87.8086831048131,633.961464371532,8,1.13522353442626,0,1000,5
57,200,"random",3,"core",257,257,100,900,0.483833150286227,69.7300357185304,258.083424856886,5,2.53251781468591,0,1000,5
58,200,"random",3,"core",258,258,100,900,-0.562404929287732,105.791502315551,781.202464643866,10,0.316962854959002,0,1000,5
59,200,"random",3,"core",259,259,100,900,-0.539710122160614,62.3990665469319,769.855061080307,7,0.234374752315267,0,1000,5
60,200,"random",3,"core",260,260,100,900,-0.458536309190094,65.2362920995802,729.268154595047,9,0.459239016127654,0,1000,5
61,200,"random",3,"core",261,261,100,900,-0.392633547820151,81.3815484382212,696.316773910075,5,0.880668457551974,0,1000,5
62,200,"random",3,"core",262,262,100,900,0.435913592483848,119.211997427046,282.043203758076,9,2.16193454632519,0,1000,5
63,200,"random",3,"core",263,263,100,900,0.598335543461144,59.1702903341502,200.832228269428,10,0.687245051782967,0,1000,5
64,200,"random",3,"core",264,264,100,900,-0.30229721525684,115.545924389735,651.14860762842,8,0.166622966968761,0,1000,5
65,200,"random",3,"core",265,265,100,900,-0.488828517775983,135.852465601638,744.414258887991,9,0.228277955697811,0,1000,5
66,200,"random",3,"core",266,266,100,900,-0.282071408815682,43.8530312478542,641.035704407841,10,0.194429722892968,0,1000,5
67,200,"random",3,"core",267,267,100,900,-0.367924350406975,129.305541720241,683.962175203487,10,0.218658361253259,0,1000,5
68,200,"random",3,"core",268,268,100,900,-0.437639726139605,112.656848272309,718.819863069803,7,4.62971622595747,0,1000,5
69,200,"random",3,"core",269,269,100,900,0.468238492123783,94.3964066822082,265.880753938109,7,0.358712824128436,0,1000,5
70,200,"random",3,"core",270,270,100,900,-0.499492488615215,81.5922369901091,749.746244307607,6,0.376117207296765,0,1000,5
71,200,"random",3,"core",271,271,100,900,-0.38402794841677,153.830951647833,692.013974208385,8,0.729658060873985,0,1000,5
72,200,"random",3,"core",272,272,100,900,-0.390888844337314,41.216539228335,695.444422168657,5,0.180579744023231,0,1000,5
73,200,"random",3,"core",273,273,100,900,-0.254843291640282,123.152893092483,627.421645820141,7,0.281565450976747,0,1000,5
74,200,"random",3,"core",274,274,100,900,-0.290998715627938,123.945049159229,645.499357813969,5,0.490799759389823,0,1000,5
75,200,"random",3,"core",275,275,100,900,0.47704192250967,130.804660888389,261.479038745165,9,0.21364230168658,0,1000,5
76,200,"random",3,"core",276,276,100,900,0.435636090952903,59.6499230898917,282.181954523548,9,0.225308873646377,0,1000,5
77,200,"random",3,"core",277,277,100,900,-0.531500296667218,81.6089874971658,765.750148333609,10,0.121273913244028,0,1000,5
78,200,"random",3,"core",278,278,100,900,0.482464869692922,117.121934834868,258.767565153539,5,0.13935447289143,0,1000,5
79,200,"random",3,"core",279,279,100,900,-0.459626693092287,150.660526724532,729.813346546143,6,1.12350297870267,0,1000,5
80,200,"random",3,"core",280,280,100,900,0.211106192227453,102.888166122139,394.446903886274,10,0.369758783545749,0,1000,5
81,200,"random",3,"core",281,281,100,900,-0.45795861678198,105.784779274836,728.97930839099,9,0.811882051309094,0,1000,5
82,200,"random",3,"core",282,282,100,900,-0.504732058569789,143.576751053333,752.366029284894,8,1.74491631667832,0,1000,5
83,200,"random",3,"core",283,283,100,900,0.424985138699412,78.3199646510184,287.507430650294,8,0.23588602593629,0,1000,5
84,200,"random",3,"core",284,284,100,900,0.460250241216272,40.744136814028,269.874879391864,6,0.455492141576542,0,1000,5
85,200,"random",3,"core",285,285,100,900,0.520705710910261,137.517761196941,239.64714454487,6,0.601175616905808,0,1000,5
86,200,"random",3,"core",286,286,100,900,-0.413593735452741,146.045622834936,706.796867726371,5,0.508936902101711,0,1000,5
87,200,"random",3,"core",287,287,100,900,-0.239870909135789,65.2542565017939,619.935454567894,8,0.671741780199363,0,1000,5
88,200,"random",3,"core",288,288,100,900,0.228380849771202,45.9519897215068,385.809575114399,6,0.789744255743523,0,1000,5
89,200,"random",3,"core",289,289,100,900,-0.550649927742779,56.9518713280559,775.32496387139,10,0.240623428357211,0,1000,5
90,200,"random",3,"core",290,290,100,900,-0.506766960117966,122.292072949931,753.383480058983,10,0.815834229321958,0,1000,5
91,200,"random",3,"core",291,291,100,900,0.272658811416477,148.931599324569,363.670594291762,5,0.182914984842034,0,1000,5
92,200,"random",3,"core",292,292,100,900,0.553424549009651,145.103551736102,223.287725495175,7,1.78623127637885,0,1000,5
93,200,"random",3,"core",293,293,100,900,0.452473580464721,140.905217621475,273.76320976764,9,0.956861118133426,0,1000,5
94,200,"random",3,"core",294,294,100,900,-0.548042081575841,112.871132716537,774.02104078792,9,0.193694212532704,0,1000,5
95,200,"random",3,"core",295,295,100,900,0.512432969361544,142.227632300928,243.783515319228,5,0.288373021004709,0,1000,5
96,200,"random",3,"core",296,296,100,900,0.458217603433877,131.475976454094,270.891198283061,5,0.134326576098848,0,1000,5
97,200,"random",3,"core",297,297,100,900,-0.437490386608988,130.099598187953,718.745193304494,6,2.07773921347349,0,1000,5
98,200,"random",3,"core",298,298,100,900,0.402705426234752,145.357246575877,298.647286882624,10,0.358536297307111,0,1000,5
99,200,"random",3,"core",299,299,100,900,-0.223758116085082,109.671616274863,611.879058042541,7,0.855221171154039,0,1000,5
100,200,"random",3,"core",300,300,100,900,-0.373648866266012,75.8356557227671,686.824433133006,5,0.382706810338822,0,1000,5
1,500,"random",3,"core",301,301,100,900,-0.403881604596972,60.5458346568048,701.940802298486,8,0.235542742878175,0,1000,5
2,500,"random",3,"core",302,302,100,900,0.401965177524835,133.445045687258,299.017411237583,10,0.269203860808199,0,1000,5
3,500,"random",3,"core",303,303,100,900,-0.452419940382242,75.5702478159219,726.209970191121,5,0.634244580342574,0,1000,5
4,500,"random",3,"core",304,304,100,900,-0.33718087291345,127.40805927664,668.590436456725,5,0.338317471183054,0,1000,5
5,500,"random",3,"core",305,305,100,900,-0.535507582407445,88.3996192924678,767.753791203722,6,0.540246408371239,0,1000,5
6,500,"random",3,"core",306,306,100,900,-0.243009753990918,42.8548398148269,621.504876995459,6,0.300692843138003,0,1000,5
7,500,"random",3,"core",307,307,100,900,-0.4766378053464,139.810305759311,738.3189026732,6,0.401561471681069,0,1000,5
8,500,"random",3,"core",308,308,100,900,0.31209708545357,62.3897057771683,343.951457273215,9,3.95270993111822,0,1000,5
9,500,"random",3,"core",309,309,100,900,-0.48719965852797,91.1698538530618,743.599829263985,8,0.591270289970398,0,1000,5
10,500,"random",3,"core",310,310,100,900,-0.529688218794763,151.348785497248,764.844109397382,8,0.72878794438109,0,1000,5
11,500,"random",3,"core",311,311,100,900,-0.549366613384336,130.168958157301,774.683306692168,5,0.657742690983514,0,1000,5
12,500,"random",3,"core",312,312,100,900,0.497545479610562,84.1355119366199,251.227260194719,10,0.725071364710786,0,1000,5
13,500,"random",3,"core",313,313,100,900,0.295857644453645,127.184604583308,352.071177773178,8,1.76413909223988,0,1000,5
14,500,"random",3,"core",314,314,100,900,0.512130610272288,123.018020614982,243.934694863856,10,0.995146928027478,0,1000,5
15,500,"random",3,"core",315,315,100,900,-0.307241299096495,83.6887321900576,653.620649548247,8,0.144870142272372,0,1000,5
16,500,"random",3,"core",316,316,100,900,0.535249014850706,140.930945202708,232.375492574647,10,1.48075332445312,0,1000,5
17,500,"random",3,"core",317,317,100,900,0.398673260211945,51.0413052514195,300.663369894028,8,0.339050289963198,0,1000,5
18,500,"random",3,"core",318,318,100,900,0.377957259211689,101.234648525715,311.021370394155,8,0.93682131029678,0,1000,5
19,500,"random",3,"core",319,319,100,900,0.453065959177911,91.9850273802876,273.467020411044,6,0.359150838752139,0,1000,5
20,500,"random",3,"core",320,320,100,900,0.444123412854969,157.972245207056,277.938293572515,6,0.221998891304063,0,1000,5
21,500,"random",3,"core",321,321,100,900,0.56801990121603,83.08728386648,215.990049391985,6,0.319627550266987,0,1000,5
22,500,"random",3,"core",322,322,100,900,0.377079635299742,65.8024980686605,311.460182350129,7,0.262021429277245,0,1000,5
23,500,"random",3,"core",323,323,100,900,-0.277378136664629,46.6135268472135,638.689068332314,5,0.464562938902442,0,1000,5
24,500,"random",3,"core",324,324,100,900,-0.579013513866812,132.719288347289,789.506756933406,6,0.419156718586661,0,1000,5
25,500,"random",3,"core",325,325,100,900,0.276428665686399,83.3256951998919,361.785667156801,9,0.195587190365797,0,1000,5
26,500,"random",3,"core",326,326,100,900,-0.47276928210631,57.7257507946342,736.384641053155,10,1.20981604831316,0,1000,5
27,500,"random",3,"core",327,327,100,900,0.512251471728086,147.915848670527,243.874264135957,8,0.405237353860079,0,1000,5
28,500,"random",3,"core",328,328,100,900,-0.455688021704555,84.9813044443727,727.844010852277,10,0.144437603249585,0,1000,5
29,500,"random",3,"core",329,329,100,900,-0.337552961241454,68.3699804265052,668.776480620727,6,0.22760571694061,0,1000,5
30,500,"random",3,"core",330,330,100,900,0.499493098352104,68.312422959134,250.253450823948,9,1.09445546135225,0,1000,5
31,500,"random",3,"core",331,331,100,900,-0.365931971091777,70.1371165364981,682.965985545889,5,0.443832462048852,0,1000,5
32,500,"random",3,"core",332,332,100,900,0.481584310252219,140.09539116174,259.20784487389,10,1.60045918001662,0,1000,5
33,500,"random",3,"core",333,333,100,900,0.490998233668506,155.153021914884,254.500883165747,8,0.315928079156867,0,1000,5
34,500,"random",3,"core",334,334,100,900,0.543993201386183,94.3630511220545,228.003399306908,8,0.438637051530321,0,1000,5
35,500,"random",3,"core",335,335,100,900,0.307768050581217,104.135890109465,346.115974709392,8,0.159247490842176,0,1000,5
36,500,"random",3,"core",336,336,100,900,-0.536727404594421,104.95996080339,768.363702297211,8,2.13733493199692,0,1000,5
37,500,"random",3,"core",337,337,100,900,-0.293761224299669,46.0288401506841,646.880612149835,6,0.526733867073312,0,1000,5
38,500,"random",3,"core",338,338,100,900,-0.416401270590723,55.8322761859745,708.200635295361,9,0.535588975342058,0,1000,5
39,500,"random",3,"core",339,339,100,900,-0.359444610681385,53.0777200032026,679.722305340692,5,0.144116436379937,0,1000,5
40,500,"random",3,"core",340,340,100,900,0.443580084480345,115.944529343396,278.209957759827,5,1.0446861227832,0,1000,5
41,500,"random",3,"core",341,341,100,900,0.339000894036144,158.042875956744,330.499552981928,7,0.145614793082022,0,1000,5
42,500,"random",3,"core",342,342,100,900,-0.41829527458176,113.100063307211,709.14763729088,10,0.965230276537163,0,1000,5
43,500,"random",3,"core",343,343,100,900,-0.298454112932086,144.913484090939,649.227056466043,7,0.180708307860259,0,1000,5
44,500,"random",3,"core",344,344,100,900,-0.238406517636031,151.454651867971,619.203258818015,8,0.338535440568326,0,1000,5
45,500,"random",3,"core",345,345,100,900,0.523776634223759,91.7758102156222,238.11168288812,7,0.492552657092147,0,1000,5
46,500,"random",3,"core",346,346,100,900,0.224388450104743,87.7587878424674,387.805774947628,9,0.569730446136827,0,1000,5
47,500,"random",3,"core",347,347,100,900,0.32609505681321,43.0069196689874,336.952471593395,6,0.660769987094109,0,1000,5
48,500,"random",3,"core",348,348,100,900,0.323115932568908,71.2988938298077,338.442033715546,8,0.504009161984039,0,1000,5
49,500,"random",3,"core",349,349,100,900,0.41089980462566,43.5171330999583,294.55009768717,7,0.332991462484982,0,1000,5
50,500,"random",3,"core",350,350,100,900,0.317538112401962,92.6047639548779,341.230943799019,7,0.745735987303861,0,1000,5
51,500,"random",3,"core",351,351,100,900,-0.421797775384039,50.5645637772977,710.898887692019,8,0.576062922791156,0,1000,5
52,500,"random",3,"core",352,352,100,900,-0.595113974623382,124.72034460865,797.556987311691,8,0.268647268995307,0,1000,5
53,500,"random",3,"core",353,353,100,900,0.212611992377788,49.3904621526599,393.694003811106,5,0.411020209995839,0,1000,5
54,500,"random",3,"core",354,354,100,900,0.218696360010654,132.076410204172,390.651819994673,5,0.595068097042099,0,1000,5
55,500,"random",3,"core",355,355,100,900,0.454173023439944,84.6929696854204,272.913488280028,10,0.375389994882322,0,1000,5
56,500,"random",3,"core",356,356,100,900,0.558773591369391,83.4798200428486,220.613204315305,10,0.266314026884038,0,1000,5
57,500,"random",3,"core",357,357,100,900,0.573361660633236,146.045281244442,213.319169683382,9,1.64370024193968,0,1000,5
58,500,"random",3,"core",358,358,100,900,0.219199296738952,129.502692995593,390.400351630524,7,0.670578134844825,0,1000,5
59,500,"random",3,"core",359,359,100,900,0.3978077811189,78.3089950587601,301.09610944055,5,1.01517014145486,0,1000,5
60,500,"random",3,"core",360,360,100,900,-0.499220637697727,145.846320427954,749.610318848863,5,1.08010929176652,0,1000,5
61,500,"random",3,"core",361,361,100,900,-0.287638957798481,65.6039611808956,643.81947889924,6,1.31815521101195,0,1000,5
62,500,"random",3,"core",362,362,100,900,-0.305551165807992,52.8545723948628,652.775582903996,5,0.169870929361079,0,1000,5
63,500,"random",3,"core",363,363,100,900,0.562039132509381,53.886563628912,218.98043374531,7,0.159055124363799,0,1000,5
64,500,"random",3,"core",364,364,100,900,0.265358360949904,118.169588102028,367.320819525048,9,0.411448018665922,0,1000,5
65,500,"random",3,"core",365,365,100,900,0.44110816475004,53.0667747184634,279.44591762498,9,1.35025343603443,0,1000,5
66,500,"random",3,"core",366,366,100,900,-0.289024847652763,112.30924599804,644.512423826382,9,1.00377286536415,0,1000,5
67,500,"random",3,"core",367,367,100,900,0.537885072547942,80.3397960867733,231.057463726029,6,0.366306191410843,0,1000,5
68,500,"random",3,"core",368,368,100,900,-0.572422393597662,98.9627327769995,786.211196798831,8,0.210935492581686,0,1000,5
69,500,"random",3,"core",369,369,100,900,0.434139184840024,52.2537912707776,282.930407579988,5,0.174121899136726,0,1000,5
70,500,"random",3,"core",370,370,100,900,-0.564289254229516,59.8926884587854,782.144627114758,10,2.88042547565219,0,1000,5
71,500,"random",3,"core",371,371,100,900,0.492078235279769,154.936064593494,253.960882360116,9,0.236155682158929,0,1000,5
72,500,"random",3,"core",372,372,100,900,0.420362306851894,152.619394706562,289.818846574053,7,0.270691429575005,0,1000,5
73,500,"random",3,"core",373,373,100,900,-0.570363913848996,86.4789445977658,785.181956924498,10,0.222669339044367,0,1000,5
74,500,"random",3,"core",374,374,100,900,-0.398179613333195,51.4528669510037,699.089806666598,5,0.223027930897079,0,1000,5
75,500,"random",3,"core",375,375,100,900,0.497903414256871,140.22712232545,251.048292871565,5,0.196317992234024,0,1000,5
76,500,"random",3,"core",376,376,100,900,0.252752466220409,74.6557825151831,373.623766889796,6,0.176392401961907,0,1000,5
77,500,"random",3,"core",377,377,100,900,-0.458502786047757,70.710427928716,729.251393023878,9,0.281228283035849,0,1000,5
78,500,"random",3,"core",378,378,100,900,-0.233527124952525,135.451754527167,616.763562476262,5,0.334993663872726,0,1000,5
79,500,"random",3,"core",379,379,100,900,0.29997476702556,103.530755201355,350.01261648722,5,0.141104032372773,0,1000,5
80,500,"random",3,"core",380,380,100,900,0.278383306413889,130.781748956069,360.808346793056,10,0.968535785296142,0,1000,5
81,500,"random",3,"core",381,381,100,900,0.487681883201003,59.0801901277155,256.159058399498,10,0.124741096197181,0,1000,5
82,500,"random",3,"core",382,382,100,900,0.560145102161914,130.938097629696,219.927448919043,7,0.257098401507984,0,1000,5
83,500,"random",3,"core",383,383,100,900,-0.335741233453155,65.2010790538043,667.870616726577,9,2.28804114359302,0,1000,5
84,500,"random",3,"core",384,384,100,900,0.411625467799604,84.3287699855864,294.187266100198,5,0.431359772787461,0,1000,5
85,500,"random",3,"core",385,385,100,900,0.594155974965543,78.9991588424891,202.922012517229,9,0.156641400138856,0,1000,5
86,500,"random",3,"core",386,386,100,900,0.476004260033369,68.4509183187038,261.997869983315,6,0.446279323541268,0,1000,5
87,500,"random",3,"core",387,387,100,900,0.45365888774395,91.0442041791976,273.170556128025,10,0.795505532255235,0,1000,5
88,500,"random",3,"core",388,388,100,900,0.290572163462639,148.115869686008,354.713918268681,5,0.157978303839261,0,1000,5
89,500,"random",3,"core",389,389,100,900,0.28497123522684,108.801917796955,357.51438238658,6,0.243491676115644,0,1000,5
90,500,"random",3,"core",390,390,100,900,-0.406613097246736,144.011663617566,703.306548623368,10,0.445767842214481,0,1000,5
91,500,"random",3,"core",391,391,100,900,0.579842018801719,107.798954490572,210.078990599141,8,0.331221902330427,0,1000,5
92,500,"random",3,"core",392,392,100,900,0.509190374892205,65.9914803411812,245.404812553898,8,0.732445655026201,0,1000,5
93,500,"random",3,"core",393,393,100,900,0.329102511703968,133.704253975302,335.448744148016,5,0.524349239110999,0,1000,5
94,500,"random",3,"core",394,394,100,900,0.210515646915883,152.04860961996,394.742176542059,6,0.154023088805893,0,1000,5
95,500,"random",3,"core",395,395,100,900,-0.222526500560343,65.4986066929996,611.263250280172,9,0.16919208882383,0,1000,5
96,500,"random",3,"core",396,396,100,900,-0.46878234744072,159.303424591199,734.39117372036,7,0.303809858292091,0,1000,5
97,500,"random",3,"core",397,397,100,900,-0.259212388005108,139.900426808745,629.606194002554,7,0.670080572765198,0,1000,5
98,500,"random",3,"core",398,398,100,900,0.517825347371399,152.735253311694,241.0873263143,6,3.46243166147175,0,1000,5
99,500,"random",3,"core",399,399,100,900,-0.406645043380559,123.031013961881,703.322521690279,5,0.522611219213471,0,1000,5
100,500,"random",3,"core",400,400,100,900,0.208998105954379,52.6629182789475,395.500947022811,5,1.46253721918211,0,1000,5
1,50,"zero",3,"core",401,401,100,900,0,47.4784294515848,500,8,2.04329274004284,0,1000,5
2,50,"zero",3,"core",402,402,100,900,0,60.9228134062141,500,8,0.357632489504131,0,1000,5
3,50,"zero",3,"core",403,403,100,900,0,51.3036156818271,500,7,0.739959894047183,0,1000,5
4,50,"zero",3,"core",404,404,100,900,0,141.659984644502,500,7,0.246212052958938,0,1000,5
5,50,"zero",3,"core",405,405,100,900,0,152.741379979998,500,10,0.497783347366224,0,1000,5
6,50,"zero",3,"core",406,406,100,900,0,48.9124206732959,500,5,0.769310015865142,0,1000,5
7,50,"zero",3,"core",407,407,100,900,0,108.472549710423,500,9,1.45707354397277,0,1000,5
8,50,"zero",3,"core",408,408,100,900,0,153.036688677967,500,10,0.981108506362297,0,1000,5
9,50,"zero",3,"core",409,409,100,900,0,85.1453909557313,500,8,0.791982799003763,0,1000,5
10,50,"zero",3,"core",410,410,100,900,0,77.5844027474523,500,10,0.176373540282014,0,1000,5
11,50,"zero",3,"core",411,411,100,900,0,111.828374927864,500,9,2.73812366335481,0,1000,5
12,50,"zero",3,"core",412,412,100,900,0,141.960539827123,500,9,0.233036105843939,0,1000,5
13,50,"zero",3,"core",413,413,100,900,0,51.1589043587446,500,10,2.1745246159138,0,1000,5
14,50,"zero",3,"core",414,414,100,900,0,134.054329637438,500,5,0.264766516824966,0,1000,5
15,50,"zero",3,"core",415,415,100,900,0,87.535218205303,500,10,0.356459499468882,0,1000,5
16,50,"zero",3,"core",416,416,100,900,0,104.467195617035,500,9,1.66082637236683,0,1000,5
17,50,"zero",3,"core",417,417,100,900,0,130.826749382541,500,9,0.163685320196464,0,1000,5
18,50,"zero",3,"core",418,418,100,900,0,141.607209276408,500,7,0.32331737058624,0,1000,5
19,50,"zero",3,"core",419,419,100,900,0,75.9295778535306,500,9,0.229462138273378,0,1000,5
20,50,"zero",3,"core",420,420,100,900,0,137.625239882618,500,8,0.591452190002423,0,1000,5
21,50,"zero",3,"core",421,421,100,900,0,70.1627290900797,500,5,0.167899617517877,0,1000,5
22,50,"zero",3,"core",422,422,100,900,0,47.0663182064891,500,9,0.392667252977623,0,1000,5
23,50,"zero",3,"core",423,423,100,900,0,66.1052300594747,500,5,2.9941882990226,0,1000,5
24,50,"zero",3,"core",424,424,100,900,0,46.6297998931259,500,10,1.16789981782858,0,1000,5
25,50,"zero",3,"core",425,425,100,900,0,150.625306973234,500,6,0.95694519576177,0,1000,5
26,50,"zero",3,"core",426,426,100,900,0,114.064664710313,500,6,0.306798135738062,0,1000,5
27,50,"zero",3,"core",427,427,100,900,0,122.155281463638,500,7,0.384285575422814,0,1000,5
28,50,"zero",3,"core",428,428,100,900,0,122.192619349808,500,8,0.841217207039317,0,1000,5
29,50,"zero",3,"core",429,429,100,900,0,48.0246563162655,500,7,0.166455551092599,0,1000,5
30,50,"zero",3,"core",430,430,100,900,0,145.752347949892,500,9,0.109095011640695,0,1000,5
31,50,"zero",3,"core",431,431,100,900,0,69.6149212587625,500,10,0.373636949584939,0,1000,5
32,50,"zero",3,"core",432,432,100,900,0,54.1999234817922,500,7,0.36778401361056,0,1000,5
33,50,"zero",3,"core",433,433,100,900,0,42.617457723245,500,8,1.37750017263112,0,1000,5
34,50,"zero",3,"core",434,434,100,900,0,156.161450557411,500,10,0.305301534432755,0,1000,5
35,50,"zero",3,"core",435,435,100,900,0,100.943557880819,500,5,0.255908068279136,0,1000,5
36,50,"zero",3,"core",436,436,100,900,0,100.658662328497,500,7,0.958659738365694,0,1000,5
37,50,"zero",3,"core",437,437,100,900,0,111.780851995572,500,10,0.267829735133557,0,1000,5
38,50,"zero",3,"core",438,438,100,900,0,90.5482742097229,500,8,3.49292071378794,0,1000,5
39,50,"zero",3,"core",439,439,100,900,0,86.8296319711954,500,8,0.207021167890597,0,1000,5
40,50,"zero",3,"core",440,440,100,900,0,126.724452180788,500,9,1.45477897668218,0,1000,5
41,50,"zero",3,"core",441,441,100,900,0,55.5915089230985,500,9,3.27294888726188,0,1000,5
42,50,"zero",3,"core",442,442,100,900,0,100.907862232998,500,6,0.462500766160784,0,1000,5
43,50,"zero",3,"core",443,443,100,900,0,44.572332482785,500,8,0.122455828711135,0,1000,5
44,50,"zero",3,"core",444,444,100,900,0,141.878369431943,500,9,0.158254509100934,0,1000,5
45,50,"zero",3,"core",445,445,100,900,0,74.827432744205,500,9,0.446871596466029,0,1000,5
46,50,"zero",3,"core",446,446,100,900,0,46.5878298319876,500,10,0.292788231452408,0,1000,5
47,50,"zero",3,"core",447,447,100,900,0,41.1429827194661,500,6,0.446490892135234,0,1000,5
48,50,"zero",3,"core",448,448,100,900,0,41.5827030874789,500,9,1.51836702703179,0,1000,5
49,50,"zero",3,"core",449,449,100,900,0,140.632730554789,500,9,0.506887096438286,0,1000,5
50,50,"zero",3,"core",450,450,100,900,0,42.3127858806401,500,5,0.397467326596914,0,1000,5
51,50,"zero",3,"core",451,451,100,900,0,68.933809120208,500,7,0.491537005292375,0,1000,5
52,50,"zero",3,"core",452,452,100,900,0,59.7108366433531,500,10,0.37087545672044,0,1000,5
53,50,"zero",3,"core",453,453,100,900,0,40.4344406910241,500,6,0.652235795298326,0,1000,5
54,50,"zero",3,"core",454,454,100,900,0,52.7552834153175,500,8,0.865702643455896,0,1000,5
55,50,"zero",3,"core",455,455,100,900,0,141.74154849723,500,10,0.145039844419625,0,1000,5
56,50,"zero",3,"core",456,456,100,900,0,150.362541852519,500,7,0.373585464922572,0,1000,5
57,50,"zero",3,"core",457,457,100,900,0,115.868252879009,500,5,0.238154945411382,0,1000,5
58,50,"zero",3,"core",458,458,100,900,0,128.844473036006,500,9,0.961465980253976,0,1000,5
59,50,"zero",3,"core",459,459,100,900,0,40.3505352698267,500,6,0.482352144476107,0,1000,5
60,50,"zero",3,"core",460,460,100,900,0,149.167971815914,500,8,0.169517880913238,0,1000,5
61,50,"zero",3,"core",461,461,100,900,0,86.8174995016307,500,6,0.820465985064864,0,1000,5
62,50,"zero",3,"core",462,462,100,900,0,79.6422540768981,500,10,0.117901626369297,0,1000,5
63,50,"zero",3,"core",463,463,100,900,0,57.8794228192419,500,9,1.56988911804925,0,1000,5
64,50,"zero",3,"core",464,464,100,900,0,72.492249859497,500,9,0.147082532688708,0,1000,5
65,50,"zero",3,"core",465,465,100,900,0,148.906558109447,500,5,4.2413543892197,0,1000,5
66,50,"zero",3,"core",466,466,100,900,0,83.5784270707518,500,10,0.290597467506569,0,1000,5
67,50,"zero",3,"core",467,467,100,900,0,156.540640508756,500,6,0.340665964387689,0,1000,5
68,50,"zero",3,"core",468,468,100,900,0,148.350194394588,500,7,0.181221734433569,0,1000,5
69,50,"zero",3,"core",469,469,100,900,0,106.904356647283,500,9,0.133733668457521,0,1000,5
70,50,"zero",3,"core",470,470,100,900,0,52.7103835716844,500,9,0.682907700745299,0,1000,5
71,50,"zero",3,"core",471,471,100,900,0,140.685665905476,500,9,0.152447269647772,0,1000,5
72,50,"zero",3,"core",472,472,100,900,0,97.7210895251483,500,9,1.24749911064744,0,1000,5
73,50,"zero",3,"core",473,473,100,900,0,151.46625074558,500,6,0.123461419058986,0,1000,5
74,50,"zero",3,"core",474,474,100,900,0,95.3089516330511,500,7,0.265535061220648,0,1000,5
75,50,"zero",3,"core",475,475,100,900,0,79.1610907856375,500,8,1.00082291665426,0,1000,5
76,50,"zero",3,"core",476,476,100,900,0,77.077549174428,500,9,0.42091315931275,0,1000,5
77,50,"zero",3,"core",477,477,100,900,0,122.401389535517,500,7,1.09355823597056,0,1000,5
78,50,"zero",3,"core",478,478,100,900,0,76.3567863591015,500,6,0.639733765131609,0,1000,5
79,50,"zero",3,"core",479,479,100,900,0,88.1736436858773,500,8,0.518604291305497,0,1000,5
80,50,"zero",3,"core",480,480,100,900,0,87.9489136300981,500,5,4.49046718836854,0,1000,5
81,50,"zero",3,"core",481,481,100,900,0,72.7807586267591,500,6,0.203604007003015,0,1000,5
82,50,"zero",3,"core",482,482,100,900,0,84.9711619783193,500,8,0.458229188546853,0,1000,5
83,50,"zero",3,"core",483,483,100,900,0,117.272289972752,500,8,0.23935267063344,0,1000,5
84,50,"zero",3,"core",484,484,100,900,0,115.998686272651,500,5,0.235030397100402,0,1000,5
85,50,"zero",3,"core",485,485,100,900,0,87.2600473929197,500,7,0.377025449909564,0,1000,5
86,50,"zero",3,"core",486,486,100,900,0,41.4218041021377,500,10,0.216103971061929,0,1000,5
87,50,"zero",3,"core",487,487,100,900,0,137.412910461426,500,7,1.23815365309636,0,1000,5
88,50,"zero",3,"core",488,488,100,900,0,140.03455363214,500,10,1.41662297621965,0,1000,5
89,50,"zero",3,"core",489,489,100,900,0,82.1624748501927,500,6,0.830865880171425,0,1000,5
90,50,"zero",3,"core",490,490,100,900,0,133.991736993194,500,5,0.31939319540807,0,1000,5
91,50,"zero",3,"core",491,491,100,900,0,58.5600777808577,500,5,0.788954114561072,0,1000,5
92,50,"zero",3,"core",492,492,100,900,0,138.785362252966,500,5,0.418068009719851,0,1000,5
93,50,"zero",3,"core",493,493,100,900,0,123.083899160847,500,8,2.76672717068194,0,1000,5
94,50,"zero",3,"core",494,494,100,900,0,52.8071362711489,500,6,0.334552457097847,0,1000,5
95,50,"zero",3,"core",495,495,100,900,0,137.072766376659,500,8,0.435912125985385,0,1000,5
96,50,"zero",3,"core",496,496,100,900,0,108.864404186606,500,7,0.678958293857595,0,1000,5
97,50,"zero",3,"core",497,497,100,900,0,47.6460690237582,500,6,0.851975607242364,0,1000,5
98,50,"zero",3,"core",498,498,100,900,0,41.4505083486438,500,9,0.805520293912777,0,1000,5
99,50,"zero",3,"core",499,499,100,900,0,50.0598185323179,500,6,0.303356692092308,0,1000,5
100,50,"zero",3,"core",500,500,100,900,0,126.087859654799,500,5,2.82391316802537,0,1000,5
1,100,"zero",3,"core",501,501,100,900,0,104.79528744705,500,6,0.831642821175519,0,1000,5
2,100,"zero",3,"core",502,502,100,900,0,144.247744949535,500,6,0.768731790152589,0,1000,5
3,100,"zero",3,"core",503,503,100,900,0,106.127803353593,500,9,0.205783410314401,0,1000,5
4,100,"zero",3,"core",504,504,100,900,0,111.719841687009,500,6,0.211746358948377,0,1000,5
5,100,"zero",3,"core",505,505,100,900,0,73.4830863401294,500,9,0.269633880513991,0,1000,5
6,100,"zero",3,"core",506,506,100,900,0,124.704851638526,500,6,0.2714222407454,0,1000,5
7,100,"zero",3,"core",507,507,100,900,0,151.751689026132,500,9,1.28891945807897,0,1000,5
8,100,"zero",3,"core",508,508,100,900,0,59.0496113244444,500,9,0.462489453006301,0,1000,5
9,100,"zero",3,"core",509,509,100,900,0,45.9671818092465,500,7,0.258822632095298,0,1000,5
10,100,"zero",3,"core",510,510,100,900,0,68.7829318456352,500,6,0.146950972521763,0,1000,5
11,100,"zero",3,"core",511,511,100,900,0,48.3603150490671,500,5,0.170878597729068,0,1000,5
12,100,"zero",3,"core",512,512,100,900,0,136.757741430774,500,6,3.19868114564726,0,1000,5
13,100,"zero",3,"core",513,513,100,900,0,82.0338940247893,500,5,0.238508932292779,0,1000,5
14,100,"zero",3,"core",514,514,100,900,0,71.6639882139862,500,7,0.214857619671497,0,1000,5
15,100,"zero",3,"core",515,515,100,900,0,108.013588432223,500,5,0.292227146099524,0,1000,5
16,100,"zero",3,"core",516,516,100,900,0,140.616069985554,500,10,0.213328971177207,0,1000,5
17,100,"zero",3,"core",517,517,100,900,0,55.2348529361188,500,5,0.238214699240137,0,1000,5
18,100,"zero",3,"core",518,518,100,900,0,99.0244708582759,500,8,0.256576244877753,0,1000,5
19,100,"zero",3,"core",519,519,100,900,0,141.730517940596,500,8,0.31870717299371,0,1000,5
20,100,"zero",3,"core",520,520,100,900,0,70.5412007402629,500,7,0.476699642225179,0,1000,5
21,100,"zero",3,"core",521,521,100,900,0,84.6454538498074,500,10,0.343524529057674,0,1000,5
22,100,"zero",3,"core",522,522,100,900,0,50.5596391577274,500,9,0.692606371161584,0,1000,5
23,100,"zero",3,"core",523,523,100,900,0,55.282724192366,500,10,0.754478821926798,0,1000,5
24,100,"zero",3,"core",524,524,100,900,0,45.5509138386697,500,8,0.376810147794108,0,1000,5
25,100,"zero",3,"core",525,525,100,900,0,58.770583467558,500,9,0.116966647824087,0,1000,5
26,100,"zero",3,"core",526,526,100,900,0,94.0482320077717,500,8,2.75456528515713,0,1000,5
27,100,"zero",3,"core",527,527,100,900,0,61.796792158857,500,9,0.42904409677157,0,1000,5
28,100,"zero",3,"core",528,528,100,900,0,52.9797047097236,500,7,0.87727207458673,0,1000,5
29,100,"zero",3,"core",529,529,100,900,0,117.884603198618,500,10,0.258761529091219,0,1000,5
30,100,"zero",3,"core",530,530,100,900,0,63.8214377686381,500,6,1.03193240335777,0,1000,5
31,100,"zero",3,"core",531,531,100,900,0,57.6765206083655,500,8,1.46444939706412,0,1000,5
32,100,"zero",3,"core",532,532,100,900,0,148.149434737861,500,8,3.14695256984571,0,1000,5
33,100,"zero",3,"core",533,533,100,900,0,100.565644828603,500,6,0.223281082674411,0,1000,5
34,100,"zero",3,"core",534,534,100,900,0,55.0451531168073,500,10,0.681774568885314,0,1000,5
35,100,"zero",3,"core",535,535,100,900,0,51.89991815947,500,9,0.415178263765182,0,1000,5
36,100,"zero",3,"core",536,536,100,900,0,74.2960128188133,500,5,0.348496907584775,0,1000,5
37,100,"zero",3,"core",537,537,100,900,0,99.9096526112407,500,5,0.22010307661969,0,1000,5
38,100,"zero",3,"core",538,538,100,900,0,56.2773084454238,500,10,1.03950531978423,0,1000,5
39,100,"zero",3,"core",539,539,100,900,0,107.460415987298,500,5,0.854648669030446,0,1000,5
40,100,"zero",3,"core",540,540,100,900,0,79.7757421433926,500,9,4.89179992869003,0,1000,5
41,100,"zero",3,"core",541,541,100,900,0,147.732864012942,500,10,0.120675930868984,0,1000,5
42,100,"zero",3,"core",542,542,100,900,0,118.274239068851,500,7,5.25260021476028,0,1000,5
43,100,"zero",3,"core",543,543,100,900,0,94.8271984513849,500,10,0.29315395986531,0,1000,5
44,100,"zero",3,"core",544,544,100,900,0,156.90673594363,500,10,2.0694469779407,0,1000,5
45,100,"zero",3,"core",545,545,100,900,0,134.357653111219,500,8,0.633741850023993,0,1000,5
46,100,"zero",3,"core",546,546,100,900,0,57.5088655855507,500,7,0.973439310944977,0,1000,5
47,100,"zero",3,"core",547,547,100,900,0,44.8338600993157,500,6,0.695044087240302,0,1000,5
48,100,"zero",3,"core",548,548,100,900,0,114.969245735556,500,10,2.42369394758108,0,1000,5
49,100,"zero",3,"core",549,549,100,900,0,115.370652116835,500,5,0.279761008921258,0,1000,5
50,100,"zero",3,"core",550,550,100,900,0,113.989543132484,500,6,1.27093769843863,0,1000,5
51,100,"zero",3,"core",551,551,100,900,0,98.6648713983595,500,6,0.155356640383471,0,1000,5
52,100,"zero",3,"core",552,552,100,900,0,76.0716014076024,500,7,0.235392083582264,0,1000,5
53,100,"zero",3,"core",553,553,100,900,0,149.15674478747,500,7,1.01081743584359,0,1000,5
54,100,"zero",3,"core",554,554,100,900,0,127.32623597607,500,6,0.767503936446791,0,1000,5
55,100,"zero",3,"core",555,555,100,900,0,48.5666736215353,500,6,0.413617331092376,0,1000,5
56,100,"zero",3,"core",556,556,100,900,0,91.1367154400796,500,7,0.467289156595945,0,1000,5
57,100,"zero",3,"core",557,557,100,900,0,133.330120407045,500,5,0.65949018454183,0,1000,5
58,100,"zero",3,"core",558,558,100,900,0,147.613252941519,500,6,1.52546438603057,0,1000,5
59,100,"zero",3,"core",559,559,100,900,0,80.8485059440136,500,5,0.682549947905806,0,1000,5
60,100,"zero",3,"core",560,560,100,900,0,140.110411979258,500,7,0.14808133515142,0,1000,5
61,100,"zero",3,"core",561,561,100,900,0,101.353892022744,500,10,2.82149422718952,0,1000,5
62,100,"zero",3,"core",562,562,100,900,0,106.909778006375,500,7,1.49218817035,0,1000,5
63,100,"zero",3,"core",563,563,100,900,0,98.5491385497153,500,9,0.385748991946995,0,1000,5
64,100,"zero",3,"core",564,564,100,900,0,41.0102125629783,500,9,2.20234836240993,0,1000,5
65,100,"zero",3,"core",565,565,100,900,0,111.242887089029,500,7,0.328044032327361,0,1000,5
66,100,"zero",3,"core",566,566,100,900,0,152.928507728502,500,10,0.116792674265641,0,1000,5
67,100,"zero",3,"core",567,567,100,900,0,72.3220110591501,500,8,0.159447091162751,0,1000,5
68,100,"zero",3,"core",568,568,100,900,0,127.047389503568,500,6,0.483353251398042,0,1000,5
69,100,"zero",3,"core",569,569,100,900,0,113.782917149365,500,7,0.224374165295073,0,1000,5
70,100,"zero",3,"core",570,570,100,900,0,101.917701885104,500,6,0.698196806274919,0,1000,5
71,100,"zero",3,"core",571,571,100,900,0,118.182272519916,500,7,4.32579644632391,0,1000,5
72,100,"zero",3,"core",572,572,100,900,0,111.887471340597,500,9,0.382425354813634,0,1000,5
73,100,"zero",3,"core",573,573,100,900,0,88.8655870035291,500,10,0.566916793135117,0,1000,5
74,100,"zero",3,"core",574,574,100,900,0,44.9621621705592,500,6,1.65256976307036,0,1000,5
75,100,"zero",3,"core",575,575,100,900,0,81.3101765885949,500,7,0.110872674844131,0,1000,5
76,100,"zero",3,"core",576,576,100,900,0,88.2532966881991,500,9,1.43809768960233,0,1000,5
77,100,"zero",3,"core",577,577,100,900,0,157.46369686909,500,9,0.253184843638303,0,1000,5
78,100,"zero",3,"core",578,578,100,900,0,48.1511900294572,500,9,0.519869428517291,0,1000,5
79,100,"zero",3,"core",579,579,100,900,0,54.9507128167897,500,5,0.124485158431801,0,1000,5
80,100,"zero",3,"core",580,580,100,900,0,42.2597767412663,500,7,0.273151752764613,0,1000,5
81,100,"zero",3,"core",581,581,100,900,0,87.3723052442074,500,5,2.41268645037396,0,1000,5
82,100,"zero",3,"core",582,582,100,900,0,76.7505940143019,500,5,1.26139095972797,0,1000,5
83,100,"zero",3,"core",583,583,100,900,0,126.547161852941,500,5,0.208211090629162,0,1000,5
84,100,"zero",3,"core",584,584,100,900,0,145.842970991507,500,8,0.647806455796034,0,1000,5
85,100,"zero",3,"core",585,585,100,900,0,107.870192257687,500,5,0.359793686283578,0,1000,5
86,100,"zero",3,"core",586,586,100,900,0,60.3762295842171,500,10,0.143672810588446,0,1000,5
87,100,"zero",3,"core",587,587,100,900,0,148.339884681627,500,5,0.267697502702931,0,1000,5
88,100,"zero",3,"core",588,588,100,900,0,113.387454375625,500,10,2.75339453250739,0,1000,5
89,100,"zero",3,"core",589,589,100,900,0,120.434175748378,500,8,0.324161302488688,0,1000,5
90,100,"zero",3,"core",590,590,100,900,0,108.676022756845,500,7,0.188220039004392,0,1000,5
91,100,"zero",3,"core",591,591,100,900,0,131.97491443716,500,8,1.18010661442552,0,1000,5
92,100,"zero",3,"core",592,592,100,900,0,149.609637120739,500,8,0.49820412401257,0,1000,5
93,100,"zero",3,"core",593,593,100,900,0,139.558383692056,500,5,0.250140895517292,0,1000,5
94,100,"zero",3,"core",594,594,100,900,0,97.098930887878,500,8,0.616634868076106,0,1000,5
95,100,"zero",3,"core",595,595,100,900,0,47.9346596542746,500,8,0.10492417088967,0,1000,5
96,100,"zero",3,"core",596,596,100,900,0,77.6592084951699,500,7,1.16319769119818,0,1000,5
97,100,"zero",3,"core",597,597,100,900,0,96.5335621032864,500,10,0.227016952386104,0,1000,5
98,100,"zero",3,"core",598,598,100,900,0,58.9704170916229,500,5,1.28450358886994,0,1000,5
99,100,"zero",3,"core",599,599,100,900,0,128.62229635939,500,5,4.00957841751738,0,1000,5
100,100,"zero",3,"core",600,600,100,900,0,44.9651161488146,500,7,1.10345190273058,0,1000,5
1,200,"zero",3,"core",601,601,100,900,0,153.307133410126,500,9,0.512346845653951,0,1000,5
2,200,"zero",3,"core",602,602,100,900,0,44.6499120816588,500,9,0.158915090600255,0,1000,5
3,200,"zero",3,"core",603,603,100,900,0,43.0355203710496,500,8,0.1516759631639,0,1000,5
4,200,"zero",3,"core",604,604,100,900,0,49.0262159053236,500,9,0.466911423287485,0,1000,5
5,200,"zero",3,"core",605,605,100,900,0,59.3669122084975,500,6,0.18996665876928,0,1000,5
6,200,"zero",3,"core",606,606,100,900,0,48.5835133679211,500,9,0.339365870035087,0,1000,5
7,200,"zero",3,"core",607,607,100,900,0,140.673004090786,500,5,0.180572033271134,0,1000,5
8,200,"zero",3,"core",608,608,100,900,0,154.625628041103,500,9,3.67826768651568,0,1000,5
9,200,"zero",3,"core",609,609,100,900,0,140.623415019363,500,6,0.304496368713049,0,1000,5
10,200,"zero",3,"core",610,610,100,900,0,52.9896415956318,500,9,0.669046063573044,0,1000,5
11,200,"zero",3,"core",611,611,100,900,0,76.1489916592836,500,5,0.647523677069757,0,1000,5
12,200,"zero",3,"core",612,612,100,900,0,140.23969844915,500,5,0.613939201296546,0,1000,5
13,200,"zero",3,"core",613,613,100,900,0,46.2064201850444,500,7,0.199260711907695,0,1000,5
14,200,"zero",3,"core",614,614,100,900,0,114.989401446655,500,7,0.64807204386957,0,1000,5
15,200,"zero",3,"core",615,615,100,900,0,59.6506688557565,500,6,1.13896741429886,0,1000,5
16,200,"zero",3,"core",616,616,100,900,0,52.4239635746926,500,10,0.227394053284483,0,1000,5
17,200,"zero",3,"core",617,617,100,900,0,151.372316824272,500,9,0.417692870563812,0,1000,5
18,200,"zero",3,"core",618,618,100,900,0,80.4451158456504,500,6,0.36605671866815,0,1000,5
19,200,"zero",3,"core",619,619,100,900,0,41.4498855452985,500,9,0.254011813621503,0,1000,5
20,200,"zero",3,"core",620,620,100,900,0,101.034037452191,500,9,2.63920185312766,0,1000,5
21,200,"zero",3,"core",621,621,100,900,0,84.9876527301967,500,8,0.280441126555077,0,1000,5
22,200,"zero",3,"core",622,622,100,900,0,125.884060105309,500,7,0.250062528401153,0,1000,5
23,200,"zero",3,"core",623,623,100,900,0,125.544051863253,500,8,0.319930802494332,0,1000,5
24,200,"zero",3,"core",624,624,100,900,0,52.7209973521531,500,7,0.167968381369855,0,1000,5
25,200,"zero",3,"core",625,625,100,900,0,93.7484467588365,500,7,3.71590169789066,0,1000,5
26,200,"zero",3,"core",626,626,100,900,0,62.4605632573366,500,8,0.259755812841783,0,1000,5
27,200,"zero",3,"core",627,627,100,900,0,98.1189921591431,500,7,0.156364120806421,0,1000,5
28,200,"zero",3,"core",628,628,100,900,0,83.6875377967954,500,9,0.176320197474118,0,1000,5
29,200,"zero",3,"core",629,629,100,900,0,153.679603002965,500,8,0.361477955612207,0,1000,5
30,200,"zero",3,"core",630,630,100,900,0,109.978457801044,500,9,0.159323039040771,0,1000,5
31,200,"zero",3,"core",631,631,100,900,0,82.1516831219196,500,7,0.741669512104851,0,1000,5
32,200,"zero",3,"core",632,632,100,900,0,149.158731661737,500,8,0.249978935245854,0,1000,5
33,200,"zero",3,"core",633,633,100,900,0,111.60293970257,500,5,1.58174695767125,0,1000,5
34,200,"zero",3,"core",634,634,100,900,0,137.253107549623,500,6,0.658310138408895,0,1000,5
35,200,"zero",3,"core",635,635,100,900,0,78.8037540204823,500,5,0.767260748722483,0,1000,5
36,200,"zero",3,"core",636,636,100,900,0,76.6554753948003,500,7,0.684347304771558,0,1000,5
37,200,"zero",3,"core",637,637,100,900,0,123.225599061698,500,9,0.389013258996992,0,1000,5
38,200,"zero",3,"core",638,638,100,900,0,103.813357492909,500,10,0.353594644631164,0,1000,5
39,200,"zero",3,"core",639,639,100,900,0,81.5961386263371,500,8,0.758826413481253,0,1000,5
40,200,"zero",3,"core",640,640,100,900,0,152.065437380224,500,9,0.284688652977882,0,1000,5
41,200,"zero",3,"core",641,641,100,900,0,116.187844648957,500,6,0.361463262953779,0,1000,5
42,200,"zero",3,"core",642,642,100,900,0,113.774745184928,500,5,0.346124931693024,0,1000,5
43,200,"zero",3,"core",643,643,100,900,0,94.5676141791046,500,8,0.422557321273304,0,1000,5
44,200,"zero",3,"core",644,644,100,900,0,77.2917815111578,500,6,0.177886212489559,0,1000,5
45,200,"zero",3,"core",645,645,100,900,0,158.963326774538,500,6,0.673644583502203,0,1000,5
46,200,"zero",3,"core",646,646,100,900,0,132.409695209935,500,5,1.18947083698383,0,1000,5
47,200,"zero",3,"core",647,647,100,900,0,154.713063472882,500,10,1.59785356935836,0,1000,5
48,200,"zero",3,"core",648,648,100,900,0,65.2484028879553,500,8,0.137355406487321,0,1000,5
49,200,"zero",3,"core",649,649,100,900,0,71.8639165535569,500,10,0.225928072754466,0,1000,5
50,200,"zero",3,"core",650,650,100,900,0,58.7661269493401,500,9,2.66345157692401,0,1000,5
51,200,"zero",3,"core",651,651,100,900,0,74.9050626065582,500,5,5.12565554482461,0,1000,5
52,200,"zero",3,"core",652,652,100,900,0,105.344459963962,500,8,0.280560955094377,0,1000,5
53,200,"zero",3,"core",653,653,100,900,0,49.3165669310838,500,7,0.556079424819565,0,1000,5
54,200,"zero",3,"core",654,654,100,900,0,126.702965507284,500,8,0.252569316740125,0,1000,5
55,200,"zero",3,"core",655,655,100,900,0,56.8610367272049,500,6,1.03217588446918,0,1000,5
56,200,"zero",3,"core",656,656,100,900,0,104.711485514417,500,5,0.22885591656966,0,1000,5
57,200,"zero",3,"core",657,657,100,900,0,42.9432481620461,500,8,0.903031137749465,0,1000,5
58,200,"zero",3,"core",658,658,100,900,0,92.0406354404986,500,6,0.313267613130588,0,1000,5
59,200,"zero",3,"core",659,659,100,900,0,128.915201602504,500,6,0.320787966824735,0,1000,5
60,200,"zero",3,"core",660,660,100,900,0,135.127578554675,500,8,4.00234593006244,0,1000,5
61,200,"zero",3,"core",661,661,100,900,0,60.1351688429713,500,8,1.4424497798165,0,1000,5
62,200,"zero",3,"core",662,662,100,900,0,51.9035589788109,500,10,0.61353589088223,0,1000,5
63,200,"zero",3,"core",663,663,100,900,0,94.004076756537,500,9,0.931476935993995,0,1000,5
64,200,"zero",3,"core",664,664,100,900,0,151.115867355838,500,8,0.508236026782949,0,1000,5
65,200,"zero",3,"core",665,665,100,900,0,155.431132819504,500,10,0.635550990510966,0,1000,5
66,200,"zero",3,"core",666,666,100,900,0,93.8154562190175,500,5,0.470147360679164,0,1000,5
67,200,"zero",3,"core",667,667,100,900,0,129.258387368172,500,9,0.265594281840692,0,1000,5
68,200,"zero",3,"core",668,668,100,900,0,110.923269670457,500,7,3.52007648247279,0,1000,5
69,200,"zero",3,"core",669,669,100,900,0,51.6781097836792,500,9,0.196645712291422,0,1000,5
70,200,"zero",3,"core",670,670,100,900,0,102.67686817795,500,8,1.41025618216419,0,1000,5
71,200,"zero",3,"core",671,671,100,900,0,63.961919080466,500,5,0.15099534546609,0,1000,5
72,200,"zero",3,"core",672,672,100,900,0,133.908087946475,500,5,0.203633844196257,0,1000,5
73,200,"zero",3,"core",673,673,100,900,0,43.8351687695831,500,8,0.188276495514178,0,1000,5
74,200,"zero",3,"core",674,674,100,900,0,112.249908577651,500,6,0.542849756682032,0,1000,5
75,200,"zero",3,"core",675,675,100,900,0,53.4404369164258,500,8,0.313369678701981,0,1000,5
76,200,"zero",3,"core",676,676,100,900,0,48.2692679949105,500,7,1.49619758598678,0,1000,5
77,200,"zero",3,"core",677,677,100,900,0,151.742626065388,500,7,2.25627614852013,0,1000,5
78,200,"zero",3,"core",678,678,100,900,0,91.9940592162311,500,6,0.341059540037675,0,1000,5
79,200,"zero",3,"core",679,679,100,900,0,121.223868038505,500,5,0.484286943996947,0,1000,5
80,200,"zero",3,"core",680,680,100,900,0,101.845197249204,500,9,0.520158471059313,0,1000,5
81,200,"zero",3,"core",681,681,100,900,0,50.051528159529,500,9,0.190265580789489,0,1000,5
82,200,"zero",3,"core",682,682,100,900,0,61.4561108779162,500,7,0.168654761284318,0,1000,5
83,200,"zero",3,"core",683,683,100,900,0,127.349536046386,500,10,0.182307646793725,0,1000,5
84,200,"zero",3,"core",684,684,100,900,0,140.320873605087,500,9,0.434041462004707,0,1000,5
85,200,"zero",3,"core",685,685,100,900,0,132.338586971164,500,5,0.372891987316257,0,1000,5
86,200,"zero",3,"core",686,686,100,900,0,55.1706360466778,500,8,0.596950137510472,0,1000,5
87,200,"zero",3,"core",687,687,100,900,0,56.3859414868057,500,8,0.406455112397076,0,1000,5
88,200,"zero",3,"core",688,688,100,900,0,59.263063473627,500,8,0.186457364109916,0,1000,5
89,200,"zero",3,"core",689,689,100,900,0,92.9526966437698,500,7,0.128028642816205,0,1000,5
90,200,"zero",3,"core",690,690,100,900,0,126.699150539935,500,8,0.194408211826243,0,1000,5
91,200,"zero",3,"core",691,691,100,900,0,105.171270957217,500,10,1.18064655442853,0,1000,5
92,200,"zero",3,"core",692,692,100,900,0,135.048064496368,500,10,0.158638174597004,0,1000,5
93,200,"zero",3,"core",693,693,100,900,0,115.94666373916,500,10,0.747075139480437,0,1000,5
94,200,"zero",3,"core",694,694,100,900,0,139.700122121722,500,8,0.301759168549691,0,1000,5
95,200,"zero",3,"core",695,695,100,900,0,134.572706706822,500,5,0.339164685541321,0,1000,5
96,200,"zero",3,"core",696,696,100,900,0,151.947480086237,500,7,1.07598393377274,0,1000,5
97,200,"zero",3,"core",697,697,100,900,0,124.507912453264,500,6,0.325235913370639,0,1000,5
98,200,"zero",3,"core",698,698,100,900,0,102.805907716975,500,8,1.13325448860523,0,1000,5
99,200,"zero",3,"core",699,699,100,900,0,102.159918518737,500,5,2.20530257191706,0,1000,5
100,200,"zero",3,"core",700,700,100,900,0,42.1037188079208,500,9,0.217825759399539,0,1000,5
1,500,"zero",3,"core",701,701,100,900,0,159.506450742483,500,5,0.660462703854437,0,1000,5
2,500,"zero",3,"core",702,702,100,900,0,51.99801039882,500,8,0.694207622947761,0,1000,5
3,500,"zero",3,"core",703,703,100,900,0,96.604857314378,500,9,0.181681201128858,0,1000,5
4,500,"zero",3,"core",704,704,100,900,0,133.316501714289,500,7,0.357133649315977,0,1000,5
5,500,"zero",3,"core",705,705,100,900,0,44.995931936428,500,10,1.3471575268038,0,1000,5
6,500,"zero",3,"core",706,706,100,900,0,60.3093893826008,500,8,0.682064740099087,0,1000,5
7,500,"zero",3,"core",707,707,100,900,0,60.9145507775247,500,6,0.74787170266154,0,1000,5
8,500,"zero",3,"core",708,708,100,900,0,69.5262369792909,500,10,0.298657052958105,0,1000,5
9,500,"zero",3,"core",709,709,100,900,0,82.2374118305743,500,7,0.985227888494246,0,1000,5
10,500,"zero",3,"core",710,710,100,900,0,107.749775769189,500,6,0.819172954275353,0,1000,5
11,500,"zero",3,"core",711,711,100,900,0,136.786878490821,500,5,0.635812618019495,0,1000,5
12,500,"zero",3,"core",712,712,100,900,0,153.40852596797,500,8,2.36890151689794,0,1000,5
13,500,"zero",3,"core",713,713,100,900,0,49.1438884939998,500,7,0.31508255183039,0,1000,5
14,500,"zero",3,"core",714,714,100,900,0,40.0115842092782,500,8,0.230661933308188,0,1000,5
15,500,"zero",3,"core",715,715,100,900,0,50.4130702093244,500,6,0.576763569884879,0,1000,5
16,500,"zero",3,"core",716,716,100,900,0,108.264766298234,500,10,0.293826320482108,0,1000,5
17,500,"zero",3,"core",717,717,100,900,0,86.5205722581595,500,10,0.188523701550018,0,1000,5
18,500,"zero",3,"core",718,718,100,900,0,62.5735448021442,500,5,0.141941963256366,0,1000,5
19,500,"zero",3,"core",719,719,100,900,0,127.694823909551,500,6,0.448928823558456,0,1000,5
20,500,"zero",3,"core",720,720,100,900,0,79.9661097768694,500,6,2.58757602913127,0,1000,5
21,500,"zero",3,"core",721,721,100,900,0,132.840459318832,500,9,1.02193863955494,0,1000,5
22,500,"zero",3,"core",722,722,100,900,0,47.658273326233,500,5,1.1606341591781,0,1000,5
23,500,"zero",3,"core",723,723,100,900,0,84.3574036564678,500,6,1.04701389924074,0,1000,5
24,500,"zero",3,"core",724,724,100,900,0,85.0190457515419,500,8,0.178850786847222,0,1000,5
25,500,"zero",3,"core",725,725,100,900,0,62.4216819833964,500,5,0.172790062329297,0,1000,5
26,500,"zero",3,"core",726,726,100,900,0,122.075392818078,500,5,0.994289644207228,0,1000,5
27,500,"zero",3,"core",727,727,100,900,0,158.316521095112,500,10,0.371658712363866,0,1000,5
28,500,"zero",3,"core",728,728,100,900,0,117.24944151938,500,5,0.223215114545011,0,1000,5
29,500,"zero",3,"core",729,729,100,900,0,121.16697489284,500,10,0.299811742927873,0,1000,5
30,500,"zero",3,"core",730,730,100,900,0,101.928215082735,500,9,3.71128702159588,0,1000,5
31,500,"zero",3,"core",731,731,100,900,0,104.455209998414,500,5,0.179420965064111,0,1000,5
32,500,"zero",3,"core",732,732,100,900,0,115.007878709584,500,8,0.786650102035082,0,1000,5
33,500,"zero",3,"core",733,733,100,900,0,126.191366882995,500,8,0.427511348181637,0,1000,5
34,500,"zero",3,"core",734,734,100,900,0,92.4573170021176,500,10,0.17154976394163,0,1000,5
35,500,"zero",3,"core",735,735,100,900,0,67.1724310424179,500,5,0.19091740238509,0,1000,5
36,500,"zero",3,"core",736,736,100,900,0,154.793719761074,500,6,0.263925013740267,0,1000,5
37,500,"zero",3,"core",737,737,100,900,0,110.680904090405,500,7,0.131534524044147,0,1000,5
38,500,"zero",3,"core",738,738,100,900,0,79.5467057731003,500,9,0.344375502893628,0,1000,5
39,500,"zero",3,"core",739,739,100,900,0,121.72098569572,500,7,0.254728493121603,0,1000,5
40,500,"zero",3,"core",740,740,100,900,0,53.6952903866768,500,8,2.76221790757147,0,1000,5
41,500,"zero",3,"core",741,741,100,900,0,68.1507420260459,500,5,0.570333965807178,0,1000,5
42,500,"zero",3,"core",742,742,100,900,0,133.745162105188,500,6,1.99025121711183,0,1000,5
43,500,"zero",3,"core",743,743,100,900,0,87.7513552457094,500,7,0.504962599796187,0,1000,5
44,500,"zero",3,"core",744,744,100,900,0,90.9830296132714,500,6,0.244013413775797,0,1000,5
45,500,"zero",3,"core",745,745,100,900,0,125.711146024987,500,6,0.627588193539279,0,1000,5
46,500,"zero",3,"core",746,746,100,900,0,117.303848592564,500,8,0.398088253689198,0,1000,5
47,500,"zero",3,"core",747,747,100,900,0,47.0376645028591,500,7,1.15916885775037,0,1000,5
48,500,"zero",3,"core",748,748,100,900,0,106.887537185103,500,10,0.242347641306622,0,1000,5
49,500,"zero",3,"core",749,749,100,900,0,144.939017603174,500,6,0.762529900398519,0,1000,5
50,500,"zero",3,"core",750,750,100,900,0,121.777850873768,500,6,0.222743144718067,0,1000,5
51,500,"zero",3,"core",751,751,100,900,0,90.9686507377774,500,6,0.987587406666546,0,1000,5
52,500,"zero",3,"core",752,752,100,900,0,100.519116381183,500,9,0.376392726729148,0,1000,5
53,500,"zero",3,"core",753,753,100,900,0,73.5434441734105,500,5,0.491171787881567,0,1000,5
54,500,"zero",3,"core",754,754,100,900,0,83.4041638672352,500,8,0.929036922204595,0,1000,5
55,500,"zero",3,"core",755,755,100,900,0,66.5690442360938,500,10,2.43269908962989,0,1000,5
56,500,"zero",3,"core",756,756,100,900,0,137.508547976613,500,7,1.17760277172423,0,1000,5
57,500,"zero",3,"core",757,757,100,900,0,153.093787794933,500,9,0.633296808045602,0,1000,5
58,500,"zero",3,"core",758,758,100,900,0,123.28956739977,500,8,0.186019774523742,0,1000,5
59,500,"zero",3,"core",759,759,100,900,0,82.8595368843526,500,6,0.16418480536984,0,1000,5
60,500,"zero",3,"core",760,760,100,900,0,111.266561048105,500,7,1.67456608813475,0,1000,5
61,500,"zero",3,"core",761,761,100,900,0,102.078577540815,500,10,0.288736861776525,0,1000,5
62,500,"zero",3,"core",762,762,100,900,0,86.8791060708463,500,8,0.718690787224021,0,1000,5
63,500,"zero",3,"core",763,763,100,900,0,72.8060225769877,500,10,0.221815978778157,0,1000,5
64,500,"zero",3,"core",764,764,100,900,0,131.114441389218,500,10,0.618769861613649,0,1000,5
65,500,"zero",3,"core",765,765,100,900,0,61.4066380355507,500,8,0.562878811910758,0,1000,5
66,500,"zero",3,"core",766,766,100,900,0,90.6890082638711,500,9,0.477288211384809,0,1000,5
67,500,"zero",3,"core",767,767,100,900,0,126.262672571465,500,7,0.334011906075257,0,1000,5
68,500,"zero",3,"core",768,768,100,900,0,96.3437727093697,500,6,0.159473828747603,0,1000,5
69,500,"zero",3,"core",769,769,100,900,0,96.6104521229863,500,5,1.12130257477517,0,1000,5
70,500,"zero",3,"core",770,770,100,900,0,49.4527849834412,500,6,0.231749681286431,0,1000,5
71,500,"zero",3,"core",771,771,100,900,0,108.749871095642,500,8,0.175034131643022,0,1000,5
72,500,"zero",3,"core",772,772,100,900,0,151.362997600809,500,9,3.14229932071462,0,1000,5
73,500,"zero",3,"core",773,773,100,900,0,69.8665940202773,500,6,0.32585707806239,0,1000,5
74,500,"zero",3,"core",774,774,100,900,0,122.664942806587,500,9,0.452867024817064,0,1000,5
75,500,"zero",3,"core",775,775,100,900,0,140.624973382801,500,8,1.2712513942655,0,1000,5
76,500,"zero",3,"core",776,776,100,900,0,80.5402128957212,500,9,0.773591041949896,0,1000,5
77,500,"zero",3,"core",777,777,100,900,0,124.12047624588,500,9,0.323008271283045,0,1000,5
78,500,"zero",3,"core",778,778,100,900,0,79.7856748662889,500,8,0.408308867396015,0,1000,5
79,500,"zero",3,"core",779,779,100,900,0,119.297281755134,500,10,0.408905770020335,0,1000,5
80,500,"zero",3,"core",780,780,100,900,0,101.609987551346,500,6,0.355842381445805,0,1000,5
81,500,"zero",3,"core",781,781,100,900,0,120.593510279432,500,6,0.526563020603464,0,1000,5
82,500,"zero",3,"core",782,782,100,900,0,94.8417967092246,500,9,0.254654514259363,0,1000,5
83,500,"zero",3,"core",783,783,100,900,0,146.693032933399,500,10,1.62357717864659,0,1000,5
84,500,"zero",3,"core",784,784,100,900,0,118.624279107899,500,9,0.612928921069903,0,1000,5
85,500,"zero",3,"core",785,785,100,900,0,134.386754967272,500,9,0.132204888122072,0,1000,5
86,500,"zero",3,"core",786,786,100,900,0,57.834463827312,500,9,0.225667460900568,0,1000,5
87,500,"zero",3,"core",787,787,100,900,0,76.685197064653,500,6,0.301482860188417,0,1000,5
88,500,"zero",3,"core",788,788,100,900,0,140.081442864612,500,9,0.86535645721061,0,1000,5
89,500,"zero",3,"core",789,789,100,900,0,118.046649331227,500,8,0.250856457539018,0,1000,5
90,500,"zero",3,"core",790,790,100,900,0,112.7841524221,500,7,0.518947559678339,0,1000,5
91,500,"zero",3,"core",791,791,100,900,0,101.615727450699,500,5,0.206330425013235,0,1000,5
92,500,"zero",3,"core",792,792,100,900,0,150.579404626042,500,10,2.14349086196638,0,1000,5
93,500,"zero",3,"core",793,793,100,900,0,155.357665102929,500,8,0.473971309506979,0,1000,5
94,500,"zero",3,"core",794,794,100,900,0,125.454715806991,500,7,0.480375630839948,0,1000,5
95,500,"zero",3,"core",795,795,100,900,0,51.5050876047462,500,5,0.205855048695831,0,1000,5
96,500,"zero",3,"core",796,796,100,900,0,108.660078812391,500,8,0.377822947143114,0,1000,5
97,500,"zero",3,"core",797,797,100,900,0,112.451727287844,500,5,1.43700400684916,0,1000,5
98,500,"zero",3,"core",798,798,100,900,0,65.4954022075981,500,6,0.245061608610615,0,1000,5
99,500,"zero",3,"core",799,799,100,900,0,65.4374733101577,500,8,0.326732063619484,0,1000,5
100,500,"zero",3,"core",800,800,100,900,0,66.2046473380178,500,5,0.398348702376135,0,1000,5
1,200,"random",2,"merge",801,801,100,900,0.563748459797353,44.7888368461281,218.125770101324,7,0.121691267355352,0,1000,5
2,200,"random",2,"merge",802,802,100,900,0.331067904084921,154.992232201621,334.46604795754,5,0.551182645801691,0,1000,5
3,200,"random",2,"merge",803,803,100,900,-0.483907654602081,77.9336913488805,741.95382730104,9,0.118646021918812,0,1000,5
4,200,"random",2,"merge",804,804,100,900,0.517739305458963,84.4316175300628,241.130347270519,6,3.79636062332027,0,1000,5
5,200,"random",2,"merge",805,805,100,900,-0.258145553059876,58.8079433701933,629.072776529938,7,0.490657808379591,0,1000,5
6,200,"random",2,"merge",806,806,100,900,-0.568804978579283,129.97415099293,784.402489289641,10,0.326488740548773,0,1000,5
7,200,"random",2,"merge",807,807,100,900,-0.369833146501333,102.490171315148,684.916573250666,7,0.417191585017646,0,1000,5
8,200,"random",2,"merge",808,808,100,900,-0.562608767580241,149.274702724069,781.30438379012,10,1.15598556446143,0,1000,5
9,200,"random",2,"merge",809,809,100,900,0.272646359633654,118.359931400046,363.676820183173,10,0.436126818189827,0,1000,5
10,200,"random",2,"merge",810,810,100,900,-0.525830298289657,106.277459803969,762.915149144828,10,0.668848887583852,0,1000,5
11,200,"random",2,"merge",811,811,100,900,0.209080299455672,104.780677063391,395.459850272164,8,0.948135702098671,0,1000,5
12,200,"random",2,"merge",812,812,100,900,0.534041202627122,114.559749560431,232.979398686439,7,0.290481479838931,0,1000,5
13,200,"random",2,"merge",813,813,100,900,0.58874682970345,99.7190828062594,205.626585148275,10,0.292697153370149,0,1000,5
14,200,"random",2,"merge",814,814,100,900,-0.485053023695946,109.98639781028,742.526511847973,7,0.976010229360314,0,1000,5
15,200,"random",2,"merge",815,815,100,900,-0.576669488567859,130.536579824984,788.334744283929,10,0.670567687910564,0,1000,5
16,200,"random",2,"merge",816,816,100,900,-0.516258334554732,77.8291722852737,758.129167277366,10,0.744375094925636,0,1000,5
17,200,"random",2,"merge",817,817,100,900,-0.422315602470189,77.7878996264189,711.157801235095,6,0.854173371659669,0,1000,5
18,200,"random",2,"merge",818,818,100,900,0.231814314331859,116.49847753346,384.09284283407,7,0.138481390071207,0,1000,5
19,200,"random",2,"merge",819,819,100,900,0.231088974047452,40.4207798372954,384.455512976274,5,2.98058644973587,0,1000,5
20,200,"random",2,"merge",820,820,100,900,-0.450378142949194,156.037626154721,725.189071474597,8,0.115333673719337,0,1000,5
21,200,"random",2,"merge",821,821,100,900,-0.478419081307948,144.399322085083,739.209540653974,7,0.627704614998594,0,1000,5
22,200,"random",2,"merge",822,822,100,900,0.294478505756706,128.491285145283,352.760747121647,9,0.774464406239338,0,1000,5
23,200,"random",2,"merge",823,823,100,900,-0.264683320838958,94.5088812615723,632.341660419479,8,0.409511736985619,0,1000,5
24,200,"random",2,"merge",824,824,100,900,0.327746970858425,61.7493933346123,336.126514570788,7,0.205329505658802,0,1000,5
25,200,"random",2,"merge",825,825,100,900,-0.48992841988802,132.338412180543,744.96420994401,5,0.474133787660649,0,1000,5
26,200,"random",2,"merge",826,826,100,900,0.590067975502461,114.617283446714,204.966012248769,10,0.510792981580811,0,1000,5
27,200,"random",2,"merge",827,827,100,900,-0.522905850131065,124.6581246797,761.452925065532,6,0.395164828596613,0,1000,5
28,200,"random",2,"merge",828,828,100,900,-0.290029154997319,134.344183504581,645.014577498659,7,0.35310199780556,0,1000,5
29,200,"random",2,"merge",829,829,100,900,-0.430021841824055,93.2453928980976,715.010920912027,6,0.463317158024677,0,1000,5
30,200,"random",2,"merge",830,830,100,900,-0.248697965871543,101.097380276769,624.348982935771,6,0.15012725920249,0,1000,5
31,200,"random",2,"merge",831,831,100,900,-0.388949145842344,129.601856805384,694.474572921172,10,2.83520529358606,0,1000,5
32,200,"random",2,"merge",832,832,100,900,0.376916366443038,73.1147926673293,311.541816778481,6,1.3423159388013,0,1000,5
33,200,"random",2,"merge",833,833,100,900,0.543637740984559,51.908004572615,228.18112950772,9,0.325745865693925,0,1000,5
34,200,"random",2,"merge",834,834,100,900,-0.442517299484462,113.931495323777,721.258649742231,9,0.303491841754452,0,1000,5
35,200,"random",2,"merge",835,835,100,900,0.543156339600682,122.266743285581,228.421830199659,9,0.496577636355633,0,1000,5
36,200,"random",2,"merge",836,836,100,900,0.571113057248294,75.8334810379893,214.443471375853,10,0.649259454292654,0,1000,5
37,200,"random",2,"merge",837,837,100,900,0.465341471508145,147.764665093273,267.329264245927,10,0.600739342449601,0,1000,5
38,200,"random",2,"merge",838,838,100,900,0.521096464153379,71.3082122430205,239.45176792331,6,0.199284872678008,0,1000,5
39,200,"random",2,"merge",839,839,100,900,0.38017599619925,152.452624421567,309.912001900375,9,1.33486134342503,0,1000,5
40,200,"random",2,"merge",840,840,100,900,-0.436533056758344,148.962759664282,718.266528379172,8,1.09537280321852,0,1000,5
41,200,"random",2,"merge",841,841,100,900,0.530268045328558,78.1920361053199,234.865977335721,7,0.479712662599862,0,1000,5
42,200,"random",2,"merge",842,842,100,900,0.549753552209586,138.404175760224,225.123223895207,9,0.569342801376552,0,1000,5
43,200,"random",2,"merge",843,843,100,900,0.431800718419254,86.1434102244675,284.099640790373,9,0.502020445487204,0,1000,5
44,200,"random",2,"merge",844,844,100,900,0.548923351522535,133.146835146472,225.538324238732,5,0.6968911789537,0,1000,5
45,200,"random",2,"merge",845,845,100,900,0.570486592222005,142.868149708957,214.756703888997,5,0.454165787224124,0,1000,5
46,200,"random",2,"merge",846,846,100,900,-0.433020353130996,61.7253053095192,716.510176565498,7,0.152213010513056,0,1000,5
47,200,"random",2,"merge",847,847,100,900,0.23995572058484,75.2563440054655,380.02213970758,9,1.00782379388928,0,1000,5
48,200,"random",2,"merge",848,848,100,900,0.446392177511007,145.072214258835,276.803911244497,8,0.295193550158503,0,1000,5
49,200,"random",2,"merge",849,849,100,900,0.386523161362857,124.847101699561,306.738419318572,6,0.228811582790983,0,1000,5
50,200,"random",2,"merge",850,850,100,900,-0.243927939236164,119.275984512642,621.963969618082,7,0.535793294297356,0,1000,5
51,200,"random",2,"merge",851,851,100,900,0.545874092914164,88.7416745349765,227.062953542918,10,0.811401088090223,0,1000,5
52,200,"random",2,"merge",852,852,100,900,-0.212380076106638,79.8837570752949,606.190038053319,6,1.80454963130935,0,1000,5
53,200,"random",2,"merge",853,853,100,900,0.297950870171189,69.6466896496713,351.024564914405,6,0.431813288328139,0,1000,5
54,200,"random",2,"merge",854,854,100,900,-0.396213169768453,150.367509862408,698.106584884226,7,1.18018174108768,0,1000,5
55,200,"random",2,"merge",855,855,100,900,-0.2168905261904,102.782649891451,608.4452630952,6,0.166455778069219,0,1000,5
56,200,"random",2,"merge",856,856,100,900,-0.490411537885666,139.000539090484,745.205768942833,8,0.213180715330818,0,1000,5
57,200,"random",2,"merge",857,857,100,900,-0.485705703031272,92.7378692757338,742.852851515636,5,0.296322186137376,0,1000,5
58,200,"random",2,"merge",858,858,100,900,0.442683961708099,137.923985663801,278.658019145951,7,0.408747168350388,0,1000,5
59,200,"random",2,"merge",859,859,100,900,-0.310213880613446,80.6043144781142,655.106940306723,10,0.480178517120532,0,1000,5
60,200,"random",2,"merge",860,860,100,900,-0.417024843022227,59.4766036886722,708.512421511114,7,0.286277900324876,0,1000,5
61,200,"random",2,"merge",861,861,100,900,-0.324919489305466,73.451292803511,662.459744652733,5,0.815877984167897,0,1000,5
62,200,"random",2,"merge",862,862,100,900,-0.336698988731951,52.5345939956606,668.349494365975,7,2.46119787833938,0,1000,5
63,200,"random",2,"merge",863,863,100,900,-0.511608678009361,131.025199266151,755.804339004681,10,0.267590207755476,0,1000,5
64,200,"random",2,"merge",864,864,100,900,0.342899617366493,98.1103289593011,328.550191316754,10,0.323953654125331,0,1000,5
65,200,"random",2,"merge",865,865,100,900,-0.593107392452657,155.504001677036,796.553696226329,10,0.129084329872071,0,1000,5
66,200,"random",2,"merge",866,866,100,900,0.430003431998193,75.2099768538028,284.998284000903,8,0.357888626695354,0,1000,5
67,200,"random",2,"merge",867,867,100,900,-0.407143625430763,81.6134019102901,703.571812715381,8,1.07693979819899,0,1000,5
68,200,"random",2,"merge",868,868,100,900,-0.307345965411514,66.516494564712,653.672982705757,8,0.282006192977165,0,1000,5
69,200,"random",2,"merge",869,869,100,900,-0.531296809576452,54.1558322124183,765.648404788226,8,0.161238854827151,0,1000,5
70,200,"random",2,"merge",870,870,100,900,0.478985531628132,43.1944554764777,260.507234185934,10,0.172341023162943,0,1000,5
71,200,"random",2,"merge",871,871,100,900,-0.206725524179637,62.0109655149281,603.362762089819,6,1.11471444916228,0,1000,5
72,200,"random",2,"merge",872,872,100,900,0.582951244805008,156.544067366049,208.524377597496,6,2.08450278916719,0,1000,5
73,200,"random",2,"merge",873,873,100,900,0.414410631824285,109.393963385373,292.794684087858,10,0.247997502245302,0,1000,5
74,200,"random",2,"merge",874,874,100,900,0.280946791172028,123.717130459845,359.526604413986,8,1.46029476961776,0,1000,5
75,200,"random",2,"merge",875,875,100,900,-0.216401719953865,100.752400197089,608.200859976932,6,0.27314373668112,0,1000,5
76,200,"random",2,"merge",876,876,100,900,-0.432902656681836,70.6129142921418,716.451328340918,5,0.22527043925472,0,1000,5
77,200,"random",2,"merge",877,877,100,900,0.217740265373141,56.7616022657603,391.12986731343,6,2.61477113446581,0,1000,5
78,200,"random",2,"merge",878,878,100,900,0.432000810932368,153.542431481183,283.999594533816,9,0.440388411805002,0,1000,5
79,200,"random",2,"merge",879,879,100,900,0.56819133553654,110.75263700448,215.90433223173,10,0.169117407680278,0,1000,5
80,200,"random",2,"merge",880,880,100,900,-0.317016114294529,90.3174102213234,658.508057147264,5,0.63212093356916,0,1000,5
81,200,"random",2,"merge",881,881,100,900,-0.502985585480928,95.2237652614713,751.492792740464,10,0.679544829570376,0,1000,5
82,200,"random",2,"merge",882,882,100,900,0.486685149185359,106.573952585459,256.65742540732,7,2.30328032506152,0,1000,5
83,200,"random",2,"merge",883,883,100,900,-0.487088516168296,114.758544946089,743.544258084148,10,0.428094250965075,0,1000,5
84,200,"random",2,"merge",884,884,100,900,0.206170662585646,119.772047447041,396.914668707177,8,0.460293321397408,0,1000,5
85,200,"random",2,"merge",885,885,100,900,0.318621810618788,94.6397423837334,340.689094690606,6,0.128972408731858,0,1000,5
86,200,"random",2,"merge",886,886,100,900,0.365060443431139,116.299023190513,317.469778284431,7,0.297759531790758,0,1000,5
87,200,"random",2,"merge",887,887,100,900,-0.239969487208873,48.6003679223359,619.984743604437,5,3.07086870196701,0,1000,5
88,200,"random",2,"merge",888,888,100,900,0.316906213015318,127.37736265175,341.546893492341,6,0.161505445867325,0,1000,5
89,200,"random",2,"merge",889,889,100,900,0.466504741925746,149.940310437232,266.747629037127,6,0.780670374930857,0,1000,5
90,200,"random",2,"merge",890,890,100,900,0.306405049469322,111.068607736379,346.797475265339,5,0.237523658788052,0,1000,5
91,200,"random",2,"merge",891,891,100,900,-0.251742651965469,149.721397953108,625.871325982735,6,0.209176255478332,0,1000,5
92,200,"random",2,"merge",892,892,100,900,-0.204457727912813,101.108717527241,602.228863956407,6,3.87635992743792,0,1000,5
93,200,"random",2,"merge",893,893,100,900,-0.596893880609423,101.984962914139,798.446940304711,7,0.174068528208857,0,1000,5
94,200,"random",2,"merge",894,894,100,900,-0.325048061367124,72.8118667192757,662.524030683562,5,0.157691895804515,0,1000,5
95,200,"random",2,"merge",895,895,100,900,0.412478314246982,152.777119772509,293.760842876509,5,0.745300570048742,0,1000,5
96,200,"random",2,"merge",896,896,100,900,-0.488782964460552,44.5670039672405,744.391482230276,9,0.614062799872576,0,1000,5
97,200,"random",2,"merge",897,897,100,900,-0.449633688014001,138.505755290389,724.816844007,9,0.2289114230451,0,1000,5
98,200,"random",2,"merge",898,898,100,900,0.351956740580499,73.1466268002987,324.02162970975,10,0.175284974391618,0,1000,5
99,200,"random",2,"merge",899,899,100,900,0.222848859336227,59.0521967504174,388.575570331886,5,0.21153191288079,0,1000,5
100,200,"random",2,"merge",900,900,100,900,0.39597002742812,124.389032758772,302.01498628594,10,2.06615896221604,0,1000,5
1,200,"random",3,"merge",901,901,100,900,-0.479234688449651,135.95536455512,739.617344224826,8,0.45235667497073,0,1000,5
2,200,"random",3,"merge",902,902,100,900,0.443238102272153,129.43656922318,278.380948863924,6,1.21244703361553,0,1000,5
3,200,"random",3,"merge",903,903,100,900,-0.548757811076939,55.8824776113033,774.37890553847,5,0.910359569159141,0,1000,5
4,200,"random",3,"merge",904,904,100,900,0.304171179793775,112.957511497661,347.914410103112,5,2.00921684709536,0,1000,5
5,200,"random",3,"merge",905,905,100,900,-0.449053370207548,84.1463352646679,724.526685103774,7,0.283065477906515,0,1000,5
6,200,"random",3,"merge",906,906,100,900,-0.24891702355817,64.9438291974366,624.458511779085,8,1.22539455629492,0,1000,5
7,200,"random",3,"merge",907,907,100,900,0.408859003707767,122.428219337016,295.570498146117,8,1.39385243770725,0,1000,5
8,200,"random",3,"merge",908,908,100,900,-0.564636586606503,144.695618785918,782.318293303251,10,0.271859216025336,0,1000,5
9,200,"random",3,"merge",909,909,100,900,0.576504646986723,149.157773666084,211.747676506639,6,1.26781505753622,0,1000,5
10,200,"random",3,"merge",910,910,100,900,-0.343002992868423,152.993977628648,671.501496434212,5,0.684221872107849,0,1000,5
11,200,"random",3,"merge",911,911,100,900,-0.505550962220877,66.5882244054228,752.775481110439,6,0.835014435759516,0,1000,5
12,200,"random",3,"merge",912,912,100,900,-0.273413813021034,70.7341368123889,636.706906510517,9,0.670556718366055,0,1000,5
13,200,"random",3,"merge",913,913,100,900,-0.494826344959438,111.169330915436,747.413172479719,9,0.346394764441,0,1000,5
14,200,"random",3,"merge",914,914,100,900,0.234604989457876,150.786461690441,382.697505271062,6,1.1594835006734,0,1000,5
15,200,"random",3,"merge",915,915,100,900,-0.542706833221018,146.069562137127,771.353416610509,9,0.227693213690038,0,1000,5
16,200,"random",3,"merge",916,916,100,900,-0.571157197467983,124.455691240728,785.578598733991,9,0.179206889055602,0,1000,5
17,200,"random",3,"merge",917,917,100,900,-0.453513048309833,101.800005631521,726.756524154916,8,2.68244478719095,0,1000,5
18,200,"random",3,"merge",918,918,100,900,0.225028426107019,42.2983461804688,387.48578694649,6,1.95561726778297,0,1000,5
19,200,"random",3,"merge",919,919,100,900,0.599665966816247,44.3307946436107,200.167016591877,5,0.411585356687185,0,1000,5
20,200,"random",3,"merge",920,920,100,900,-0.326274669729173,105.116351051256,663.137334864587,5,0.735685414676501,0,1000,5
21,200,"random",3,"merge",921,921,100,900,0.454724880773574,138.876570463181,272.637559613213,6,0.152383335072557,0,1000,5
22,200,"random",3,"merge",922,922,100,900,-0.533526753168553,47.4389373883605,766.763376584277,6,0.518499756252273,0,1000,5
23,200,"random",3,"merge",923,923,100,900,0.543375870771706,127.894694190472,228.312064614147,9,0.597353938372457,0,1000,5
24,200,"random",3,"merge",924,924,100,900,-0.551805371884257,98.7447031028569,775.902685942128,10,0.241162239122734,0,1000,5
25,200,"random",3,"merge",925,925,100,900,0.528112542815506,139.017412588,235.943728592247,5,0.666686259583332,0,1000,5
26,200,"random",3,"merge",926,926,100,900,-0.410193957854062,75.3942123986781,705.096978927031,6,0.32128373981302,0,1000,5
27,200,"random",3,"merge",927,927,100,900,-0.505406224913895,97.5119558162987,752.703112456948,6,0.453781834304472,0,1000,5
28,200,"random",3,"merge",928,928,100,900,-0.581222233083099,64.1844859626144,790.61111654155,10,0.264974923765987,0,1000,5
29,200,"random",3,"merge",929,929,100,900,-0.541759289614856,146.669740518555,770.879644807428,6,0.610487957065353,0,1000,5
30,200,"random",3,"merge",930,930,100,900,-0.356932577397674,143.283504331484,678.466288698837,7,1.8721012185036,0,1000,5
31,200,"random",3,"merge",931,931,100,900,-0.454821136593819,108.109262073413,727.410568296909,9,1.05607203817904,0,1000,5
32,200,"random",3,"merge",932,932,100,900,0.403213197272271,107.50715023838,298.393401363865,7,0.362012279671528,0,1000,5
33,200,"random",3,"merge",933,933,100,900,0.210572599153966,102.300924956799,394.713700423017,5,0.765278377106662,0,1000,5
34,200,"random",3,"merge",934,934,100,900,-0.236348671559244,40.9104041568935,618.174335779622,5,0.327165490571524,0,1000,5
35,200,"random",3,"merge",935,935,100,900,0.284656211547554,96.0347479768098,357.671894226223,7,0.138145282840322,0,1000,5
36,200,"random",3,"merge",936,936,100,900,-0.54516115244478,80.6254345551133,772.58057622239,10,0.155892251572262,0,1000,5
37,200,"random",3,"merge",937,937,100,900,-0.596173501200974,158.747479664162,798.086750600487,5,0.92868363253118,0,1000,5
38,200,"random",3,"merge",938,938,100,900,0.572662435658276,124.968933779746,213.668782170862,7,2.5260730359844,0,1000,5
39,200,"random",3,"merge",939,939,100,900,0.589050592295825,135.599833391607,205.474703852087,6,0.481704221210995,0,1000,5
40,200,"random",3,"merge",940,940,100,900,0.313461293466389,121.862185504287,343.269353266805,8,0.256664374740606,0,1000,5
41,200,"random",3,"merge",941,941,100,900,-0.382555053476244,40.9326330479235,691.277526738122,6,1.64849802990225,0,1000,5
42,200,"random",3,"merge",942,942,100,900,0.541058411356062,84.7536083683372,229.470794321969,6,0.783797119022144,0,1000,5
43,200,"random",3,"merge",943,943,100,900,-0.202395403012633,78.9806502591819,601.197701506317,9,0.977839834767085,0,1000,5
44,200,"random",3,"merge",944,944,100,900,0.576942165568471,130.613136747852,211.528917215765,5,1.13563058985799,0,1000,5
45,200,"random",3,"merge",945,945,100,900,0.289495915360749,133.298646779731,355.252042319626,6,2.06141234278953,0,1000,5
46,200,"random",3,"merge",946,946,100,900,-0.537154624704272,142.933675684035,768.577312352136,8,1.52721486432738,0,1000,5
47,200,"random",3,"merge",947,947,100,900,-0.226441024895757,71.842232150957,613.220512447879,10,0.211040898638224,0,1000,5
48,200,"random",3,"merge",948,948,100,900,0.307661472354084,98.2928060088307,346.169263822958,6,2.43075042029652,0,1000,5
49,200,"random",3,"merge",949,949,100,900,0.218659828510135,64.4372510258108,390.670085744932,6,0.449720258705516,0,1000,5
50,200,"random",3,"merge",950,950,100,900,0.371791692730039,110.015416182578,314.10415363498,8,2.12237348380847,0,1000,5
51,200,"random",3,"merge",951,951,100,900,0.531587571371347,66.2038345169276,234.206214314327,7,1.11354564593541,0,1000,5
52,200,"random",3,"merge",952,952,100,900,-0.316549146175385,121.220614770427,658.274573087692,9,0.409245470290453,0,1000,5
53,200,"random",3,"merge",953,953,100,900,0.419887942355126,116.653663385659,290.056028822437,10,0.791271531383509,0,1000,5
54,200,"random",3,"merge",954,954,100,900,0.203985914681107,147.428251262754,398.007042659447,6,0.440751712811928,0,1000,5
55,200,"random",3,"merge",955,955,100,900,-0.569935427047312,75.8297159988433,784.967713523656,7,2.25981161622228,0,1000,5
56,200,"random",3,"merge",956,956,100,900,-0.207241736352444,103.101281877607,603.620868176222,9,0.296634914507096,0,1000,5
57,200,"random",3,"merge",957,957,100,900,-0.237010934948921,99.5350088085979,618.505467474461,8,1.28999008629815,0,1000,5
58,200,"random",3,"merge",958,958,100,900,0.591642630007118,135.516636492684,204.178684996441,6,0.246296955811046,0,1000,5
59,200,"random",3,"merge",959,959,100,900,0.263082029484212,93.6228328198195,368.458985257894,8,0.401714200029912,0,1000,5
60,200,"random",3,"merge",960,960,100,900,0.304944817442447,144.873591177166,347.527591278777,8,2.65697304794742,0,1000,5
61,200,"random",3,"merge",961,961,100,900,0.495852443855256,92.7760514151305,252.073778072372,5,0.286512481812887,0,1000,5
62,200,"random",3,"merge",962,962,100,900,-0.470682354830205,136.45195116289,735.341177415103,8,0.137455157747709,0,1000,5
63,200,"random",3,"merge",963,963,100,900,-0.550508836098015,75.8625272382051,775.254418049008,5,0.266895705297763,0,1000,5
64,200,"random",3,"merge",964,964,100,900,-0.246542941499501,144.656279748306,623.271470749751,10,1.77349267745469,0,1000,5
65,200,"random",3,"merge",965,965,100,900,-0.372440132964402,65.8499438595027,686.220066482201,9,0.303724330011623,0,1000,5
66,200,"random",3,"merge",966,966,100,900,0.54928261814639,104.439358366653,225.358690926805,5,1.00933112894521,0,1000,5
67,200,"random",3,"merge",967,967,100,900,0.266952137928456,152.450394835323,366.523931035772,8,0.168114664834484,0,1000,5
68,200,"random",3,"merge",968,968,100,900,-0.266408929228783,89.8931867908687,633.204464614391,5,0.728865798494539,0,1000,5
69,200,"random",3,"merge",969,969,100,900,0.587246417161077,137.480558343232,206.376791419461,7,0.731352773497543,0,1000,5
70,200,"random",3,"merge",970,970,100,900,0.350945468619466,105.111065311357,324.527265690267,9,0.794151966118802,0,1000,5
71,200,"random",3,"merge",971,971,100,900,-0.581577773205936,106.441839430481,790.788886602968,6,2.62767413737756,0,1000,5
72,200,"random",3,"merge",972,972,100,900,0.50440254593268,126.547358911484,247.79872703366,10,0.353332171217439,0,1000,5
73,200,"random",3,"merge",973,973,100,900,-0.541926169209182,106.632499061525,770.963084604591,10,0.349515116763115,0,1000,5
74,200,"random",3,"merge",974,974,100,900,-0.56742838267237,52.8201266564429,783.714191336185,7,0.263630016027115,0,1000,5
75,200,"random",3,"merge",975,975,100,900,0.51693534469232,110.855257958174,241.53232765384,5,2.71175937717307,0,1000,5
76,200,"random",3,"merge",976,976,100,900,-0.307992907706648,62.1123929973692,653.996453853324,9,0.268026669453517,0,1000,5
77,200,"random",3,"merge",977,977,100,900,-0.246448907442391,156.11553773284,623.224453721195,6,1.34854794585831,0,1000,5
78,200,"random",3,"merge",978,978,100,900,0.506204731017351,132.32203964144,246.897634491324,7,0.717013889291664,0,1000,5
79,200,"random",3,"merge",979,979,100,900,-0.208494581654668,83.0601862911135,604.247290827334,5,0.610898962991891,0,1000,5
80,200,"random",3,"merge",980,980,100,900,-0.221434506028891,143.558108946308,610.717253014445,10,0.903505153608756,0,1000,5
81,200,"random",3,"merge",981,981,100,900,0.593267419561744,54.9328233487904,203.366290219128,6,0.322960919089248,0,1000,5
82,200,"random",3,"merge",982,982,100,900,0.39856002740562,156.789673445746,300.71998629719,5,0.135127293465107,0,1000,5
83,200,"random",3,"merge",983,983,100,900,0.447045420203358,103.580343769863,276.477289898321,5,0.458009023881912,0,1000,5
84,200,"random",3,"merge",984,984,100,900,0.245600576885045,65.6328020524234,377.199711557478,8,0.131999279237035,0,1000,5
85,200,"random",3,"merge",985,985,100,900,-0.281914855912328,125.628685029224,640.957427956164,6,1.29319854661649,0,1000,5
86,200,"random",3,"merge",986,986,100,900,0.252706700656563,152.162540555,373.646649671718,7,0.189919847419548,0,1000,5
87,200,"random",3,"merge",987,987,100,900,0.574515521805733,106.286251526326,212.742239097133,9,0.856791687320459,0,1000,5
88,200,"random",3,"merge",988,988,100,900,-0.470950170140713,101.900154510513,735.475085070357,7,0.870751015004703,0,1000,5
89,200,"random",3,"merge",989,989,100,900,-0.30773466611281,80.7104076351971,653.867333056405,8,0.431184205061852,0,1000,5
90,200,"random",3,"merge",990,990,100,900,0.343218811135739,44.7908041067421,328.39059443213,6,0.388237269297912,0,1000,5
91,200,"random",3,"merge",991,991,100,900,-0.329137603286654,136.68980518356,664.568801643327,5,1.82364823455522,0,1000,5
92,200,"random",3,"merge",992,992,100,900,-0.43669765945524,71.9246285222471,718.34882972762,8,0.345494107103823,0,1000,5
93,200,"random",3,"merge",993,993,100,900,-0.468539567571133,152.326722592115,734.269783785567,10,2.85941020651639,0,1000,5
94,200,"random",3,"merge",994,994,100,900,0.303917104844004,81.0895432997495,348.041447577998,9,0.297261886479934,0,1000,5
95,200,"random",3,"merge",995,995,100,900,0.232544013857841,102.564482865855,383.727993071079,5,0.49906298705206,0,1000,5
96,200,"random",3,"merge",996,996,100,900,0.323716424591839,92.8540873806924,338.14178770408,7,1.80967064810733,0,1000,5
97,200,"random",3,"merge",997,997,100,900,0.323066283017397,156.251394804567,338.466858491302,10,0.481640844559585,0,1000,5
98,200,"random",3,"merge",998,998,100,900,0.465891768876463,123.935871254653,267.054115561768,8,0.147497508725806,0,1000,5
99,200,"random",3,"merge",999,999,100,900,-0.257774454727769,49.5540377311409,628.887227363884,8,0.240389743033971,0,1000,5
100,200,"random",3,"merge",1000,1000,100,900,-0.319422776717693,78.4709555562586,659.711388358846,7,0.847944184517232,0,1000,5
1,200,"random",4,"merge",1001,1001,100,900,0.551969616208225,65.481769349426,224.015191895887,6,0.317755446706762,0,1000,5
2,200,"random",4,"merge",1002,1002,100,900,-0.427799150813371,84.2286240123212,713.899575406685,8,4.54373765506133,0,1000,5
3,200,"random",4,"merge",1003,1003,100,900,0.451776140648872,144.457851853222,274.111929675564,6,0.19183599215418,0,1000,5
4,200,"random",4,"merge",1004,1004,100,900,0.370500196143985,106.116956416518,314.749901928008,8,0.136999773187769,0,1000,5
5,200,"random",4,"merge",1005,1005,100,900,0.354603027366102,74.0745513420552,322.698486316949,8,0.253353264320581,0,1000,5
6,200,"random",4,"merge",1006,1006,100,900,-0.597304232511669,157.097371434793,798.652116255835,6,0.369247417618026,0,1000,5
7,200,"random",4,"merge",1007,1007,100,900,0.562737198732793,145.120438924059,218.631400633603,9,0.142995023876247,0,1000,5
8,200,"random",4,"merge",1008,1008,100,900,0.37803449826315,85.8365490287542,310.982750868425,5,0.142320261328484,0,1000,5
9,200,"random",4,"merge",1009,1009,100,900,-0.392745896149427,70.4657452553511,696.372948074713,6,0.628120982771063,0,1000,5
10,200,"random",4,"merge",1010,1010,100,900,0.352403010427952,55.8158171735704,323.798494786024,7,0.200705342638758,0,1000,5
11,200,"random",4,"merge",1011,1011,100,900,-0.36598560065031,146.819699220359,682.992800325155,9,0.58945039082715,0,1000,5
12,200,"random",4,"merge",1012,1012,100,900,0.520469473674893,85.2582307625562,239.765263162553,6,0.295908072202543,0,1000,5
13,200,"random",4,"merge",1013,1013,100,900,0.421446712594479,82.2338267229498,289.27664370276,10,0.86778355761188,0,1000,5
14,200,"random",4,"merge",1014,1014,100,900,0.411036958359182,158.316276902333,294.481520820409,9,1.07581276212009,0,1000,5
15,200,"random",4,"merge",1015,1015,100,900,-0.303785761911422,98.4377317409962,651.892880955711,6,1.2693135560557,0,1000,5
16,200,"random",4,"merge",1016,1016,100,900,-0.460413492750376,53.5842565447092,730.206746375188,5,0.229635053470922,0,1000,5
17,200,"random",4,"merge",1017,1017,100,900,-0.409102418925613,116.743890661746,704.551209462807,9,0.143147171802127,0,1000,5
18,200,"random",4,"merge",1018,1018,100,900,0.514041127450764,69.3800372537225,242.979436274618,9,0.62800386280205,0,1000,5
19,200,"random",4,"merge",1019,1019,100,900,0.529648391529918,52.8042769245803,235.175804235041,7,0.234753525836446,0,1000,5
20,200,"random",4,"merge",1020,1020,100,900,0.263644612580538,114.08424070105,368.177693709731,9,0.31079667337994,0,1000,5
21,200,"random",4,"merge",1021,1021,100,900,0.432276701368392,97.9846343584359,283.861649315804,6,0.298530020766742,0,1000,5
22,200,"random",4,"merge",1022,1022,100,900,-0.22312885010615,111.381754409522,611.564425053075,10,2.43244483333789,0,1000,5
23,200,"random",4,"merge",1023,1023,100,900,-0.579201393853873,101.040692264214,789.600696926937,7,0.232039491506393,0,1000,5
24,200,"random",4,"merge",1024,1024,100,900,0.468461090885103,127.789984578267,265.769454557449,7,1.12449821941108,0,1000,5
25,200,"random",4,"merge",1025,1025,100,900,-0.310588590428233,147.134532779455,655.294295214117,5,0.881792229510315,0,1000,5
26,200,"random",4,"merge",1026,1026,100,900,-0.463677883800119,120.626615388319,731.83894190006,8,1.51210194883995,0,1000,5
27,200,"random",4,"merge",1027,1027,100,900,-0.351529869344085,57.6663069520146,675.764934672043,5,0.119029917614613,0,1000,5
28,200,"random",4,"merge",1028,1028,100,900,0.481995540950447,96.305304216221,259.002229524776,9,1.40796831403322,0,1000,5
29,200,"random",4,"merge",1029,1029,100,900,0.56371944276616,147.985555622727,218.14027861692,7,0.23562018421824,0,1000,5
30,200,"random",4,"merge",1030,1030,100,900,-0.433418324775994,157.441253261641,716.709162387997,6,1.32683435803739,0,1000,5
31,200,"random",4,"merge",1031,1031,100,900,0.245527718681842,95.5214572418481,377.236140659079,10,0.133372608780189,0,1000,5
32,200,"random",4,"merge",1032,1032,100,900,-0.416833564266562,64.7967234160751,708.416782133281,9,0.35487857544317,0,1000,5
33,200,"random",4,"merge",1033,1033,100,900,0.231774025503546,82.7622854616493,384.112987248227,9,0.58016091285654,0,1000,5
34,200,"random",4,"merge",1034,1034,100,900,0.303658826556057,122.792594218627,348.170586721972,8,0.869459933729698,0,1000,5
35,200,"random",4,"merge",1035,1035,100,900,-0.496139975450933,138.757346579805,748.069987725466,6,0.915403417610967,0,1000,5
36,200,"random",4,"merge",1036,1036,100,900,0.512804520037025,44.4609023444355,243.597739981487,9,1.62567183426744,0,1000,5
37,200,"random",4,"merge",1037,1037,100,900,0.336527391895652,114.292719643563,331.736304052174,7,0.284798308729157,0,1000,5
38,200,"random",4,"merge",1038,1038,100,900,-0.372131829615682,115.31623987481,686.065914807841,6,0.178920803658604,0,1000,5
39,200,"random",4,"merge",1039,1039,100,900,-0.265492640435696,137.376881493255,632.746320217848,9,1.33799338337412,0,1000,5
40,200,"random",4,"merge",1040,1040,100,900,-0.396462712623179,45.4359800368547,698.231356311589,6,0.510750427806152,0,1000,5
41,200,"random",4,"merge",1041,1041,100,900,0.270761300530285,153.664395129308,364.619349734858,6,0.234519129098676,0,1000,5
42,200,"random",4,"merge",1042,1042,100,900,0.272082454990596,44.3027700297534,363.958772504702,7,0.425048376748699,0,1000,5
43,200,"random",4,"merge",1043,1043,100,900,-0.514409954659641,97.4134585354477,757.20497732982,5,1.04768155146457,0,1000,5
44,200,"random",4,"merge",1044,1044,100,900,-0.281190122105181,60.7586269825697,640.595061052591,8,0.412643744711411,0,1000,5
45,200,"random",4,"merge",1045,1045,100,900,-0.298152188770473,44.7821321338415,649.076094385237,5,1.52573761789827,0,1000,5
46,200,"random",4,"merge",1046,1046,100,900,-0.449920837208629,73.868530811742,724.960418604314,8,0.282421900255796,0,1000,5
47,200,"random",4,"merge",1047,1047,100,900,-0.39335528081283,76.5711155068129,696.677640406415,10,0.4853776786228,0,1000,5
48,200,"random",4,"merge",1048,1048,100,900,-0.334880759287626,138.378225276247,667.440379643813,5,1.48057063794382,0,1000,5
49,200,"random",4,"merge",1049,1049,100,900,0.286418171320111,89.7390524763614,356.790914339945,7,1.22282229418155,0,1000,5
50,200,"random",4,"merge",1050,1050,100,900,-0.518739911261946,137.545087151229,759.369955630973,8,0.629885947367081,0,1000,5
51,200,"random",4,"merge",1051,1051,100,900,-0.467208451684564,103.938321415335,733.604225842282,9,0.391495982986517,0,1000,5
52,200,"random",4,"merge",1052,1052,100,900,-0.524613788723946,62.5141570903361,762.306894361973,9,1.31846384917982,0,1000,5
53,200,"random",4,"merge",1053,1053,100,900,-0.301137594226748,47.232384076342,650.568797113374,6,0.203434813388845,0,1000,5
54,200,"random",4,"merge",1054,1054,100,900,-0.227026368211955,51.2850153166801,613.513184105977,8,0.153110770498592,0,1000,5
55,200,"random",4,"merge",1055,1055,100,900,-0.469448702968657,68.7196777295321,734.724351484329,8,1.3821914934304,0,1000,5
56,200,"random",4,"merge",1056,1056,100,900,0.263416431378573,112.576340679079,368.291784310713,7,0.858436676461798,0,1000,5
57,200,"random",4,"merge",1057,1057,100,900,-0.316732824128121,78.3649123553187,658.366412064061,5,1.69708041833933,0,1000,5
58,200,"random",4,"merge",1058,1058,100,900,-0.200661138631403,48.0417310912162,600.330569315702,8,0.251814670099918,0,1000,5
59,200,"random",4,"merge",1059,1059,100,900,-0.587335973512381,89.575199149549,793.667986756191,5,0.629840836188449,0,1000,5
60,200,"random",4,"merge",1060,1060,100,900,0.596468585636467,42.271591424942,201.765707181767,9,0.186009157211991,0,1000,5
61,200,"random",4,"merge",1061,1061,100,900,0.46247469317168,71.5464958921075,268.76265341416,7,1.6867233811051,0,1000,5
62,200,"random",4,"merge",1062,1062,100,900,-0.379952669236809,68.3636231161654,689.976334618405,5,1.48858530393354,0,1000,5
63,200,"random",4,"merge",1063,1063,100,900,0.212447410542518,76.5403777547181,393.776294728741,8,0.789185342554725,0,1000,5
64,200,"random",4,"merge",1064,1064,100,900,-0.382872874196619,104.445166327059,691.436437098309,5,0.463278735693634,0,1000,5
65,200,"random",4,"merge",1065,1065,100,900,0.566169402934611,155.362827153876,216.915298532695,5,0.87896979970762,0,1000,5
66,200,"random",4,"merge",1066,1066,100,900,0.304530638549477,159.664321877062,347.734680725262,5,0.156788109063057,0,1000,5
67,200,"random",4,"merge",1067,1067,100,900,0.38810603749007,91.3856108020991,305.946981254965,5,0.750878799702735,0,1000,5
68,200,"random",4,"merge",1068,1068,100,900,-0.306025441270322,151.622731350362,653.012720635161,9,0.25298593209517,0,1000,5
69,200,"random",4,"merge",1069,1069,100,900,0.436038705799729,51.7004432249814,281.980647100136,5,0.146949447617345,0,1000,5
70,200,"random",4,"merge",1070,1070,100,900,-0.256596485804766,133.641432784498,628.298242902383,6,0.264267475632803,0,1000,5
71,200,"random",4,"merge",1071,1071,100,900,0.567012536432594,57.0394288282841,216.493731783703,6,0.642778849534557,0,1000,5
72,200,"random",4,"merge",1072,1072,100,900,-0.500124978180975,99.8698779940605,750.062489090487,10,0.230518402792699,0,1000,5
73,200,"random",4,"merge",1073,1073,100,900,-0.463025340158492,101.205263389274,731.512670079246,10,0.19893744173743,0,1000,5
74,200,"random",4,"merge",1074,1074,100,900,-0.565311022195965,43.7286099418998,782.655511097983,7,0.294655829190432,0,1000,5
75,200,"random",4,"merge",1075,1075,100,900,-0.597914779838175,156.274035135284,798.957389919087,9,2.60819125536067,0,1000,5
76,200,"random",4,"merge",1076,1076,100,900,-0.380652419757098,79.1372902039438,690.326209878549,8,1.04766702579309,0,1000,5
77,200,"random",4,"merge",1077,1077,100,900,0.319731154665351,127.441906100139,340.134422667325,5,0.24490013021504,0,1000,5
78,200,"random",4,"merge",1078,1078,100,900,0.40430215569213,103.237010091543,297.848922153935,7,1.65375065683667,0,1000,5
79,200,"random",4,"merge",1079,1079,100,900,0.455093448143452,51.9915392342955,272.453275928274,6,0.255108450629906,0,1000,5
80,200,"random",4,"merge",1080,1080,100,900,0.477718539629132,144.359082160518,261.140730185434,8,0.384356179502806,0,1000,5
81,200,"random",4,"merge",1081,1081,100,900,-0.473065573722124,97.4845318216831,736.532786861062,7,1.38675156863766,0,1000,5
82,200,"random",4,"merge",1082,1082,100,900,-0.556182517204434,62.3366077058017,778.091258602217,6,1.5824162924936,0,1000,5
83,200,"random",4,"merge",1083,1083,100,900,-0.514316797442734,66.34426956065,757.158398721367,7,0.117231360713729,0,1000,5
84,200,"random",4,"merge",1084,1084,100,900,-0.351895737741143,139.041119823232,675.947868870571,8,3.2786481288985,0,1000,5
85,200,"random",4,"merge",1085,1085,100,900,0.518835891503841,55.0968812499195,240.58205424808,9,1.0841854400038,0,1000,5
86,200,"random",4,"merge",1086,1086,100,900,-0.520110374130309,72.8412248939276,760.055187065154,9,0.443922869438192,0,1000,5
87,200,"random",4,"merge",1087,1087,100,900,-0.483357445057482,104.225127454847,741.678722528741,5,0.20094761104111,0,1000,5
88,200,"random",4,"merge",1088,1088,100,900,-0.491876588668674,145.148689374328,745.938294334337,5,0.373126453618644,0,1000,5
89,200,"random",4,"merge",1089,1089,100,900,0.242827022448182,159.119811123237,378.586488775909,9,0.408247739312966,0,1000,5
90,200,"random",4,"merge",1090,1090,100,900,-0.540155244898051,155.555563345552,770.077622449026,7,0.215347786137029,0,1000,5
91,200,"random",4,"merge",1091,1091,100,900,-0.335867060255259,150.597267160192,667.93353012763,8,0.666570070736692,0,1000,5
92,200,"random",4,"merge",1092,1092,100,900,-0.512439190410078,51.3417488429695,756.219595205039,8,1.82106461003957,0,1000,5
93,200,"random",4,"merge",1093,1093,100,900,-0.411326605919749,49.7769445274025,705.663302959874,7,1.74506546044809,0,1000,5
94,200,"random",4,"merge",1094,1094,100,900,-0.40962933851406,129.52040610835,704.81466925703,8,0.174893878274187,0,1000,5
95,200,"random",4,"merge",1095,1095,100,900,-0.324222845770419,118.611375084147,662.111422885209,7,0.375154514289368,0,1000,5
96,200,"random",4,"merge",1096,1096,100,900,-0.230886499024928,89.7230556700379,615.443249512464,9,0.179019562762983,0,1000,5
97,200,"random",4,"merge",1097,1097,100,900,-0.450531168375164,127.457776451483,725.265584187582,8,0.81767506481284,0,1000,5
98,200,"random",4,"merge",1098,1098,100,900,-0.339732302166522,131.891160532832,669.866151083261,7,0.585673786310958,0,1000,5
99,200,"random",4,"merge",1099,1099,100,900,0.285156529117376,138.091509733349,357.421735441312,9,2.73969317587873,0,1000,5
100,200,"random",4,"merge",1100,1100,100,900,-0.578166307508945,157.566062677652,789.083153754473,5,0.221037559290425,0,1000,5
