"rep","period_span","rise_level","dataset_id","seed","N","period_start","period_end","intercept","sigma","rise","slope","time_ref_min","time_ref_range","mean_width","coarseness"
1,200,4,1,1,200,100,300,11.0827551214024,2.85853830981068,-3.68074421025813,-0.0184037210512906,-100,600,125,0.625
2,200,4,2,2,200,100,300,9.2348965764977,2.30538886378054,3.6661488134414,0.018330744067207,-100,600,125,0.625
3,200,4,3,3,200,100,300,3.82181944954209,2.38703471398912,-1.47108724340796,-0.00735543621703982,-100,600,125,0.625
4,200,4,4,4,200,100,300,5.71440298110247,0.731659689801745,-1.03789216466248,-0.0051894608233124,-100,600,125,0.625
5,200,4,5,5,200,100,300,9.21979712950997,2.70790913782548,-2.74613710865378,-0.0137306855432689,-100,600,125,0.625
6,200,4,6,6,200,100,300,2.32670495496131,1.3712876085192,1.998276732862,0.00999138366430998,-100,600,125,0.625
7,200,4,7,7,200,100,300,8.06099721463397,2.12398496468086,0.166011421009898,0.000830057105049491,-100,600,125,0.625
8,200,4,8,8,200,100,300,13.1931389062665,0.977073826710694,3.28498018160462,0.0164249009080231,-100,600,125,0.625
9,200,4,9,9,200,100,300,5.2825153239537,2.00628761353437,1.22399542666972,0.00611997713334858,-100,600,125,0.625
10,200,4,10,10,200,100,300,9.55048238486052,2.36760065588169,0.418497320264578,0.00209248660132289,-100,600,125,0.625
11,200,4,11,11,200,100,300,2.07713233865798,0.703432924230583,0.318711804226041,0.0015935590211302,-100,600,125,0.625
12,200,4,12,12,200,100,300,10.9942572184373,3.96148339728825,0.970649970695376,0.00485324985347688,-100,600,125,0.625
13,200,4,13,13,200,100,300,5.00462561054155,3.60508066171315,-0.0187278129160404,-9.36390645802021e-05,-100,600,125,0.625
14,200,4,14,14,200,100,300,13.0309220093768,0.934013178921305,0.665759854018688,0.00332879927009344,-100,600,125,0.625
15,200,4,15,15,200,100,300,3.99985812976956,3.74649928091094,2.03577198833227,0.0101788599416614,-100,600,125,0.625
16,200,4,16,16,200,100,300,6.63852109247819,1.16430747613776,-1.47805518098176,-0.00739027590490878,-100,600,125,0.625
17,200,4,17,17,200,100,300,9.08765855408274,3.32275460485835,-1.48080669157207,-0.00740403345786035,-100,600,125,0.625
18,200,4,18,18,200,100,300,2.01556897908449,2.59361332037952,1.09989850223064,0.00549949251115322,-100,600,125,0.625
19,200,4,19,19,200,100,300,6.13171836873516,3.02827025973238,-3.97194801084697,-0.0198597400542349,-100,600,125,0.625
20,200,4,20,20,200,100,300,2.22476159897633,1.96000897604972,3.73584174364805,0.0186792087182403,-100,600,125,0.625
21,200,4,21,21,200,100,300,6.4402543369215,2.36550980596803,2.95995480567217,0.0147997740283608,-100,600,125,0.625
22,200,4,22,22,200,100,300,6.46470439946279,1.21743023849558,1.89941900968552,0.00949709504842758,-100,600,125,0.625
23,200,4,23,23,200,100,300,5.02331501292065,1.70127793529537,-0.366074582561851,-0.00183037291280925,-100,600,125,0.625
24,200,4,24,24,200,100,300,2.79779476020485,2.53965310391504,-2.55004044435918,-0.0127502022217959,-100,600,125,0.625
25,200,4,25,25,200,100,300,7.36089127301238,2.51888789073564,2.15589414536953,0.0107794707268476,-100,600,125,0.625
26,200,4,26,26,200,100,300,4.41165830334648,3.12761818210129,0.974485563114285,0.00487242781557143,-100,600,125,0.625
27,200,4,27,27,200,100,300,7.33873682818376,1.51528998324648,1.64387497864664,0.00821937489323318,-100,600,125,0.625
28,200,4,28,28,200,100,300,3.82105112401769,3.96804121753667,2.28961223363876,0.0114480611681938,-100,600,125,0.625
29,200,4,29,29,200,100,300,2.07064871862531,3.15690875286236,-0.450307140126824,-0.00225153570063412,-100,600,125,0.625
30,200,4,30,30,200,100,300,9.82260460359976,2.86147736734711,0.07315868511796,0.0003657934255898,-100,600,125,0.625
31,200,4,31,31,200,100,300,13.843131654663,2.79096982430201,1.97345712035894,0.00986728560179472,-100,600,125,0.625
32,200,4,32,32,200,100,300,4.27971619134769,2.18330371705815,-1.79234715551138,-0.0089617357775569,-100,600,125,0.625
33,200,4,33,33,200,100,300,11.5054363717791,2.26397049776278,-3.20613302849233,-0.0160306651424617,-100,600,125,0.625
34,200,4,34,34,200,100,300,2.21004372532479,2.34523721889127,0.92876635491848,0.0046438317745924,-100,600,125,0.625
35,200,4,35,35,200,100,300,9.61950431135483,1.89703872043174,1.4844495523721,0.00742224776186049,-100,600,125,0.625
36,200,4,36,36,200,100,300,7.53563956916332,0.740402688737959,-1.61110126413405,-0.00805550632067025,-100,600,125,0.625
37,200,4,37,37,200,100,300,4.73638270911761,2.66509102517739,3.18431100621819,0.015921555031091,-100,600,125,0.625
38,200,4,38,38,200,100,300,8.20360140851699,1.15861674002372,-1.9127858504653,-0.00956392925232649,-100,600,125,0.625
39,200,4,39,39,200,100,300,11.8127025738358,3.17868803499732,3.49684162810445,0.0174842081405222,-100,600,125,0.625
40,200,4,40,40,200,100,300,7.80878063850105,3.90381213475484,3.26418397761881,0.0163209198880941,-100,600,125,0.625
41,200,4,41,41,200,100,300,6.82562342658639,3.72521743772086,-1.45386425964534,-0.00726932129822671,-100,600,125,0.625
42,200,4,42,42,200,100,300,13.3721192597877,1.37558646104299,2.56027838401496,0.0128013919200748,-100,600,125,0.625
43,200,4,43,43,200,100,300,7.64976499555632,0.79686020151712,-0.923772651702166,-0.00461886325851083,-100,600,125,0.625
44,200,4,44,44,200,100,300,7.72177809500135,3.00963245565072,2.20978900976479,0.011048945048824,-100,600,125,0.625
45,200,4,45,45,200,100,300,3.06543883378617,1.46041306050029,2.85787664726377,0.0142893832363188,-100,600,125,0.625
46,200,4,46,46,200,100,300,2.45005094446242,2.24979276012164,-2.55164631269872,-0.0127582315634936,-100,600,125,0.625
47,200,4,47,47,200,100,300,14.072475762805,3.84733525488991,-1.6495770663023,-0.0082478853315115,-100,600,125,0.625
48,200,4,48,48,200,100,300,5.82936186366715,1.47284930222668,3.00481428392231,0.0150240714196116,-100,600,125,0.625
49,200,4,49,49,200,100,300,8.74991573719308,2.02211556525435,1.65647344663739,0.00828236723318696,-100,600,125,0.625
50,200,4,50,50,200,100,300,5.07315352419391,1.87593641190324,1.28506563417614,0.00642532817088068,-100,600,125,0.625
51,200,4,51,51,200,100,300,14.6335275121965,3.80998229084071,-0.750555031001568,-0.00375277515500784,-100,600,125,0.625
52,200,4,52,52,200,100,300,10.2226495156065,3.70835097064264,-1.34108286164701,-0.00670541430823505,-100,600,125,0.625
53,200,4,53,53,200,100,300,14.4574991557747,1.24283830425702,-2.02355402335525,-0.0101177701167762,-100,600,125,0.625
54,200,4,54,54,200,100,300,13.5226017255336,1.96617777668871,3.3578339908272,0.016789169954136,-100,600,125,0.625
55,200,4,55,55,200,100,300,8.80138892843388,3.58376003056765,0.1855099927634,0.000927549963817,-100,600,125,0.625
56,200,4,56,56,200,100,300,11.3069032458588,3.29870146175381,2.60003593936563,0.0130001796968281,-100,600,125,0.625
57,200,4,57,57,200,100,300,11.628355528228,1.18252656538971,-0.484142048284411,-0.00242071024142206,-100,600,125,0.625
58,200,4,58,58,200,100,300,2.59665221022442,3.39903616998345,2.5282657109201,0.0126413285546005,-100,600,125,0.625
59,200,4,59,59,200,100,300,14.4513078790624,1.17276515322737,-1.29304570145905,-0.00646522850729525,-100,600,125,0.625
60,200,4,60,60,200,100,300,4.61477688048035,0.976122996187769,-2.70155975408852,-0.0135077987704426,-100,600,125,0.625
61,200,4,61,61,200,100,300,5.87938457680866,2.6567921115784,-1.76991381309927,-0.00884956906549633,-100,600,125,0.625
62,200,4,62,62,200,100,300,13.6424446862657,2.07119367644191,-3.1643604002893,-0.0158218020014465,-100,600,125,0.625
63,200,4,63,63,200,100,300,9.35898503661156,1.87102131999563,2.06834661774337,0.0103417330887169,-100,600,125,0.625
64,200,4,64,64,200,100,300,7.92160380003043,3.32448766974267,-0.125978069379926,-0.000629890346899629,-100,600,125,0.625
65,200,4,65,65,200,100,300,7.19308796874247,0.965455334633589,3.70026677846909,0.0185013338923454,-100,600,125,0.625
66,200,4,66,66,200,100,300,3.07906539528631,1.18006475747097,-1.65266820974648,-0.0082633410487324,-100,600,125,0.625
67,200,4,67,67,200,100,300,10.1945592346601,0.970186671474949,-1.22577320598066,-0.00612886602990329,-100,600,125,0.625
68,200,4,68,68,200,100,300,8.04623486823402,0.929544233251363,-2.23223369568586,-0.0111611684784293,-100,600,125,0.625
69,200,4,69,69,200,100,300,9.44091996899806,2.67339397093747,-3.05627785250545,-0.0152813892625272,-100,600,125,0.625
70,200,4,70,70,200,100,300,10.6090120126028,3.08562481834088,-3.78703630156815,-0.0189351815078408,-100,600,125,0.625
71,200,4,71,71,200,100,300,13.412807459943,0.985829904908314,-2.53260229900479,-0.012663011495024,-100,600,125,0.625
72,200,4,72,72,200,100,300,6.92618083278649,1.4410845907405,3.76960449106991,0.0188480224553496,-100,600,125,0.625
73,200,4,73,73,200,100,300,11.4064660642762,3.45884780108463,0.626264225691557,0.00313132112845778,-100,600,125,0.625
74,200,4,74,74,200,100,300,13.1521532656625,3.89800015510991,1.58114203065634,0.00790571015328169,-100,600,125,0.625
75,200,4,75,75,200,100,300,4.42132153874263,3.65757499448955,0.0501600131392479,0.000250800065696239,-100,600,125,0.625
76,200,4,76,76,200,100,300,10.2250755883288,0.50284490804188,-1.95913904719055,-0.00979569523595273,-100,600,125,0.625
77,200,4,77,77,200,100,300,11.3355057185981,0.898053998826072,-2.88255984894931,-0.0144127992447466,-100,600,125,0.625
78,200,4,78,78,200,100,300,9.04348585219122,2.65923020732589,3.56949543207884,0.0178474771603942,-100,600,125,0.625
79,200,4,79,79,200,100,300,4.6612637785729,0.640215818537399,0.716842466965318,0.00358421233482659,-100,600,125,0.625
80,200,4,80,80,200,100,300,13.6998568524141,3.7356399865821,-0.645505985245109,-0.00322752992622554,-100,600,125,0.625
81,200,4,81,81,200,100,300,3.60659627895802,0.549257725710049,-0.318415649235249,-0.00159207824617624,-100,600,125,0.625
82,200,4,82,82,200,100,300,14.3701103019994,3.66477478889283,0.43826350569725,0.00219131752848625,-100,600,125,0.625
83,200,4,83,83,200,100,300,12.1622966381256,3.23815861844923,0.983902996405959,0.0049195149820298,-100,600,125,0.625
84,200,4,84,84,200,100,300,14.5077675420325,3.27084035647567,1.31813649646938,0.00659068248234689,-100,600,125,0.625
85,200,4,85,85,200,100,300,3.48527506017126,0.986002745921724,-0.357350507751107,-0.00178675253875554,-100,600,125,0.625
86,200,4,86,86,200,100,300,14.7081778096035,3.68560442293528,1.08660154603422,0.00543300773017108,-100,600,125,0.625
87,200,4,87,87,200,100,300,10.0661035222001,3.45825573103502,-3.42664213851094,-0.0171332106925547,-100,600,125,0.625
88,200,4,88,88,200,100,300,14.0565544522833,1.36513602361083,1.8251575101167,0.00912578755058348,-100,600,125,0.625
89,200,4,89,89,200,100,300,4.62907726783305,1.95836309320293,3.32935402914882,0.0166467701457441,-100,600,125,0.625
90,200,4,90,90,200,100,300,4.80187936290167,1.17966735246591,0.737907182425261,0.0036895359121263,-100,600,125,0.625
91,200,4,91,91,200,100,300,13.9850278955419,0.816188621567562,3.31475986354053,0.0165737993177027,-100,600,125,0.625
92,200,4,92,92,200,100,300,11.3875021615531,2.76724668848328,0.0739145018160343,0.000369572509080172,-100,600,125,0.625
93,200,4,93,93,200,100,300,11.9021180476993,1.16666969098151,0.132330860942602,0.000661654304713011,-100,600,125,0.625
94,200,4,94,94,200,100,300,5.7086068589706,1.03894502506591,-1.81254221871495,-0.00906271109357476,-100,600,125,0.625
95,200,4,95,95,200,100,300,6.46756545035169,2.31584297074005,3.51847465150058,0.0175923732575029,-100,600,125,0.625
96,200,4,96,96,200,100,300,6.43811441469006,3.21987913886551,-3.69553306885064,-0.0184776653442532,-100,600,125,0.625
97,200,4,97,97,200,100,300,12.2434773589484,3.92352416424546,2.5670503526926,0.012835251763463,-100,600,125,0.625
98,200,4,98,98,200,100,300,6.73849988379516,1.10546210908797,-1.79022487998009,-0.00895112439990044,-100,600,125,0.625
99,200,4,99,99,200,100,300,10.646593216341,2.75859814789146,-2.72985354997218,-0.0136492677498609,-100,600,125,0.625
100,200,4,100,100,200,100,300,6.84655288071372,3.00476920651272,1.62593551725149,0.00812967758625746,-100,600,125,0.625
1,400,4,101,101,200,100,500,3.57327130157501,0.689763374975882,2.3970243036747,0.00599256075918674,-100,800,125,0.3125
2,400,4,102,102,200,100,500,12.80100476183,3.64040614303667,1.96243794821203,0.00490609487053007,-100,800,125,0.3125
3,400,4,103,103,200,100,500,7.43812467041425,1.57680497993715,-2.94116815924644,-0.00735292039811611,-100,800,125,0.3125
4,400,4,104,104,200,100,500,3.066407360835,1.32435559225269,0.863834099844098,0.00215958524961025,-100,800,125,0.3125
5,400,4,105,105,200,100,500,4.28835874493234,0.905566289788112,-1.05691098235548,-0.00264227745588869,-100,800,125,0.3125
6,400,4,106,106,200,100,500,4.35249478323385,3.09820296801627,-2.33707805350423,-0.00584269513376057,-100,800,125,0.3125
7,400,4,107,107,200,100,500,10.7545581848826,0.997243310906924,1.49521462246776,0.00373803655616939,-100,800,125,0.3125
8,400,4,108,108,200,100,500,9.89094123872928,1.60385086177848,2.97970791906118,0.00744926979765296,-100,800,125,0.3125
9,400,4,109,109,200,100,500,5.37384198186919,3.20277937932406,3.27718491107225,0.00819296227768064,-100,800,125,0.3125
10,400,4,110,110,200,100,500,9.67471839534119,1.19860371330287,3.53293184190989,0.00883232960477471,-100,800,125,0.3125
11,400,4,111,111,200,100,500,7.31041180389002,1.65883898187894,-2.22745170630515,-0.00556862926576287,-100,800,125,0.3125
12,400,4,112,112,200,100,500,13.2635757036041,1.97712963144295,-1.95105754584074,-0.00487764386460185,-100,800,125,0.3125
13,400,4,113,113,200,100,500,3.40609176596627,3.50769669597503,0.744622061029077,0.00186155515257269,-100,800,125,0.3125
14,400,4,114,114,200,100,500,6.18456917395815,3.54210796381813,3.38576411269605,0.00846441028174013,-100,800,125,0.3125
15,400,4,115,115,200,100,500,4.18773525767028,2.58570199052338,3.07130414247513,0.00767826035618782,-100,800,125,0.3125
16,400,4,116,116,200,100,500,2.67053891299292,1.94147795578465,1.63037941604853,0.00407594854012132,-100,800,125,0.3125
17,400,4,117,117,200,100,500,9.19265862833709,2.32008922100067,0.120000375434756,0.000300000938586891,-100,800,125,0.3125
18,400,4,118,118,200,100,500,3.84497504122555,3.64493367727846,-3.84677692130208,-0.0096169423032552,-100,800,125,0.3125
19,400,4,119,119,200,100,500,4.06549947056919,3.82817151129711,-3.71128035709262,-0.00927820089273155,-100,800,125,0.3125
20,400,4,120,120,200,100,500,12.1245171760675,3.83685231162235,0.341090070083737,0.000852725175209343,-100,800,125,0.3125
21,400,4,121,121,200,100,500,7.76873775478452,1.54035172890872,2.59177136421204,0.00647942841053009,-100,800,125,0.3125
22,400,4,122,122,200,100,500,3.70979249640368,0.528719298774377,-3.50407084077597,-0.00876017710193992,-100,800,125,0.3125
23,400,4,123,123,200,100,500,9.3637818582356,2.70018491882365,1.85964627936482,0.00464911569841206,-100,800,125,0.3125
24,400,4,124,124,200,100,500,12.0604547888506,2.11402403959073,-0.0836864598095417,-0.000209216149523854,-100,800,125,0.3125
25,400,4,125,125,200,100,500,7.47578272456303,3.9988898485899,2.60116083920002,0.00650290209800005,-100,800,125,0.3125
26,400,4,126,126,200,100,500,2.79079757118598,2.4125483216485,-1.64038584008813,-0.00410096460022032,-100,800,125,0.3125
27,400,4,127,127,200,100,500,7.01080362871289,1.76392149704043,-0.165869612246752,-0.000414674030616879,-100,800,125,0.3125
28,400,4,128,128,200,100,500,8.01126649673097,1.42244639794808,-2.38770093582571,-0.00596925233956426,-100,800,125,0.3125
29,400,4,129,129,200,100,500,2.53850980778225,3.8708561649546,3.11131603457034,0.00777829008642584,-100,800,125,0.3125
30,400,4,130,130,200,100,500,7.33943349123001,3.87013493129052,2.8855669554323,0.00721391738858074,-100,800,125,0.3125
31,400,4,131,131,200,100,500,7.10290329460986,0.697506268392317,0.540617471560836,0.00135154367890209,-100,800,125,0.3125
32,400,4,132,132,200,100,500,10.3506394189317,3.70515637693461,0.500476682558656,0.00125119170639664,-100,800,125,0.3125
33,400,4,133,133,200,100,500,2.46716654486954,2.62953465618193,0.153394997119904,0.000383487492799759,-100,800,125,0.3125
34,400,4,134,134,200,100,500,3.20958196395077,0.908766851061955,-3.93930638954043,-0.00984826597385108,-100,800,125,0.3125
35,400,4,135,135,200,100,500,13.3813914116472,1.5224066383671,-0.264350134879351,-0.000660875337198377,-100,800,125,0.3125
36,400,4,136,136,200,100,500,2.05457367701456,2.05254071101081,-1.29163769632578,-0.00322909424081445,-100,800,125,0.3125
37,400,4,137,137,200,100,500,4.0520938381087,0.723745200550184,3.91649864427745,0.00979124661069363,-100,800,125,0.3125
38,400,4,138,138,200,100,500,8.60709255747497,3.95499251433648,1.66459558531642,0.00416148896329105,-100,800,125,0.3125
39,400,4,139,139,200,100,500,9.26584952767007,1.4383464542916,2.37332222610712,0.0059333055652678,-100,800,125,0.3125
40,400,4,140,140,200,100,500,6.37373711937107,3.5411724364385,1.45747903361917,0.00364369758404791,-100,800,125,0.3125
41,400,4,141,141,200,100,500,11.077806224348,3.96490737842396,-3.93782446347177,-0.00984456115867943,-100,800,125,0.3125
42,400,4,142,142,200,100,500,5.70148813794367,2.56530452053994,-1.01642610877752,-0.00254106527194381,-100,800,125,0.3125
43,400,4,143,143,200,100,500,8.52819379139692,1.9832933943253,-1.40128998272121,-0.00350322495680302,-100,800,125,0.3125
44,400,4,144,144,200,100,500,10.339788364945,3.27049751277082,2.04087578319013,0.00510218945797533,-100,800,125,0.3125
45,400,4,145,145,200,100,500,13.8431721501984,1.50105343700852,2.21990978531539,0.00554977446328849,-100,800,125,0.3125
46,400,4,146,146,200,100,500,2.97133137146011,3.0065673335921,2.86224504560232,0.0071556126140058,-100,800,125,0.3125
47,400,4,147,147,200,100,500,4.58034717920236,3.48887722787913,-1.87718452326953,-0.00469296130817384,-100,800,125,0.3125
48,400,4,148,148,200,100,500,10.2916780253872,2.30581366922706,-0.113812932744622,-0.000284532331861556,-100,800,125,0.3125
49,400,4,149,149,200,100,500,10.7263938533142,1.35279224696569,-2.37084993161261,-0.00592712482903153,-100,800,125,0.3125
50,400,4,150,150,200,100,500,2.72848026640713,1.05119849939365,0.667694412171841,0.0016692360304296,-100,800,125,0.3125
51,400,4,151,151,200,100,500,4.13521856558509,2.57660302217118,-2.25307769887149,-0.00563269424717873,-100,800,125,0.3125
52,400,4,152,152,200,100,500,2.63066392275505,2.82759085902944,1.41470765136182,0.00353676912840456,-100,800,125,0.3125
53,400,4,153,153,200,100,500,14.781410854077,2.63614695542492,1.11024422571063,0.00277561056427658,-100,800,125,0.3125
54,400,4,154,154,200,100,500,8.96108797402121,1.72262262983713,3.16188341751695,0.00790470854379237,-100,800,125,0.3125
55,400,4,155,155,200,100,500,11.8043245654553,1.68160200293642,-1.61135226674378,-0.00402838066685945,-100,800,125,0.3125
56,400,4,156,156,200,100,500,11.606367956847,2.21653975418303,0.206752125173807,0.000516880312934518,-100,800,125,0.3125
57,400,4,157,157,200,100,500,6.75358953303657,1.73679117613938,-0.0309994127601385,-7.74985319003463e-05,-100,800,125,0.3125
58,400,4,158,158,200,100,500,11.0627267996315,3.44851948076393,2.36777576617897,0.00591943941544741,-100,800,125,0.3125
59,400,4,159,159,200,100,500,12.1896976747084,3.83224311063532,-0.425144478678703,-0.00106286119669676,-100,800,125,0.3125
60,400,4,160,160,200,100,500,2.34964179084636,3.89786206744611,2.99157274514437,0.00747893186286092,-100,800,125,0.3125
61,400,4,161,161,200,100,500,3.61105120251887,2.02709995524492,-0.481596572324634,-0.00120399143081158,-100,800,125,0.3125
62,400,4,162,162,200,100,500,8.5700995514635,1.07007470540702,2.43013007752597,0.00607532519381493,-100,800,125,0.3125
63,400,4,163,163,200,100,500,14.1464189940598,3.94816189818084,-1.60916485078633,-0.00402291212696582,-100,800,125,0.3125
64,400,4,164,164,200,100,500,3.46660254732706,2.8482464394765,2.97708531655371,0.00744271329138428,-100,800,125,0.3125
65,400,4,165,165,200,100,500,3.61126750055701,1.96827760280576,-2.27667040936649,-0.00569167602341622,-100,800,125,0.3125
66,400,4,166,166,200,100,500,6.92131259385496,2.9368528224295,0.295957224443555,0.000739893061108887,-100,800,125,0.3125
67,400,4,167,167,200,100,500,2.77684864355251,1.90739383327309,3.49669298902154,0.00874173247255385,-100,800,125,0.3125
68,400,4,168,168,200,100,500,7.82895530294627,1.05749252275564,-0.673787547275424,-0.00168446886818856,-100,800,125,0.3125
69,400,4,169,169,200,100,500,8.2136162458919,1.44607595389243,2.49870388954878,0.00624675972387195,-100,800,125,0.3125
70,400,4,170,170,200,100,500,3.28106926917098,1.41268831060734,0.340737687423825,0.000851844218559563,-100,800,125,0.3125
71,400,4,171,171,200,100,500,12.4274701299146,0.506827807170339,0.42945596203208,0.0010736399050802,-100,800,125,0.3125
72,400,4,172,172,200,100,500,11.4479251899756,0.841935347300023,1.7698239274323,0.00442455981858075,-100,800,125,0.3125
73,400,4,173,173,200,100,500,8.44245080463588,0.600606721825898,0.442166604101658,0.00110541651025414,-100,800,125,0.3125
74,400,4,174,174,200,100,500,12.1920766504481,1.4185957639711,-3.14532488957047,-0.00786331222392619,-100,800,125,0.3125
75,400,4,175,175,200,100,500,4.90593560575508,2.11588500579819,0.72368386387825,0.00180920965969563,-100,800,125,0.3125
76,400,4,176,176,200,100,500,9.42148980614729,1.61877027992159,-2.52584046684206,-0.00631460116710514,-100,800,125,0.3125
77,400,4,177,177,200,100,500,13.4421117443126,1.30455357581377,3.74103584885597,0.00935258962213993,-100,800,125,0.3125
78,400,4,178,178,200,100,500,14.221538517857,1.55104161787312,2.15480264276266,0.00538700660690665,-100,800,125,0.3125
79,400,4,179,179,200,100,500,14.8975665448233,3.79293655883521,-1.12932091392577,-0.00282330228481442,-100,800,125,0.3125
80,400,4,180,180,200,100,500,8.82354113040492,1.2794248732971,2.9038739297539,0.00725968482438475,-100,800,125,0.3125
81,400,4,181,181,200,100,500,2.32610418996774,2.70892131130677,-3.00447844341397,-0.00751119610853493,-100,800,125,0.3125
82,400,4,182,182,200,100,500,5.52060471219011,2.99342553538736,3.78597822971642,0.00946494557429105,-100,800,125,0.3125
83,400,4,183,183,200,100,500,14.0861517186277,1.57698688679375,0.23868958465755,0.000596723961643875,-100,800,125,0.3125
84,400,4,184,184,200,100,500,10.1862269218545,0.920474621118046,-2.29114652983844,-0.00572786632459611,-100,800,125,0.3125
85,400,4,185,185,200,100,500,6.1266529369168,3.47327207587659,1.70857900194824,0.00427144750487059,-100,800,125,0.3125
86,400,4,186,186,200,100,500,5.40837307786569,0.663975531468168,3.47750270366669,0.00869375675916672,-100,800,125,0.3125
87,400,4,187,187,200,100,500,12.877695266623,1.32208204094786,0.419083435088396,0.00104770858772099,-100,800,125,0.3125
88,400,4,188,188,200,100,500,3.86006877967156,2.24686468590517,0.12667696736753,0.000316692418418825,-100,800,125,0.3125
89,400,4,189,189,200,100,500,2.44263956532814,2.48453186138067,-1.2859728243202,-0.00321493206080049,-100,800,125,0.3125
90,400,4,190,190,200,100,500,7.34590283082798,3.50461552676279,-3.68061305955052,-0.00920153264887631,-100,800,125,0.3125
91,400,4,191,191,200,100,500,7.16355225536972,3.0887005594559,2.44598701223731,0.00611496753059328,-100,800,125,0.3125
92,400,4,192,192,200,100,500,3.29935010825284,0.677719935658388,-1.87169143185019,-0.00467922857962549,-100,800,125,0.3125
93,400,4,193,193,200,100,500,4.1946383616887,2.30813771300018,3.48844817280769,0.00872112043201923,-100,800,125,0.3125
94,400,4,194,194,200,100,500,13.8860433106311,3.8808761194814,-1.26069711335003,-0.00315174278337508,-100,800,125,0.3125
95,400,4,195,195,200,100,500,6.05551029625349,1.93088534311391,0.17096552439034,0.00042741381097585,-100,800,125,0.3125
96,400,4,196,196,200,100,500,5.95683184475638,2.16374062735122,-0.476394174620509,-0.00119098543655127,-100,800,125,0.3125
97,400,4,197,197,200,100,500,3.8287602129858,1.87672315025702,3.75009298697114,0.00937523246742785,-100,800,125,0.3125
98,400,4,198,198,200,100,500,9.17115096189082,3.22242572891992,1.59572475031018,0.00398931187577546,-100,800,125,0.3125
99,400,4,199,199,200,100,500,10.3732331369538,1.7335912398994,-3.36306415125728,-0.00840766037814319,-100,800,125,0.3125
100,400,4,200,200,200,100,500,4.51351727521978,1.96291982394177,-1.43526962958276,-0.00358817407395691,-100,800,125,0.3125
1,800,4,201,201,200,100,900,13.5447577231098,3.75044828315731,-2.30121537670493,-0.00287651922088116,-100,1200,125,0.15625
2,800,4,202,202,200,100,900,10.1953702925239,0.723956127068959,-1.05142506584525,-0.00131428133230656,-100,1200,125,0.15625
3,800,4,203,203,200,100,900,6.03920976119116,2.26945526525378,2.96385679021478,0.00370482098776847,-100,1200,125,0.15625
4,800,4,204,204,200,100,900,14.5217984959017,2.51758011372294,0.4077970944345,0.000509746368043125,-100,1200,125,0.15625
5,800,4,205,205,200,100,900,7.32878838363104,1.12653298908845,-1.72836324386299,-0.00216045405482873,-100,1200,125,0.15625
6,800,4,206,206,200,100,900,11.7256893669255,2.05166696908418,3.80649142898619,0.00475811428623274,-100,1200,125,0.15625
7,800,4,207,207,200,100,900,3.7308793773409,1.54224760329816,3.00802926160395,0.00376003657700494,-100,1200,125,0.15625
8,800,4,208,208,200,100,900,14.6011816435494,0.577038315706886,-0.944230064749718,-0.00118028758093715,-100,1200,125,0.15625
9,800,4,209,209,200,100,900,12.9243468437344,1.04013624996878,-1.96895031630993,-0.00246118789538741,-100,1200,125,0.15625
10,800,4,210,210,200,100,900,9.47050741943531,3.74498769559432,-2.94561218842864,-0.0036820152355358,-100,1200,125,0.15625
11,800,4,211,211,200,100,900,11.2674880535342,2.83952016325202,3.12131328135729,0.00390164160169661,-100,1200,125,0.15625
12,800,4,212,212,200,100,900,3.9177703531459,3.23528379679192,-0.982784615829587,-0.00122848076978698,-100,1200,125,0.15625
13,800,4,213,213,200,100,900,2.76538916374557,1.84838596230838,-1.18441155180335,-0.00148051443975419,-100,1200,125,0.15625
14,800,4,214,214,200,100,900,2.96097336476669,2.30018658551853,3.88775179348886,0.00485968974186108,-100,1200,125,0.15625
15,800,4,215,215,200,100,900,14.0991906484123,2.64383461279795,-0.104151217266917,-0.000130189021583647,-100,1200,125,0.15625
16,800,4,216,216,200,100,900,9.2233426484745,3.96692552883178,-3.09438289701939,-0.00386797862127423,-100,1200,125,0.15625
17,800,4,217,217,200,100,900,3.57508643926121,2.67302572738845,1.11625937744975,0.00139532422181219,-100,1200,125,0.15625
18,800,4,218,218,200,100,900,3.8418758448679,0.969143959344365,-2.04133084975183,-0.00255166356218979,-100,1200,125,0.15625
19,800,4,219,219,200,100,900,3.90315671940334,0.504030889831483,-3.14638153836131,-0.00393297692295164,-100,1200,125,0.15625
20,800,4,220,220,200,100,900,6.51048282091506,0.595736981136724,0.938949380069971,0.00117368672508746,-100,1200,125,0.15625
21,800,4,221,221,200,100,900,2.91690690349787,1.15982863749377,-0.134357709437609,-0.000167947136797011,-100,1200,125,0.15625
22,800,4,222,222,200,100,900,10.1750616044737,1.87354157469235,0.758783627301455,0.000948479534126818,-100,1200,125,0.15625
23,800,4,223,223,200,100,900,3.51253892830573,3.94538452965207,0.0693794842809439,8.67243553511798e-05,-100,1200,125,0.15625
24,800,4,224,224,200,100,900,11.6622632551007,2.80576244939584,1.85266563855112,0.0023158320481889,-100,1200,125,0.15625
25,800,4,225,225,200,100,900,6.73106158734299,2.52626424538903,3.14230218529701,0.00392787773162127,-100,1200,125,0.15625
26,800,4,226,226,200,100,900,13.284322429914,2.26549297838937,1.37510769255459,0.00171888461569324,-100,1200,125,0.15625
27,800,4,227,227,200,100,900,11.1379832315724,2.05274646694306,-2.82224620319903,-0.00352780775399879,-100,1200,125,0.15625
28,800,4,228,228,200,100,900,3.70811571064405,1.53000865143258,-0.246313052251935,-0.000307891315314919,-100,1200,125,0.15625
29,800,4,229,229,200,100,900,5.10109358211048,2.94988177635241,3.19903704151511,0.00399879630189389,-100,1200,125,0.15625
30,800,4,230,230,200,100,900,4.39291316550225,1.09858140139841,3.82941688410938,0.00478677110513672,-100,1200,125,0.15625
31,800,4,231,231,200,100,900,7.47476314450614,2.99465022527147,-0.298569517210126,-0.000373211896512657,-100,1200,125,0.15625
32,800,4,232,232,200,100,900,4.64413885260001,0.680292555480264,-2.34688510559499,-0.00293360638199374,-100,1200,125,0.15625
33,800,4,233,233,200,100,900,7.05975652299821,0.826439679716714,-1.14918096922338,-0.00143647621152923,-100,1200,125,0.15625
34,800,4,234,234,200,100,900,8.45512838312425,1.96298750606366,1.51950628124177,0.00189938285155222,-100,1200,125,0.15625
35,800,4,235,235,200,100,900,13.4294153088704,2.26055098720826,2.58382310532033,0.00322977888165042,-100,1200,125,0.15625
36,800,4,236,236,200,100,900,11.3828506504651,3.83085023611784,-3.70260651037097,-0.00462825813796371,-100,1200,125,0.15625
37,800,4,237,237,200,100,900,14.8563834147062,3.18405182217248,0.952847976237535,0.00119105997029692,-100,1200,125,0.15625
38,800,4,238,238,200,100,900,2.93244019965641,2.25522451708093,1.02108265832067,0.00127635332290083,-100,1200,125,0.15625
39,800,4,239,239,200,100,900,3.85337284486741,2.5726483555045,2.49179209955037,0.00311474012443796,-100,1200,125,0.15625
40,800,4,240,240,200,100,900,13.6015062697697,3.31346549256705,-3.63760133087635,-0.00454700166359544,-100,1200,125,0.15625
41,800,4,241,241,200,100,900,14.6319457860664,1.9086838477524,3.57762634195387,0.00447203292744234,-100,1200,125,0.15625
42,800,4,242,242,200,100,900,9.02782111428678,2.89717315963935,-3.7131486646831,-0.00464143583085388,-100,1200,125,0.15625
43,800,4,243,243,200,100,900,14.7853473566938,1.94511272327509,-0.172436097636819,-0.000215545122046024,-100,1200,125,0.15625
44,800,4,244,244,200,100,900,12.6521399866324,3.73416017123964,-2.61609153449535,-0.00327011441811919,-100,1200,125,0.15625
45,800,4,245,245,200,100,900,9.68975812662393,1.01998353737872,-3.68119119107723,-0.00460148898884654,-100,1200,125,0.15625
46,800,4,246,246,200,100,900,8.77727212850004,1.26700409362093,-1.74209794588387,-0.00217762243235484,-100,1200,125,0.15625
47,800,4,247,247,200,100,900,12.5966388168745,1.80452714627609,-1.56192563287914,-0.00195240704109892,-100,1200,125,0.15625
48,800,4,248,248,200,100,900,6.11918548634276,0.642103477031924,2.55854835174978,0.00319818543968722,-100,1200,125,0.15625
49,800,4,249,249,200,100,900,2.53346300590783,2.79500882572029,-0.684063168242574,-0.000855078960303217,-100,1200,125,0.15625
50,800,4,250,250,200,100,900,2.9872956473846,1.9637798917247,2.50300581008196,0.00312875726260245,-100,1200,125,0.15625
51,800,4,251,251,200,100,900,10.8453408484347,1.37881423532963,0.262554761022329,0.000328193451277912,-100,1200,125,0.15625
52,800,4,252,252,200,100,900,6.78559508663602,2.99565960280597,-2.49905619397759,-0.00312382024247199,-100,1200,125,0.15625
53,800,4,253,253,200,100,900,5.81120902788825,2.2901355936192,-3.5178410615772,-0.0043973013269715,-100,1200,125,0.15625
54,800,4,254,254,200,100,900,11.1378035880625,0.718977528624237,-3.24766564555466,-0.00405958205694333,-100,1200,125,0.15625
55,800,4,255,255,200,100,900,7.64601708366536,2.59043913602363,-2.08535481803119,-0.00260669352253899,-100,1200,125,0.15625
56,800,4,256,256,200,100,900,4.20749518414959,2.86255582619924,0.83842271193862,0.00104802838992327,-100,1200,125,0.15625
57,800,4,257,257,200,100,900,11.2245773843024,3.40204038424417,-1.44233917631209,-0.00180292397039011,-100,1200,125,0.15625
58,800,4,258,258,200,100,900,13.7781602018513,3.28547274065204,-3.46388459391892,-0.00432985574239865,-100,1200,125,0.15625
59,800,4,259,259,200,100,900,13.0405789702199,0.689607303938828,-0.6949867233634,-0.000868733404204249,-100,1200,125,0.15625
60,800,4,260,260,200,100,900,10.4024300486781,3.86578599130735,-3.84856057167053,-0.00481070071458816,-100,1200,125,0.15625
61,800,4,261,261,200,100,900,8.2605903041549,2.43008266715333,-1.8969002738595,-0.00237112534232438,-100,1200,125,0.15625
62,800,4,262,262,200,100,900,9.66719175572507,3.34826436045114,-2.10909179225564,-0.00263636474031955,-100,1200,125,0.15625
63,800,4,263,263,200,100,900,14.9459051624872,3.447262429283,-1.56397481635213,-0.00195496852044016,-100,1200,125,0.15625
64,800,4,264,264,200,100,900,5.3246594958473,3.13667397992685,0.296344421803951,0.000370430527254939,-100,1200,125,0.15625
65,800,4,265,265,200,100,900,11.3869268277194,2.69833321485203,3.69085514359176,0.0046135689294897,-100,1200,125,0.15625
66,800,4,266,266,200,100,900,4.66732078650966,3.75870060524903,3.97762145847082,0.00497202682308853,-100,1200,125,0.15625
67,800,4,267,267,200,100,900,7.45754138822667,0.60874472791329,-0.574292613193393,-0.000717865766491741,-100,1200,125,0.15625
68,800,4,268,268,200,100,900,9.72329109953716,2.2821062252624,3.44151542335749,0.00430189427919686,-100,1200,125,0.15625
69,800,4,269,269,200,100,900,10.7177509940229,2.11784493189771,-3.2199704516679,-0.00402496306458488,-100,1200,125,0.15625
70,800,4,270,270,200,100,900,11.7335058799945,2.45791251992341,2.24276218563318,0.00280345273204148,-100,1200,125,0.15625
71,800,4,271,271,200,100,900,7.98090832354501,3.64925220166333,-2.86403807811439,-0.00358004759764299,-100,1200,125,0.15625
72,800,4,272,272,200,100,900,8.20388744096272,3.04041430912912,-0.00867480039596558,-1.0843500494957e-05,-100,1200,125,0.15625
73,800,4,273,273,200,100,900,3.78240697830915,1.0601639036322,0.0803508926182985,0.000100438615772873,-100,1200,125,0.15625
74,800,4,274,274,200,100,900,4.957458257908,1.26951115904376,-3.75142600387335,-0.00468928250484169,-100,1200,125,0.15625
75,800,4,275,275,200,100,900,11.0038624815643,2.46082576608751,3.75160234235227,0.00468950292794034,-100,1200,125,0.15625
76,800,4,276,276,200,100,900,9.65817295596935,1.76832157408353,-1.39084731973708,-0.00173855914967135,-100,1200,125,0.15625
77,800,4,277,277,200,100,900,12.7737596416846,1.32200142950751,1.82946040667593,0.00228682550834492,-100,1200,125,0.15625
78,800,4,278,278,200,100,900,11.18010826502,3.88197973778006,0.215800672769547,0.000269750840961933,-100,1200,125,0.15625
79,800,4,279,279,200,100,900,10.4378675254993,3.48253197781742,-3.20056405104697,-0.00400070506380871,-100,1200,125,0.15625
80,800,4,280,280,200,100,900,2.36095124739222,1.17929428059142,2.9572721440345,0.00369659018004313,-100,1200,125,0.15625
81,800,4,281,281,200,100,900,10.3836550454143,3.57041563093662,-0.167697878554463,-0.000209622348193079,-100,1200,125,0.15625
82,800,4,282,282,200,100,900,11.9037919035181,1.43005638895556,-2.51089281961322,-0.00313861602451652,-100,1200,125,0.15625
83,800,4,283,283,200,100,900,9.3120170077309,2.65810753894038,-2.24371536262333,-0.00280464420327917,-100,1200,125,0.15625
84,800,4,284,284,200,100,900,10.4581328395288,3.34557586244773,2.60274132154882,0.00325342665193602,-100,1200,125,0.15625
85,800,4,285,285,200,100,900,12.4229356045835,2.91960742673837,-2.99354125000536,-0.00374192656250671,-100,1200,125,0.15625
86,800,4,286,286,200,100,900,8.94179640221409,2.8757626368897,-1.8105850070715,-0.00226323125883937,-100,1200,125,0.15625
87,800,4,287,287,200,100,900,3.29580454691313,2.08784633304458,0.281675163656473,0.000352093954570591,-100,1200,125,0.15625
88,800,4,288,288,200,100,900,2.92237761756405,2.30180664558429,3.00991262495518,0.00376239078119397,-100,1200,125,0.15625
89,800,4,289,289,200,100,900,13.3961226516403,3.94871385523584,3.94132074154913,0.00492665092693642,-100,1200,125,0.15625
90,800,4,290,290,200,100,900,11.9699262038339,3.17866154643707,3.70370422303677,0.00462963027879596,-100,1200,125,0.15625
91,800,4,291,291,200,100,900,4.3614113710355,3.46378927968908,3.37315114401281,0.00421643893001601,-100,1200,125,0.15625
92,800,4,292,292,200,100,900,13.4862978428137,2.42279276275076,-3.2438834104687,-0.00405485426308587,-100,1200,125,0.15625
93,800,4,293,293,200,100,900,10.2053913651034,0.824044426903129,-3.34820369817317,-0.00418525462271646,-100,1200,125,0.15625
94,800,4,294,294,200,100,900,13.3113676512148,1.63565606111661,1.96802707388997,0.00246003384236246,-100,1200,125,0.15625
95,800,4,295,295,200,100,900,12.1540715042502,0.796744114719331,1.24075833894312,0.0015509479236789,-100,1200,125,0.15625
96,800,4,296,296,200,100,900,10.392072111601,1.37722028326243,-0.685129621997476,-0.000856412027496845,-100,1200,125,0.15625
97,800,4,297,297,200,100,900,9.71843756479211,2.23260399152059,1.83051843009889,0.00228814803762361,-100,1200,125,0.15625
98,800,4,298,298,200,100,900,8.58792635262944,0.588797449367121,2.12607736885548,0.00265759671106935,-100,1200,125,0.15625
99,800,4,299,299,200,100,900,2.77213877276517,1.78935732587706,2.53943398222327,0.00317429247777909,-100,1200,125,0.15625
100,800,4,300,300,200,100,900,7.6435881536454,3.88992757059168,3.83773751184344,0.0047971718898043,-100,1200,125,0.15625
1,1600,4,301,301,200,100,1700,8.62615214940161,2.58464510960039,1.35761236585677,0.000848507728660479,-100,2000,125,0.078125
2,1600,4,302,302,200,100,1700,8.56386826955713,1.17539414262865,3.3414686601609,0.00208841791260056,-100,2000,125,0.078125
3,1600,4,303,303,200,100,1700,10.2036480624229,1.67979331873357,3.48174174316227,0.00217608858947642,-100,2000,125,0.078125
4,1600,4,304,304,200,100,1700,6.45837836968713,1.14505864074454,0.353730602189898,0.000221081626368687,-100,2000,125,0.078125
5,1600,4,305,305,200,100,1700,12.903996428242,1.51164141041227,-3.18324369564652,-0.00198952730977908,-100,2000,125,0.078125
6,1600,4,306,306,200,100,1700,3.39781700470485,1.05603330256417,3.78893859870732,0.00236808662419207,-100,2000,125,0.078125
7,1600,4,307,307,200,100,1700,10.990728673758,3.41743845201563,2.30400221608579,0.00144000138505362,-100,2000,125,0.078125
8,1600,4,308,308,200,100,1700,5.64315527724102,3.93233088240959,-2.63117233663797,-0.00164448271039873,-100,2000,125,0.078125
9,1600,4,309,309,200,100,1700,11.333988902159,3.37161482125521,-1.07647717744112,-0.0006727982359007,-100,2000,125,0.078125
10,1600,4,310,310,200,100,1700,12.7148671108298,3.32777878025081,2.02263315021992,0.00126414571888745,-100,2000,125,0.078125
11,1600,4,311,311,200,100,1700,13.3544149349909,3.15531017049216,-1.55352554097772,-0.000970953463111073,-100,2000,125,0.078125
12,1600,4,312,312,200,100,1700,11.6702280873433,2.30055180168711,-0.479398358613253,-0.000299623974133283,-100,2000,125,0.078125
13,1600,4,313,313,200,100,1700,5.11537344474345,2.21271638292819,2.87608031369746,0.00179755019606091,-100,2000,125,0.078125
14,1600,4,314,314,200,100,1700,12.1442448338494,2.12802782549988,1.64399429410696,0.00102749643381685,-100,2000,125,0.078125
15,1600,4,315,315,200,100,1700,5.48534222063608,3.2957919902401,3.86200883612037,0.00241375552257523,-100,2000,125,0.078125
16,1600,4,316,316,200,100,1700,12.8955929826479,0.802787250955589,-2.26748447865248,-0.0014171777991578,-100,2000,125,0.078125
17,1600,4,317,317,200,100,1700,8.4568809568882,0.707885970245115,1.24533070996404,0.000778331693727523,-100,2000,125,0.078125
18,1600,4,318,318,200,100,1700,7.7836109243799,1.59865132160485,3.87532047368586,0.00242207529605366,-100,2000,125,0.078125
19,1600,4,319,319,200,100,1700,10.2246436732821,0.803081615827978,2.24835671670735,0.00140522294794209,-100,2000,125,0.078125
20,1600,4,320,320,200,100,1700,9.93401091778651,3.80047292460222,-3.74789139255881,-0.00234243212034926,-100,2000,125,0.078125
21,1600,4,321,321,200,100,1700,13.960646789521,3.58012646588031,-1.32346956431866,-0.000827168477699161,-100,2000,125,0.078125
22,1600,4,322,322,200,100,1700,7.75508814724162,1.89939962083008,1.26010535657406,0.000787565847858787,-100,2000,125,0.078125
23,1600,4,323,323,200,100,1700,4.51478944160044,1.6461821089033,0.798772107809782,0.000499232567381114,-100,2000,125,0.078125
24,1600,4,324,324,200,100,1700,14.3179392006714,3.46473406930454,-2.76337230019271,-0.00172710768762045,-100,2000,125,0.078125
25,1600,4,325,325,200,100,1700,4.48393163480796,2.64552646211814,-3.33202162571251,-0.00208251351607032,-100,2000,125,0.078125
26,1600,4,326,326,200,100,1700,10.8650016684551,3.24800823046826,-0.575260629877448,-0.000359537893673405,-100,2000,125,0.078125
27,1600,4,327,327,200,100,1700,12.1481728311628,3.88184258074034,0.596947822719812,0.000373092389199883,-100,2000,125,0.078125
28,1600,4,328,328,200,100,1700,10.309860705398,0.995567873003893,3.38327093981206,0.00211454433738254,-100,2000,125,0.078125
29,1600,4,329,329,200,100,1700,6.47047124034725,1.69153856718913,3.45004407130182,0.00215627754456364,-100,2000,125,0.078125
30,1600,4,330,330,200,100,1700,11.7335256964434,3.46553732908797,-0.249501645565033,-0.000155938528478146,-100,2000,125,0.078125
31,1600,4,331,331,200,100,1700,7.39278906048276,1.01914354157634,3.36482223682106,0.00210301389801316,-100,2000,125,0.078125
32,1600,4,332,332,200,100,1700,11.1514900831971,3.5478560164338,1.39121271297336,0.000869507945608348,-100,2000,125,0.078125
33,1600,4,333,333,200,100,1700,11.4574425942264,0.505320030730218,-0.392210874706507,-0.000245131796691567,-100,2000,125,0.078125
34,1600,4,334,334,200,100,1700,13.179779045051,2.94790801149793,-3.62756930291653,-0.00226723081432283,-100,2000,125,0.078125
35,1600,4,335,335,200,100,1700,5.50246164388955,1.99137111194432,0.464470798149705,0.000290294248843566,-100,2000,125,0.078125
36,1600,4,336,336,200,100,1700,12.9436406493187,1.16637441993225,-3.8945766184479,-0.00243411038652994,-100,2000,125,0.078125
37,1600,4,337,337,200,100,1700,5.04723978973925,1.99319288029801,-3.34917096979916,-0.00209323185612448,-100,2000,125,0.078125
38,1600,4,338,338,200,100,1700,9.03304129419848,0.756842512753792,-2.43521221540868,-0.00152200763463043,-100,2000,125,0.078125
39,1600,4,339,339,200,100,1700,7.18194984714501,3.40676314744633,-3.85151609778404,-0.00240719756111503,-100,2000,125,0.078125
40,1600,4,340,340,200,100,1700,9.91635274561122,1.17651503614616,2.34252885915339,0.00146408053697087,-100,2000,125,0.078125
41,1600,4,341,341,200,100,1700,6.51752905617468,1.54254761955235,1.81242869049311,0.00113276793155819,-100,2000,125,0.078125
42,1600,4,342,342,200,100,1700,9.09459642390721,1.30132047447842,-3.79594428651035,-0.00237246517906897,-100,2000,125,0.078125
43,1600,4,343,343,200,100,1700,5.19975867029279,1.83729932352435,-2.27786770276725,-0.00142366731422953,-100,2000,125,0.078125
44,1600,4,344,344,200,100,1700,3.248211823171,2.08188141405117,1.07137662731111,0.000669610392069444,-100,2000,125,0.078125
45,1600,4,345,345,200,100,1700,12.5227406122722,2.06183968123514,0.273554446175694,0.000170971528859809,-100,2000,125,0.078125
46,1600,4,346,346,200,100,1700,2.79262462840416,3.04226299549919,2.44063160382211,0.00152539475238882,-100,2000,125,0.078125
47,1600,4,347,347,200,100,1700,6.09808934642933,2.7188635856146,1.90638181567192,0.00119148863479495,-100,2000,125,0.078125
48,1600,4,348,348,200,100,1700,6.0012678084895,3.49932540149894,-2.30429409258068,-0.00144018380786292,-100,2000,125,0.078125
49,1600,4,349,349,200,100,1700,8.85424365033396,3.07888559810817,3.41569523885846,0.00213480952428654,-100,2000,125,0.078125
50,1600,4,350,350,200,100,1700,5.81998865306377,1.46218297141604,-2.79232403635979,-0.00174520252272487,-100,2000,125,0.078125
51,1600,4,351,351,200,100,1700,9.20842769998126,1.36084579688031,3.21265532076359,0.00200790957547724,-100,2000,125,0.078125
52,1600,4,352,352,200,100,1700,14.8412041752599,2.96157017769292,3.81023191101849,0.00238139494438656,-100,2000,125,0.078125
53,1600,4,353,353,200,100,1700,2.4098897522781,2.64111727115232,2.65591012127697,0.00165994382579811,-100,2000,125,0.078125
54,1600,4,354,354,200,100,1700,2.60763170034625,3.58505196333863,0.762636272236705,0.000476647670147941,-100,2000,125,0.078125
55,1600,4,355,355,200,100,1700,10.2606232617982,2.73181125172414,-1.0597576033324,-0.00066234850208275,-100,2000,125,0.078125
56,1600,4,356,356,200,100,1700,13.6601417195052,1.06972284067888,-0.872248133644462,-0.000545155083527788,-100,2000,125,0.078125
57,1600,4,357,357,200,100,1700,14.1342539705802,2.3505073756678,2.90903687104583,0.00181814804440364,-100,2000,125,0.078125
58,1600,4,358,358,200,100,1700,2.62397714401595,1.29306156060193,-2.17766512557864,-0.00136104070348665,-100,2000,125,0.078125
59,1600,4,359,359,200,100,1700,8.42875288636424,3.72282296232879,-2.45718035288155,-0.00153573772055097,-100,2000,125,0.078125
60,1600,4,360,360,200,100,1700,11.7246707251761,3.18567293509841,-0.485662957653403,-0.000303539348533377,-100,2000,125,0.078125
61,1600,4,361,361,200,100,1700,4.84826612845063,0.632050931919366,-2.52818189002573,-0.00158011368126608,-100,2000,125,0.078125
62,1600,4,362,362,200,100,1700,5.43041288875975,1.5520398800727,-0.258363591507077,-0.000161477244691923,-100,2000,125,0.078125
63,1600,4,363,363,200,100,1700,13.7662718065549,3.05868359422311,-3.13726825639606,-0.00196079266024753,-100,2000,125,0.078125
64,1600,4,364,364,200,100,1700,4.12414673087187,3.48659127450082,1.86180160753429,0.00116362600470893,-100,2000,125,0.078125
65,1600,4,365,365,200,100,1700,9.83601535437629,3.61659958271775,0.121288625523448,7.5805390952155e-05,-100,2000,125,0.078125
66,1600,4,366,366,200,100,1700,4.8933075487148,1.46774240967352,0.799896625801921,0.000499935391126201,-100,2000,125,0.078125
67,1600,4,367,367,200,100,1700,12.9812648578081,0.873562350869179,1.82595106773078,0.00114121941733174,-100,2000,125,0.078125
68,1600,4,368,368,200,100,1700,14.103727791924,1.1239162045531,-0.91666747443378,-0.000572917171521112,-100,2000,125,0.078125
69,1600,4,369,369,200,100,1700,9.60952350730076,2.45197701256257,2.92624284699559,0.00182890177937225,-100,2000,125,0.078125
70,1600,4,370,370,200,100,1700,13.8394007624593,2.09225639922079,-0.798017892986536,-0.000498761183116585,-100,2000,125,0.078125
71,1600,4,371,371,200,100,1700,11.4925426465925,1.07752260973211,2.7988058924675,0.00174925368279219,-100,2000,125,0.078125
72,1600,4,372,372,200,100,1700,9.16177497268654,3.73285297607072,-1.67166676744819,-0.00104479172965512,-100,2000,125,0.078125
73,1600,4,373,373,200,100,1700,14.0368272000924,1.7608141049277,0.532190563157201,0.000332619101973251,-100,2000,125,0.078125
74,1600,4,374,374,200,100,1700,8.44083743332885,3.65718219126575,-0.575885301455855,-0.00035992831340991,-100,2000,125,0.078125
75,1600,4,375,375,200,100,1700,11.6818609633483,2.29900863952935,-1.00703289918602,-0.000629395561991259,-100,2000,125,0.078125
76,1600,4,376,376,200,100,1700,3.71445515216328,3.49855972768273,-2.44509901665151,-0.00152818688540719,-100,2000,125,0.078125
77,1600,4,377,377,200,100,1700,10.4013405465521,2.01902118558064,0.0559351909905672,3.49594943691045e-05,-100,2000,125,0.078125
78,1600,4,378,378,200,100,1700,3.08963156095706,1.48976710357238,-0.128389246761799,-8.02432792261243e-05,-100,2000,125,0.078125
79,1600,4,379,379,200,100,1700,5.2491799283307,3.91223923652433,1.67996058054268,0.00104997536283918,-100,2000,125,0.078125
80,1600,4,380,380,200,100,1700,4.54745745845139,0.90974433964584,1.40308050625026,0.000876925316406414,-100,2000,125,0.078125
81,1600,4,381,381,200,100,1700,11.3496612040326,2.12266286241356,2.94185986369848,0.00183866241481155,-100,2000,125,0.078125
82,1600,4,382,382,200,100,1700,13.7047158202622,3.48628917860333,2.45074259117246,0.00153171411948279,-100,2000,125,0.078125
83,1600,4,383,383,200,100,1700,6.41159008722752,0.807543955859728,-1.95445779711008,-0.0012215361231938,-100,2000,125,0.078125
84,1600,4,384,384,200,100,1700,8.87782770348713,1.79244646488223,0.553213767707348,0.000345758604817092,-100,2000,125,0.078125
85,1600,4,385,385,200,100,1700,14.8100691863801,1.28785232710652,-2.97212502732873,-0.00185757814208046,-100,2000,125,0.078125
86,1600,4,386,386,200,100,1700,10.9701384510845,2.20944286463782,3.27704952098429,0.00204815595061518,-100,2000,125,0.078125
87,1600,4,387,387,200,100,1700,10.2439138516784,1.81081216735765,-3.79642379842699,-0.00237276487401687,-100,2000,125,0.078125
88,1600,4,388,388,200,100,1700,4.94359531253576,3.67495446361136,-2.51857564039528,-0.00157410977524705,-100,2000,125,0.078125
89,1600,4,389,389,200,100,1700,4.76156514487229,1.6434962291969,-3.23965012468398,-0.00202478132792749,-100,2000,125,0.078125
90,1600,4,390,390,200,100,1700,8.71492566051893,3.47783115028869,-1.75686326995492,-0.00109803954372182,-100,2000,125,0.078125
91,1600,4,391,391,200,100,1700,14.3448656110559,3.06722031813115,-2.11663268133998,-0.00132289542583749,-100,2000,125,0.078125
92,1600,4,392,392,200,100,1700,12.0486871839967,3.3210892326897,2.29821188934147,0.00143638243083842,-100,2000,125,0.078125
93,1600,4,393,393,200,100,1700,6.19583163037896,1.36221956752706,-1.70540674962103,-0.00106587921851315,-100,2000,125,0.078125
94,1600,4,394,394,200,100,1700,2.34175852476619,3.6077172330115,-0.446020593866706,-0.000278762871166691,-100,2000,125,0.078125
95,1600,4,395,395,200,100,1700,2.73211126821116,2.97846218803898,0.785364666953683,0.000490852916846052,-100,2000,125,0.078125
96,1600,4,396,396,200,100,1700,10.7354262918234,2.28218529326841,-0.274781128391623,-0.000171738205244765,-100,2000,125,0.078125
97,1600,4,397,397,200,100,1700,3.924402610166,1.80315074592363,-2.37847881764174,-0.00148654926102608,-100,2000,125,0.078125
98,1600,4,398,398,200,100,1700,12.3293237895705,3.65143720759079,3.18882818520069,0.00199301761575043,-100,2000,125,0.078125
99,1600,4,399,399,200,100,1700,8.71596390986815,0.939136803150177,-0.893944621086121,-0.000558715388178825,-100,2000,125,0.078125
100,1600,4,400,400,200,100,1700,2.29243844351731,1.27560814353637,0.957416012883186,0.000598385008051991,-100,2000,125,0.078125
1,3200,4,401,401,200,100,3300,6.32719460083172,2.15597232675646,-2.78924597613513,-0.00087163936754223,-100,3600,125,0.0390625
2,3200,4,402,402,200,100,3300,7.30160709866323,2.59431362478063,0.645488314330578,0.000201715098228306,-100,3600,125,0.0390625
3,3200,4,403,403,200,100,3300,10.7975693589542,1.42480702942703,-2.9389174412936,-0.000918411700404249,-100,3600,125,0.0390625
4,3200,4,404,404,200,100,3300,3.9481836988125,2.96338979143184,0.822629289701581,0.000257071653031744,-100,3600,125,0.0390625
5,3200,4,405,405,200,100,3300,7.3208698190283,2.26914159196895,-1.04654190503061,-0.000327044345322065,-100,3600,125,0.0390625
6,3200,4,406,406,200,100,3300,3.13249328988604,2.3788147950545,-2.76180675625801,-0.000863064611330628,-100,3600,125,0.0390625
7,3200,4,407,407,200,100,3300,2.41155745764263,3.81899559614249,-3.33899843879044,-0.00104343701212201,-100,3600,125,0.0390625
8,3200,4,408,408,200,100,3300,7.86021594936028,3.36810308601707,2.57231327332556,0.000803847897914238,-100,3600,125,0.0390625
9,3200,4,409,409,200,100,3300,7.01842583646066,2.11925018485636,-2.1110655926168,-0.000659707997692749,-100,3600,125,0.0390625
10,3200,4,410,410,200,100,3300,11.7307995711453,3.28117460361682,1.59929993003607,0.000499781228136271,-100,3600,125,0.0390625
11,3200,4,411,411,200,100,3300,14.49817019701,2.03175948571879,3.93963569961488,0.00123113615612965,-100,3600,125,0.0390625
12,3200,4,412,412,200,100,3300,8.35798067436554,1.78810531867202,-3.87249284796417,-0.0012101540149888,-100,3600,125,0.0390625
13,3200,4,413,413,200,100,3300,6.27696818416007,0.748499449109659,0.588843597099185,0.000184013624093495,-100,3600,125,0.0390625
14,3200,4,414,414,200,100,3300,10.6604177455883,2.91854343656451,-2.78584514930844,-0.000870576609158888,-100,3600,125,0.0390625
15,3200,4,415,415,200,100,3300,5.61368957371451,2.55743484792765,-1.85762942582369,-0.000580509195569903,-100,3600,125,0.0390625
16,3200,4,416,416,200,100,3300,4.85182518023066,2.48236788902432,-0.6218565646559,-0.000194330176454969,-100,3600,125,0.0390625
17,3200,4,417,417,200,100,3300,7.87611159868538,2.00091695017181,-0.165156381204724,-5.16113691264763e-05,-100,3600,125,0.0390625
18,3200,4,418,418,200,100,3300,5.61494260164909,3.54454201599583,-0.434156691655517,-0.000135673966142349,-100,3600,125,0.0390625
19,3200,4,419,419,200,100,3300,14.3609304584097,3.75546664255671,2.04583987779915,0.000639324961812235,-100,3600,125,0.0390625
20,3200,4,420,420,200,100,3300,7.07984113413841,2.04921334283426,2.76381676271558,0.000863692738348618,-100,3600,125,0.0390625
21,3200,4,421,421,200,100,3300,4.49314381065778,0.590152242453769,0.957441715523601,0.000299200536101125,-100,3600,125,0.0390625
22,3200,4,422,422,200,100,3300,2.68494895822369,1.70788003515918,-1.21077545173466,-0.000378367328667082,-100,3600,125,0.0390625
23,3200,4,423,423,200,100,3300,12.1725154211745,1.20549814647529,-0.665135739371181,-0.000207854918553494,-100,3600,125,0.0390625
24,3200,4,424,424,200,100,3300,7.53870735038072,2.80836155777797,1.90392051823437,0.000594975161948241,-100,3600,125,0.0390625
25,3200,4,425,425,200,100,3300,5.50542424689047,1.54230602644384,-3.38851695507765,-0.00105891154846176,-100,3600,125,0.0390625
26,3200,4,426,426,200,100,3300,5.8156368676573,0.723423904622905,1.60574961453676,0.000501796754542738,-100,3600,125,0.0390625
27,3200,4,427,427,200,100,3300,6.83093450125307,2.34539214579854,-0.893880411982536,-0.000279337628744543,-100,3600,125,0.0390625
28,3200,4,428,428,200,100,3300,6.71604768070392,3.47667052026372,-2.2826910763979,-0.000713340961374342,-100,3600,125,0.0390625
29,3200,4,429,429,200,100,3300,6.69578048703261,1.43835957348347,2.99930268526077,0.000937282089143991,-100,3600,125,0.0390625
30,3200,4,430,430,200,100,3300,12.0835565640591,2.75003269687295,-2.18088827468455,-0.000681527585838921,-100,3600,125,0.0390625
31,3200,4,431,431,200,100,3300,12.1735317443963,2.52291059156414,0.326140575110912,0.00010191892972216,-100,3600,125,0.0390625
32,3200,4,432,432,200,100,3300,6.61769472202286,2.0588716667844,1.49753861688077,0.000467980817775242,-100,3600,125,0.0390625
33,3200,4,433,433,200,100,3300,11.4721699568909,3.97659885277972,1.19756687805057,0.000374239649390802,-100,3600,125,0.0390625
34,3200,4,434,434,200,100,3300,6.24038265785202,2.87638124846853,2.284418605268,0.00071388081414625,-100,3600,125,0.0390625
35,3200,4,435,435,200,100,3300,13.1679931553081,1.72330525727011,0.219723964110017,6.86637387843803e-05,-100,3600,125,0.0390625
36,3200,4,436,436,200,100,3300,7.97182573704049,1.26816837443039,0.90102588199079,0.000281570588122122,-100,3600,125,0.0390625
37,3200,4,437,437,200,100,3300,13.1369462704752,2.388316297438,1.79579179920256,0.0005611849372508,-100,3600,125,0.0390625
38,3200,4,438,438,200,100,3300,7.05864814273082,1.93390539672691,0.78293227031827,0.000244666334474459,-100,3600,125,0.0390625
39,3200,4,439,439,200,100,3300,14.8008046681061,1.30224529886618,3.74777009896934,0.00117117815592792,-100,3600,125,0.0390625
40,3200,4,440,440,200,100,3300,5.42904290836304,1.46059523464646,-1.50743041187525,-0.000471072003711015,-100,3600,125,0.0390625
41,3200,4,441,441,200,100,3300,8.86510280403309,3.51225151820108,1.62373760528862,0.000507418001652695,-100,3600,125,0.0390625
42,3200,4,442,442,200,100,3300,5.82065239665098,2.83254215645138,-2.91941278427839,-0.000912316495086998,-100,3600,125,0.0390625
43,3200,4,443,443,200,100,3300,2.07304379995912,0.881202987278812,-3.45072647742927,-0.00107835202419665,-100,3600,125,0.0390625
44,3200,4,444,444,200,100,3300,4.66471613268368,1.90463774604723,1.83618766628206,0.000573808645713143,-100,3600,125,0.0390625
45,3200,4,445,445,200,100,3300,5.82380240387283,1.67232529760804,1.04338159225881,0.000326056747580878,-100,3600,125,0.0390625
46,3200,4,446,446,200,100,3300,10.2774309914093,0.524793132673949,-3.16870906762779,-0.000990221583633684,-100,3600,125,0.0390625
47,3200,4,447,447,200,100,3300,4.84560034237802,2.61644603963941,-1.26691960915923,-0.00039591237786226,-100,3600,125,0.0390625
48,3200,4,448,448,200,100,3300,9.24171195481904,1.8703602810856,0.258064432069659,8.06451350217685e-05,-100,3600,125,0.0390625
49,3200,4,449,449,200,100,3300,6.98721686960198,3.31774278508965,0.336846891790628,0.000105264653684571,-100,3600,125,0.0390625
50,3200,4,450,450,200,100,3300,2.28700369689614,1.07179689698387,-2.09923049248755,-0.000656009528902359,-100,3600,125,0.0390625
51,3200,4,451,451,200,100,3300,13.3777374122292,2.59977888339199,-1.91391289234161,-0.000598097778856754,-100,3600,125,0.0390625
52,3200,4,452,452,200,100,3300,8.82092778664082,1.38912252930459,-1.78387313522398,-0.000557460354757495,-100,3600,125,0.0390625
53,3200,4,453,453,200,100,3300,5.70130955986679,3.09144315426238,3.15540888160467,0.00098606527550146,-100,3600,125,0.0390625
54,3200,4,454,454,200,100,3300,11.2345827780664,0.69647323328536,0.0954679567366838,2.98337364802137e-05,-100,3600,125,0.0390625
55,3200,4,455,455,200,100,3300,4.73237932031043,0.783376878942363,-0.0304598044604063,-9.51868889387697e-06,-100,3600,125,0.0390625
56,3200,4,456,456,200,100,3300,8.00578028545715,1.86808082577772,3.60105605609715,0.00112533001753036,-100,3600,125,0.0390625
57,3200,4,457,457,200,100,3300,10.9550527003594,1.48727254616097,1.58593147061765,0.000495603584568016,-100,3600,125,0.0390625
58,3200,4,458,458,200,100,3300,11.2852427321486,3.8758542551659,-1.15195400826633,-0.000359985627583228,-100,3600,125,0.0390625
59,3200,4,459,459,200,100,3300,11.8575499490835,2.12304670980666,-1.35930725932121,-0.000424783518537879,-100,3600,125,0.0390625
60,3200,4,460,460,200,100,3300,12.8005965829361,3.92760210763663,-3.34546549059451,-0.00104545796581078,-100,3600,125,0.0390625
61,3200,4,461,461,200,100,3300,7.2514041941613,3.48744465759955,3.94404855184257,0.0012325151724508,-100,3600,125,0.0390625
62,3200,4,462,462,200,100,3300,13.091801766539,2.75204676133581,-2.40618376806378,-0.000751932427519932,-100,3600,125,0.0390625
63,3200,4,463,463,200,100,3300,10.5800860386807,2.22897565364838,-0.440251357853413,-0.000137578549329191,-100,3600,125,0.0390625
64,3200,4,464,464,200,100,3300,2.38318993709981,1.96618278021924,-1.61355444975197,-0.000504235765547492,-100,3600,125,0.0390625
65,3200,4,465,465,200,100,3300,10.9806110523641,1.90780740848277,1.38299068622291,0.00043218458944466,-100,3600,125,0.0390625
66,3200,4,466,466,200,100,3300,7.65865550446324,1.27584005636163,-0.921095015481114,-0.000287842192337848,-100,3600,125,0.0390625
67,3200,4,467,467,200,100,3300,10.3647687104531,2.35952478647232,-1.03593754768372,-0.000323730483651161,-100,3600,125,0.0390625
68,3200,4,468,468,200,100,3300,4.39761344739236,0.900124925887212,0.102988382801414,3.21838696254417e-05,-100,3600,125,0.0390625
69,3200,4,469,469,200,100,3300,5.69374771858566,0.984393750666641,-1.5525977332145,-0.000485186791629531,-100,3600,125,0.0390625
70,3200,4,470,470,200,100,3300,8.82061033602804,0.900515785557218,0.397401927039027,0.000124188102199696,-100,3600,125,0.0390625
71,3200,4,471,471,200,100,3300,12.0098802358843,0.77210156142246,0.176735343411565,5.5229794816114e-05,-100,3600,125,0.0390625
72,3200,4,472,472,200,100,3300,7.04907740629278,0.942599061294459,1.60978182591498,0.000503056820598431,-100,3600,125,0.0390625
73,3200,4,473,473,200,100,3300,2.15152445016429,2.83126146288123,3.15112827904522,0.000984727587201632,-100,3600,125,0.0390625
74,3200,4,474,474,200,100,3300,6.53566983318888,3.6110690003261,-3.44632217101753,-0.00107697567844298,-100,3600,125,0.0390625
75,3200,4,475,475,200,100,3300,11.4952766234055,1.13717605429702,3.52569636702538,0.00110178011469543,-100,3600,125,0.0390625
76,3200,4,476,476,200,100,3300,13.5295088612475,1.06974775891285,0.814791802316904,0.000254622438224033,-100,3600,125,0.0390625
77,3200,4,477,477,200,100,3300,10.5378764970228,2.64826859813184,-0.540488235652447,-0.00016890257364139,-100,3600,125,0.0390625
78,3200,4,478,478,200,100,3300,2.45587497972883,0.724699865211733,-0.0742632858455181,-2.32072768267244e-05,-100,3600,125,0.0390625
79,3200,4,479,479,200,100,3300,14.7386312815361,0.854244100046344,0.0697566065937281,2.179893956054e-05,-100,3600,125,0.0390625
80,3200,4,480,480,200,100,3300,12.3364781208802,3.98996890569106,-0.311799893155694,-9.74374666111544e-05,-100,3600,125,0.0390625
81,3200,4,481,481,200,100,3300,9.84964855061844,1.31082629261073,3.01235204190016,0.000941360013093799,-100,3600,125,0.0390625
82,3200,4,482,482,200,100,3300,8.71434992412105,3.13694053853396,2.1093131788075,0.000659160368377343,-100,3600,125,0.0390625
83,3200,4,483,483,200,100,3300,9.07151021249592,2.33388644421939,3.50036216527224,0.00109386317664757,-100,3600,125,0.0390625
84,3200,4,484,484,200,100,3300,7.68298765807413,0.872412427910604,-1.72970458865166,-0.000540532683953643,-100,3600,125,0.0390625
85,3200,4,485,485,200,100,3300,13.4933726510499,0.946245711762458,-1.18998624943197,-0.00037187070294749,-100,3600,125,0.0390625
86,3200,4,486,486,200,100,3300,13.3278130397666,3.21010419842787,3.5439976118505,0.00110749925370328,-100,3600,125,0.0390625
87,3200,4,487,487,200,100,3300,11.9880971368402,2.02348415146116,-0.505972057580948,-0.000158116267994046,-100,3600,125,0.0390625
88,3200,4,488,488,200,100,3300,9.49833852471784,2.25764790049288,-3.80705364607275,-0.00118970426439773,-100,3600,125,0.0390625
89,3200,4,489,489,200,100,3300,8.47660132311285,2.56867671106011,3.04730293154716,0.000952282166108489,-100,3600,125,0.0390625
90,3200,4,490,490,200,100,3300,11.4294113388751,2.67891807970591,0.134105294942856,4.19079046696424e-05,-100,3600,125,0.0390625
91,3200,4,491,491,200,100,3300,8.38997935713269,3.81024224055,1.17047514393926,0.000365773482481018,-100,3600,125,0.0390625
92,3200,4,492,492,200,100,3300,9.83333979779854,0.89076649188064,-2.05119170248508,-0.000640997407026589,-100,3600,125,0.0390625
93,3200,4,493,493,200,100,3300,9.21601457893848,1.38946130743716,-2.50874775648117,-0.000783983673900366,-100,3600,125,0.0390625
94,3200,4,494,494,200,100,3300,11.4543488945346,0.55407662759535,-0.525291284546256,-0.000164153526420705,-100,3600,125,0.0390625
95,3200,4,495,495,200,100,3300,3.8496537359897,2.85636386589613,2.26659164018929,0.000708309887559153,-100,3600,125,0.0390625
96,3200,4,496,496,200,100,3300,6.35197916999459,0.68042096530553,-2.43700074404478,-0.000761562732513994,-100,3600,125,0.0390625
97,3200,4,497,497,200,100,3300,13.5931692412123,3.1579079766525,-3.97775422036648,-0.00124304819386452,-100,3600,125,0.0390625
98,3200,4,498,498,200,100,3300,13.6462552226149,2.09732269798405,3.56527779251337,0.00111414931016043,-100,3600,125,0.0390625
99,3200,4,499,499,200,100,3300,5.8306319960393,3.96556360449176,2.56905200332403,0.00080282875103876,-100,3600,125,0.0390625
100,3200,4,500,500,200,100,3300,13.9039765703492,3.9653907797765,0.7740198969841,0.000241881217807531,-100,3600,125,0.0390625
1,200,12,501,501,200,100,300,6.9858592657838,3.86589204415213,4.45459530316293,0.0222729765158147,-100,600,125,0.625
2,200,12,502,502,200,100,300,11.0595286935568,1.37573949084617,-9.20164647325873,-0.0460082323662937,-100,600,125,0.625
3,200,12,503,503,200,100,300,11.8064524773508,3.35614068270661,4.78365935571492,0.0239182967785746,-100,600,125,0.625
4,200,12,504,504,200,100,300,4.27664958452806,2.40324550587684,-6.62094655260444,-0.0331047327630222,-100,600,125,0.625
5,200,12,505,505,200,100,300,6.48427090747282,3.67908133403398,5.58427566289902,0.0279213783144951,-100,600,125,0.625
6,200,12,506,506,200,100,300,2.83668928872794,0.527901884051971,-3.39039259403944,-0.0169519629701972,-100,600,125,0.625
7,200,12,507,507,200,100,300,7.96425809944049,1.77201596589293,-3.30220456235111,-0.0165110228117555,-100,600,125,0.625
8,200,12,508,508,200,100,300,10.6021714240778,1.59899698651861,1.50741237401962,0.00753706187009811,-100,600,125,0.625
9,200,12,509,509,200,100,300,14.1801412992645,3.49573453550693,-0.779934883117676,-0.00389967441558838,-100,600,125,0.625
10,200,12,510,510,200,100,300,9.6806227103807,2.69082442554645,-2.7992354426533,-0.0139961772132665,-100,600,125,0.625
11,200,12,511,511,200,100,300,5.4168260328006,1.43675367406104,-7.5399538166821,-0.0376997690834105,-100,600,125,0.625
12,200,12,512,512,200,100,300,8.69829980516806,3.50869200495072,1.16923886351287,0.00584619431756437,-100,600,125,0.625
13,200,12,513,513,200,100,300,7.33348927088082,3.1038716690382,-9.95265332423151,-0.0497632666211575,-100,600,125,0.625
14,200,12,514,514,200,100,300,8.0389164572116,1.82038666668814,-9.85464056767523,-0.0492732028383762,-100,600,125,0.625
15,200,12,515,515,200,100,300,14.1333302219864,2.41300646413583,5.6069458220154,0.028034729110077,-100,600,125,0.625
16,200,12,516,516,200,100,300,5.92515800404362,3.79131112445612,7.53762014955282,0.0376881007477641,-100,600,125,0.625
17,200,12,517,517,200,100,300,6.75801377091557,1.5692974512931,-8.51747328042984,-0.0425873664021492,-100,600,125,0.625
18,200,12,518,518,200,100,300,12.3885384988971,0.859595902380534,-8.28343453444541,-0.041417172672227,-100,600,125,0.625
19,200,12,519,519,200,100,300,5.76847450924106,2.80433243792504,9.86083486676216,0.0493041743338108,-100,600,125,0.625
20,200,12,520,520,200,100,300,9.60705886106007,3.37344587221742,2.95250345952809,0.0147625172976404,-100,600,125,0.625
21,200,12,521,521,200,100,300,9.82148315967061,3.31405192182865,9.26210793480277,0.0463105396740139,-100,600,125,0.625
22,200,12,522,522,200,100,300,14.9338906949852,0.943393276422285,-11.6895303335041,-0.0584476516675204,-100,600,125,0.625
23,200,12,523,523,200,100,300,11.4913270026445,3.07735018164385,-2.49936059676111,-0.0124968029838055,-100,600,125,0.625
24,200,12,524,524,200,100,300,12.2057821811177,1.96688915241975,-7.92415854893625,-0.0396207927446812,-100,600,125,0.625
25,200,12,525,525,200,100,300,5.3424027482979,0.968319368548691,1.63300572149456,0.00816502860747278,-100,600,125,0.625
26,200,12,526,526,200,100,300,11.6416812501848,2.50188343785703,-0.243557743728161,-0.0012177887186408,-100,600,125,0.625
27,200,12,527,527,200,100,300,7.7851190478541,0.693440331029706,10.3913544639945,0.0519567723199725,-100,600,125,0.625
28,200,12,528,528,200,100,300,5.43531739478931,1.41934896318708,9.46362405829132,0.0473181202914566,-100,600,125,0.625
29,200,12,529,529,200,100,300,7.86041237949394,1.95423979207408,0.961120063439012,0.00480560031719506,-100,600,125,0.625
30,200,12,530,530,200,100,300,7.66008584527299,3.21690114994999,7.85086350515485,0.0392543175257742,-100,600,125,0.625
31,200,12,531,531,200,100,300,4.17550115962513,0.889459741651081,5.61313311383128,0.0280656655691564,-100,600,125,0.625
32,200,12,532,532,200,100,300,5.13018922321498,2.16346003196668,-10.6785105932504,-0.053392552966252,-100,600,125,0.625
33,200,12,533,533,200,100,300,8.59875677293167,2.26419218920637,6.32582115009427,0.0316291057504714,-100,600,125,0.625
34,200,12,534,534,200,100,300,2.91891707899049,2.3558967851568,-4.68740480951965,-0.0234370240475982,-100,600,125,0.625
35,200,12,535,535,200,100,300,14.4104198254645,2.22421049978584,9.97270582616329,0.0498635291308165,-100,600,125,0.625
36,200,12,536,536,200,100,300,4.17824146850035,1.04830261075404,-7.70751291140914,-0.0385375645570457,-100,600,125,0.625
37,200,12,537,537,200,100,300,12.5578173038084,1.57894170342479,-3.02019887790084,-0.0151009943895042,-100,600,125,0.625
38,200,12,538,538,200,100,300,7.0126714205835,1.5561479277676,-6.56377890519798,-0.0328188945259899,-100,600,125,0.625
39,200,12,539,539,200,100,300,5.02531375316903,0.662521915393881,1.01109289191663,0.00505546445958316,-100,600,125,0.625
40,200,12,540,540,200,100,300,3.99959110561758,1.59684643812943,-0.667431296780705,-0.00333715648390353,-100,600,125,0.625
41,200,12,541,541,200,100,300,10.287989096716,1.63811351172626,-4.49950807727873,-0.0224975403863937,-100,600,125,0.625
42,200,12,542,542,200,100,300,12.0064282873645,3.6090291000437,-1.97948780469596,-0.00989743902347982,-100,600,125,0.625
43,200,12,543,543,200,100,300,7.23023894638754,1.66620141628664,-10.0087007693946,-0.0500435038469732,-100,600,125,0.625
44,200,12,544,544,200,100,300,12.8289553741924,2.51132370973937,4.90259823203087,0.0245129911601543,-100,600,125,0.625
45,200,12,545,545,200,100,300,7.65534112090245,0.669257085537538,-11.6782950125635,-0.0583914750628173,-100,600,125,0.625
46,200,12,546,546,200,100,300,5.19067371985875,1.81906151585281,6.81790895573795,0.0340895447786897,-100,600,125,0.625
47,200,12,547,547,200,100,300,12.5104238644708,3.0362452151021,-6.68032069690526,-0.0334016034845263,-100,600,125,0.625
48,200,12,548,548,200,100,300,5.78564519132487,3.15479700139258,-8.01643033325672,-0.0400821516662836,-100,600,125,0.625
49,200,12,549,549,200,100,300,11.4603874934837,2.01863691443577,0.573203528299928,0.00286601764149964,-100,600,125,0.625
50,200,12,550,550,200,100,300,2.60268346616067,1.97705056099221,-0.920850807800889,-0.00460425403900444,-100,600,125,0.625
51,200,12,551,551,200,100,300,12.7002901770175,2.327517837286,-6.08357021771371,-0.0304178510885686,-100,600,125,0.625
52,200,12,552,552,200,100,300,3.42343803867698,1.87310516333673,-6.94881941378117,-0.0347440970689058,-100,600,125,0.625
53,200,12,553,553,200,100,300,10.7950166903902,3.03747277101502,-0.363510243594646,-0.00181755121797323,-100,600,125,0.625
54,200,12,554,554,200,100,300,2.4828038206324,2.75948098825756,3.9356293939054,0.019678146969527,-100,600,125,0.625
55,200,12,555,555,200,100,300,4.74992670561187,3.57000475388486,1.61157589405775,0.00805787947028875,-100,600,125,0.625
56,200,12,556,556,200,100,300,6.74695973680355,1.58074133074842,-11.9057195596397,-0.0595285977981985,-100,600,125,0.625
57,200,12,557,557,200,100,300,6.02416428504512,0.833706053672358,8.45978828519583,0.0422989414259791,-100,600,125,0.625
58,200,12,558,558,200,100,300,13.777394651901,3.91293601726647,-3.47569891624153,-0.0173784945812076,-100,600,125,0.625
59,200,12,559,559,200,100,300,3.46342379460111,3.96513880556449,-11.1783872935921,-0.0558919364679605,-100,600,125,0.625
60,200,12,560,560,200,100,300,6.12413469818421,3.64814437599853,10.5747878607363,0.0528739393036813,-100,600,125,0.625
61,200,12,561,561,200,100,300,11.5195943028666,1.37570956582204,11.6410136818886,0.0582050684094429,-100,600,125,0.625
62,200,12,562,562,200,100,300,12.5569423199631,2.88408028276172,1.24607745185494,0.00623038725927472,-100,600,125,0.625
63,200,12,563,563,200,100,300,13.8694127183408,2.37490167154465,1.10834799148142,0.00554173995740712,-100,600,125,0.625
64,200,12,564,564,200,100,300,7.12198276352137,0.888179805129766,1.40555384941399,0.00702776924706995,-100,600,125,0.625
65,200,12,565,565,200,100,300,2.68252439587377,2.97655998996925,8.03545982949436,0.0401772991474718,-100,600,125,0.625
66,200,12,566,566,200,100,300,7.0349232708104,2.86350307846442,-8.731201171875,-0.043656005859375,-100,600,125,0.625
67,200,12,567,567,200,100,300,8.91218054830097,1.6105976117542,-11.1180228050798,-0.0555901140253991,-100,600,125,0.625
68,200,12,568,568,200,100,300,9.76996883423999,1.99664440122433,-2.48612537048757,-0.0124306268524379,-100,600,125,0.625
69,200,12,569,569,200,100,300,11.0464663302992,3.54324032226577,10.5656632483006,0.0528283162415028,-100,600,125,0.625
70,200,12,570,570,200,100,300,2.45060527231544,2.60619748081081,-4.28973492980003,-0.0214486746490002,-100,600,125,0.625
71,200,12,571,571,200,100,300,7.37270911363885,1.80751785915345,0.924151757732034,0.00462075878866017,-100,600,125,0.625
72,200,12,572,572,200,100,300,11.5557133359835,2.39364777109586,0.912155454978347,0.00456077727489173,-100,600,125,0.625
73,200,12,573,573,200,100,300,4.65745264594443,1.96077024447732,-4.62130522169173,-0.0231065261084586,-100,600,125,0.625
74,200,12,574,574,200,100,300,2.77846370683983,1.4928426083643,-9.38892176002264,-0.0469446088001132,-100,600,125,0.625
75,200,12,575,575,200,100,300,4.02009632065892,3.97232937277295,-5.50354319997132,-0.0275177159998566,-100,600,125,0.625
76,200,12,576,576,200,100,300,3.14677691482939,3.13451164308935,4.46926783584058,0.0223463391792029,-100,600,125,0.625
77,200,12,577,577,200,100,300,13.7011738759466,2.31240561371669,-0.930339401587844,-0.00465169700793922,-100,600,125,0.625
78,200,12,578,578,200,100,300,8.42776840203442,1.77681697893422,6.30333628132939,0.031516681406647,-100,600,125,0.625
79,200,12,579,579,200,100,300,7.40796300908551,2.84647648781538,-7.04829600825906,-0.0352414800412953,-100,600,125,0.625
80,200,12,580,580,200,100,300,10.0696341644507,2.45188501931261,8.2948550619185,0.0414742753095925,-100,600,125,0.625
81,200,12,581,581,200,100,300,13.4655710540246,0.557200703304261,-5.85765458643436,-0.0292882729321718,-100,600,125,0.625
82,200,12,582,582,200,100,300,10.5965384342708,0.880327036953531,4.68686010874808,0.0234343005437404,-100,600,125,0.625
83,200,12,583,583,200,100,300,5.34942855872214,2.45345596654806,-11.1557012088597,-0.0557785060442984,-100,600,125,0.625
84,200,12,584,584,200,100,300,4.13872366165742,1.8419382335851,1.9123495593667,0.00956174779683351,-100,600,125,0.625
85,200,12,585,585,200,100,300,13.71321909572,2.27147515059914,-2.38263558223844,-0.0119131779111922,-100,600,125,0.625
86,200,12,586,586,200,100,300,2.60991123365238,1.45453452412039,5.61793138459325,0.0280896569229662,-100,600,125,0.625
87,200,12,587,587,200,100,300,11.1654359174427,0.728572886320762,-8.00868907570839,-0.0400434453785419,-100,600,125,0.625
88,200,12,588,588,200,100,300,11.7968799036462,3.88873702124692,-2.17608910426497,-0.0108804455213249,-100,600,125,0.625
89,200,12,589,589,200,100,300,8.63244532630779,1.91261587303597,-9.27824923954904,-0.0463912461977452,-100,600,125,0.625
90,200,12,590,590,200,100,300,8.70655502844602,1.47941260517109,7.55256694927812,0.0377628347463906,-100,600,125,0.625
91,200,12,591,591,200,100,300,13.4111057727132,1.13693028723355,-6.41067045740783,-0.0320533522870392,-100,600,125,0.625
92,200,12,592,592,200,100,300,5.66911228885874,3.84832997387275,-9.09189332462847,-0.0454594666231424,-100,600,125,0.625
93,200,12,593,593,200,100,300,6.63549007475376,1.13333784032147,6.87295987643301,0.0343647993821651,-100,600,125,0.625
94,200,12,594,594,200,100,300,7.08618155634031,3.59902171138674,5.97960413061082,0.0298980206530541,-100,600,125,0.625
95,200,12,595,595,200,100,300,6.65613745851442,2.14541489689145,-5.85566493496299,-0.0292783246748149,-100,600,125,0.625
96,200,12,596,596,200,100,300,2.85157712316141,3.37824691052083,-11.8088441491127,-0.0590442207455635,-100,600,125,0.625
97,200,12,597,597,200,100,300,8.46497560548596,2.37589855736587,10.7539994884282,0.0537699974421412,-100,600,125,0.625
98,200,12,598,598,200,100,300,14.7301522870548,3.36883660359308,8.76225749775767,0.0438112874887884,-100,600,125,0.625
99,200,12,599,599,200,100,300,7.97979984944686,2.57866825873498,11.640760788694,0.0582038039434701,-100,600,125,0.625
100,200,12,600,600,200,100,300,14.1946031784173,1.12827626068611,-11.0421814955771,-0.0552109074778855,-100,600,125,0.625
1,400,12,601,601,200,100,500,7.73219088069163,3.6868906969903,-10.5864840243012,-0.0264662100607529,-100,800,125,0.3125
2,400,12,602,602,200,100,500,10.0103974926751,2.7355791432783,-9.55130348168314,-0.0238782587042078,-100,800,125,0.3125
3,400,12,603,603,200,100,500,7.55642809253186,1.54877695720643,-5.20831102877855,-0.0130207775719464,-100,800,125,0.3125
4,400,12,604,604,200,100,500,11.0942469879519,1.42199635889847,-7.7164245005697,-0.0192910612514243,-100,800,125,0.3125
5,400,12,605,605,200,100,500,4.54027048917487,2.25423575181048,-0.903002897277474,-0.00225750724319369,-100,800,125,0.3125
6,400,12,606,606,200,100,500,4.25690378411673,1.37715472560376,1.19925765506923,0.00299814413767308,-100,800,125,0.3125
7,400,12,607,607,200,100,500,12.8031137350481,2.5615584285697,-6.45006874389946,-0.0161251718597487,-100,800,125,0.3125
8,400,12,608,608,200,100,500,10.0928215708118,1.80061108828522,-8.50402971915901,-0.0212600742978975,-100,800,125,0.3125
9,400,12,609,609,200,100,500,4.60926984483376,3.25247924518771,9.89972361177206,0.0247493090294301,-100,800,125,0.3125
10,400,12,610,610,200,100,500,13.2022055415437,2.21256716363132,10.6081031933427,0.0265202579833567,-100,800,125,0.3125
11,400,12,611,611,200,100,500,4.90822621411644,0.945541573222727,1.4720979295671,0.00368024482391775,-100,800,125,0.3125
12,400,12,612,612,200,100,500,8.77824675454758,1.27063734293915,-1.05211297608912,-0.0026302824402228,-100,800,125,0.3125
13,400,12,613,613,200,100,500,4.5103513863869,2.31439498974942,-7.1131748277694,-0.0177829370694235,-100,800,125,0.3125
14,400,12,614,614,200,100,500,10.3503213054501,3.58403114369139,-6.4848871640861,-0.0162122179102153,-100,800,125,0.3125
15,400,12,615,615,200,100,500,14.3687809503172,2.4635211272398,-4.69673825986683,-0.0117418456496671,-100,800,125,0.3125
16,400,12,616,616,200,100,500,9.92541654477827,3.59928118844982,0.604208417236805,0.00151052104309201,-100,800,125,0.3125
17,400,12,617,617,200,100,500,11.2458153176121,0.841094879666343,-8.67196532897651,-0.0216799133224413,-100,800,125,0.3125
18,400,12,618,618,200,100,500,9.79172177123837,3.48137681337539,3.50738768465817,0.00876846921164542,-100,800,125,0.3125
19,400,12,619,619,200,100,500,11.4407116211951,0.81943703989964,-4.44430624879897,-0.0111107656219974,-100,800,125,0.3125
20,400,12,620,620,200,100,500,2.11906244023703,3.08321665984113,5.38152632117271,0.0134538158029318,-100,800,125,0.3125
21,400,12,621,621,200,100,500,2.31760820909403,3.6354070456,8.6920556332916,0.021730139083229,-100,800,125,0.3125
22,400,12,622,622,200,100,500,8.63560123578645,3.52398512000218,3.10175167769194,0.00775437919422984,-100,800,125,0.3125
23,400,12,623,623,200,100,500,6.575125339441,3.22027919150423,-7.92544086836278,-0.019813602170907,-100,800,125,0.3125
24,400,12,624,624,200,100,500,10.8039975038264,1.93543750059325,-10.9535559732467,-0.0273838899331167,-100,800,125,0.3125
25,400,12,625,625,200,100,500,13.3947830027901,1.43161307368428,5.54831194505095,0.0138707798626274,-100,800,125,0.3125
26,400,12,626,626,200,100,500,6.56309129460715,3.88348595611751,-0.126235323026776,-0.000315588307566941,-100,800,125,0.3125
27,400,12,627,627,200,100,500,13.9298409952316,2.59729709965177,-2.40478683449328,-0.0060119670862332,-100,800,125,0.3125
28,400,12,628,628,200,100,500,13.6576285567135,2.47426230809651,8.44297438301146,0.0211074359575287,-100,800,125,0.3125
29,400,12,629,629,200,100,500,2.28776654996909,2.04702934983652,-10.8022174257785,-0.0270055435644463,-100,800,125,0.3125
30,400,12,630,630,200,100,500,14.3970991401002,3.02086120366585,-3.9868050981313,-0.00996701274532825,-100,800,125,0.3125
31,400,12,631,631,200,100,500,2.12658859556541,1.2703948346898,-6.81278956308961,-0.017031973907724,-100,800,125,0.3125
32,400,12,632,632,200,100,500,7.92068410431966,3.56816539983265,9.82129956409335,0.0245532489102334,-100,800,125,0.3125
33,400,12,633,633,200,100,500,3.11259333766066,3.28968891431578,-10.8383333254606,-0.0270958333136514,-100,800,125,0.3125
34,400,12,634,634,200,100,500,13.4132409670856,2.85003619582858,5.1221492215991,0.0128053730539978,-100,800,125,0.3125
35,400,12,635,635,200,100,500,3.10319974157028,1.38016597332899,11.293538723141,0.0282338468078524,-100,800,125,0.3125
36,400,12,636,636,200,100,500,11.8179307233077,2.19174461520743,-5.09700543433428,-0.0127425135858357,-100,800,125,0.3125
37,400,12,637,637,200,100,500,12.0042403873522,2.44648015184794,2.36914511024952,0.0059228627756238,-100,800,125,0.3125
38,400,12,638,638,200,100,500,10.2644185340032,0.501321367220953,-1.06910632364452,-0.0026727658091113,-100,800,125,0.3125
39,400,12,639,639,200,100,500,10.7794306674041,3.02268642233685,1.36562254093587,0.00341405635233969,-100,800,125,0.3125
40,400,12,640,640,200,100,500,8.93539331317879,2.56317319744267,-8.5026968177408,-0.021256742044352,-100,800,125,0.3125
41,400,12,641,641,200,100,500,14.5084655489773,3.56920721882489,0.138327134773135,0.000345817836932838,-100,800,125,0.3125
42,400,12,642,642,200,100,500,10.6151655693538,0.856635284028016,9.82429086975753,0.0245607271743938,-100,800,125,0.3125
43,400,12,643,643,200,100,500,9.50487252580933,1.38547019730322,2.3000902980566,0.00575022574514151,-100,800,125,0.3125
44,400,12,644,644,200,100,500,8.54274629894644,2.34645403595641,1.636529462412,0.00409132365603,-100,800,125,0.3125
45,400,12,645,645,200,100,500,6.74750648555346,3.68320394901093,-2.75209217146039,-0.00688023042865098,-100,800,125,0.3125
46,400,12,646,646,200,100,500,14.0698266332038,0.664816232165322,1.28241775743663,0.00320604439359158,-100,800,125,0.3125
47,400,12,647,647,200,100,500,14.3057039070409,3.93691415549256,-3.6763859577477,-0.00919096489436924,-100,800,125,0.3125
48,400,12,648,648,200,100,500,8.55289846216328,3.65490015107207,-5.14336410351098,-0.0128584102587774,-100,800,125,0.3125
49,400,12,649,649,200,100,500,12.1535160746425,2.42107859312091,-7.49111826717854,-0.0187277956679463,-100,800,125,0.3125
50,400,12,650,650,200,100,500,6.49760603369214,0.746749215759337,-2.01877000741661,-0.00504692501854151,-100,800,125,0.3125
51,400,12,651,651,200,100,500,11.8718166965991,1.19204237835947,-1.70018199831247,-0.00425045499578118,-100,800,125,0.3125
52,400,12,652,652,200,100,500,10.8455433927011,2.93574113573413,10.6883823014796,0.0267209557536989,-100,800,125,0.3125
53,400,12,653,653,200,100,500,13.1562700080685,1.2671315720072,-0.982553567737341,-0.00245638391934335,-100,800,125,0.3125
54,400,12,654,654,200,100,500,2.07306306553073,3.81759146042168,-11.6392923519015,-0.0290982308797538,-100,800,125,0.3125
55,400,12,655,655,200,100,500,7.39789307792671,1.51570356579032,-7.9525255355984,-0.019881313838996,-100,800,125,0.3125
56,400,12,656,656,200,100,500,2.4444605386816,1.67295236955397,1.91797540336847,0.00479493850842118,-100,800,125,0.3125
57,400,12,657,657,200,100,500,10.3451320836321,2.94228599080816,1.38261903449893,0.00345654758624732,-100,800,125,0.3125
58,400,12,658,658,200,100,500,8.9913417045027,1.43720255105291,3.62535515986383,0.00906338789965957,-100,800,125,0.3125
59,400,12,659,659,200,100,500,13.1893713292666,3.70510483975522,-9.7924666274339,-0.0244811665685847,-100,800,125,0.3125
60,400,12,660,660,200,100,500,14.7162653210107,0.843706003041007,-11.4971606824547,-0.0287429017061368,-100,800,125,0.3125
61,400,12,661,661,200,100,500,2.33088533277623,2.28328951215371,2.30773847177625,0.00576934617944062,-100,800,125,0.3125
62,400,12,662,662,200,100,500,6.57688583433628,2.10274851752911,1.50685251317918,0.00376713128294796,-100,800,125,0.3125
63,400,12,663,663,200,100,500,8.58043645229191,1.18654228490777,-0.628913098946214,-0.00157228274736553,-100,800,125,0.3125
64,400,12,664,664,200,100,500,4.32481025671586,2.59107180312276,-9.27778932452202,-0.023194473311305,-100,800,125,0.3125
65,400,12,665,665,200,100,500,4.49446970270947,1.56328995258082,7.63324624300003,0.0190831156075001,-100,800,125,0.3125
66,400,12,666,666,200,100,500,7.32177236489952,2.01871954440139,-8.23521449044347,-0.0205880362261087,-100,800,125,0.3125
67,400,12,667,667,200,100,500,4.38955134898424,3.56227690854575,0.0536981765180826,0.000134245441295207,-100,800,125,0.3125
68,400,12,668,668,200,100,500,13.8972699902952,2.44935781834647,9.15788584202528,0.0228947146050632,-100,800,125,0.3125
69,400,12,669,669,200,100,500,4.84493827261031,0.756105733918957,4.8604632653296,0.012151158163324,-100,800,125,0.3125
70,400,12,670,670,200,100,500,12.085910647409,0.886267166468315,-9.18009918741882,-0.022950247968547,-100,800,125,0.3125
71,400,12,671,671,200,100,500,10.3344464078546,2.20502746978309,10.2028088215739,0.0255070220539346,-100,800,125,0.3125
72,400,12,672,672,200,100,500,12.7695842308458,3.69306234410033,2.59493505768478,0.00648733764421195,-100,800,125,0.3125
73,400,12,673,673,200,100,500,8.41002667509019,1.45404080604203,3.06741732917726,0.00766854332294315,-100,800,125,0.3125
74,400,12,674,674,200,100,500,8.26024559116922,2.78634337743279,-7.78659891150892,-0.0194664972787723,-100,800,125,0.3125
75,400,12,675,675,200,100,500,3.71264317142777,3.32305873883888,7.34957102872431,0.0183739275718108,-100,800,125,0.3125
76,400,12,676,676,200,100,500,12.0669128838927,3.63475328544155,-8.30924823693931,-0.0207731205923483,-100,800,125,0.3125
77,400,12,677,677,200,100,500,11.376828490058,2.71333228121512,-3.20336742326617,-0.00800841855816543,-100,800,125,0.3125
78,400,12,678,678,200,100,500,13.750390549656,1.09044457692653,-1.62467450648546,-0.00406168626621366,-100,800,125,0.3125
79,400,12,679,679,200,100,500,10.9256120133214,1.85179709398653,-4.94974644295871,-0.0123743661073968,-100,800,125,0.3125
80,400,12,680,680,200,100,500,14.912662014598,3.24768738111015,-9.96905951946974,-0.0249226487986743,-100,800,125,0.3125
81,400,12,681,681,200,100,500,10.8687614484224,0.625642222585157,-2.70947600528598,-0.00677369001321495,-100,800,125,0.3125
82,400,12,682,682,200,100,500,3.99379947222769,1.67461888503749,8.36734260432422,0.0209183565108106,-100,800,125,0.3125
83,400,12,683,683,200,100,500,10.3344304475468,2.58437286620028,-7.78464400023222,-0.0194616100005806,-100,800,125,0.3125
84,400,12,684,684,200,100,500,7.0572494592052,3.83308057778049,2.38312786258757,0.00595781965646893,-100,800,125,0.3125
85,400,12,685,685,200,100,500,13.5482626012526,0.923681224114262,1.67625487223268,0.00419063718058169,-100,800,125,0.3125
86,400,12,686,686,200,100,500,7.8682765585836,2.10938160098158,10.3615522496402,0.0259038806241006,-100,800,125,0.3125
87,400,12,687,687,200,100,500,5.25567380618304,1.54997343581636,2.38110048696399,0.00595275121740997,-100,800,125,0.3125
88,400,12,688,688,200,100,500,6.01565659651533,0.647535652853549,-3.80574467405677,-0.00951436168514192,-100,800,125,0.3125
89,400,12,689,689,200,100,500,5.57028162269853,3.78091622621287,-8.19488718174398,-0.0204872179543599,-100,800,125,0.3125
90,400,12,690,690,200,100,500,3.72287316876464,3.81857612344902,0.609719512984157,0.00152429878246039,-100,800,125,0.3125
91,400,12,691,691,200,100,500,11.9982486190274,3.86181936343201,-0.505746295675635,-0.00126436573918909,-100,800,125,0.3125
92,400,12,692,692,200,100,500,6.97288995538838,3.29526188329328,-7.6682076305151,-0.0191705190762877,-100,800,125,0.3125
93,400,12,693,693,200,100,500,11.4422415981535,3.50786105054431,3.71635214611888,0.0092908803652972,-100,800,125,0.3125
94,400,12,694,694,200,100,500,6.01883256458677,3.99201449973043,1.44150885567069,0.00360377213917673,-100,800,125,0.3125
95,400,12,695,695,200,100,500,13.2614007885568,2.48971149907447,-5.33221324905753,-0.0133305331226438,-100,800,125,0.3125
96,400,12,696,696,200,100,500,11.2322329927702,3.60470770963002,-7.93616202101111,-0.0198404050525278,-100,800,125,0.3125
97,400,12,697,697,200,100,500,8.44092686008662,1.46240057121031,-8.46917261369526,-0.0211729315342382,-100,800,125,0.3125
98,400,12,698,698,200,100,500,4.04601749801077,1.70537818351295,6.47136160545051,0.0161784040136263,-100,800,125,0.3125
99,400,12,699,699,200,100,500,11.4564918919932,2.90044539934024,1.07140609994531,0.00267851524986327,-100,800,125,0.3125
100,400,12,700,700,200,100,500,6.27382963034324,3.75692056992557,-0.447285717353225,-0.00111821429338306,-100,800,125,0.3125
1,800,12,701,701,200,100,900,13.3021138568874,3.29391153226607,-9.90493604913354,-0.0123811700614169,-100,1200,125,0.15625
2,800,12,702,702,200,100,900,8.34129274846055,1.96651164907962,7.14818296954036,0.00893522871192545,-100,1200,125,0.15625
3,800,12,703,703,200,100,900,5.12380217318423,3.33238662686199,9.41725276038051,0.0117715659504756,-100,1200,125,0.15625
4,800,12,704,704,200,100,900,4.68511994997971,2.79451035510283,-7.68260637670755,-0.00960325797088444,-100,1200,125,0.15625
5,800,12,705,705,200,100,900,14.4930678200908,0.864720844314434,-1.20387814007699,-0.00150484767509624,-100,1200,125,0.15625
6,800,12,706,706,200,100,900,8.30778870265931,3.51927679043729,-2.65422011353076,-0.00331777514191344,-100,1200,125,0.15625
7,800,12,707,707,200,100,900,5.0249539243523,0.942289044498466,-8.28527308814228,-0.0103565913601778,-100,1200,125,0.15625
8,800,12,708,708,200,100,900,10.7077875910327,2.53700513206422,4.58851570822299,0.00573564463527873,-100,1200,125,0.15625
9,800,12,709,709,200,100,900,2.66446743695997,1.16515155218076,-4.19238459505141,-0.00524048074381426,-100,1200,125,0.15625
10,800,12,710,710,200,100,900,7.73585357307456,0.616443173843436,-10.9184314962476,-0.0136480393703096,-100,1200,125,0.15625
11,800,12,711,711,200,100,900,7.85858131782152,2.79329765657894,6.49206003919244,0.00811507504899055,-100,1200,125,0.15625
12,800,12,712,712,200,100,900,11.3542152824812,2.58954482665285,8.72529620490968,0.0109066202561371,-100,1200,125,0.15625
13,800,12,713,713,200,100,900,9.5514107523486,0.7883661754895,-2.76120164059103,-0.00345150205073878,-100,1200,125,0.15625
14,800,12,714,714,200,100,900,3.5753152531106,1.82070391986053,7.83541175164282,0.00979426468955353,-100,1200,125,0.15625
15,800,12,715,715,200,100,900,5.21396199730225,3.27000893186778,-0.918765842914581,-0.00114845730364323,-100,1200,125,0.15625
16,800,12,716,716,200,100,900,13.9101227992214,3.25609305896796,6.85558337531984,0.0085694792191498,-100,1200,125,0.15625
17,800,12,717,717,200,100,900,4.01146991201676,0.73635743453633,5.43947396613657,0.00679934245767072,-100,1200,125,0.15625
18,800,12,718,718,200,100,900,6.44741615955718,2.72096169961151,6.08757544867694,0.00760946931084618,-100,1200,125,0.15625
19,800,12,719,719,200,100,900,5.26263585104607,2.81321867636871,7.7855557333678,0.00973194466670975,-100,1200,125,0.15625
20,800,12,720,720,200,100,900,10.9160435530357,2.12350790738128,-1.94930124655366,-0.00243662655819207,-100,1200,125,0.15625
21,800,12,721,721,200,100,900,13.2975149333943,2.10961550869979,-3.81907118484378,-0.00477383898105472,-100,1200,125,0.15625
22,800,12,722,722,200,100,900,8.09593507903628,2.33679026842583,8.77347414940596,0.0109668426867574,-100,1200,125,0.15625
23,800,12,723,723,200,100,900,2.23185820621438,2.37366556073539,4.73983964323997,0.00592479955404997,-100,1200,125,0.15625
24,800,12,724,724,200,100,900,9.38227200345136,3.68212226475589,-9.19796936027706,-0.0114974617003463,-100,1200,125,0.15625
25,800,12,725,725,200,100,900,2.23750701406971,3.9027006526012,-0.376738373190165,-0.000470922966487706,-100,1200,125,0.15625
26,800,12,726,726,200,100,900,12.9763274111319,3.81900825491175,10.4059154950082,0.0130073943687603,-100,1200,125,0.15625
27,800,12,727,727,200,100,900,3.27834851038642,2.11812662496231,2.11565134674311,0.00264456418342888,-100,1200,125,0.15625
28,800,12,728,728,200,100,900,4.76108689256944,2.80993116123136,-5.4514281693846,-0.00681428521173075,-100,1200,125,0.15625
29,800,12,729,729,200,100,900,13.1557950580027,2.24682618153747,2.91853735595942,0.00364817169494927,-100,1200,125,0.15625
30,800,12,730,730,200,100,900,6.2375296219252,2.77456302603241,2.71088276803493,0.00338860346004367,-100,1200,125,0.15625
31,800,12,731,731,200,100,900,12.5894327787682,1.7837272832403,4.4563608225435,0.00557045102817938,-100,1200,125,0.15625
32,800,12,732,732,200,100,900,5.99859173735604,1.03510585520416,-11.3226182889193,-0.0141532728611492,-100,1200,125,0.15625
33,800,12,733,733,200,100,900,4.59632180980407,3.21957325609401,1.98790186084807,0.00248487732606009,-100,1200,125,0.15625
34,800,12,734,734,200,100,900,3.61261838790961,3.11888887931127,3.99820503406227,0.00499775629257783,-100,1200,125,0.15625
35,800,12,735,735,200,100,900,8.74002453242429,3.71806559571996,-3.57491682842374,-0.00446864603552967,-100,1200,125,0.15625
36,800,12,736,736,200,100,900,11.841050274903,2.30473744240589,4.95837697573006,0.00619797121966258,-100,1200,125,0.15625
37,800,12,737,737,200,100,900,11.5352229855489,1.04566763585899,3.16069651767612,0.00395087064709514,-100,1200,125,0.15625
38,800,12,738,738,200,100,900,2.70702118612826,2.64641066908371,2.47458090819418,0.00309322613524273,-100,1200,125,0.15625
39,800,12,739,739,200,100,900,10.9205277396832,2.61706629651599,1.79952777922153,0.00224940972402692,-100,1200,125,0.15625
40,800,12,740,740,200,100,900,10.4800957667176,0.581403270247392,0.971381468698382,0.00121422683587298,-100,1200,125,0.15625
41,800,12,741,741,200,100,900,11.1340311076492,0.678612190647982,3.77659327536821,0.00472074159421027,-100,1200,125,0.15625
42,800,12,742,742,200,100,900,4.08155379071832,1.57986975077074,-8.39465294592083,-0.010493316182401,-100,1200,125,0.15625
43,800,12,743,743,200,100,900,9.51727092149667,3.79669445555191,-2.83154682442546,-0.00353943353053182,-100,1200,125,0.15625
44,800,12,744,744,200,100,900,4.06642597354949,0.580149679677561,-0.455727042630315,-0.000569658803287894,-100,1200,125,0.15625
45,800,12,745,745,200,100,900,10.1640287821647,2.88498176494613,2.78454103879631,0.00348067629849538,-100,1200,125,0.15625
46,800,12,746,746,200,100,900,8.70645479299128,0.535625754273497,-0.826338948681951,-0.00103292368585244,-100,1200,125,0.15625
47,800,12,747,747,200,100,900,2.97371153370477,3.77549782476854,-2.93885928578675,-0.00367357410723344,-100,1200,125,0.15625
48,800,12,748,748,200,100,900,14.2988092084415,2.42603268893436,-3.68427641317248,-0.0046053455164656,-100,1200,125,0.15625
49,800,12,749,749,200,100,900,14.7760441347491,1.60971411620267,2.06186715513468,0.00257733394391835,-100,1200,125,0.15625
50,800,12,750,750,200,100,900,13.2713903945405,0.77984176564496,-11.392916271463,-0.0142411453393288,-100,1200,125,0.15625
51,800,12,751,751,200,100,900,7.54765942436643,2.6487498342758,-7.29050790891051,-0.00911313488613814,-100,1200,125,0.15625
52,800,12,752,752,200,100,900,4.07693657022901,0.592413041274995,-5.74212064035237,-0.00717765080044046,-100,1200,125,0.15625
53,800,12,753,753,200,100,900,10.9528036378324,3.60775664926041,11.303094830364,0.014128868537955,-100,1200,125,0.15625
54,800,12,754,754,200,100,900,9.39490422536619,2.84774388372898,8.65696234256029,0.0108212029282004,-100,1200,125,0.15625
55,800,12,755,755,200,100,900,3.12716741114855,2.99337158200797,1.44532409124076,0.00180665511405095,-100,1200,125,0.15625
56,800,12,756,756,200,100,900,8.74970063171349,0.774563899845816,2.71786480396986,0.00339733100496233,-100,1200,125,0.15625
57,800,12,757,757,200,100,900,6.64716863422655,3.34488182549831,-1.0108013805002,-0.00126350172562525,-100,1200,125,0.15625
58,800,12,758,758,200,100,900,2.95436002826318,3.94725723948795,-1.77160879969597,-0.00221451099961996,-100,1200,125,0.15625
59,800,12,759,759,200,100,900,12.0777734359726,3.64704631455243,-9.46176210232079,-0.011827202627901,-100,1200,125,0.15625
60,800,12,760,760,200,100,900,5.16302960715257,1.0949265260715,-5.06168433465064,-0.00632710541831329,-100,1200,125,0.15625
61,800,12,761,761,200,100,900,9.25709092360921,1.83506088412832,-0.815677631646395,-0.00101959703955799,-100,1200,125,0.15625
62,800,12,762,762,200,100,900,5.93987384065986,0.976878806366585,4.52103134617209,0.00565128918271512,-100,1200,125,0.15625
63,800,12,763,763,200,100,900,9.84314621891826,2.43586761713959,2.04613264650106,0.00255766580812633,-100,1200,125,0.15625
64,800,12,764,764,200,100,900,14.0145660787821,1.82013004261535,9.21759783290327,0.0115219972911291,-100,1200,125,0.15625
65,800,12,765,765,200,100,900,3.24474015808664,2.36493779567536,2.63163196854293,0.00328953996067867,-100,1200,125,0.15625
66,800,12,766,766,200,100,900,5.66677874233574,0.585733903339133,-0.775203572586179,-0.000969004465732724,-100,1200,125,0.15625
67,800,12,767,767,200,100,900,10.9530779202469,1.65806205337867,-0.813016332685947,-0.00101627041585743,-100,1200,125,0.15625
68,800,12,768,768,200,100,900,13.1740602515638,2.8284509642981,-11.3874092269689,-0.0142342615337111,-100,1200,125,0.15625
69,800,12,769,769,200,100,900,5.960308594862,0.571536471834406,-1.21636275015771,-0.00152045343769714,-100,1200,125,0.15625
70,800,12,770,770,200,100,900,4.4852689045947,1.39328751456924,-8.06230348348618,-0.0100778793543577,-100,1200,125,0.15625
71,800,12,771,771,200,100,900,2.62919299560599,1.50579856452532,3.8341813813895,0.00479272672673687,-100,1200,125,0.15625
72,800,12,772,772,200,100,900,14.1144064727705,0.761975497822277,5.11131732165813,0.00638914665207267,-100,1200,125,0.15625
73,800,12,773,773,200,100,900,11.5309863244183,3.76782112871297,7.39016694948077,0.00923770868685097,-100,1200,125,0.15625
74,800,12,774,774,200,100,900,3.95611928007565,0.891759175225161,-9.9012886416167,-0.0123766108020209,-100,1200,125,0.15625
75,800,12,775,775,200,100,900,8.58158165053464,3.96281511790585,-5.74546275101602,-0.00718182843877003,-100,1200,125,0.15625
76,800,12,776,776,200,100,900,5.24129740078934,0.871341757127084,-8.759586956352,-0.01094948369544,-100,1200,125,0.15625
77,800,12,777,777,200,100,900,5.00961392256431,1.05412719456945,-1.95409286767244,-0.00244261608459055,-100,1200,125,0.15625
78,800,12,778,778,200,100,900,11.3535506248008,1.90730717033148,7.65199137479067,0.00956498921848834,-100,1200,125,0.15625
79,800,12,779,779,200,100,900,9.90949879982509,1.41771484841593,-8.15279445983469,-0.0101909930747934,-100,1200,125,0.15625
80,800,12,780,780,200,100,900,10.8769359227736,1.38921495527029,-6.78785684332252,-0.00848482105415314,-100,1200,125,0.15625
81,800,12,781,781,200,100,900,2.40991725679487,0.565476873656735,-4.41131473705173,-0.00551414342131466,-100,1200,125,0.15625
82,800,12,782,782,200,100,900,13.1745060626417,2.26360837824177,-4.85876685194671,-0.00607345856493339,-100,1200,125,0.15625
83,800,12,783,783,200,100,900,14.755421722075,2.6237488448387,-9.08043291047215,-0.0113505411380902,-100,1200,125,0.15625
84,800,12,784,784,200,100,900,2.37925264448859,2.7104768527206,-7.50413185358047,-0.00938016481697559,-100,1200,125,0.15625
85,800,12,785,785,200,100,900,2.11850549420342,1.56467833695933,-5.91147320531309,-0.00738934150664136,-100,1200,125,0.15625
86,800,12,786,786,200,100,900,12.8255961001851,3.69007628841791,-7.56307939253747,-0.00945384924067184,-100,1200,125,0.15625
87,800,12,787,787,200,100,900,10.1668244299944,0.888242412009276,8.51905856654048,0.0106488232081756,-100,1200,125,0.15625
88,800,12,788,788,200,100,900,6.05949152889661,2.75170691485982,-9.21709025837481,-0.0115213628229685,-100,1200,125,0.15625
89,800,12,789,789,200,100,900,7.33011240512133,1.84029506030492,7.51687447540462,0.00939609309425577,-100,1200,125,0.15625
90,800,12,790,790,200,100,900,7.64055673335679,3.45652544416953,-3.91382017359138,-0.00489227521698922,-100,1200,125,0.15625
91,800,12,791,791,200,100,900,3.5454629487358,1.07812639733311,-4.59473440982401,-0.00574341801228002,-100,1200,125,0.15625
92,800,12,792,792,200,100,900,3.71610556542873,2.02740723232273,-6.81571142189205,-0.00851963927736506,-100,1200,125,0.15625
93,800,12,793,793,200,100,900,10.1829704651609,3.40583237831015,2.12484788149595,0.00265605985186994,-100,1200,125,0.15625
94,800,12,794,794,200,100,900,3.52505666157231,3.87326639413368,9.6727837510407,0.0120909796888009,-100,1200,125,0.15625
95,800,12,795,795,200,100,900,6.44636329077184,2.82378061511554,2.1358709000051,0.00266983862500638,-100,1200,125,0.15625
96,800,12,796,796,200,100,900,11.3817012722138,1.49738987884484,-9.917316025123,-0.0123966450314038,-100,1200,125,0.15625
97,800,12,797,797,200,100,900,14.1731776804663,2.39803625037894,11.5784672219306,0.0144730840274133,-100,1200,125,0.15625
98,800,12,798,798,200,100,900,9.74034221097827,1.87727840116713,1.32481234520674,0.00165601543150842,-100,1200,125,0.15625
99,800,12,799,799,200,100,900,3.75465764501132,3.37106243311428,-9.47597789391875,-0.0118449723673984,-100,1200,125,0.15625
100,800,12,800,800,200,100,900,6.4505515715573,2.02263517293613,-9.2955568805337,-0.0116194461006671,-100,1200,125,0.15625
1,1600,12,801,801,200,100,1700,13.821824943414,2.93148423463572,-2.80353026278317,-0.00175220641423948,-100,2000,125,0.078125
2,1600,12,802,802,200,100,1700,6.25970688275993,0.956509966519661,-4.29598090611398,-0.00268498806632124,-100,2000,125,0.078125
3,1600,12,803,803,200,100,1700,11.2269987745676,0.532449043705128,2.31932250782847,0.0014495765673928,-100,2000,125,0.078125
4,1600,12,804,804,200,100,1700,12.3265274274163,1.58676100417506,6.12395055033267,0.00382746909395792,-100,2000,125,0.078125
5,1600,12,805,805,200,100,1700,3.88973047444597,2.63841166661587,-6.78350572474301,-0.00423969107796438,-100,2000,125,0.078125
6,1600,12,806,806,200,100,1700,13.9861618038267,3.71527206758037,-2.30556784942746,-0.00144097990589216,-100,2000,125,0.078125
7,1600,12,807,807,200,100,1700,7.51957726129331,2.92502104875166,-0.331507684662938,-0.000207192302914336,-100,2000,125,0.078125
8,1600,12,808,808,200,100,1700,13.7847849463578,0.779818572569638,-10.3125063702464,-0.00644531648140401,-100,2000,125,0.078125
9,1600,12,809,809,200,100,1700,4.36100668809377,2.69584080879577,-8.01697067543864,-0.00501060667214915,-100,2000,125,0.078125
10,1600,12,810,810,200,100,1700,12.5894846944138,3.79034749907441,-5.85870984569192,-0.00366169365355745,-100,2000,125,0.078125
11,1600,12,811,811,200,100,1700,2.29510973230936,1.45783331023995,-1.73822940140963,-0.00108639337588102,-100,2000,125,0.078125
12,1600,12,812,812,200,100,1700,12.8563390853815,2.44043499708641,-0.922665970399976,-0.000576666231499985,-100,2000,125,0.078125
13,1600,12,813,813,200,100,1700,14.6342719653621,2.43128221959341,8.1069327481091,0.00506683296756819,-100,2000,125,0.078125
14,1600,12,814,814,200,100,1700,11.2642232701182,2.13355798006523,10.6660667024553,0.00666629168903455,-100,2000,125,0.078125
15,1600,12,815,815,200,100,1700,14.2417583784554,2.02975292003248,-0.0486283600330353,-3.0392725020647e-05,-100,2000,125,0.078125
16,1600,12,816,816,200,100,1700,12.2783958730288,3.84915127244312,5.00793458148837,0.00312995911343023,-100,2000,125,0.078125
17,1600,12,817,817,200,100,1700,9.22525708028115,0.924944508820772,0.688756881281734,0.000430473050801083,-100,2000,125,0.078125
18,1600,12,818,818,200,100,1700,3.03396521578543,0.716471101273783,-3.24259471334517,-0.00202662169584073,-100,2000,125,0.078125
19,1600,12,819,819,200,100,1700,3.0103916565422,3.91394351888448,-0.845197644084692,-0.000528248527552932,-100,2000,125,0.078125
20,1600,12,820,820,200,100,1700,10.1372896458488,1.71229189087171,10.5593806877732,0.00659961292985827,-100,2000,125,0.078125
21,1600,12,821,821,200,100,1700,11.0486201425083,0.705710871145129,-7.90911002643406,-0.00494319376652129,-100,2000,125,0.078125
22,1600,12,822,822,200,100,1700,5.07055143709294,3.68030924198683,5.56100437045097,0.00347562773153186,-100,2000,125,0.078125
23,1600,12,823,823,200,100,1700,4.10220792726614,1.37367733463179,-11.7449180334806,-0.0073405737709254,-100,2000,125,0.078125
24,1600,12,824,824,200,100,1700,6.15177655289881,3.05233003373723,8.90893920511007,0.0055680870031938,-100,2000,125,0.078125
25,1600,12,825,825,200,100,1700,11.4226736463606,3.58782995853107,3.18185368739069,0.00198865855461918,-100,2000,125,0.078125
26,1600,12,826,826,200,100,1700,14.67720920383,3.34044224908575,9.52574296295643,0.00595358935184777,-100,2000,125,0.078125
27,1600,12,827,827,200,100,1700,12.4944401292596,0.680024613975547,-7.91955028474331,-0.00494971892796457,-100,2000,125,0.078125
28,1600,12,828,828,200,100,1700,4.92594753741287,3.10346790123731,3.93308279290795,0.00245817674556747,-100,2000,125,0.078125
29,1600,12,829,829,200,100,1700,9.47570985928178,3.13345297751948,-11.905264204368,-0.00744079012773,-100,2000,125,0.078125
30,1600,12,830,830,200,100,1700,3.58268389082514,2.18341029959265,-8.69157819449902,-0.00543223637156188,-100,2000,125,0.078125
31,1600,12,831,831,200,100,1700,8.14084723987617,1.81042044959031,-1.80807641521096,-0.00113004775950685,-100,2000,125,0.078125
32,1600,12,832,832,200,100,1700,7.74978190939873,2.18758745875675,-1.98110361769795,-0.00123818976106122,-100,2000,125,0.078125
33,1600,12,833,833,200,100,1700,13.1682265819982,1.76670667075086,-8.61420912668109,-0.00538388070417568,-100,2000,125,0.078125
34,1600,12,834,834,200,100,1700,9.881812233245,2.94154644862283,7.85701894015074,0.00491063683759421,-100,2000,125,0.078125
35,1600,12,835,835,200,100,1700,13.1525810370222,0.594316715956666,0.146665457636118,9.16659110225737e-05,-100,2000,125,0.078125
36,1600,12,836,836,200,100,1700,14.0611743605696,1.6022023280384,-8.33622164279222,-0.00521013852674514,-100,2000,125,0.078125
37,1600,12,837,837,200,100,1700,10.6235978240147,1.33937394339591,-3.23196739889681,-0.00201997962431051,-100,2000,125,0.078125
38,1600,12,838,838,200,100,1700,12.4356350849848,2.29426935163792,-9.50776027701795,-0.00594235017313622,-100,2000,125,0.078125
39,1600,12,839,839,200,100,1700,7.85571987647563,2.81136832514312,0.982615945860744,0.000614134966162965,-100,2000,125,0.078125
40,1600,12,840,840,200,100,1700,9.68732434464619,2.12996443302836,3.13687243871391,0.00196054527419619,-100,2000,125,0.078125
41,1600,12,841,841,200,100,1700,12.7337114731781,1.70248575252481,8.143145699054,0.00508946606190875,-100,2000,125,0.078125
42,1600,12,842,842,200,100,1700,13.3669904468115,0.573782615363598,1.65676488541067,0.00103547805338167,-100,2000,125,0.078125
43,1600,12,843,843,200,100,1700,9.53352334862575,3.60305215138942,-8.21854803711176,-0.00513659252319485,-100,2000,125,0.078125
44,1600,12,844,844,200,100,1700,13.3400089244824,1.59531281609088,-6.35155198909342,-0.00396971999318339,-100,2000,125,0.078125
45,1600,12,845,845,200,100,1700,14.0408142472152,2.34244863968343,6.09581621736288,0.0038098851358518,-100,2000,125,0.078125
46,1600,12,846,846,200,100,1700,9.57316147675738,1.3346774878446,0.857161452993751,0.000535725908121094,-100,2000,125,0.078125
47,1600,12,847,847,200,100,1700,3.29856091900729,2.23398709855974,-1.26998011954129,-0.000793737574713305,-100,2000,125,0.078125
48,1600,12,848,848,200,100,1700,10.0077457691077,2.65415268077049,8.91291055083275,0.00557056909427047,-100,2000,125,0.078125
49,1600,12,849,849,200,100,1700,8.06200274429284,2.12917135551106,-5.66445162333548,-0.00354028226458468,-100,2000,125,0.078125
50,1600,12,850,850,200,100,1700,3.42765802517533,0.784440979943611,1.10272729955614,0.000689204562222585,-100,2000,125,0.078125
51,1600,12,851,851,200,100,1700,13.2409080197103,2.81241844315082,-5.88293319381773,-0.00367683324613608,-100,2000,125,0.078125
52,1600,12,852,852,200,100,1700,2.40235247346573,2.6858102735132,-5.33189877122641,-0.0033324367320165,-100,2000,125,0.078125
53,1600,12,853,853,200,100,1700,5.18340328056365,3.65363381290808,-4.78468545153737,-0.00299042840721086,-100,2000,125,0.078125
54,1600,12,854,854,200,100,1700,8.37692801747471,0.643951735575683,0.946259502321482,0.000591412188950926,-100,2000,125,0.078125
55,1600,12,855,855,200,100,1700,2.548942101188,3.31140996969771,-5.63123183883727,-0.00351951989927329,-100,2000,125,0.078125
56,1600,12,856,856,200,100,1700,11.4383749812841,0.886098555638455,-0.0716035030782223,-4.47521894238889e-05,-100,2000,125,0.078125
57,1600,12,857,857,200,100,1700,11.2854353485163,3.27036293572746,-9.73533742502332,-0.00608458589063957,-100,2000,125,0.078125
58,1600,12,858,858,200,100,1700,9.88722875551321,3.59404015890323,0.960348537191749,0.000600217835744843,-100,2000,125,0.078125
59,1600,12,859,859,200,100,1700,5.581951119937,3.78454384370707,-5.31191864982247,-0.00331994915613905,-100,2000,125,0.078125
60,1600,12,860,860,200,100,1700,9.05330739822239,3.38867285673041,0.128161808475852,8.01011302974075e-05,-100,2000,125,0.078125
61,1600,12,861,861,200,100,1700,6.05988340242766,1.67400571051985,4.34809718839824,0.0027175607427489,-100,2000,125,0.078125
62,1600,12,862,862,200,100,1700,6.44271713378839,2.60147321084514,3.07681987434626,0.00192301242146641,-100,2000,125,0.078125
63,1600,12,863,863,200,100,1700,12.1272820353042,2.17826063663233,-3.21129116602242,-0.00200705697876401,-100,2000,125,0.078125
64,1600,12,864,864,200,100,1700,6.64423756441101,1.2162355176406,7.14531896263361,0.00446582435164601,-100,2000,125,0.078125
65,1600,12,865,865,200,100,1700,14.7759902547114,3.89099680224899,-6.64955533482134,-0.00415597208426334,-100,2000,125,0.078125
66,1600,12,866,866,200,100,1700,9.47511153994128,3.93152793473564,-5.61480858363211,-0.00350925536477007,-100,2000,125,0.078125
67,1600,12,867,867,200,100,1700,8.73216782649979,1.59288426290732,4.17559876665473,0.00260974922915921,-100,2000,125,0.078125
68,1600,12,868,868,200,100,1700,5.48874387587421,0.910680584958754,-6.81277309544384,-0.0042579831846524,-100,2000,125,0.078125
69,1600,12,869,869,200,100,1700,12.7671463112347,3.18412821076345,-7.62673526443541,-0.00476670954027213,-100,2000,125,0.078125
70,1600,12,870,870,200,100,1700,11.0670297779143,2.39569574710913,8.2158621288836,0.00513491383055225,-100,2000,125,0.078125
71,1600,12,871,871,200,100,1700,2.21857953583822,2.67169030220248,-6.27608118765056,-0.0039225507422816,-100,2000,125,0.078125
72,1600,12,872,872,200,100,1700,14.4459154561628,3.87226621608716,6.3981947209686,0.00399887170060538,-100,2000,125,0.078125
73,1600,12,873,873,200,100,1700,8.96834553428926,3.92743572231848,2.34224363230169,0.00146390227018856,-100,2000,125,0.078125
74,1600,12,874,874,200,100,1700,4.6307707130909,1.04641775472555,1.36192628927529,0.000851203930797055,-100,2000,125,0.078125
75,1600,12,875,875,200,100,1700,2.53305589850061,3.80755773640703,-4.75256851315498,-0.00297035532072186,-100,2000,125,0.078125
76,1600,12,876,876,200,100,1700,9.56933634215966,3.79566864867229,-3.10623640939593,-0.00194139775587246,-100,2000,125,0.078125
77,1600,12,877,877,200,100,1700,2.57655862462707,2.58102484582923,0.811754738911986,0.000507346711819992,-100,2000,125,0.078125
78,1600,12,878,878,200,100,1700,9.54002635530196,1.60042907681782,2.52355306595564,0.00157722066622227,-100,2000,125,0.078125
79,1600,12,879,879,200,100,1700,13.9662184049375,3.04148974630516,-8.93048954196274,-0.00558155596372671,-100,2000,125,0.078125
80,1600,12,880,880,200,100,1700,5.80302371457219,2.30763551173732,-8.77749532833695,-0.0054859345802106,-100,2000,125,0.078125
81,1600,12,881,881,200,100,1700,11.8470315281302,0.504914106684737,-5.70277475193143,-0.00356423421995714,-100,2000,125,0.078125
82,1600,12,882,882,200,100,1700,11.3172673485242,3.03281596233137,1.87051304988563,0.00116907065617852,-100,2000,125,0.078125
83,1600,12,883,883,200,100,1700,11.3303767754696,2.16224967467133,8.08747053332627,0.00505466908332892,-100,2000,125,0.078125
84,1600,12,884,884,200,100,1700,2.20054653403349,3.5208580812905,-9.43195155076683,-0.00589496971922927,-100,2000,125,0.078125
85,1600,12,885,885,200,100,1700,5.85520884511061,3.13801306730602,-1.30900777503848,-0.000818129859399051,-100,2000,125,0.078125
86,1600,12,886,886,200,100,1700,7.36446441151202,2.25641029840335,5.02140082418919,0.00313837551511824,-100,2000,125,0.078125
87,1600,12,887,887,200,100,1700,3.29900833428837,3.97571560170036,7.08818270266056,0.00443011418916285,-100,2000,125,0.078125
88,1600,12,888,888,200,100,1700,5.79945192299783,3.06058667402249,6.01622869446874,0.00376014293404296,-100,2000,125,0.078125
89,1600,12,889,889,200,100,1700,10.6614041125868,2.43014084501192,-8.40957275032997,-0.00525598296895623,-100,2000,125,0.078125
90,1600,12,890,890,200,100,1700,5.45816410775296,2.4525912423851,-2.92755252867937,-0.00182972033042461,-100,2000,125,0.078125
91,1600,12,891,891,200,100,1700,3.68163618887775,3.07148991303984,-7.99453186802566,-0.00499658241751604,-100,2000,125,0.078125
92,1600,12,892,892,200,100,1700,2.14487615716644,2.09603283181787,2.80550352483988,0.00175343970302492,-100,2000,125,0.078125
93,1600,12,893,893,200,100,1700,14.8990511198062,2.36704669333994,-0.718944098800421,-0.000449340061750263,-100,2000,125,0.078125
94,1600,12,894,894,200,100,1700,6.06406199443154,2.76643083593808,-4.27113615162671,-0.00266946009476669,-100,2000,125,0.078125
95,1600,12,895,895,200,100,1700,8.90554521302693,0.867984056472778,7.41000398620963,0.00463125249138102,-100,2000,125,0.078125
96,1600,12,896,896,200,100,1700,11.3854463449679,3.09059513895772,-3.31140578538179,-0.00206962861586362,-100,2000,125,0.078125
97,1600,12,897,897,200,100,1700,10.113094860455,2.37411375646479,-7.37923755683005,-0.00461202347301878,-100,2000,125,0.078125
98,1600,12,898,898,200,100,1700,6.93859406886622,2.92750588350464,3.49333807267249,0.0021833362954203,-100,2000,125,0.078125
99,1600,12,899,899,200,100,1700,2.74258792842738,3.07394834642764,-5.09855734370649,-0.00318659833981656,-100,2000,125,0.078125
100,1600,12,900,900,200,100,1700,8.36902589141391,3.19741766038351,10.4144169520587,0.00650901059503667,-100,2000,125,0.078125
1,3200,12,901,901,200,100,3300,11.0751273746137,2.6521403202787,7.04694962315261,0.00220217175723519,-100,3600,125,0.0390625
2,3200,12,902,902,200,100,3300,9.90523832384497,2.08486642257776,6.26969475857913,0.00195927961205598,-100,3600,125,0.0390625
3,3200,12,903,903,200,100,3300,13.3346288600005,3.19168830499984,4.54949252307415,0.00142171641346067,-100,3600,125,0.0390625
4,3200,12,904,904,200,100,3300,5.38556334329769,1.77261052140966,-6.14770655147731,-0.00192115829733666,-100,3600,125,0.0390625
5,3200,12,905,905,200,100,3300,10.0942345317453,2.2440074083861,-1.94773703813553,-0.000608667824417353,-100,3600,125,0.0390625
6,3200,12,906,906,200,100,3300,3.58980326564051,2.772047469276,-1.23119524307549,-0.000384748513461091,-100,3600,125,0.0390625
7,3200,12,907,907,200,100,3300,8.78791762050241,1.64713014021982,-1.12386688962579,-0.000351208403008059,-100,3600,125,0.0390625
8,3200,12,908,908,200,100,3300,13.8506890647113,0.896305163041689,-5.17025651782751,-0.0016157051618211,-100,3600,125,0.0390625
9,3200,12,909,909,200,100,3300,14.2364010270685,3.45673049683683,6.42479767464101,0.00200774927332532,-100,3600,125,0.0390625
10,3200,12,910,910,200,100,3300,6.64759726822376,2.12572699028533,6.52343740873039,0.00203857419022825,-100,3600,125,0.0390625
11,3200,12,911,911,200,100,3300,11.9304062721785,0.84432296117302,11.1841045171022,0.00349503266159445,-100,3600,125,0.0390625
12,3200,12,912,912,200,100,3300,4.38594892318361,3.8168855519034,1.89797323197126,0.00059311663499102,-100,3600,125,0.0390625
13,3200,12,913,913,200,100,3300,11.5818562111817,3.21144783461932,0.880410427227616,0.00027512825850863,-100,3600,125,0.0390625
14,3200,12,914,914,200,100,3300,3.12466215738095,1.61109665199183,4.02857913449407,0.0012589309795294,-100,3600,125,0.0390625
15,3200,12,915,915,200,100,3300,13.1379720796831,2.43924375099596,4.74812170676887,0.00148378803336527,-100,3600,125,0.0390625
16,3200,12,916,916,200,100,3300,14.0626089177094,1.86062673875131,-9.94575888477266,-0.00310804965149146,-100,3600,125,0.0390625
17,3200,12,917,917,200,100,3300,10.2391740700696,0.515843734028749,1.35753501020372,0.000424229690688662,-100,3600,125,0.0390625
18,3200,12,918,918,200,100,3300,2.81342384847812,2.4310425480362,2.00271585211158,0.000625848703784868,-100,3600,125,0.0390625
19,3200,12,919,919,200,100,3300,14.989143921528,1.57533015182707,4.5719388294965,0.00142873088421766,-100,3600,125,0.0390625
20,3200,12,920,920,200,100,3300,6.10392676619813,1.23104352492373,1.14134173281491,0.000356669291504659,-100,3600,125,0.0390625
21,3200,12,921,921,200,100,3300,10.2785586251412,3.65676443069242,5.26030513644218,0.00164384535513818,-100,3600,125,0.0390625
22,3200,12,922,922,200,100,3300,12.839619477978,1.95333431684412,2.94781057164073,0.000921190803637728,-100,3600,125,0.0390625
23,3200,12,923,923,200,100,3300,13.1597158000804,0.566636473638937,1.07908913120627,0.000337215353501961,-100,3600,125,0.0390625
24,3200,12,924,924,200,100,3300,13.4336745862383,3.39168593962677,9.05236483924091,0.00282886401226278,-100,3600,125,0.0390625
25,3200,12,925,925,200,100,3300,12.663657641504,3.74447445559781,3.56069662235677,0.00111271769448649,-100,3600,125,0.0390625
26,3200,12,926,926,200,100,3300,8.83130363025703,2.68006787309423,-1.1174712125212,-0.000349209753912874,-100,3600,125,0.0390625
27,3200,12,927,927,200,100,3300,11.9257023097016,3.73723653657362,4.77630353718996,0.00149259485537186,-100,3600,125,0.0390625
28,3200,12,928,928,200,100,3300,14.3897225752007,1.86056991200894,8.86177847161889,0.0027693057723809,-100,3600,125,0.0390625
29,3200,12,929,929,200,100,3300,13.1071769124828,3.58660299016628,9.87643428146839,0.00308638571295887,-100,3600,125,0.0390625
30,3200,12,930,930,200,100,3300,7.10030876542442,2.61938728683162,0.00709077715873718,2.21586786210537e-06,-100,3600,125,0.0390625
31,3200,12,931,931,200,100,3300,10.2816869392991,2.15296504518483,8.97021086700261,0.00280319089593831,-100,3600,125,0.0390625
32,3200,12,932,932,200,100,3300,8.6044289113488,1.42720448167529,-8.80994151905179,-0.00275310672470368,-100,3600,125,0.0390625
33,3200,12,933,933,200,100,3300,2.34360947250389,1.50768754968885,-10.8603200633079,-0.00339385001978371,-100,3600,125,0.0390625
34,3200,12,934,934,200,100,3300,3.18133182567544,2.83410940482281,-5.52759208716452,-0.00172737252723891,-100,3600,125,0.0390625
35,3200,12,935,935,200,100,3300,4.75132687529549,0.71020295121707,-5.37639416009188,-0.00168012317502871,-100,3600,125,0.0390625
36,3200,12,936,936,200,100,3300,13.2177374544553,2.19155851157848,6.98858562111855,0.00218393300659955,-100,3600,125,0.0390625
37,3200,12,937,937,200,100,3300,14.8756387890317,2.14122940041125,11.8635488916188,0.00370735902863089,-100,3600,125,0.0390625
38,3200,12,938,938,200,100,3300,14.111529158894,1.56950696150307,8.95863854326308,0.00279957454476971,-100,3600,125,0.0390625
39,3200,12,939,939,200,100,3300,14.6441442496143,1.93853540555574,7.14559077098966,0.00223299711593427,-100,3600,125,0.0390625
40,3200,12,940,940,200,100,3300,5.68749203765765,3.07047734269872,-9.48555936478078,-0.00296423730149399,-100,3600,125,0.0390625
41,3200,12,941,941,200,100,3300,7.93303923797794,3.90187327645253,-11.2331630028784,-0.00351036343839951,-100,3600,125,0.0390625
42,3200,12,942,942,200,100,3300,13.084398369072,1.11901788995601,-7.04201241396368,-0.00220062887936365,-100,3600,125,0.0390625
43,3200,12,943,943,200,100,3300,2.07785059791058,2.61175125464797,2.95235000364482,0.000922609376139008,-100,3600,125,0.0390625
44,3200,12,944,944,200,100,3300,14.2506203809753,2.17398139892612,-2.0794698279351,-0.000649834321229719,-100,3600,125,0.0390625
45,3200,12,945,945,200,100,3300,4.90861724922433,1.54123226471711,-2.07396044768393,-0.000648112639901228,-100,3600,125,0.0390625
46,3200,12,946,946,200,100,3300,12.9575253028888,1.46712337352801,10.6731535904109,0.00333536049700342,-100,3600,125,0.0390625
47,3200,12,947,947,200,100,3300,2.85933330911212,3.4453421003418,10.107641145587,0.00315863785799593,-100,3600,125,0.0390625
48,3200,12,948,948,200,100,3300,5.49899785150774,2.98315392120276,3.72003220394254,0.00116251006373204,-100,3600,125,0.0390625
49,3200,12,949,949,200,100,3300,2.6064444265794,3.28930213407148,-5.3103515021503,-0.00165948484442197,-100,3600,125,0.0390625
50,3200,12,950,950,200,100,3300,7.58323001372628,3.57758123590611,-9.83157567679882,-0.00307236739899963,-100,3600,125,0.0390625
51,3200,12,951,951,200,100,3300,12.7765960695688,1.59153623762541,-3.77803908102214,-0.00118063721281942,-100,3600,125,0.0390625
52,3200,12,952,952,200,100,3300,5.7878472507,1.29141020728275,-1.57528801448643,-0.00049227750452701,-100,3600,125,0.0390625
53,3200,12,953,953,200,100,3300,9.1463581265416,2.88482622767333,10.5847728028893,0.00330774150090292,-100,3600,125,0.0390625
54,3200,12,954,954,200,100,3300,2.12954222713597,2.71115411561914,-5.95968621410429,-0.00186240194190759,-100,3600,125,0.0390625
55,3200,12,955,955,200,100,3300,14.0229013790376,1.43428262753878,-5.87435536086559,-0.0018357360502705,-100,3600,125,0.0390625
56,3200,12,956,956,200,100,3300,2.23535643145442,1.89441992389038,7.86986298859119,0.00245933218393475,-100,3600,125,0.0390625
57,3200,12,957,957,200,100,3300,3.20285538583994,1.36712604179047,-4.92615384422243,-0.00153942307631951,-100,3600,125,0.0390625
58,3200,12,958,958,200,100,3300,14.7283854752313,2.41891881753691,8.25052517093718,0.00257828911591787,-100,3600,125,0.0390625
59,3200,12,959,959,200,100,3300,4.0501659582369,1.15330610761885,-8.75071187317371,-0.00273459746036679,-100,3600,125,0.0390625
60,3200,12,960,960,200,100,3300,5.41070656687953,1.23605851957109,-5.65960074774921,-0.00176862523367163,-100,3600,125,0.0390625
61,3200,12,961,961,200,100,3300,11.6152044252958,1.70696182944812,-7.73177211731672,-0.00241617878666148,-100,3600,125,0.0390625
62,3200,12,962,962,200,100,3300,10.7971765319817,2.81034992495552,9.67741407081485,0.00302419189712964,-100,3600,125,0.0390625
63,3200,12,963,963,200,100,3300,13.3915371731855,1.05913346807938,-9.74529059417546,-0.00304540331067983,-100,3600,125,0.0390625
64,3200,12,964,964,200,100,3300,3.5126455987338,2.7034227947006,11.9565500468016,0.00373642188962549,-100,3600,125,0.0390625
65,3200,12,965,965,200,100,3300,7.60430432134308,3.29569691338111,4.1364591345191,0.00129264347953722,-100,3600,125,0.0390625
66,3200,12,966,966,200,100,3300,13.3516850897577,0.612380078062415,9.74299745075405,0.00304468670336064,-100,3600,125,0.0390625
67,3200,12,967,967,200,100,3300,4.17594448267482,3.10474496684037,-4.42043362744153,-0.00138138550857548,-100,3600,125,0.0390625
68,3200,12,968,968,200,100,3300,4.15829019993544,2.619158074609,-11.8078717309982,-0.00368995991593692,-100,3600,125,0.0390625
69,3200,12,969,969,200,100,3300,14.585508557735,2.08656186156441,8.38656338118017,0.0026208010566188,-100,3600,125,0.0390625
70,3200,12,970,970,200,100,3300,6.90572773013264,1.71310691221152,4.01762488670647,0.00125550777709577,-100,3600,125,0.0390625
71,3200,12,971,971,200,100,3300,14.4012776291929,3.8200694230618,-3.82257848605514,-0.00119455577689223,-100,3600,125,0.0390625
72,3200,12,972,972,200,100,3300,11.8930827428121,0.535482394159772,-6.32793096452951,-0.00197747842641547,-100,3600,125,0.0390625
73,3200,12,973,973,200,100,3300,13.1126004992984,2.92529271519743,0.39893452450633,0.000124667038908228,-100,3600,125,0.0390625
74,3200,12,974,974,200,100,3300,13.941422436852,2.94839726714417,7.73747193440795,0.00241795997950248,-100,3600,125,0.0390625
75,3200,12,975,975,200,100,3300,12.3003987025004,3.14846927591134,-6.42100581899285,-0.00200656431843527,-100,3600,125,0.0390625
76,3200,12,976,976,200,100,3300,5.50976950046606,1.07312275678851,8.09692488983274,0.00253028902807273,-100,3600,125,0.0390625
77,3200,12,977,977,200,100,3300,3.5095894918777,1.71359546866734,4.23948282189667,0.00132483838184271,-100,3600,125,0.0390625
78,3200,12,978,978,200,100,3300,11.9516537580639,2.74938976601698,-7.96663883887231,-0.0024895746371476,-100,3600,125,0.0390625
79,3200,12,979,979,200,100,3300,2.27607390377671,3.72759869613219,10.6345129497349,0.00332328529679216,-100,3600,125,0.0390625
80,3200,12,980,980,200,100,3300,2.69662144593894,2.33423817856237,1.91021464392543,0.000596942076226696,-100,3600,125,0.0390625
81,3200,12,981,981,200,100,3300,14.7811911357567,2.41872272884939,2.5999684240669,0.000812490132520907,-100,3600,125,0.0390625
82,3200,12,982,982,200,100,3300,8.45320089068264,3.52098857238889,-7.26718704588711,-0.00227099595183972,-100,3600,125,0.0390625
83,3200,12,983,983,200,100,3300,10.0289761566091,1.6176656356547,6.88581049069762,0.00215181577834301,-100,3600,125,0.0390625
84,3200,12,984,984,200,100,3300,3.48201874876395,0.521703990409151,9.19334166124463,0.00287291926913895,-100,3600,125,0.0390625
85,3200,12,985,985,200,100,3300,4.66223281715065,3.34426803491078,-0.421991245821118,-0.000131872264319099,-100,3600,125,0.0390625
86,3200,12,986,986,200,100,3300,3.7129677713383,3.59299733268563,-3.66863125003874,-0.00114644726563711,-100,3600,125,0.0390625
87,3200,12,987,987,200,100,3300,14.1717544586863,1.23658248130232,0.0138408299535513,4.32525936048478e-06,-100,3600,125,0.0390625
88,3200,12,988,988,200,100,3300,10.8058805295732,0.673599700210616,2.75269051641226,0.000860215786378831,-100,3600,125,0.0390625
89,3200,12,989,989,200,100,3300,5.50137664866634,0.994429580401629,-6.94730816222727,-0.00217103380069602,-100,3600,125,0.0390625
90,3200,12,990,990,200,100,3300,6.65461136191152,2.90018546103965,7.53929498791695,0.00235602968372405,-100,3600,125,0.0390625
91,3200,12,991,991,200,100,3300,6.19697210681625,3.6771716469666,-7.93189428001642,-0.00247871696250513,-100,3600,125,0.0390625
92,3200,12,992,992,200,100,3300,9.69267393229529,3.56552025896963,-0.592404831200838,-0.000185126509750262,-100,3600,125,0.0390625
93,3200,12,993,993,200,100,3300,10.7275359460618,3.44306884729303,-10.6617242675275,-0.00333178883360233,-100,3600,125,0.0390625
94,3200,12,994,994,200,100,3300,5.37730590743013,2.62540803756565,8.52081441879272,0.00266275450587273,-100,3600,125,0.0390625
95,3200,12,995,995,200,100,3300,3.05768045037985,3.48163927544374,-7.71822346933186,-0.00241194483416621,-100,3600,125,0.0390625
96,3200,12,996,996,200,100,3300,6.02078379923478,3.16804931324441,-3.13966008089483,-0.000981143775279634,-100,3600,125,0.0390625
97,3200,12,997,997,200,100,3300,5.9996541980654,3.12790494714864,5.574383771047,0.00174199492845219,-100,3600,125,0.0390625
98,3200,12,998,998,200,100,3300,10.6414824884851,3.57291969179641,2.06304858438671,0.000644702682620846,-100,3600,125,0.0390625
99,3200,12,999,999,200,100,3300,3.87766977865249,2.53208880801685,4.7794435992837,0.00149357612477615,-100,3600,125,0.0390625
100,3200,12,1000,1000,200,100,3300,5.88124024332501,1.54520662524737,-5.54474962502718,-0.00173273425782099,-100,3600,125,0.0390625
1,200,24,1001,1001,200,100,300,13.4390125267673,1.09925351082347,3.78374982252717,0.0189187491126359,-100,600,125,0.625
2,200,24,1002,1002,200,100,300,9.40347240143456,3.2254804992117,-9.67858829721808,-0.0483929414860904,-100,600,125,0.625
3,200,24,1003,1003,200,100,300,10.1827245710883,1.53746556129772,3.13301951810718,0.0156650975905359,-100,600,125,0.625
4,200,24,1004,1004,200,100,300,7.54125637467951,3.04940172890201,-5.57876450568438,-0.0278938225284219,-100,600,125,0.625
5,200,24,1005,1005,200,100,300,7.02459838939831,1.91165556269698,1.53865491226315,0.00769327456131578,-100,600,125,0.625
6,200,24,1006,1006,200,100,300,14.9123875566293,0.583266161265783,-1.86904039978981,-0.00934520199894905,-100,600,125,0.625
7,200,24,1007,1007,200,100,300,13.7889589588158,3.4111339179799,-14.1790551133454,-0.0708952755667269,-100,600,125,0.625
8,200,24,1008,1008,200,100,300,7.78612119355239,1.15303308516741,13.4568168818951,0.0672840844094753,-100,600,125,0.625
9,200,24,1009,1009,200,100,300,8.26424162485637,1.9924540707143,-11.1449824534357,-0.0557249122671783,-100,600,125,0.625
10,200,24,1010,1010,200,100,300,6.95309783890843,3.74767291033641,19.1081526763737,0.0955407633818686,-100,600,125,0.625
11,200,24,1011,1011,200,100,300,7.39453202113509,3.12992794625461,10.8983401358128,0.0544917006790638,-100,600,125,0.625
12,200,24,1012,1012,200,100,300,12.415257894434,1.78728576481808,-17.5044535584748,-0.0875222677923739,-100,600,125,0.625
13,200,24,1013,1013,200,100,300,9.19701815932058,3.04288430034649,-5.93166192993522,-0.0296583096496761,-100,600,125,0.625
14,200,24,1014,1014,200,100,300,8.85870114667341,2.92135893460363,23.2787015140057,0.116393507570028,-100,600,125,0.625
15,200,24,1015,1015,200,100,300,5.37303726212122,1.77425468887668,4.25546276941895,0.0212773138470948,-100,600,125,0.625
16,200,24,1016,1016,200,100,300,10.4634385143872,3.44381923507899,5.83986517041922,0.0291993258520961,-100,600,125,0.625
17,200,24,1017,1017,200,100,300,8.79582861508243,0.82203806983307,-9.31658917665482,-0.0465829458832741,-100,600,125,0.625
18,200,24,1018,1018,200,100,300,12.2063366421498,2.28601058200002,-19.9107493534684,-0.0995537467673421,-100,600,125,0.625
19,200,24,1019,1019,200,100,300,12.7135727247223,2.01622996525839,-20.5742752701044,-0.102871376350522,-100,600,125,0.625
20,200,24,1020,1020,200,100,300,4.06844990886748,3.94085715187248,-14.3705772869289,-0.0718528864346445,-100,600,125,0.625
21,200,24,1021,1021,200,100,300,9.54899279447272,1.75671244610567,17.0467483922839,0.0852337419614196,-100,600,125,0.625
22,200,24,1022,1022,200,100,300,2.75168762844987,1.25257286033593,-10.1295191310346,-0.0506475956551731,-100,600,125,0.625
23,200,24,1023,1023,200,100,300,14.3240453002509,0.692894533043727,-1.88757194951177,-0.00943785974755883,-100,600,125,0.625
24,200,24,1024,1024,200,100,300,10.7249854537658,3.20431257679593,-6.44161266088486,-0.0322080633044243,-100,600,125,0.625
25,200,24,1025,1025,200,100,300,5.59412918891758,1.76366610999685,-5.00929287448525,-0.0250464643724263,-100,600,125,0.625
26,200,24,1026,1026,200,100,300,10.5695312235039,1.0170010648435,18.0066301189363,0.0900331505946815,-100,600,125,0.625
27,200,24,1027,1027,200,100,300,6.92472075368278,3.64754558622371,7.82910227403045,0.0391455113701522,-100,600,125,0.625
28,200,24,1028,1028,200,100,300,11.1648550808895,1.81195471296087,-16.5158818177879,-0.0825794090889394,-100,600,125,0.625
29,200,24,1029,1029,200,100,300,13.8208818899002,1.32745776243974,23.1637745350599,0.1158188726753,-100,600,125,0.625
30,200,24,1030,1030,200,100,300,9.5860955552198,1.32577900297474,22.2900498881936,0.111450249440968,-100,600,125,0.625
31,200,24,1031,1031,200,100,300,3.47965085715987,1.37899923231453,0.649065278470516,0.00324532639235258,-100,600,125,0.625
32,200,24,1032,1032,200,100,300,9.04709083866328,3.41944890888408,23.9890704229474,0.119945352114737,-100,600,125,0.625
33,200,24,1033,1033,200,100,300,3.03265582886524,3.8586298058508,20.2633923366666,0.101316961683333,-100,600,125,0.625
34,200,24,1034,1034,200,100,300,5.36891186307184,2.08558899105992,0.686235219240189,0.00343117609620094,-100,600,125,0.625
35,200,24,1035,1035,200,100,300,11.6245492021553,2.37063012819272,14.606466203928,0.07303233101964,-100,600,125,0.625
36,200,24,1036,1036,200,100,300,12.1661469012033,2.3946655234322,-15.7722167372704,-0.0788610836863518,-100,600,125,0.625
37,200,24,1037,1037,200,100,300,6.43714023660868,0.67584117106162,-9.32169789075851,-0.0466084894537926,-100,600,125,0.625
38,200,24,1038,1038,200,100,300,7.59428446250968,0.961774722090922,-20.5643231235445,-0.102821615617722,-100,600,125,0.625
39,200,24,1039,1039,200,100,300,4.12851081416011,0.881433500093408,11.4486224725842,0.0572431123629212,-100,600,125,0.625
40,200,24,1040,1040,200,100,300,8.38503816025332,2.71504877251573,-11.2685424238443,-0.0563427121192217,-100,600,125,0.625
41,200,24,1041,1041,200,100,300,4.29974226723425,3.94291721540503,3.12108758836985,0.0156054379418492,-100,600,125,0.625
42,200,24,1042,1042,200,100,300,4.34267978719436,2.63208517979365,-19.876115642488,-0.09938057821244,-100,600,125,0.625
43,200,24,1043,1043,200,100,300,12.2183235264383,3.55997661931906,14.384188760072,0.07192094380036,-100,600,125,0.625
44,200,24,1044,1044,200,100,300,4.63867896841839,3.75076067948248,-12.4202924966812,-0.0621014624834061,-100,600,125,0.625
45,200,24,1045,1045,200,100,300,5.18994613504037,2.01012779795565,11.8472924754024,0.0592364623770118,-100,600,125,0.625
46,200,24,1046,1046,200,100,300,10.1224272092804,1.8929646454053,-2.98470128327608,-0.0149235064163804,-100,600,125,0.625
47,200,24,1047,1047,200,100,300,8.28404662641697,0.587701823678799,-7.19820193201303,-0.0359910096600652,-100,600,125,0.625
48,200,24,1048,1048,200,100,300,6.38362467684783,1.41288440336939,10.208759766072,0.0510437988303602,-100,600,125,0.625
49,200,24,1049,1049,200,100,300,4.80859056790359,0.602583048748784,-20.7558725662529,-0.103779362831265,-100,600,125,0.625
50,200,24,1050,1050,200,100,300,12.3590471160132,2.0343056153506,1.80173171684146,0.0090086585842073,-100,600,125,0.625
51,200,24,1051,1051,200,100,300,10.6842746797483,0.808133110171184,8.057901263237,0.040289506316185,-100,600,125,0.625
52,200,24,1052,1052,200,100,300,12.5499481335282,2.97101005108561,14.4042809084058,0.0720214045420289,-100,600,125,0.625
53,200,24,1053,1053,200,100,300,5.2869718123693,0.77388847945258,4.7416933067143,0.0237084665335715,-100,600,125,0.625
54,200,24,1054,1054,200,100,300,2.87835696688853,3.18556196428835,-17.53526468575,-0.08767632342875,-100,600,125,0.625
55,200,24,1055,1055,200,100,300,10.7570828464814,1.80354494915809,-10.1979258991778,-0.0509896294958889,-100,600,125,0.625
56,200,24,1056,1056,200,100,300,4.06103401980363,1.76816141791642,5.99243843927979,0.029962192196399,-100,600,125,0.625
57,200,24,1057,1057,200,100,300,5.79381678416394,3.59298736962955,10.6396397352219,0.0531981986761093,-100,600,125,0.625
58,200,24,1058,1058,200,100,300,2.02148700552061,3.11049521237146,-4.11193446815014,-0.0205596723407507,-100,600,125,0.625
59,200,24,1059,1059,200,100,300,14.5884191391524,1.61734568921383,-4.42796566709876,-0.0221398283354938,-100,600,125,0.625
60,200,24,1060,1060,200,100,300,14.8852290331852,3.58718434581533,-3.71712592989206,-0.0185856296494603,-100,600,125,0.625
61,200,24,1061,1061,200,100,300,10.5304275280796,1.24678220110945,21.2492592707276,0.106246296353638,-100,600,125,0.625
62,200,24,1062,1062,200,100,300,7.84846175019629,0.874925028183497,17.218057975173,0.086090289875865,-100,600,125,0.625
63,200,24,1063,1063,200,100,300,2.40454084263183,0.905024772509933,2.86528297886252,0.0143264148943126,-100,600,125,0.625
64,200,24,1064,1064,200,100,300,7.94336841139011,2.77994631964248,-17.8575377874076,-0.0892876889370382,-100,600,125,0.625
65,200,24,1065,1065,200,100,300,13.9005055953749,0.88111426262185,-7.43495771661401,-0.03717478858307,-100,600,125,0.625
66,200,24,1066,1066,200,100,300,5.397245752858,2.60901967494283,-1.38851203769445,-0.00694256018847227,-100,600,125,0.625
67,200,24,1067,1067,200,100,300,8.11344621842727,1.67657738586422,19.2721392251551,0.0963606961257756,-100,600,125,0.625
68,200,24,1068,1068,200,100,300,5.44582684128545,2.21974637266248,-2.70410527288914,-0.0135205263644457,-100,600,125,0.625
69,200,24,1069,1069,200,100,300,9.67125793849118,0.85740224539768,-23.408013291657,-0.117040066458285,-100,600,125,0.625
70,200,24,1070,1070,200,100,300,3.83938578865491,1.08020341338124,7.69755421578884,0.0384877710789442,-100,600,125,0.625
71,200,24,1071,1071,200,100,300,13.9279074340593,3.85230188397691,-3.24592488259077,-0.0162296244129539,-100,600,125,0.625
72,200,24,1072,1072,200,100,300,11.7540617908817,3.78473234560806,-9.17743306607008,-0.0458871653303504,-100,600,125,0.625
73,200,24,1073,1073,200,100,300,10.548323555151,1.8556358841015,14.4811479896307,0.0724057399481535,-100,600,125,0.625
74,200,24,1074,1074,200,100,300,13.8726082213689,0.834041952737607,19.1447472944856,0.0957237364724279,-100,600,125,0.625
75,200,24,1075,1075,200,100,300,14.9322303447407,3.42329106782563,0.722977079451084,0.00361488539725542,-100,600,125,0.625
76,200,24,1076,1076,200,100,300,7.87120364210568,1.51079365669284,-2.77495577931404,-0.0138747788965702,-100,600,125,0.625
77,200,24,1077,1077,200,100,300,5.8912625266239,1.39572081458755,0.287250570952892,0.00143625285476446,-100,600,125,0.625
78,200,24,1078,1078,200,100,300,8.63982005999424,3.28400950704236,-23.5229031331837,-0.117614515665919,-100,600,125,0.625
79,200,24,1079,1079,200,100,300,10.2905370646622,2.35298036003951,11.3929495587945,0.0569647477939725,-100,600,125,0.625
80,200,24,1080,1080,200,100,300,11.0258525379468,3.14780101121869,-1.27880289405584,-0.00639401447027922,-100,600,125,0.625
81,200,24,1081,1081,200,100,300,10.874631145969,1.0565055453917,-19.2875287793577,-0.0964376438967884,-100,600,125,0.625
82,200,24,1082,1082,200,100,300,13.5759318091441,3.15236118086614,9.76689878851175,0.0488344939425588,-100,600,125,0.625
83,200,24,1083,1083,200,100,300,12.2152959168889,1.23503147240262,-8.77885310724378,-0.0438942655362189,-100,600,125,0.625
84,200,24,1084,1084,200,100,300,6.93661147658713,1.79292245791294,11.5084456913173,0.0575422284565866,-100,600,125,0.625
85,200,24,1085,1085,200,100,300,12.3621664738748,1.63747546623927,-7.89909801632166,-0.0394954900816083,-100,600,125,0.625
86,200,24,1086,1086,200,100,300,12.403587159235,1.32981845096219,-13.0554515495896,-0.0652772577479482,-100,600,125,0.625
87,200,24,1087,1087,200,100,300,11.2091169643681,1.98878928855993,-6.78444529697299,-0.033922226484865,-100,600,125,0.625
88,200,24,1088,1088,200,100,300,11.4859891317319,3.65337953250855,7.92084419354796,0.0396042209677398,-100,600,125,0.625
89,200,24,1089,1089,200,100,300,3.39187822956592,2.50672260241117,15.5291439816356,0.0776457199081779,-100,600,125,0.625
90,200,24,1090,1090,200,100,300,13.0550454591867,3.53367352217901,19.0700121670961,0.0953500608354807,-100,600,125,0.625
91,200,24,1091,1091,200,100,300,6.41567945829593,2.47746950597502,-9.54741463065147,-0.0477370731532574,-100,600,125,0.625
92,200,24,1092,1092,200,100,300,12.1542736883275,1.25808484328445,15.5590498633683,0.0777952493168414,-100,600,125,0.625
93,200,24,1093,1093,200,100,300,8.86811469239183,3.23304074094631,-3.44217334315181,-0.017210866715759,-100,600,125,0.625
94,200,24,1094,1094,200,100,300,8.81295350170694,3.76808444724884,10.9265531748533,0.0546327658742666,-100,600,125,0.625
95,200,24,1095,1095,200,100,300,6.03724248753861,1.24370936187916,-13.7448607049882,-0.0687243035249412,-100,600,125,0.625
96,200,24,1096,1096,200,100,300,3.00381121831015,3.97968321724329,-1.0315691716969,-0.00515784585848451,-100,600,125,0.625
97,200,24,1097,1097,200,100,300,10.1422629721928,3.41376244858839,-21.5756283961236,-0.107878141980618,-100,600,125,0.625
98,200,24,1098,1098,200,100,300,6.54129982041195,3.7881115549244,23.7745576612651,0.118872788306326,-100,600,125,0.625
99,200,24,1099,1099,200,100,300,4.76758719631471,2.92173790722154,22.3892618492246,0.111946309246123,-100,600,125,0.625
100,200,24,1100,1100,200,100,300,14.2904049940407,0.869335116469301,9.38402251526713,0.0469201125763357,-100,600,125,0.625
1,400,24,1101,1101,200,100,500,12.6317555468995,0.718120859004557,11.1223210506141,0.0278058026265353,-100,800,125,0.3125
2,400,24,1102,1102,200,100,500,4.6477233779151,1.11024872434791,-22.189529042691,-0.0554738226067275,-100,800,125,0.3125
3,400,24,1103,1103,200,100,500,9.56867262884043,0.829688790719956,-5.41662246733904,-0.0135415561683476,-100,800,125,0.3125
4,400,24,1104,1104,200,100,500,8.18940433487296,3.46508288546465,16.147539395839,0.0403688484895974,-100,800,125,0.3125
5,400,24,1105,1105,200,100,500,11.2052992605604,3.7882902494166,8.61204733327031,0.0215301183331758,-100,800,125,0.3125
6,400,24,1106,1106,200,100,500,4.97812105412595,0.759945602971129,-13.2657681517303,-0.0331644203793257,-100,800,125,0.3125
7,400,24,1107,1107,200,100,500,7.35958215850405,2.49711603322066,0.879351641982794,0.00219837910495698,-100,800,125,0.3125
8,400,24,1108,1108,200,100,500,11.3880423542578,3.79690341977403,-13.4056602045894,-0.0335141505114734,-100,800,125,0.3125
9,400,24,1109,1109,200,100,500,5.21988686732948,1.81674056954216,-7.61509400233626,-0.0190377350058407,-100,800,125,0.3125
10,400,24,1110,1110,200,100,500,8.21680405479856,1.59621174680069,-22.8936912976205,-0.0572342282440513,-100,800,125,0.3125
11,400,24,1111,1111,200,100,500,14.0618591646198,2.59499426872935,-15.4665737897158,-0.0386664344742894,-100,800,125,0.3125
12,400,24,1112,1112,200,100,500,9.91623824788257,3.4738490782911,-20.6294974945486,-0.0515737437363714,-100,800,125,0.3125
13,400,24,1113,1113,200,100,500,4.52465256070718,0.825468043796718,-8.27528335154057,-0.0206882083788514,-100,800,125,0.3125
14,400,24,1114,1114,200,100,500,14.8979601920582,3.24325128109194,-17.5572684779763,-0.0438931711949408,-100,800,125,0.3125
15,400,24,1115,1115,200,100,500,4.75267482665367,1.88644386432134,-20.5713626146317,-0.0514284065365791,-100,800,125,0.3125
16,400,24,1116,1116,200,100,500,9.75991366175003,2.38029320549686,-14.369437046349,-0.0359235926158726,-100,800,125,0.3125
17,400,24,1117,1117,200,100,500,5.20615321467631,3.14911352365743,-21.7761999182403,-0.0544404997956008,-100,800,125,0.3125
18,400,24,1118,1118,200,100,500,8.18604084150866,3.46354360389523,-23.0947739481926,-0.0577369348704815,-100,800,125,0.3125
19,400,24,1119,1119,200,100,500,14.5543741318397,1.54794602072798,-21.6896875798702,-0.0542242189496756,-100,800,125,0.3125
20,400,24,1120,1120,200,100,500,2.75254547456279,3.3474028299097,-20.587631419301,-0.0514690785482526,-100,800,125,0.3125
21,400,24,1121,1121,200,100,500,7.95776204834692,1.37974626512732,-14.3539213389158,-0.0358848033472896,-100,800,125,0.3125
22,400,24,1122,1122,200,100,500,3.996036415454,0.706100947689265,-17.2246665358543,-0.0430616663396358,-100,800,125,0.3125
23,400,24,1123,1123,200,100,500,13.2686330387369,1.26140254340135,-2.27075476571918,-0.00567688691429794,-100,800,125,0.3125
24,400,24,1124,1124,200,100,500,9.36998166143894,0.693369163549505,-8.23675035685301,-0.0205918758921325,-100,800,125,0.3125
25,400,24,1125,1125,200,100,500,3.97713540052064,3.72657145338599,-16.8529555387795,-0.0421323888469487,-100,800,125,0.3125
26,400,24,1126,1126,200,100,500,11.2912514021154,2.66021938738413,-9.2248792424798,-0.0230621981061995,-100,800,125,0.3125
27,400,24,1127,1127,200,100,500,6.3645919628907,2.89619570935611,16.0008977092803,0.0400022442732006,-100,800,125,0.3125
28,400,24,1128,1128,200,100,500,9.5270953187719,2.89728473103605,-5.46984376385808,-0.0136746094096452,-100,800,125,0.3125
29,400,24,1129,1129,200,100,500,7.67808247404173,0.734052475891076,-10.6532138362527,-0.0266330345906317,-100,800,125,0.3125
30,400,24,1130,1130,200,100,500,9.91574452561326,3.58444348187186,-22.2800806425512,-0.055700201606378,-100,800,125,0.3125
31,400,24,1131,1131,200,100,500,11.682215658715,1.36376853671391,-13.3401694335043,-0.0333504235837609,-100,800,125,0.3125
32,400,24,1132,1132,200,100,500,11.0062481919304,0.914164434885606,-22.9659320488572,-0.057414830122143,-100,800,125,0.3125
33,400,24,1133,1133,200,100,500,6.94998311204836,0.57634251692798,2.39662072062492,0.00599155180156231,-100,800,125,0.3125
34,400,24,1134,1134,200,100,500,3.20547237386927,3.88804230792448,-10.4933844767511,-0.0262334611918777,-100,800,125,0.3125
35,400,24,1135,1135,200,100,500,11.8405031387229,2.27752043819055,-1.48808077722788,-0.0037202019430697,-100,800,125,0.3125
36,400,24,1136,1136,200,100,500,4.17194779217243,2.26921098458115,-7.96687633171678,-0.0199171908292919,-100,800,125,0.3125
37,400,24,1137,1137,200,100,500,9.08362776366994,2.5936081832042,-17.3582178466022,-0.0433955446165055,-100,800,125,0.3125
38,400,24,1138,1138,200,100,500,7.17050718725659,1.97432466445025,-12.6212084256113,-0.0315530210640281,-100,800,125,0.3125
39,400,24,1139,1139,200,100,500,9.42981751821935,1.86586426582653,17.8454776592553,0.0446136941481382,-100,800,125,0.3125
40,400,24,1140,1140,200,100,500,7.42706354451366,3.02946318860631,-5.25095436349511,-0.0131273859087378,-100,800,125,0.3125
41,400,24,1141,1141,200,100,500,14.7796200488228,0.954752343590371,0.863648448139429,0.00215912112034857,-100,800,125,0.3125
42,400,24,1142,1142,200,100,500,10.2764162239619,2.27647931512911,8.96245338767767,0.0224061334691942,-100,800,125,0.3125
43,400,24,1143,1143,200,100,500,5.23862774344161,0.633359697414562,17.2099949531257,0.0430249873828143,-100,800,125,0.3125
44,400,24,1144,1144,200,100,500,11.2954293403309,3.471452441765,-7.85093421489,-0.019627335537225,-100,800,125,0.3125
45,400,24,1145,1145,200,100,500,12.8587597401347,1.51580012170598,10.2917692735791,0.0257294231839478,-100,800,125,0.3125
46,400,24,1146,1146,200,100,500,11.8883408939,0.692145036766306,9.31179058179259,0.0232794764544815,-100,800,125,0.3125
47,400,24,1147,1147,200,100,500,13.228792859707,0.533336995984428,14.2805843688548,0.0357014609221369,-100,800,125,0.3125
48,400,24,1148,1148,200,100,500,12.646366734989,0.546162173384801,6.90756967663765,0.0172689241915941,-100,800,125,0.3125
49,400,24,1149,1149,200,100,500,14.3796549111139,3.43512130784802,-17.4838418103755,-0.0437096045259386,-100,800,125,0.3125
50,400,24,1150,1150,200,100,500,6.85264267493039,0.567456254852004,20.3196264468133,0.0507990661170334,-100,800,125,0.3125
51,400,24,1151,1151,200,100,500,10.1519926246256,1.34390276600607,-12.6873146407306,-0.0317182866018265,-100,800,125,0.3125
52,400,24,1152,1152,200,100,500,4.6239775212016,1.0748994020978,23.2614417001605,0.0581536042504013,-100,800,125,0.3125
53,400,24,1153,1153,200,100,500,9.78712759981863,0.512671186821535,-5.54894537106156,-0.0138723634276539,-100,800,125,0.3125
54,400,24,1154,1154,200,100,500,3.63662467943504,0.872029099613428,-19.4975399337709,-0.0487438498344272,-100,800,125,0.3125
55,400,24,1155,1155,200,100,500,9.29199580801651,3.4674618311692,-20.7484542354941,-0.0518711355887353,-100,800,125,0.3125
56,400,24,1156,1156,200,100,500,11.6102394680493,3.71890747069847,20.4298675395548,0.0510746688488871,-100,800,125,0.3125
57,400,24,1157,1157,200,100,500,11.9159621966537,2.71282404230442,8.77499318495393,0.0219374829623848,-100,800,125,0.3125
58,400,24,1158,1158,200,100,500,5.2507214192301,3.09129713021684,-1.20662368834019,-0.00301655922085047,-100,800,125,0.3125
59,400,24,1159,1159,200,100,500,11.4802299910225,0.510223945369944,6.14892325177789,0.0153723081294447,-100,800,125,0.3125
60,400,24,1160,1160,200,100,500,5.72934606368653,3.68406584463082,17.89056763798,0.04472641909495,-100,800,125,0.3125
61,400,24,1161,1161,200,100,500,7.05754543165676,1.86551040213089,0.277769632637501,0.000694424081593752,-100,800,125,0.3125
62,400,24,1162,1162,200,100,500,13.1497357164044,1.65623241057619,13.8816074766219,0.0347040186915547,-100,800,125,0.3125
63,400,24,1163,1163,200,100,500,12.5584795218892,1.02148316556122,-21.2338374406099,-0.0530845936015248,-100,800,125,0.3125
64,400,24,1164,1164,200,100,500,14.7506256843917,1.44769062090199,10.6373691447079,0.0265934228617698,-100,800,125,0.3125
65,400,24,1165,1165,200,100,500,11.4092230235692,3.67644127819221,-8.99554078280926,-0.0224888519570231,-100,800,125,0.3125
66,400,24,1166,1166,200,100,500,10.8265395241324,1.77103745623026,21.9441650547087,0.0548604126367718,-100,800,125,0.3125
67,400,24,1167,1167,200,100,500,11.8549526715651,3.89910201483872,10.5233733616769,0.0263084334041923,-100,800,125,0.3125
68,400,24,1168,1168,200,100,500,6.13395816925913,3.6602140031755,16.5248131044209,0.0413120327610522,-100,800,125,0.3125
69,400,24,1169,1169,200,100,500,14.9682861783076,2.45137706887908,-11.0012409947813,-0.0275031024869531,-100,800,125,0.3125
70,400,24,1170,1170,200,100,500,10.9447148733307,0.870719520840794,12.6352652236819,0.0315881630592048,-100,800,125,0.3125
71,400,24,1171,1171,200,100,500,9.9188190959394,3.43666525557637,-1.65976591408253,-0.00414941478520632,-100,800,125,0.3125
72,400,24,1172,1172,200,100,500,9.39732686569914,2.18353177781682,15.7239302918315,0.0393098257295787,-100,800,125,0.3125
73,400,24,1173,1173,200,100,500,5.94831388932653,3.75109898007941,2.44620978087187,0.00611552445217967,-100,800,125,0.3125
74,400,24,1174,1174,200,100,500,10.611751885619,2.11317775596399,4.83781952038407,0.0120945488009602,-100,800,125,0.3125
75,400,24,1175,1175,200,100,500,10.6263534030877,1.64219848124776,18.0590576939285,0.0451476442348212,-100,800,125,0.3125
76,400,24,1176,1176,200,100,500,3.38991325022653,1.58142851758748,21.3139520958066,0.0532848802395165,-100,800,125,0.3125
77,400,24,1177,1177,200,100,500,7.13873584126122,2.90337386145256,0.450774852186441,0.0011269371304661,-100,800,125,0.3125
78,400,24,1178,1178,200,100,500,8.26913109677844,1.56040626880713,13.7948148027062,0.0344870370067656,-100,800,125,0.3125
79,400,24,1179,1179,200,100,500,4.86708366125822,1.90506460750476,-7.06921850144863,-0.0176730462536216,-100,800,125,0.3125
80,400,24,1180,1180,200,100,500,7.61750782420859,1.89850998087786,-11.8922947794199,-0.0297307369485497,-100,800,125,0.3125
81,400,24,1181,1181,200,100,500,6.5925407987088,1.45610545994714,7.14888527244329,0.0178722131811082,-100,800,125,0.3125
82,400,24,1182,1182,200,100,500,9.43315975740552,1.81165889103431,-9.05802318826318,-0.0226450579706579,-100,800,125,0.3125
83,400,24,1183,1183,200,100,500,9.07048825942911,2.75377512420528,-15.5830710567534,-0.0389576776418835,-100,800,125,0.3125
84,400,24,1184,1184,200,100,500,2.75414967769757,2.71662834961899,-7.40492795035243,-0.0185123198758811,-100,800,125,0.3125
85,400,24,1185,1185,200,100,500,12.849986377405,1.87841804896016,-23.8102960623801,-0.0595257401559502,-100,800,125,0.3125
86,400,24,1186,1186,200,100,500,6.89596678060479,0.541469286312349,-1.67399840801954,-0.00418499602004886,-100,800,125,0.3125
87,400,24,1187,1187,200,100,500,10.3128741707187,3.34120988845825,-1.31654050201178,-0.00329135125502944,-100,800,125,0.3125
88,400,24,1188,1188,200,100,500,8.42561945691705,3.41767448093742,-18.0189474374056,-0.045047368593514,-100,800,125,0.3125
89,400,24,1189,1189,200,100,500,4.66398918651976,1.72973884979729,-14.1137932129204,-0.0352844830323011,-100,800,125,0.3125
90,400,24,1190,1190,200,100,500,8.38874464435503,3.24142566230148,-1.85871541500092,-0.00464678853750229,-100,800,125,0.3125
91,400,24,1191,1191,200,100,500,7.69610693422146,1.04133560194168,-13.7573865875602,-0.0343934664689004,-100,800,125,0.3125
92,400,24,1192,1192,200,100,500,9.99278201651759,3.38123973237816,-9.10223301127553,-0.0227555825281888,-100,800,125,0.3125
93,400,24,1193,1193,200,100,500,2.81956485006958,2.92328039219137,20.0950944051147,0.0502377360127866,-100,800,125,0.3125
94,400,24,1194,1194,200,100,500,3.5613875251729,0.873541474575177,-19.1817462556064,-0.047954365639016,-100,800,125,0.3125
95,400,24,1195,1195,200,100,500,7.45830268249847,3.33128901931923,10.2342640422285,0.0255856601055712,-100,800,125,0.3125
96,400,24,1196,1196,200,100,500,7.37075990997255,2.50854512210935,19.8980840407312,0.049745210101828,-100,800,125,0.3125
97,400,24,1197,1197,200,100,500,3.23293995764107,0.72301034652628,14.8684737123549,0.0371711842808872,-100,800,125,0.3125
98,400,24,1198,1198,200,100,500,12.7615965008736,0.54230649350211,21.9261678233743,0.0548154195584357,-100,800,125,0.3125
99,400,24,1199,1199,200,100,500,3.06928187492304,0.793411373859271,21.2835804373026,0.0532089510932565,-100,800,125,0.3125
100,400,24,1200,1200,200,100,500,8.49070448125713,3.01089590659831,-11.2241279706359,-0.0280603199265897,-100,800,125,0.3125
1,800,24,1201,1201,200,100,900,12.8161285957322,2.38986255053896,-16.5557227469981,-0.0206946534337476,-100,1200,125,0.15625
2,800,24,1202,1202,200,100,900,6.10975103452802,3.54055922769476,14.4537779800594,0.0180672224750742,-100,1200,125,0.15625
3,800,24,1203,1203,200,100,900,7.58101139776409,2.42872759781312,-0.680690255016088,-0.000850862818770111,-100,1200,125,0.15625
4,800,24,1204,1204,200,100,900,3.89505770010874,2.59182871587109,5.61534222587943,0.00701917778234929,-100,1200,125,0.15625
5,800,24,1205,1205,200,100,900,8.51706059440039,1.47659001825377,16.836297120899,0.0210453714011237,-100,1200,125,0.15625
6,800,24,1206,1206,200,100,900,12.3128680523951,2.97055817279033,-8.14626977965236,-0.0101828372245654,-100,1200,125,0.15625
7,800,24,1207,1207,200,100,900,11.0420175602194,3.75942426326219,6.1744706556201,0.00771808831952512,-100,1200,125,0.15625
8,800,24,1208,1208,200,100,900,11.5867915209383,1.05561366362963,-8.20482281595469,-0.0102560285199434,-100,1200,125,0.15625
9,800,24,1209,1209,200,100,900,6.21425123303197,0.674042802769691,-9.16036184504628,-0.0114504523063079,-100,1200,125,0.15625
10,800,24,1210,1210,200,100,900,4.97263252129778,1.33950217883103,23.451742541045,0.0293146781763062,-100,1200,125,0.15625
11,800,24,1211,1211,200,100,900,7.41425354359671,0.743842522264458,-1.25362896546721,-0.00156703620683402,-100,1200,125,0.15625
12,800,24,1212,1212,200,100,900,9.81385797658004,3.32210079173092,-4.71484027057886,-0.00589355033822358,-100,1200,125,0.15625
13,800,24,1213,1213,200,100,900,5.6851498556789,1.72598857572302,-18.6553385294974,-0.0233191731618717,-100,1200,125,0.15625
14,800,24,1214,1214,200,100,900,7.17857358977199,1.4235329895746,16.3619745746255,0.0204524682182819,-100,1200,125,0.15625
15,800,24,1215,1215,200,100,900,6.70493663987145,2.48372966260649,15.5319180116057,0.0194148975145072,-100,1200,125,0.15625
16,800,24,1216,1216,200,100,900,2.45763436984271,3.43463537457865,14.1390174888074,0.0176737718610093,-100,1200,125,0.15625
17,800,24,1217,1217,200,100,900,3.91019582655281,0.944349877303466,14.1422499530017,0.0176778124412522,-100,1200,125,0.15625
18,800,24,1218,1218,200,100,900,13.9613769229036,2.22154706669971,13.4115014858544,0.016764376857318,-100,1200,125,0.15625
19,800,24,1219,1219,200,100,900,12.2019369485788,3.46714010660071,-12.5045288577676,-0.0156306610722095,-100,1200,125,0.15625
20,800,24,1220,1220,200,100,900,5.54580387705937,1.390785021591,1.28927274048328,0.00161159092560411,-100,1200,125,0.15625
21,800,24,1221,1221,200,100,900,11.5175352566876,1.80215907061938,20.5400170348585,0.0256750212935731,-100,1200,125,0.15625
22,800,24,1222,1222,200,100,900,6.05101100588217,0.807989475433715,1.51514586433768,0.0018939323304221,-100,1200,125,0.15625
23,800,24,1223,1223,200,100,900,4.80802032514475,0.945746122277342,19.3728150129318,0.0242160187661648,-100,1200,125,0.15625
24,800,24,1224,1224,200,100,900,4.69134764513001,0.661901653627865,11.1365767456591,0.0139207209320739,-100,1200,125,0.15625
25,800,24,1225,1225,200,100,900,14.5137101551518,1.04747535113711,-20.6908818483353,-0.0258636023104191,-100,1200,125,0.15625
26,800,24,1226,1226,200,100,900,6.06623648572713,2.07640676689334,-23.668969206512,-0.02958621150814,-100,1200,125,0.15625
27,800,24,1227,1227,200,100,900,7.21717688278295,1.1357397713,21.9974674768746,0.0274968343460932,-100,1200,125,0.15625
28,800,24,1228,1228,200,100,900,14.5730271127541,0.878574720700271,-18.6695311702788,-0.0233369139628485,-100,1200,125,0.15625
29,800,24,1229,1229,200,100,900,6.9617114441935,2.77163425995968,-5.01400703564286,-0.00626750879455358,-100,1200,125,0.15625
30,800,24,1230,1230,200,100,900,7.52575466316193,1.19479193491861,1.70036357268691,0.00212545446585864,-100,1200,125,0.15625
31,800,24,1231,1231,200,100,900,2.8696187029127,1.01556518441066,19.9743171148002,0.0249678963935003,-100,1200,125,0.15625
32,800,24,1232,1232,200,100,900,13.5802702887449,3.65435851318762,6.47515280172229,0.00809394100215286,-100,1200,125,0.15625
33,800,24,1233,1233,200,100,900,8.67736288392916,2.26649797416758,-21.9995877407491,-0.0274994846759364,-100,1200,125,0.15625
34,800,24,1234,1234,200,100,900,9.6353414284531,0.938816965906881,-14.1664495691657,-0.0177080619614571,-100,1200,125,0.15625
35,800,24,1235,1235,200,100,900,4.35475825634785,0.847080946317874,0.0962325185537338,0.000120290648192167,-100,1200,125,0.15625
36,800,24,1236,1236,200,100,900,5.21802840102464,1.50030037388206,17.0638106055558,0.0213297632569447,-100,1200,125,0.15625
37,800,24,1237,1237,200,100,900,10.2855558716692,2.24736486782786,2.49419755116105,0.00311774693895131,-100,1200,125,0.15625
38,800,24,1238,1238,200,100,900,12.0289719058201,0.974754829658195,-21.1071312949061,-0.0263839141186327,-100,1200,125,0.15625
39,800,24,1239,1239,200,100,900,9.50705430260859,2.46759546629619,-6.82608409970999,-0.00853260512463748,-100,1200,125,0.15625
40,800,24,1240,1240,200,100,900,2.02080158097669,1.66012581251562,9.62227287143469,0.0120278410892934,-100,1200,125,0.15625
41,800,24,1241,1241,200,100,900,12.4650449894834,3.6422085337108,8.73190910741687,0.0109148863842711,-100,1200,125,0.15625
42,800,24,1242,1242,200,100,900,13.8573763670865,2.78299863950815,-5.50853147730231,-0.00688566434662789,-100,1200,125,0.15625
43,800,24,1243,1243,200,100,900,5.25138250528835,2.09912662149873,-15.3305849432945,-0.0191632311791182,-100,1200,125,0.15625
44,800,24,1244,1244,200,100,900,4.77543112612329,3.90977979835588,-7.49368292838335,-0.00936710366047919,-100,1200,125,0.15625
45,800,24,1245,1245,200,100,900,2.62657012953423,3.2520982157439,-5.94030335918069,-0.00742537919897586,-100,1200,125,0.15625
46,800,24,1246,1246,200,100,900,3.82935937377624,1.01067524624523,2.724573969841,0.00340571746230125,-100,1200,125,0.15625
47,800,24,1247,1247,200,100,900,10.4727324864361,0.64098758623004,-16.8490185253322,-0.0210612731566653,-100,1200,125,0.15625
48,800,24,1248,1248,200,100,900,7.32793429680169,2.68660300062038,-21.8608819507062,-0.0273261024383828,-100,1200,125,0.15625
49,800,24,1249,1249,200,100,900,10.7168362077791,2.69831068674102,2.92435446381569,0.00365544307976961,-100,1200,125,0.15625
50,800,24,1250,1250,200,100,900,6.44454705738463,2.65802834136412,21.8885150179267,0.0273606437724084,-100,1200,125,0.15625
51,800,24,1251,1251,200,100,900,13.7054998094682,2.21105874911882,-3.72695606946945,-0.00465869508683681,-100,1200,125,0.15625
52,800,24,1252,1252,200,100,900,7.78248884179629,1.5520883743884,-2.40286393091083,-0.00300357991363853,-100,1200,125,0.15625
53,800,24,1253,1253,200,100,900,7.65741894533858,3.68373838963453,-1.24190561100841,-0.00155238201376051,-100,1200,125,0.15625
54,800,24,1254,1254,200,100,900,13.7709622362163,3.04701521596871,-23.6086542718112,-0.0295108178397641,-100,1200,125,0.15625
55,800,24,1255,1255,200,100,900,10.9870393546298,0.749861313961446,12.4490693472326,0.0155613366840407,-100,1200,125,0.15625
56,800,24,1256,1256,200,100,900,4.27008596016094,1.99148753366899,-21.5474351942539,-0.0269342939928174,-100,1200,125,0.15625
57,800,24,1257,1257,200,100,900,10.8048167431261,3.22212851187214,-9.08140981569886,-0.0113517622696236,-100,1200,125,0.15625
58,800,24,1258,1258,200,100,900,3.92919792747125,3.63871987746097,12.4827420786023,0.0156034275982529,-100,1200,125,0.15625
59,800,24,1259,1259,200,100,900,6.12017744989134,1.6914147567004,-5.86290546879172,-0.00732863183598965,-100,1200,125,0.15625
60,800,24,1260,1260,200,100,900,11.5934924711473,3.41988701606169,4.33965725451708,0.00542457156814635,-100,1200,125,0.15625
61,800,24,1261,1261,200,100,900,2.77711014379747,2.28948851733003,-0.667929533869028,-0.000834911917336285,-100,1200,125,0.15625
62,800,24,1262,1262,200,100,900,14.775385358138,2.4515351918526,6.01681408658624,0.0075210176082328,-100,1200,125,0.15625
63,800,24,1263,1263,200,100,900,5.19025909691118,2.20768320770003,-4.51628104224801,-0.00564535130281001,-100,1200,125,0.15625
64,800,24,1264,1264,200,100,900,2.77906830376014,0.529464533086866,-5.30686221644282,-0.00663357777055353,-100,1200,125,0.15625
65,800,24,1265,1265,200,100,900,9.26686177076772,2.57791754009668,14.782440405339,0.0184780505066738,-100,1200,125,0.15625
66,800,24,1266,1266,200,100,900,9.97697366611101,3.79374814208131,-5.88510706275702,-0.00735638382844627,-100,1200,125,0.15625
67,800,24,1267,1267,200,100,900,9.20022998889908,1.44272532255854,16.0711241438985,0.0200889051798731,-100,1200,125,0.15625
68,800,24,1268,1268,200,100,900,14.9298577767331,3.03888219385408,-20.5877830199897,-0.0257347287749872,-100,1200,125,0.15625
69,800,24,1269,1269,200,100,900,3.1047208015807,2.65200175018981,22.7635585404932,0.0284544481756166,-100,1200,125,0.15625
70,800,24,1270,1270,200,100,900,5.93095488892868,2.30593297164887,-21.5771580040455,-0.0269714475050569,-100,1200,125,0.15625
71,800,24,1271,1271,200,100,900,8.01783772138879,2.78031628183089,-6.11191367357969,-0.00763989209197462,-100,1200,125,0.15625
72,800,24,1272,1272,200,100,900,11.5085219233297,2.59671791410074,7.74065391719341,0.00967581739649177,-100,1200,125,0.15625
73,800,24,1273,1273,200,100,900,3.7126082633622,1.92524628760293,21.900884795934,0.0273761059949175,-100,1200,125,0.15625
74,800,24,1274,1274,200,100,900,7.79740598471835,0.644729729974642,-4.39370386675,-0.0054921298334375,-100,1200,125,0.15625
75,800,24,1275,1275,200,100,900,12.0335553986952,1.70488015050068,3.31232781708241,0.00414040977135301,-100,1200,125,0.15625
76,800,24,1276,1276,200,100,900,11.943266027607,1.90738782007247,2.71433810144663,0.00339292262680829,-100,1200,125,0.15625
77,800,24,1277,1277,200,100,900,8.90247647231445,3.92602449201513,-22.8737710788846,-0.0285922138486058,-100,1200,125,0.15625
78,800,24,1278,1278,200,100,900,4.2741754038725,0.737743042525835,12.7879834212363,0.0159849792765453,-100,1200,125,0.15625
79,800,24,1279,1279,200,100,900,6.01131393387914,0.936062457156368,-20.4710407778621,-0.0255888009723276,-100,1200,125,0.15625
80,800,24,1280,1280,200,100,900,6.01315538655035,0.565910154953599,-4.9474463313818,-0.00618430791422725,-100,1200,125,0.15625
81,800,24,1281,1281,200,100,900,11.4854013395961,1.88169223628938,-18.4092571400106,-0.0230115714250132,-100,1200,125,0.15625
82,800,24,1282,1282,200,100,900,9.28379455558024,1.57189232541714,-13.5829813890159,-0.0169787267362699,-100,1200,125,0.15625
83,800,24,1283,1283,200,100,900,4.50138275884092,3.02429222071078,-18.0867508426309,-0.0226084385532886,-100,1200,125,0.15625
84,800,24,1284,1284,200,100,900,5.94716188381426,3.58708665391896,-2.29211673885584,-0.0028651459235698,-100,1200,125,0.15625
85,800,24,1285,1285,200,100,900,13.416921230033,2.47954727418255,4.17060644924641,0.00521325806155801,-100,1200,125,0.15625
86,800,24,1286,1286,200,100,900,10.4554985321593,1.09430669620633,23.4385459050536,0.029298182381317,-100,1200,125,0.15625
87,800,24,1287,1287,200,100,900,4.86948417569511,3.65991330321413,21.5598546154797,0.0269498182693496,-100,1200,125,0.15625
88,800,24,1288,1288,200,100,900,9.52842961321585,2.64046741928905,-7.17757629230618,-0.00897197036538273,-100,1200,125,0.15625
89,800,24,1289,1289,200,100,900,2.45970722124912,2.84599679266103,4.95994010567665,0.00619992513209581,-100,1200,125,0.15625
90,800,24,1290,1290,200,100,900,12.1932070597541,2.50305066374131,-12.6055524609983,-0.0157569405762479,-100,1200,125,0.15625
91,800,24,1291,1291,200,100,900,4.33284106408246,3.18260167108383,-6.79530707001686,-0.00849413383752108,-100,1200,125,0.15625
92,800,24,1292,1292,200,100,900,12.9837303091772,3.69694774935488,15.2965591326356,0.0191206989157945,-100,1200,125,0.15625
93,800,24,1293,1293,200,100,900,6.68974089529365,3.4037861910183,-13.1577786169946,-0.0164472232712433,-100,1200,125,0.15625
94,800,24,1294,1294,200,100,900,7.64188380585983,2.16538548422977,-23.5536182262003,-0.0294420227827504,-100,1200,125,0.15625
95,800,24,1295,1295,200,100,900,7.58908316981979,0.731427573249675,20.3610127307475,0.0254512659134343,-100,1200,125,0.15625
96,800,24,1296,1296,200,100,900,14.5174026433378,1.59839358110912,-5.11324542760849,-0.00639155678451061,-100,1200,125,0.15625
97,800,24,1297,1297,200,100,900,4.75671458849683,2.14889556134585,-10.3012018091977,-0.0128765022614971,-100,1200,125,0.15625
98,800,24,1298,1298,200,100,900,7.38632658566348,1.053303831839,-12.2241723462939,-0.0152802154328674,-100,1200,125,0.15625
99,800,24,1299,1299,200,100,900,6.51405395870097,3.08481697714888,13.7858179248869,0.0172322724061087,-100,1200,125,0.15625
100,800,24,1300,1300,200,100,900,6.69770395988598,0.644815887673758,-4.01667189225554,-0.00502083986531943,-100,1200,125,0.15625
1,1600,24,1301,1301,200,100,1700,9.90207670885138,3.80479139112867,-18.7399673201144,-0.0117124795750715,-100,2000,125,0.078125
2,1600,24,1302,1302,200,100,1700,2.7872165448498,0.63562243571505,7.80461525917053,0.00487788453698158,-100,2000,125,0.078125
3,1600,24,1303,1303,200,100,1700,9.82406728575006,0.588536010822281,-10.1960948109627,-0.00637255925685167,-100,2000,125,0.078125
4,1600,24,1304,1304,200,100,1700,10.4441023881081,0.763264630571939,5.35348407179117,0.00334592754486948,-100,2000,125,0.078125
5,1600,24,1305,1305,200,100,1700,9.07146318815649,1.06486827274784,-20.4933803379536,-0.012808362711221,-100,2000,125,0.078125
6,1600,24,1306,1306,200,100,1700,11.9695136784576,0.750352473231032,-12.1784337200224,-0.00761152107501402,-100,2000,125,0.078125
7,1600,24,1307,1307,200,100,1700,4.34069590247236,3.43629595264792,-10.6620952002704,-0.00666380950016901,-100,2000,125,0.078125
8,1600,24,1308,1308,200,100,1700,3.44262263737619,3.84324748453218,-13.5864327773452,-0.00849152048584074,-100,2000,125,0.078125
9,1600,24,1309,1309,200,100,1700,9.59605353721417,3.43484960473143,17.9241520129144,0.0112025950080715,-100,2000,125,0.078125
10,1600,24,1310,1310,200,100,1700,13.5959411317017,0.878864546539262,-15.9775555171072,-0.00998597219819203,-100,2000,125,0.078125
11,1600,24,1311,1311,200,100,1700,13.956640379969,1.55434559006244,-6.70444687083364,-0.00419027929427102,-100,2000,125,0.078125
12,1600,24,1312,1312,200,100,1700,9.67525189882144,3.42365787143353,21.9228484220803,0.0137017802638002,-100,2000,125,0.078125
13,1600,24,1313,1313,200,100,1700,4.72246208810247,0.681020588730462,11.5576794035733,0.0072235496272333,-100,2000,125,0.078125
14,1600,24,1314,1314,200,100,1700,3.27280281344429,2.68719087552745,-17.8783145807683,-0.0111739466129802,-100,2000,125,0.078125
15,1600,24,1315,1315,200,100,1700,14.6430405336432,1.0731445082929,-22.1003033816814,-0.0138126896135509,-100,2000,125,0.078125
16,1600,24,1316,1316,200,100,1700,2.6892407736741,0.862365604261868,10.7667413055897,0.00672921331599355,-100,2000,125,0.078125
17,1600,24,1317,1317,200,100,1700,12.4866334230173,3.74835924070794,-6.23200185969472,-0.0038950011623092,-100,2000,125,0.078125
18,1600,24,1318,1318,200,100,1700,13.6266837809235,1.6796492121648,22.0699170045555,0.0137936981278472,-100,2000,125,0.078125
19,1600,24,1319,1319,200,100,1700,3.34071050281636,0.542288328404538,-1.13318640366197,-0.000708241502288729,-100,2000,125,0.078125
20,1600,24,1320,1320,200,100,1700,11.0060274323914,2.28015942568891,10.130536660552,0.00633158541284502,-100,2000,125,0.078125
21,1600,24,1321,1321,200,100,1700,4.20191475469619,1.8121398712974,-12.0152708441019,-0.00750954427756369,-100,2000,125,0.078125
22,1600,24,1322,1322,200,100,1700,9.41705590672791,3.00495175307151,-4.57182232663035,-0.00285738895414397,-100,2000,125,0.078125
23,1600,24,1323,1323,200,100,1700,6.95045109442435,2.99503484601155,10.0847274921834,0.00630295468261465,-100,2000,125,0.078125
24,1600,24,1324,1324,200,100,1700,4.96398543659598,0.871029089437798,12.364214412868,0.00772763400804251,-100,2000,125,0.078125
25,1600,24,1325,1325,200,100,1700,8.48857157514431,2.06766303046606,-17.3694803081453,-0.0108559251925908,-100,2000,125,0.078125
26,1600,24,1326,1326,200,100,1700,12.3009785765316,1.15509976167232,-11.7847264967859,-0.00736545406049117,-100,2000,125,0.078125
27,1600,24,1327,1327,200,100,1700,4.34783263597637,2.19513727130834,6.15550827607512,0.00384719267254695,-100,2000,125,0.078125
28,1600,24,1328,1328,200,100,1700,4.6260807949584,1.77421985240653,17.0250940471888,0.010640683779493,-100,2000,125,0.078125
29,1600,24,1329,1329,200,100,1700,5.35349771985784,3.81565508758649,4.76121896132827,0.00297576185083017,-100,2000,125,0.078125
30,1600,24,1330,1330,200,100,1700,11.9714520915877,2.54103835253045,22.0911686941981,0.0138069804338738,-100,2000,125,0.078125
31,1600,24,1331,1331,200,100,1700,10.4065433465876,1.72942409105599,12.0323159471154,0.00752019746694714,-100,2000,125,0.078125
32,1600,24,1332,1332,200,100,1700,4.21292050834745,3.68379634013399,14.8035091459751,0.00925219321623445,-100,2000,125,0.078125
33,1600,24,1333,1333,200,100,1700,9.92340162023902,2.5884190746583,17.2105147987604,0.0107565717492253,-100,2000,125,0.078125
34,1600,24,1334,1334,200,100,1700,8.29679087619297,3.33654897019733,3.12825749069452,0.00195516093168408,-100,2000,125,0.078125
35,1600,24,1335,1335,200,100,1700,4.9277070001699,1.63177615893073,15.8896710500121,0.00993104440625757,-100,2000,125,0.078125
36,1600,24,1336,1336,200,100,1700,9.54931866866536,1.56911803234834,9.7674068659544,0.0061046292912215,-100,2000,125,0.078125
37,1600,24,1337,1337,200,100,1700,6.13499277736992,2.92741330596618,18.6211576983333,0.0116382235614583,-100,2000,125,0.078125
38,1600,24,1338,1338,200,100,1700,10.6562438572291,2.36122292687651,3.32661782205105,0.00207913613878191,-100,2000,125,0.078125
39,1600,24,1339,1339,200,100,1700,4.34482874441892,1.71322070993483,5.43027731403708,0.00339392332127318,-100,2000,125,0.078125
40,1600,24,1340,1340,200,100,1700,13.1300369009841,3.76857525692321,-21.3550189845264,-0.013346886865329,-100,2000,125,0.078125
41,1600,24,1341,1341,200,100,1700,2.06001527328044,2.72214546892792,-17.649475235492,-0.0110309220221825,-100,2000,125,0.078125
42,1600,24,1342,1342,200,100,1700,4.46494821831584,2.65176340122707,23.0055756568909,0.0143784847855568,-100,2000,125,0.078125
43,1600,24,1343,1343,200,100,1700,5.5936441202648,2.09155541355722,16.3132112212479,0.0101957570132799,-100,2000,125,0.078125
44,1600,24,1344,1344,200,100,1700,7.78679146897048,1.5876769607421,17.1002016887069,0.0106876260554418,-100,2000,125,0.078125
45,1600,24,1345,1345,200,100,1700,5.39843406481668,3.96976369759068,21.8854484595358,0.0136784052872099,-100,2000,125,0.078125
46,1600,24,1346,1346,200,100,1700,12.1542315189727,3.19528277695645,-7.72768441960216,-0.00482980276225135,-100,2000,125,0.078125
47,1600,24,1347,1347,200,100,1700,7.95171360624954,3.84579768462572,7.61383842676878,0.00475864901673049,-100,2000,125,0.078125
48,1600,24,1348,1348,200,100,1700,5.20970702404156,1.2364117508987,-9.17531814426184,-0.00573457384016365,-100,2000,125,0.078125
49,1600,24,1349,1349,200,100,1700,4.12512571248226,1.42936423281208,-12.0042005628347,-0.00750262535177171,-100,2000,125,0.078125
50,1600,24,1350,1350,200,100,1700,6.9832157054916,1.04734536935575,16.6881442889571,0.0104300901805982,-100,2000,125,0.078125
51,1600,24,1351,1351,200,100,1700,10.8796068332158,1.51806432602461,4.9190352447331,0.00307439702795818,-100,2000,125,0.078125
52,1600,24,1352,1352,200,100,1700,8.80982625600882,2.40588008228224,-2.88723883777857,-0.00180452427361161,-100,2000,125,0.078125
53,1600,24,1353,1353,200,100,1700,3.02592604840174,0.771733202156611,-9.2327974922955,-0.00577049843268469,-100,2000,125,0.078125
54,1600,24,1354,1354,200,100,1700,13.3503546272404,3.02883649396244,-6.12350782379508,-0.00382719238987193,-100,2000,125,0.078125
55,1600,24,1355,1355,200,100,1700,14.3312173201703,0.99178023787681,3.43242815136909,0.00214526759460568,-100,2000,125,0.078125
56,1600,24,1356,1356,200,100,1700,4.33767695561983,2.38741832750384,13.0234510749578,0.00813965692184866,-100,2000,125,0.078125
57,1600,24,1357,1357,200,100,1700,3.68561822664924,0.585844738059677,4.47222573682666,0.00279514108551666,-100,2000,125,0.078125
58,1600,24,1358,1358,200,100,1700,6.01771295187064,2.01785186701454,-14.9547103755176,-0.0093466939846985,-100,2000,125,0.078125
59,1600,24,1359,1359,200,100,1700,10.7031144716311,3.09336004673969,-22.93538563326,-0.0143346160207875,-100,2000,125,0.078125
60,1600,24,1360,1360,200,100,1700,3.49335457477719,3.27455437451135,3.83053993061185,0.00239408745663241,-100,2000,125,0.078125
61,1600,24,1361,1361,200,100,1700,14.6272390147205,1.08727575792,21.8195146881044,0.0136371966800652,-100,2000,125,0.078125
62,1600,24,1362,1362,200,100,1700,8.98035780433565,0.847187136881985,4.9804154522717,0.00311275965766981,-100,2000,125,0.078125
63,1600,24,1363,1363,200,100,1700,5.14244147599675,2.07511890539899,11.3108896873891,0.00706930605461821,-100,2000,125,0.078125
64,1600,24,1364,1364,200,100,1700,11.8155159344897,3.74087946454529,15.5057649984956,0.00969110312405974,-100,2000,125,0.078125
65,1600,24,1365,1365,200,100,1700,6.61556490021758,3.86674137390219,10.9612955488265,0.00685080971801654,-100,2000,125,0.078125
66,1600,24,1366,1366,200,100,1700,3.89162377011962,2.06961747305468,23.7908138372004,0.0148692586482503,-100,2000,125,0.078125
67,1600,24,1367,1367,200,100,1700,5.23344232025556,3.1033696315717,-9.13047992438078,-0.00570654995273799,-100,2000,125,0.078125
68,1600,24,1368,1368,200,100,1700,5.25370757072233,2.56859536538832,9.63655437156558,0.00602284648222849,-100,2000,125,0.078125
69,1600,24,1369,1369,200,100,1700,9.02525053313002,0.840611535357311,-14.612021651119,-0.00913251353194937,-100,2000,125,0.078125
70,1600,24,1370,1370,200,100,1700,12.7454359612893,2.32807532185689,12.5118284448981,0.00781989277806133,-100,2000,125,0.078125
71,1600,24,1371,1371,200,100,1700,11.2295332006179,1.19888930651359,17.4789492040873,0.0109243432525545,-100,2000,125,0.078125
72,1600,24,1372,1372,200,100,1700,14.4372331940103,3.23898589843884,4.39693319052458,0.00274808324407786,-100,2000,125,0.078125
73,1600,24,1373,1373,200,100,1700,2.83169914851896,0.611859089112841,-20.6527848020196,-0.0129079905012622,-100,2000,125,0.078125
74,1600,24,1374,1374,200,100,1700,8.81899555120617,2.60728900018148,14.9505254365504,0.00934407839784399,-100,2000,125,0.078125
75,1600,24,1375,1375,200,100,1700,3.99546270701103,0.892012743395753,18.2313335090876,0.0113945834431797,-100,2000,125,0.078125
76,1600,24,1376,1376,200,100,1700,5.51102827326395,0.741186983184889,14.1286071203649,0.00883037945022807,-100,2000,125,0.078125
77,1600,24,1377,1377,200,100,1700,3.06809188309126,3.75915992690716,-22.6987411156297,-0.0141867131972685,-100,2000,125,0.078125
78,1600,24,1378,1378,200,100,1700,12.1368009136058,2.01649339380674,14.2716272100806,0.00891976700630039,-100,2000,125,0.078125
79,1600,24,1379,1379,200,100,1700,10.6790084743407,2.86902948445641,8.62605978548527,0.00539128736592829,-100,2000,125,0.078125
80,1600,24,1380,1380,200,100,1700,6.2873276618775,2.30381825310178,22.1619056873024,0.013851191054564,-100,2000,125,0.078125
81,1600,24,1381,1381,200,100,1700,10.3745540045202,0.793169571319595,-16.9912334382534,-0.0106195208989084,-100,2000,125,0.078125
82,1600,24,1382,1382,200,100,1700,4.42134446068667,1.12580323393922,18.5282403901219,0.0115801502438262,-100,2000,125,0.078125
83,1600,24,1383,1383,200,100,1700,5.1071182093583,3.04769480135292,-15.2304107174277,-0.00951900669839233,-100,2000,125,0.078125
84,1600,24,1384,1384,200,100,1700,14.0766278854571,3.42602548014838,-22.3233260549605,-0.0139520787843503,-100,2000,125,0.078125
85,1600,24,1385,1385,200,100,1700,4.00347548979335,3.19320878665894,-14.766663774848,-0.00922916485927999,-100,2000,125,0.078125
86,1600,24,1386,1386,200,100,1700,2.33648614468984,0.94247688469477,-23.6743994280696,-0.0147964996425435,-100,2000,125,0.078125
87,1600,24,1387,1387,200,100,1700,2.65552559657954,0.977923293365166,4.10079231485724,0.00256299519678578,-100,2000,125,0.078125
88,1600,24,1388,1388,200,100,1700,9.7294082317967,1.06183935131412,-17.4576912112534,-0.0109110570070334,-100,2000,125,0.078125
89,1600,24,1389,1389,200,100,1700,11.7838664080482,2.04445365210995,19.7318722195923,0.0123324201372452,-100,2000,125,0.078125
90,1600,24,1390,1390,200,100,1700,9.18412549654022,3.02872522408143,-21.7696424759924,-0.0136060265474953,-100,2000,125,0.078125
91,1600,24,1391,1391,200,100,1700,4.93881383375265,2.40082873625215,4.50368059426546,0.00281480037141591,-100,2000,125,0.078125
92,1600,24,1392,1392,200,100,1700,11.9697764257435,3.2722352144774,-20.8171736933291,-0.0130107335583307,-100,2000,125,0.078125
93,1600,24,1393,1393,200,100,1700,11.9200069920626,2.71511102572549,18.1046913005412,0.0113154320628382,-100,2000,125,0.078125
94,1600,24,1394,1394,200,100,1700,6.28397037950344,3.40792022855021,-0.416215360164642,-0.000260134600102901,-100,2000,125,0.078125
95,1600,24,1395,1395,200,100,1700,14.7007222452667,3.25837061228231,8.99166877940297,0.00561979298712686,-100,2000,125,0.078125
96,1600,24,1396,1396,200,100,1700,14.2949767126702,3.76513483584858,-20.2884808592498,-0.0126803005370311,-100,2000,125,0.078125
97,1600,24,1397,1397,200,100,1700,13.841319471132,2.9648141132202,-23.6761000938714,-0.0147975625586696,-100,2000,125,0.078125
98,1600,24,1398,1398,200,100,1700,14.8352458954323,2.33183897507843,14.3527588136494,0.00897047425853089,-100,2000,125,0.078125
99,1600,24,1399,1399,200,100,1700,4.65388312144205,2.31299762346316,3.89381965622306,0.00243363728513941,-100,2000,125,0.078125
100,1600,24,1400,1400,200,100,1700,8.38425713428296,0.561358465231024,-17.4543789960444,-0.0109089868725277,-100,2000,125,0.078125
1,3200,24,1401,1401,200,100,3300,13.3429790763184,3.98560481332242,-12.2819395624101,-0.00383810611325316,-100,3600,125,0.0390625
2,3200,24,1402,1402,200,100,3300,13.5580903189257,0.849941969965585,-19.9391055777669,-0.00623097049305215,-100,3600,125,0.0390625
3,3200,24,1403,1403,200,100,3300,5.26549571240321,2.15097500500269,17.5213962905109,0.00547543634078465,-100,3600,125,0.0390625
4,3200,24,1404,1404,200,100,3300,7.0564067682717,3.2217313000001,17.5987642854452,0.00549961383920163,-100,3600,125,0.0390625
5,3200,24,1405,1405,200,100,3300,9.97476536245085,0.645714681479149,-19.0873117558658,-0.00596478492370807,-100,3600,125,0.0390625
6,3200,24,1406,1406,200,100,3300,6.68933429638855,1.09235719032586,-16.0782799869776,-0.00502446249593049,-100,3600,125,0.0390625
7,3200,24,1407,1407,200,100,3300,9.34593012533151,1.11000773101114,-13.3581461124122,-0.00417442066012882,-100,3600,125,0.0390625
8,3200,24,1408,1408,200,100,3300,5.27838568738662,1.36118191189598,-10.1056336350739,-0.00315801051096059,-100,3600,125,0.0390625
9,3200,24,1409,1409,200,100,3300,11.1868145212065,1.73192451172508,-3.22893265262246,-0.00100904145394452,-100,3600,125,0.0390625
10,3200,24,1410,1410,200,100,3300,5.15408391365781,2.47603512660135,9.79533863067627,0.00306104332208633,-100,3600,125,0.0390625
11,3200,24,1411,1411,200,100,3300,8.54647223325446,3.32295062264893,15.9739449955523,0.00499185781111009,-100,3600,125,0.0390625
12,3200,24,1412,1412,200,100,3300,12.6841294346377,3.80774867406581,-5.84101966023445,-0.00182531864382327,-100,3600,125,0.0390625
13,3200,24,1413,1413,200,100,3300,9.99035229044966,0.766696747741662,-4.87876173108816,-0.00152461304096505,-100,3600,125,0.0390625
14,3200,24,1414,1414,200,100,3300,10.5399013978895,0.500337872770615,16.1014917343855,0.00503171616699547,-100,3600,125,0.0390625
15,3200,24,1415,1415,200,100,3300,11.5724109446164,0.80371454777196,17.0228798165917,0.00531964994268492,-100,3600,125,0.0390625
16,3200,24,1416,1416,200,100,3300,9.6388180302456,2.49105568369851,7.23507218062878,0.00226096005644649,-100,3600,125,0.0390625
17,3200,24,1417,1417,200,100,3300,2.21978446794674,1.85685002419632,13.4265312664211,0.00419579102075659,-100,3600,125,0.0390625
18,3200,24,1418,1418,200,100,3300,11.9371493039653,1.1583950567292,-13.1552319936454,-0.0041110099980142,-100,3600,125,0.0390625
19,3200,24,1419,1419,200,100,3300,7.10096548683941,3.0577656973619,11.6645834259689,0.00364518232061528,-100,3600,125,0.0390625
20,3200,24,1420,1420,200,100,3300,2.76988287572749,1.66567820182536,-0.0522949174046516,-1.63421616889536e-05,-100,3600,125,0.0390625
21,3200,24,1421,1421,200,100,3300,10.4208304311614,3.20784673013259,-23.6112052202225,-0.00737850163131952,-100,3600,125,0.0390625
22,3200,24,1422,1422,200,100,3300,4.0529522956349,0.723366305348463,10.738413400948,0.00335575418779626,-100,3600,125,0.0390625
23,3200,24,1423,1423,200,100,3300,9.56802515126765,1.79375760664698,-4.19349957257509,-0.00131046861642972,-100,3600,125,0.0390625
24,3200,24,1424,1424,200,100,3300,5.83994950144552,1.81305550108664,22.7228450886905,0.00710088909021579,-100,3600,125,0.0390625
25,3200,24,1425,1425,200,100,3300,9.17270640935749,1.15396572451573,1.39636271819472,0.000436363349435851,-100,3600,125,0.0390625
26,3200,24,1426,1426,200,100,3300,5.94911130238324,2.89386562386062,-17.5391790792346,-0.00548099346226081,-100,3600,125,0.0390625
27,3200,24,1427,1427,200,100,3300,14.4552585592028,3.95089853194077,18.1683358736336,0.00567760496051051,-100,3600,125,0.0390625
28,3200,24,1428,1428,200,100,3300,11.8323096984532,2.75310871098191,-11.0936908833683,-0.00346677840105258,-100,3600,125,0.0390625
29,3200,24,1429,1429,200,100,3300,7.81854241131805,2.86737010104116,3.38960933312774,0.00105925291660242,-100,3600,125,0.0390625
30,3200,24,1430,1430,200,100,3300,13.8672977641691,2.30623960657977,-9.39856402203441,-0.00293705125688575,-100,3600,125,0.0390625
31,3200,24,1431,1431,200,100,3300,8.96706300717779,2.37994362495374,7.09825924783945,0.00221820601494983,-100,3600,125,0.0390625
32,3200,24,1432,1432,200,100,3300,11.3091861449648,2.68772979569621,-1.73182521387935,-0.000541195379337296,-100,3600,125,0.0390625
33,3200,24,1433,1433,200,100,3300,7.86546710552648,3.01391486742068,13.8036534972489,0.00431364171789028,-100,3600,125,0.0390625
34,3200,24,1434,1434,200,100,3300,9.54734764178284,2.03000507922843,-12.5717282295227,-0.00392866507172585,-100,3600,125,0.0390625
35,3200,24,1435,1435,200,100,3300,14.8773110164329,1.29252923873719,7.94454235956073,0.00248266948736273,-100,3600,125,0.0390625
36,3200,24,1436,1436,200,100,3300,9.9679620640818,3.84815015969798,-14.5090947970748,-0.00453409212408587,-100,3600,125,0.0390625
37,3200,24,1437,1437,200,100,3300,5.46907430537976,2.56152636930346,-15.4236360602081,-0.00481988626881503,-100,3600,125,0.0390625
38,3200,24,1438,1438,200,100,3300,5.15719080111012,1.65344558504876,-19.7743976376951,-0.00617949926177971,-100,3600,125,0.0390625
39,3200,24,1439,1439,200,100,3300,13.2252158559859,2.88352874945849,-21.5848739147186,-0.00674527309834957,-100,3600,125,0.0390625
40,3200,24,1440,1440,200,100,3300,12.9312610591296,0.899445969611406,4.36909594014287,0.00136534248129465,-100,3600,125,0.0390625
41,3200,24,1441,1441,200,100,3300,13.3416047706269,1.32106330909301,-13.2899031378329,-0.00415309473057278,-100,3600,125,0.0390625
42,3200,24,1442,1442,200,100,3300,13.7210747180507,3.23423389473464,9.58280025422573,0.00299462507944554,-100,3600,125,0.0390625
43,3200,24,1443,1443,200,100,3300,4.98263115016744,1.89274786133319,-22.0945192202926,-0.00690453725634143,-100,3600,125,0.0390625
44,3200,24,1444,1444,200,100,3300,5.18904225132428,1.98700503038708,-0.725890427827835,-0.000226840758696198,-100,3600,125,0.0390625
45,3200,24,1445,1445,200,100,3300,13.597080076579,2.99990842572879,-20.4953555949032,-0.00640479862340726,-100,3600,125,0.0390625
46,3200,24,1446,1446,200,100,3300,10.6565716564655,2.7546955839498,-21.5126662217081,-0.00672270819428377,-100,3600,125,0.0390625
47,3200,24,1447,1447,200,100,3300,11.3896028473973,0.705265214666724,2.3357155546546,0.000729911110829562,-100,3600,125,0.0390625
48,3200,24,1448,1448,200,100,3300,7.09426818997599,2.45088650123216,10.4008997865021,0.00325028118328191,-100,3600,125,0.0390625
49,3200,24,1449,1449,200,100,3300,12.9607305401005,3.56072134675924,1.51026700437069,0.00047195843886584,-100,3600,125,0.0390625
50,3200,24,1450,1450,200,100,3300,3.06266457028687,2.88518731715158,5.27724481746554,0.00164913900545798,-100,3600,125,0.0390625
51,3200,24,1451,1451,200,100,3300,2.51740579819307,1.98658564651851,-16.6091391183436,-0.00519035597448237,-100,3600,125,0.0390625
52,3200,24,1452,1452,200,100,3300,6.13284289394505,2.26514089445118,2.68200154602528,0.000838125483132899,-100,3600,125,0.0390625
53,3200,24,1453,1453,200,100,3300,4.85523485345766,1.47835045505781,6.00823768973351,0.00187757427804172,-100,3600,125,0.0390625
54,3200,24,1454,1454,200,100,3300,13.6104698425625,1.76595477946103,-14.0977723561227,-0.00440555386128835,-100,3600,125,0.0390625
55,3200,24,1455,1455,200,100,3300,6.54318926297128,1.27493045688607,-12.4262822046876,-0.00388321318896487,-100,3600,125,0.0390625
56,3200,24,1456,1456,200,100,3300,2.08317028684542,3.34399931598455,18.0546560324728,0.00564208001014777,-100,3600,125,0.0390625
57,3200,24,1457,1457,200,100,3300,9.47107248031534,3.79856881068554,14.5724167786539,0.00455388024332933,-100,3600,125,0.0390625
58,3200,24,1458,1458,200,100,3300,9.74599738419056,2.92927904915996,-17.0319391451776,-0.005322480982868,-100,3600,125,0.0390625
59,3200,24,1459,1459,200,100,3300,8.17894931929186,1.75006982579362,-16.7508822977543,-0.00523465071804822,-100,3600,125,0.0390625
60,3200,24,1460,1460,200,100,3300,14.7727849176154,2.57860803056974,-15.9782154075801,-0.00499319231486879,-100,3600,125,0.0390625
61,3200,24,1461,1461,200,100,3300,7.73323657293804,2.31062517827377,9.36403063684702,0.00292625957401469,-100,3600,125,0.0390625
62,3200,24,1462,1462,200,100,3300,5.03628320340067,1.86730726039968,-13.733631759882,-0.00429175992496312,-100,3600,125,0.0390625
63,3200,24,1463,1463,200,100,3300,11.4308330987114,1.45684232516214,-15.3494042828679,-0.00479668883839622,-100,3600,125,0.0390625
64,3200,24,1464,1464,200,100,3300,5.78389570792206,3.15750454051886,3.86182928457856,0.0012068216514308,-100,3600,125,0.0390625
65,3200,24,1465,1465,200,100,3300,12.6548208158929,1.1243602760369,-4.43531339988112,-0.00138603543746285,-100,3600,125,0.0390625
66,3200,24,1466,1466,200,100,3300,2.70305420667864,1.97842940769624,-7.93584489449859,-0.00247995152953081,-100,3600,125,0.0390625
67,3200,24,1467,1467,200,100,3300,14.3786393355113,3.01599461666774,-21.0026946812868,-0.00656334208790213,-100,3600,125,0.0390625
68,3200,24,1468,1468,200,100,3300,3.86720090638846,2.14336003735662,-13.9292689226568,-0.00435289653833024,-100,3600,125,0.0390625
69,3200,24,1469,1469,200,100,3300,11.4504515889566,2.15113818692043,-14.4954659231007,-0.00452983310096897,-100,3600,125,0.0390625
70,3200,24,1470,1470,200,100,3300,13.3267612182535,0.775706228683703,17.7400212697685,0.00554375664680265,-100,3600,125,0.0390625
71,3200,24,1471,1471,200,100,3300,3.59400037257001,2.5052045736229,21.6819497086108,0.00677560928394087,-100,3600,125,0.0390625
72,3200,24,1472,1472,200,100,3300,7.8354770091828,3.74808743002359,-6.72574726492167,-0.00210179602028802,-100,3600,125,0.0390625
73,3200,24,1473,1473,200,100,3300,3.10494302306324,1.37110899225809,-9.23416425660253,-0.00288567633018829,-100,3600,125,0.0390625
74,3200,24,1474,1474,200,100,3300,6.81236899481155,2.91106083185878,-1.98062455281615,-0.000618945172755048,-100,3600,125,0.0390625
75,3200,24,1475,1475,200,100,3300,13.8157630986534,3.43489505699836,-16.2303154394031,-0.00507197357481346,-100,3600,125,0.0390625
76,3200,24,1476,1476,200,100,3300,8.23929673223756,1.6824228761252,20.7240988723934,0.00647628089762293,-100,3600,125,0.0390625
77,3200,24,1477,1477,200,100,3300,6.51047218777239,2.95351389050484,-5.62546149641275,-0.00175795671762899,-100,3600,125,0.0390625
78,3200,24,1478,1478,200,100,3300,4.79667939292267,1.66041551693343,-15.7336825244129,-0.00491677578887902,-100,3600,125,0.0390625
79,3200,24,1479,1479,200,100,3300,10.2962762466632,2.81283738452476,18.7783634662628,0.00586823858320713,-100,3600,125,0.0390625
80,3200,24,1480,1480,200,100,3300,3.0159507652279,2.2969579702476,14.4947675764561,0.00452961486764252,-100,3600,125,0.0390625
81,3200,24,1481,1481,200,100,3300,10.5207483142149,2.85064404981676,10.2126947902143,0.00319146712194197,-100,3600,125,0.0390625
82,3200,24,1482,1482,200,100,3300,6.94160829088651,2.09955240401905,5.0058476999402,0.00156432740623131,-100,3600,125,0.0390625
83,3200,24,1483,1483,200,100,3300,11.7179018415045,3.61188012722414,-2.63446187227964,-0.000823269335087389,-100,3600,125,0.0390625
84,3200,24,1484,1484,200,100,3300,9.63095644512214,2.79320814064704,22.7894500605762,0.00712170314393006,-100,3600,125,0.0390625
85,3200,24,1485,1485,200,100,3300,6.38300994923338,3.25294701987877,23.3247242644429,0.00728897633263841,-100,3600,125,0.0390625
86,3200,24,1486,1486,200,100,3300,10.7147673033178,1.02017186162993,-13.2019983865321,-0.00412562449579127,-100,3600,125,0.0390625
87,3200,24,1487,1487,200,100,3300,6.82806754508056,1.56998491438571,1.3297043479979,0.000415532608749345,-100,3600,125,0.0390625
88,3200,24,1488,1488,200,100,3300,14.4349384086672,3.41904208355118,22.6622893922031,0.00708196543506347,-100,3600,125,0.0390625
89,3200,24,1489,1489,200,100,3300,10.7006285772659,2.77636060549412,12.8274072781205,0.00400856477441266,-100,3600,125,0.0390625
90,3200,24,1490,1490,200,100,3300,3.36200766148977,2.62287111231126,9.39915904775262,0.00293723720242269,-100,3600,125,0.0390625
91,3200,24,1491,1491,200,100,3300,4.81459166482091,2.29712538397871,-17.6999097168446,-0.00553122178651392,-100,3600,125,0.0390625
92,3200,24,1492,1492,200,100,3300,7.37749235099182,3.72523263492621,0.325257439166307,0.000101642949739471,-100,3600,125,0.0390625
93,3200,24,1493,1493,200,100,3300,7.3335769996047,3.86459856550209,15.8880856744945,0.00496502677327953,-100,3600,125,0.0390625
94,3200,24,1494,1494,200,100,3300,5.09676413144916,2.99242921103723,-21.9951330833137,-0.00687347908853553,-100,3600,125,0.0390625
95,3200,24,1495,1495,200,100,3300,5.64276259555481,0.835565055138431,0.741274114698172,0.000231648160843179,-100,3600,125,0.0390625
96,3200,24,1496,1496,200,100,3300,13.2567821817938,2.50258563202806,3.9996800981462,0.00124990003067069,-100,3600,125,0.0390625
97,3200,24,1497,1497,200,100,3300,3.76901600160636,2.61317537922878,-0.378355175256729,-0.000118235992267728,-100,3600,125,0.0390625
98,3200,24,1498,1498,200,100,3300,10.1617643677164,1.24361589772161,-20.8712184280157,-0.00652225575875491,-100,3600,125,0.0390625
99,3200,24,1499,1499,200,100,3300,9.33831582963467,1.2419263048796,20.7493003718555,0.00648415636620484,-100,3600,125,0.0390625
100,3200,24,1500,1500,200,100,3300,14.894052277552,1.26430221402552,1.09431628882885,0.000341973840259016,-100,3600,125,0.0390625
