"sweep","rep","N","slope_condition","lab_error","window","growth_ratio","dataset_id","seed","intercept","sigma","slope","window_start","window_end","pad","grid_step","time_ref_min","time_ref_range"
"core",1,50,"random",30,"plateau",1,1,1,11.4543488945346,3.59902171138674,0.00360377213917672,-800,-400,588,5,-1388,1576
"core",2,50,"random",30,"plateau",1,2,2,3.8496537359897,2.14541489689145,-0.0133305331226438,-800,-400,588,5,-1388,1576
"core",3,50,"random",30,"plateau",1,3,3,6.35197916999459,3.37824691052083,-0.0198404050525278,-800,-400,588,5,-1388,1576
"core",4,50,"random",30,"plateau",1,4,4,13.5931692412123,2.37589855736587,-0.0211729315342382,-800,-400,588,5,-1388,1576
"core",5,50,"random",30,"plateau",1,5,5,13.6462552226149,3.36883660359308,0.0161784040136263,-800,-400,588,5,-1388,1576
"core",6,50,"random",30,"plateau",1,6,6,5.8306319960393,2.57866825873498,0.00267851524986327,-800,-400,588,5,-1388,1576
"core",7,50,"random",30,"plateau",1,7,7,13.9039765703492,1.12827626068611,-0.00111821429338306,-800,-400,588,5,-1388,1576
"core",8,50,"random",30,"plateau",1,8,8,6.9858592657838,3.6868906969903,-0.0247623401228338,-800,-400,588,5,-1388,1576
"core",9,50,"random",30,"plateau",1,9,9,11.0595286935568,2.7355791432783,0.0178704574238509,-800,-400,588,5,-1388,1576
"core",10,50,"random",30,"plateau",1,10,10,11.8064524773508,1.54877695720643,0.0235431319009513,-800,-400,588,5,-1388,1576
"core",11,50,"random",30,"plateau",1,11,11,4.27664958452806,1.42199635889847,-0.0192065159417689,-800,-400,588,5,-1388,1576
"core",12,50,"random",30,"plateau",1,12,12,6.48427090747282,2.25423575181048,-0.00300969535019249,-800,-400,588,5,-1388,1576
"core",13,50,"random",30,"plateau",1,13,13,2.83668928872794,1.37715472560376,-0.00663555028382689,-800,-400,588,5,-1388,1576
"core",14,50,"random",30,"plateau",1,14,14,7.96425809944049,2.5615584285697,-0.0207131827203557,-800,-400,588,5,-1388,1576
"core",15,50,"random",30,"plateau",1,15,15,10.6021714240778,1.80061108828522,0.0114712892705575,-800,-400,588,5,-1388,1576
"core",16,50,"random",30,"plateau",1,16,16,14.1801412992645,3.25247924518771,-0.0104809614876285,-800,-400,588,5,-1388,1576
"core",17,50,"random",30,"plateau",1,17,17,9.6806227103807,2.21256716363132,-0.0272960787406191,-800,-400,588,5,-1388,1576
"core",18,50,"random",30,"plateau",1,18,18,5.4168260328006,0.945541573222727,0.0162301500979811,-800,-400,588,5,-1388,1576
"core",19,50,"random",30,"plateau",1,19,19,8.69829980516806,1.27063734293915,0.0218132405122742,-800,-400,588,5,-1388,1576
"core",20,50,"random",30,"plateau",1,20,20,7.33348927088082,2.31439498974942,-0.00690300410147756,-800,-400,588,5,-1388,1576
"core",21,50,"random",30,"plateau",1,21,21,8.0389164572116,3.58403114369139,0.0195885293791071,-800,-400,588,5,-1388,1576
"core",22,50,"random",30,"plateau",1,22,22,14.1333302219864,2.4635211272398,-0.00229691460728645,-800,-400,588,5,-1388,1576
"core",23,50,"random",30,"plateau",1,23,23,5.92515800404362,3.59928118844982,0.0171389584382996,-800,-400,588,5,-1388,1576
"core",24,50,"random",30,"plateau",1,24,24,6.75801377091557,0.841094879666343,0.0135986849153414,-800,-400,588,5,-1388,1576
"core",25,50,"random",30,"plateau",1,25,25,12.3885384988971,3.48137681337539,0.0152189386216924,-800,-400,588,5,-1388,1576
"core",26,50,"random",30,"plateau",1,26,26,5.76847450924106,0.81943703989964,0.0194638893334195,-800,-400,588,5,-1388,1576
"core",27,50,"random",30,"plateau",1,27,27,9.60705886106007,3.08321665984113,-0.00487325311638415,-800,-400,588,5,-1388,1576
"core",28,50,"random",30,"plateau",1,28,28,9.82148315967061,3.6354070456,-0.00954767796210945,-800,-400,588,5,-1388,1576
"core",29,50,"random",30,"plateau",1,29,29,14.9338906949852,3.52398512000218,0.0219336853735149,-800,-400,588,5,-1388,1576
"core",30,50,"random",30,"plateau",1,30,30,11.4913270026445,3.22027919150423,0.0118495991080999,-800,-400,588,5,-1388,1576
"core",31,50,"random",30,"plateau",1,31,31,12.2057821811177,1.93543750059325,-0.0229949234006926,-800,-400,588,5,-1388,1576
"core",32,50,"random",30,"plateau",1,32,32,5.3424027482979,1.43161307368428,-0.000941845932975412,-800,-400,588,5,-1388,1576
"core",33,50,"random",30,"plateau",1,33,33,11.6416812501848,3.88348595611751,0.0260147887375206,-800,-400,588,5,-1388,1576
"core",34,50,"random",30,"plateau",1,34,34,7.7851190478541,2.59729709965177,0.00528912836685776,-800,-400,588,5,-1388,1576
"core",35,50,"random",30,"plateau",1,35,35,5.43531739478931,2.47426230809651,-0.0136285704234615,-800,-400,588,5,-1388,1576
"core",36,50,"random",30,"plateau",1,36,36,7.86041237949394,2.04702934983652,0.00729634338989854,-800,-400,588,5,-1388,1576
"core",37,50,"random",30,"plateau",1,37,37,7.66008584527299,3.02086120366585,0.00677720692008734,-800,-400,588,5,-1388,1576
"core",38,50,"random",30,"plateau",1,38,38,4.17550115962513,1.2703948346898,0.0111409020563588,-800,-400,588,5,-1388,1576
"core",39,50,"random",30,"plateau",1,39,39,5.13018922321498,3.56816539983265,-0.0283065457222983,-800,-400,588,5,-1388,1576
"core",40,50,"random",30,"plateau",1,40,40,8.59875677293167,3.28968891431578,0.00496975465212017,-800,-400,588,5,-1388,1576
"core",41,50,"random",30,"plateau",1,41,41,2.91891707899049,2.85003619582858,0.00999551258515567,-800,-400,588,5,-1388,1576
"core",42,50,"random",30,"plateau",1,42,42,14.4104198254645,1.38016597332899,-0.00893729207105935,-800,-400,588,5,-1388,1576
"core",43,50,"random",30,"plateau",1,43,43,4.17824146850035,2.19174461520743,0.0123959424393252,-800,-400,588,5,-1388,1576
"core",44,50,"random",30,"plateau",1,44,44,12.5578173038084,2.44648015184794,0.00790174129419029,-800,-400,588,5,-1388,1576
"core",45,50,"random",30,"plateau",1,45,45,7.0126714205835,0.501321367220953,0.00618645227048546,-800,-400,588,5,-1388,1576
"core",46,50,"random",30,"plateau",1,46,46,5.02531375316903,3.02268642233685,0.00449881944805384,-800,-400,588,5,-1388,1576
"core",47,50,"random",30,"plateau",1,47,47,3.99959110561758,2.56317319744267,0.00242845367174595,-800,-400,588,5,-1388,1576
"core",48,50,"random",30,"plateau",1,48,48,10.287989096716,3.56920721882489,0.00944148318842054,-800,-400,588,5,-1388,1576
"core",49,50,"random",30,"plateau",1,49,49,12.0064282873645,0.856635284028016,-0.0209866323648021,-800,-400,588,5,-1388,1576
"core",50,50,"random",30,"plateau",1,50,50,7.23023894638754,1.38547019730322,-0.00707886706106365,-800,-400,588,5,-1388,1576
"core",51,50,"random",30,"plateau",1,51,51,12.8289553741924,2.34645403595641,-0.00113931760657579,-800,-400,588,5,-1388,1576
"core",52,50,"random",30,"plateau",1,52,52,7.65534112090245,3.68320394901093,0.00696135259699077,-800,-400,588,5,-1388,1576
"core",53,50,"random",30,"plateau",1,53,53,5.19067371985875,0.664816232165322,-0.00206584737170488,-800,-400,588,5,-1388,1576
"core",54,50,"random",30,"plateau",1,54,54,12.5104238644708,3.93691415549256,-0.00734714821446687,-800,-400,588,5,-1388,1576
"core",55,50,"random",30,"plateau",1,55,55,5.78564519132487,3.65490015107207,-0.00921069103293121,-800,-400,588,5,-1388,1576
"core",56,50,"random",30,"plateau",1,56,56,11.4603874934837,2.42107859312091,0.00515466788783669,-800,-400,588,5,-1388,1576
"core",57,50,"random",30,"plateau",1,57,57,2.60268346616067,0.746749215759337,-0.0284822906786576,-800,-400,588,5,-1388,1576
"core",58,50,"random",30,"plateau",1,58,58,12.7002901770175,1.19204237835947,-0.0182262697722763,-800,-400,588,5,-1388,1576
"core",59,50,"random",30,"plateau",1,59,59,3.42343803867698,2.93574113573413,-0.0143553016008809,-800,-400,588,5,-1388,1576
"core",60,50,"random",30,"plateau",1,60,60,10.7950166903902,1.2671315720072,0.02825773707591,-800,-400,588,5,-1388,1576
"core",61,50,"random",30,"plateau",1,61,61,2.4828038206324,3.81759146042168,0.0216424058564007,-800,-400,588,5,-1388,1576
"core",62,50,"random",30,"plateau",1,62,62,4.74992670561187,1.51570356579032,0.00361331022810191,-800,-400,588,5,-1388,1576
"core",63,50,"random",30,"plateau",1,63,63,6.74695973680355,1.67295236955397,0.00679466200992465,-800,-400,588,5,-1388,1576
"core",64,50,"random",30,"plateau",1,64,64,6.02416428504512,2.94228599080816,-0.00252700345125049,-800,-400,588,5,-1388,1576
"core",65,50,"random",30,"plateau",1,65,65,13.777394651901,1.43720255105291,-0.00442902199923992,-800,-400,588,5,-1388,1576
"core",66,50,"random",30,"plateau",1,66,66,3.46342379460111,3.70510483975522,-0.023654405255802,-800,-400,588,5,-1388,1576
"core",67,50,"random",30,"plateau",1,67,67,6.12413469818421,0.843706003041007,-0.0126542108366266,-800,-400,588,5,-1388,1576
"core",68,50,"random",30,"plateau",1,68,68,11.5195943028666,2.28328951215371,-0.00203919407911599,-800,-400,588,5,-1388,1576
"core",69,50,"random",30,"plateau",1,69,69,12.5569423199631,2.10274851752911,0.0113025783654302,-800,-400,588,5,-1388,1576
"core",70,50,"random",30,"plateau",1,70,70,13.8694127183408,1.18654228490777,0.00511533161625266,-800,-400,588,5,-1388,1576
"core",71,50,"random",30,"plateau",1,71,71,7.12198276352137,2.59107180312276,0.0230439945822582,-800,-400,588,5,-1388,1576
"core",72,50,"random",30,"plateau",1,72,72,2.68252439587377,1.56328995258082,0.00657907992135733,-800,-400,588,5,-1388,1576
"core",73,50,"random",30,"plateau",1,73,73,7.0349232708104,2.01871954440139,-0.00193800893146545,-800,-400,588,5,-1388,1576
"core",74,50,"random",30,"plateau",1,74,74,8.91218054830097,3.56227690854575,-0.00203254083171487,-800,-400,588,5,-1388,1576
"core",75,50,"random",30,"plateau",1,75,75,9.76996883423999,2.44935781834647,-0.0284685230674222,-800,-400,588,5,-1388,1576
"core",76,50,"random",30,"plateau",1,76,76,11.0464663302992,0.756105733918957,-0.00304090687539428,-800,-400,588,5,-1388,1576
"core",77,50,"random",30,"plateau",1,77,77,2.45060527231544,0.886267166468315,-0.0201557587087154,-800,-400,588,5,-1388,1576
"core",78,50,"random",30,"plateau",1,78,78,7.37270911363885,2.20502746978309,0.00958545345347375,-800,-400,588,5,-1388,1576
"core",79,50,"random",30,"plateau",1,79,79,11.5557133359835,3.69306234410033,0.0127782933041453,-800,-400,588,5,-1388,1576
"core",80,50,"random",30,"plateau",1,80,80,4.65745264594443,1.45404080604203,0.0184754173737019,-800,-400,588,5,-1388,1576
"core",81,50,"random",30,"plateau",1,81,81,2.77846370683983,2.78634337743279,-0.0247532216040418,-800,-400,588,5,-1388,1576
"core",82,50,"random",30,"plateau",1,82,82,4.02009632065892,3.32305873883888,-0.01436365687754,-800,-400,588,5,-1388,1576
"core",83,50,"random",30,"plateau",1,83,83,3.14677691482939,3.63475328544155,-0.02189896739088,-800,-400,588,5,-1388,1576
"core",84,50,"random",30,"plateau",1,84,84,13.7011738759466,2.71333228121512,-0.00488523216918111,-800,-400,588,5,-1388,1576
"core",85,50,"random",30,"plateau",1,85,85,8.42776840203442,1.09044457692653,0.0191299784369767,-800,-400,588,5,-1388,1576
"core",86,50,"random",30,"plateau",1,86,86,7.40796300908551,1.85179709398653,-0.0203819861495867,-800,-400,588,5,-1388,1576
"core",87,50,"random",30,"plateau",1,87,87,10.0696341644507,3.24768738111015,-0.0169696421083063,-800,-400,588,5,-1388,1576
"core",88,50,"random",30,"plateau",1,88,88,13.4655710540246,0.625642222585157,-0.0110282868426293,-800,-400,588,5,-1388,1576
"core",89,50,"random",30,"plateau",1,89,89,10.5965384342708,1.67461888503749,-0.0121469171298668,-800,-400,588,5,-1388,1576
"core",90,50,"random",30,"plateau",1,90,90,5.34942855872214,2.58437286620028,-0.0227010822761804,-800,-400,588,5,-1388,1576
"core",91,50,"random",30,"plateau",1,91,91,4.13872366165742,3.83308057778049,-0.0187603296339512,-800,-400,588,5,-1388,1576
"core",92,50,"random",30,"plateau",1,92,92,13.71321909572,0.923681224114262,-0.0147786830132827,-800,-400,588,5,-1388,1576
"core",93,50,"random",30,"plateau",1,93,93,2.60991123365238,2.10938160098158,-0.0189076984813437,-800,-400,588,5,-1388,1576
"core",94,50,"random",30,"plateau",1,94,94,11.1654359174427,1.54997343581636,0.0212976464163512,-800,-400,588,5,-1388,1576
"core",95,50,"random",30,"plateau",1,95,95,11.7968799036462,0.647535652853549,-0.023042725645937,-800,-400,588,5,-1388,1576
"core",96,50,"random",30,"plateau",1,96,96,8.63244532630779,3.78091622621287,0.0187921861885115,-800,-400,588,5,-1388,1576
"core",97,50,"random",30,"plateau",1,97,97,8.70655502844602,3.81857612344902,-0.00978455043397844,-800,-400,588,5,-1388,1576
"core",98,50,"random",30,"plateau",1,98,98,13.4111057727132,3.86181936343201,-0.01148683602456,-800,-400,588,5,-1388,1576
"core",99,50,"random",30,"plateau",1,99,99,5.66911228885874,3.29526188329328,-0.0170392785547301,-800,-400,588,5,-1388,1576
"core",100,50,"random",30,"plateau",1,100,100,6.63549007475376,3.50786105054431,0.00531211970373988,-800,-400,588,5,-1388,1576
"core",1,100,"random",30,"plateau",1,101,101,7.08618155634031,3.99201449973043,0.0241819593776017,-800,-400,588,5,-1388,1576
"core",2,100,"random",30,"plateau",1,102,102,6.65613745851442,2.48971149907447,0.00533967725001275,-800,-400,588,5,-1388,1576
"core",3,100,"random",30,"plateau",1,103,103,2.85157712316141,3.60470770963002,-0.0247932900628075,-800,-400,588,5,-1388,1576
"core",4,100,"random",30,"plateau",1,104,104,8.46497560548596,1.46240057121031,0.0289461680548266,-800,-400,588,5,-1388,1576
"core",5,100,"random",30,"plateau",1,105,105,14.7301522870548,1.70537818351295,0.00331203086301685,-800,-400,588,5,-1388,1576
"core",6,100,"random",30,"plateau",1,106,106,7.97979984944686,2.90044539934024,-0.0236899447347969,-800,-400,588,5,-1388,1576
"core",7,100,"random",30,"plateau",1,107,107,14.1946031784173,3.75692056992557,-0.0232388922013342,-800,-400,588,5,-1388,1576
"core",8,100,"random",30,"plateau",1,108,108,7.73219088069163,3.29391153226607,-0.00700882565695793,-800,-400,588,5,-1388,1576
"core",9,100,"random",30,"plateau",1,109,109,10.0103974926751,1.96651164907962,-0.010739952265285,-800,-400,588,5,-1388,1576
"core",10,100,"random",30,"plateau",1,110,110,7.55642809253186,3.33238662686199,0.00579830626957119,-800,-400,588,5,-1388,1576
"core",11,100,"random",30,"plateau",1,111,111,11.0942469879519,2.79451035510283,0.0153098763758317,-800,-400,588,5,-1388,1576
"core",12,100,"random",30,"plateau",1,112,112,4.54027048917487,0.864720844314434,-0.0169587643118575,-800,-400,588,5,-1388,1576
"core",13,100,"random",30,"plateau",1,113,113,4.25690378411673,3.51927679043729,-0.00576391962356865,-800,-400,588,5,-1388,1576
"core",14,100,"random",30,"plateau",1,114,114,12.8031137350481,0.942289044498466,-0.000828769211657344,-800,-400,588,5,-1388,1576
"core",15,100,"random",30,"plateau",1,115,115,10.0928215708118,2.53700513206422,-0.025781265925616,-800,-400,588,5,-1388,1576
"core",16,100,"random",30,"plateau",1,116,116,4.60926984483376,1.16515155218076,-0.0200424266885966,-800,-400,588,5,-1388,1576
"core",17,100,"random",30,"plateau",1,117,117,13.2022055415437,0.616443173843436,-0.0146467746142298,-800,-400,588,5,-1388,1576
"core",18,100,"random",30,"plateau",1,118,118,4.90822621411644,2.79329765657894,-0.00434557350352406,-800,-400,588,5,-1388,1576
"core",19,100,"random",30,"plateau",1,119,119,8.77824675454758,2.58954482665285,-0.00230666492599994,-800,-400,588,5,-1388,1576
"core",20,100,"random",30,"plateau",1,120,120,4.5103513863869,0.7883661754895,0.0202673318702728,-800,-400,588,5,-1388,1576
"core",21,100,"random",30,"plateau",1,121,121,10.3503213054501,1.82070391986053,0.0266651667561382,-800,-400,588,5,-1388,1576
"core",22,100,"random",30,"plateau",1,122,122,14.3687809503172,3.27000893186778,-0.00012157090008259,-800,-400,588,5,-1388,1576
"core",23,100,"random",30,"plateau",1,123,123,9.92541654477827,3.25609305896796,0.0125198364537209,-800,-400,588,5,-1388,1576
"core",24,100,"random",30,"plateau",1,124,124,11.2458153176121,0.73635743453633,0.00172189220320433,-800,-400,588,5,-1388,1576
"core",25,100,"random",30,"plateau",1,125,125,9.79172177123837,2.72096169961151,-0.00810648678336293,-800,-400,588,5,-1388,1576
"core",26,100,"random",30,"plateau",1,126,126,11.4407116211951,2.81321867636871,-0.00211299411021173,-800,-400,588,5,-1388,1576
"core",27,100,"random",30,"plateau",1,127,127,2.11906244023703,2.12350790738128,0.0263984517194331,-800,-400,588,5,-1388,1576
"core",28,100,"random",30,"plateau",1,128,128,2.31760820909403,2.10961550869979,-0.0197727750660852,-800,-400,588,5,-1388,1576
"core",29,100,"random",30,"plateau",1,129,129,8.63560123578645,2.33679026842583,0.0139025109261274,-800,-400,588,5,-1388,1576
"core",30,100,"random",30,"plateau",1,130,130,6.575125339441,2.37366556073539,-0.0293622950837016,-800,-400,588,5,-1388,1576
"core",31,100,"random",30,"plateau",1,131,131,10.8039975038264,3.68212226475589,0.0222723480127752,-800,-400,588,5,-1388,1576
"core",32,100,"random",30,"plateau",1,132,132,13.3947830027901,3.9027006526012,0.00795463421847671,-800,-400,588,5,-1388,1576
"core",33,100,"random",30,"plateau",1,133,133,6.56309129460715,3.81900825491175,0.0238143574073911,-800,-400,588,5,-1388,1576
"core",34,100,"random",30,"plateau",1,134,134,13.9298409952316,2.11812662496231,-0.0197988757118583,-800,-400,588,5,-1388,1576
"core",35,100,"random",30,"plateau",1,135,135,13.6576285567135,2.80993116123136,0.00983270698226988,-800,-400,588,5,-1388,1576
"core",36,100,"random",30,"plateau",1,136,136,2.28776654996909,2.24682618153747,-0.02976316051092,-800,-400,588,5,-1388,1576
"core",37,100,"random",30,"plateau",1,137,137,14.3970991401002,2.77456302603241,-0.0217289454862475,-800,-400,588,5,-1388,1576
"core",38,100,"random",30,"plateau",1,138,138,2.12658859556541,1.7837272832403,-0.0045201910380274,-800,-400,588,5,-1388,1576
"core",39,100,"random",30,"plateau",1,139,139,7.92068410431966,1.03510585520416,-0.00495275904424489,-800,-400,588,5,-1388,1576
"core",40,100,"random",30,"plateau",1,140,140,3.11259333766066,3.21957325609401,-0.0215355228167027,-800,-400,588,5,-1388,1576
"core",41,100,"random",30,"plateau",1,141,141,13.4132409670856,3.11888887931127,0.0196425473503768,-800,-400,588,5,-1388,1576
"core",42,100,"random",30,"plateau",1,142,142,3.10319974157028,3.71806559571996,0.000366663644090295,-800,-400,588,5,-1388,1576
"core",43,100,"random",30,"plateau",1,143,143,11.8179307233077,2.30473744240589,-0.0208405541069806,-800,-400,588,5,-1388,1576
"core",44,100,"random",30,"plateau",1,144,144,12.0042403873522,1.04566763585899,-0.00807991849724203,-800,-400,588,5,-1388,1576
"core",45,100,"random",30,"plateau",1,145,145,10.2644185340032,2.64641066908371,-0.0237694006925449,-800,-400,588,5,-1388,1576
"core",46,100,"random",30,"plateau",1,146,146,10.7794306674041,2.61706629651599,0.00245653986465186,-800,-400,588,5,-1388,1576
"core",47,100,"random",30,"plateau",1,147,147,8.93539331317879,0.581403270247392,0.00784218109678477,-800,-400,588,5,-1388,1576
"core",48,100,"random",30,"plateau",1,148,148,14.5084655489773,0.678612190647982,0.020357864247635,-800,-400,588,5,-1388,1576
"core",49,100,"random",30,"plateau",1,149,149,10.6151655693538,1.57986975077074,0.00414191221352667,-800,-400,588,5,-1388,1576
"core",50,100,"random",30,"plateau",1,150,150,9.50487252580933,3.79669445555191,-0.0205463700927794,-800,-400,588,5,-1388,1576
"core",51,100,"random",30,"plateau",1,151,151,8.54274629894644,0.580149679677561,-0.0158788799727336,-800,-400,588,5,-1388,1576
"core",52,100,"random",30,"plateau",1,152,152,6.74750648555346,2.88498176494613,0.0152395405434072,-800,-400,588,5,-1388,1576
"core",53,100,"random",30,"plateau",1,153,153,14.0698266332038,0.535625754273497,0.00214290363248438,-800,-400,588,5,-1388,1576
"core",54,100,"random",30,"plateau",1,154,154,14.3057039070409,3.77549782476854,-0.00317495029885322,-800,-400,588,5,-1388,1576
"core",55,100,"random",30,"plateau",1,155,155,8.55289846216328,2.42603268893436,0.0222822763770819,-800,-400,588,5,-1388,1576
"core",56,100,"random",30,"plateau",1,156,156,12.1535160746425,1.60971411620267,-0.0141611290583387,-800,-400,588,5,-1388,1576
"core",57,100,"random",30,"plateau",1,157,157,6.49760603369214,0.77984176564496,0.00275681824889034,-800,-400,588,5,-1388,1576
"core",58,100,"random",30,"plateau",1,158,158,11.8718166965991,2.6487498342758,-0.0147073329845443,-800,-400,588,5,-1388,1576
"core",59,100,"random",30,"plateau",1,159,159,10.8455433927011,0.592413041274995,-0.013329746928066,-800,-400,588,5,-1388,1576
"core",60,100,"random",30,"plateau",1,160,160,13.1562700080685,3.60775664926041,-0.0119617136288434,-800,-400,588,5,-1388,1576
"core",61,100,"random",30,"plateau",1,161,161,2.07306306553073,2.84774388372898,0.0023656487558037,-800,-400,588,5,-1388,1576
"core",62,100,"random",30,"plateau",1,162,162,7.39789307792671,2.99337158200797,-0.0140780795970932,-800,-400,588,5,-1388,1576
"core",63,100,"random",30,"plateau",1,163,163,2.4444605386816,0.774563899845816,-0.000179008757695557,-800,-400,588,5,-1388,1576
"core",64,100,"random",30,"plateau",1,164,164,10.3451320836321,3.34488182549831,-0.0243383435625583,-800,-400,588,5,-1388,1576
"core",65,100,"random",30,"plateau",1,165,165,8.9913417045027,3.94725723948795,0.00240087134297937,-800,-400,588,5,-1388,1576
"core",66,100,"random",30,"plateau",1,166,166,13.1893713292666,3.64704631455243,-0.0132797966245562,-800,-400,588,5,-1388,1576
"core",67,100,"random",30,"plateau",1,167,167,14.7162653210107,1.0949265260715,0.000320404521189629,-800,-400,588,5,-1388,1576
"core",68,100,"random",30,"plateau",1,168,168,2.33088533277623,1.83506088412832,0.0108702429709956,-800,-400,588,5,-1388,1576
"core",69,100,"random",30,"plateau",1,169,169,6.57688583433628,0.976878806366585,0.00769204968586564,-800,-400,588,5,-1388,1576
"core",70,100,"random",30,"plateau",1,170,170,8.58043645229191,2.43586761713959,-0.00802822791505605,-800,-400,588,5,-1388,1576
"core",71,100,"random",30,"plateau",1,171,171,4.32481025671586,1.82013004261535,0.017863297406584,-800,-400,588,5,-1388,1576
"core",72,100,"random",30,"plateau",1,172,172,4.49446970270947,2.36493779567536,-0.0166238883370534,-800,-400,588,5,-1388,1576
"core",73,100,"random",30,"plateau",1,173,173,7.32177236489952,0.585733903339133,-0.0140370214590803,-800,-400,588,5,-1388,1576
"core",74,100,"random",30,"plateau",1,174,174,4.38955134898424,1.65806205337867,0.0104389969166368,-800,-400,588,5,-1388,1576
"core",75,100,"random",30,"plateau",1,175,175,13.8972699902952,2.8284509642981,-0.0170319327386096,-800,-400,588,5,-1388,1576
"core",76,100,"random",30,"plateau",1,176,176,4.84493827261031,0.571536471834406,-0.0190668381610885,-800,-400,588,5,-1388,1576
"core",77,100,"random",30,"plateau",1,177,177,12.085910647409,1.39328751456924,0.020539655322209,-800,-400,588,5,-1388,1576
"core",78,100,"random",30,"plateau",1,178,178,10.3344464078546,1.50579856452532,-0.0156902029691264,-800,-400,588,5,-1388,1576
"core",79,100,"random",30,"plateau",1,179,179,12.7695842308458,0.761975497822277,0.0159954868024215,-800,-400,588,5,-1388,1576
"core",80,100,"random",30,"plateau",1,180,180,8.41002667509019,3.76782112871297,0.00585560908075422,-800,-400,588,5,-1388,1576
"core",81,100,"random",30,"plateau",1,181,181,8.26024559116922,0.891759175225161,0.00340481572318822,-800,-400,588,5,-1388,1576
"core",82,100,"random",30,"plateau",1,182,182,3.71264317142777,3.96281511790585,-0.0118814212828875,-800,-400,588,5,-1388,1576
"core",83,100,"random",30,"plateau",1,183,183,12.0669128838927,0.871341757127084,-0.00776559102348983,-800,-400,588,5,-1388,1576
"core",84,100,"random",30,"plateau",1,184,184,11.376828490058,1.05412719456945,0.00202938684727996,-800,-400,588,5,-1388,1576
"core",85,100,"random",30,"plateau",1,185,185,13.750390549656,1.90730717033148,0.0063088826648891,-800,-400,588,5,-1388,1576
"core",86,100,"random",30,"plateau",1,186,186,10.9256120133214,1.41771484841593,-0.0223262238549069,-800,-400,588,5,-1388,1576
"core",87,100,"random",30,"plateau",1,187,187,14.912662014598,1.38921495527029,-0.0219437383208424,-800,-400,588,5,-1388,1576
"core",88,100,"random",30,"plateau",1,188,188,10.8687614484224,0.565476873656735,-0.0142569368798286,-800,-400,588,5,-1388,1576
"core",89,100,"random",30,"plateau",1,189,189,3.99379947222769,2.26360837824177,0.00467628262471408,-800,-400,588,5,-1388,1576
"core",90,100,"random",30,"plateau",1,190,190,10.3344304475468,2.6237488448387,0.0202186763333157,-800,-400,588,5,-1388,1576
"core",91,100,"random",30,"plateau",1,191,191,7.0572494592052,2.7104768527206,-0.0235798788769171,-800,-400,588,5,-1388,1576
"core",92,100,"random",30,"plateau",1,192,192,13.5482626012526,1.56467833695933,-0.0032725194375962,-800,-400,588,5,-1388,1576
"core",93,100,"random",30,"plateau",1,193,193,7.8682765585836,3.69007628841791,0.012553502060473,-800,-400,588,5,-1388,1576
"core",94,100,"random",30,"plateau",1,194,194,5.25567380618304,0.888242412009276,0.0177204567566514,-800,-400,588,5,-1388,1576
"core",95,100,"random",30,"plateau",1,195,195,6.01565659651533,2.75170691485982,0.0150405717361718,-800,-400,588,5,-1388,1576
"core",96,100,"random",30,"plateau",1,196,196,5.57028162269853,1.84029506030492,-0.0210239318758249,-800,-400,588,5,-1388,1576
"core",97,100,"random",30,"plateau",1,197,197,3.72287316876464,3.45652544416953,-0.00731888132169843,-800,-400,588,5,-1388,1576
"core",98,100,"random",30,"plateau",1,198,198,11.9982486190274,1.07812639733311,-0.0199863296700642,-800,-400,588,5,-1388,1576
"core",99,100,"random",30,"plateau",1,199,199,6.97288995538838,2.02740723232273,0.00701375881209969,-800,-400,588,5,-1388,1576
"core",100,100,"random",30,"plateau",1,200,200,11.4422415981535,3.40583237831015,-0.00179736024700105,-800,-400,588,5,-1388,1576
"core",1,200,"random",30,"plateau",1,201,201,6.01883256458677,3.87326639413368,-0.0106778403790668,-800,-400,588,5,-1388,1576
"core",2,200,"random",30,"plateau",1,202,202,13.2614007885568,2.82378061511554,0.0185250099655241,-800,-400,588,5,-1388,1576
"core",3,200,"random",30,"plateau",1,203,203,11.2322329927702,1.49738987884484,-0.00827851446345448,-800,-400,588,5,-1388,1576
"core",4,200,"random",30,"plateau",1,204,204,8.44092686008662,2.39803625037894,-0.0184480938920751,-800,-400,588,5,-1388,1576
"core",5,200,"random",30,"plateau",1,205,205,4.04601749801077,1.87727840116713,0.00873334518168122,-800,-400,588,5,-1388,1576
"core",6,200,"random",30,"plateau",1,206,206,11.4564918919932,3.37106243311428,-0.0127463933592662,-800,-400,588,5,-1388,1576
"core",7,200,"random",30,"plateau",1,207,207,6.27382963034324,2.02263517293613,0.0260360423801467,-800,-400,588,5,-1388,1576
"core",8,200,"random",30,"plateau",1,208,208,13.3021138568874,2.93148423463572,0.0176173740578815,-800,-400,588,5,-1388,1576
"core",9,200,"random",30,"plateau",1,209,209,8.34129274846055,0.956509966519661,0.0156742368964478,-800,-400,588,5,-1388,1576
"core",10,200,"random",30,"plateau",1,210,210,5.12380217318423,0.532449043705128,0.0113737313076854,-800,-400,588,5,-1388,1576
"core",11,200,"random",30,"plateau",1,211,211,4.68511994997971,1.58676100417506,-0.0153692663786933,-800,-400,588,5,-1388,1576
"core",12,200,"random",30,"plateau",1,212,212,14.4930678200908,2.63841166661587,-0.00486934259533882,-800,-400,588,5,-1388,1576
"core",13,200,"random",30,"plateau",1,213,213,8.30778870265931,3.71527206758037,-0.00307798810768873,-800,-400,588,5,-1388,1576
"core",14,200,"random",30,"plateau",1,214,214,5.0249539243523,2.92502104875166,-0.00280966722406447,-800,-400,588,5,-1388,1576
"core",15,200,"random",30,"plateau",1,215,215,10.7077875910327,0.779818572569638,-0.0129256412945688,-800,-400,588,5,-1388,1576
"core",16,200,"random",30,"plateau",1,216,216,2.66446743695997,2.69584080879577,0.0160619941866025,-800,-400,588,5,-1388,1576
"core",17,200,"random",30,"plateau",1,217,217,7.73585357307456,3.79034749907441,0.016308593521826,-800,-400,588,5,-1388,1576
"core",18,200,"random",30,"plateau",1,218,218,7.85858131782152,1.45783331023995,0.0279602612927556,-800,-400,588,5,-1388,1576
"core",19,200,"random",30,"plateau",1,219,219,11.3542152824812,2.44043499708641,0.00474493307992816,-800,-400,588,5,-1388,1576
"core",20,200,"random",30,"plateau",1,220,220,9.5514107523486,2.43128221959341,0.00220102606806904,-800,-400,588,5,-1388,1576
"core",21,200,"random",30,"plateau",1,221,221,3.5753152531106,2.13355798006523,0.0100714478362352,-800,-400,588,5,-1388,1576
"core",22,200,"random",30,"plateau",1,222,222,5.21396199730225,2.02975292003248,0.0118703042669222,-800,-400,588,5,-1388,1576
"core",23,200,"random",30,"plateau",1,223,223,13.9101227992214,3.84915127244312,-0.0248643972119316,-800,-400,588,5,-1388,1576
"core",24,200,"random",30,"plateau",1,224,224,4.01146991201676,0.924944508820772,0.0033938375255093,-800,-400,588,5,-1388,1576
"core",25,200,"random",30,"plateau",1,225,225,6.44741615955718,0.716471101273783,0.00500678963027894,-800,-400,588,5,-1388,1576
"core",26,200,"random",30,"plateau",1,226,226,5.26263585104607,3.91394351888448,0.0114298470737413,-800,-400,588,5,-1388,1576
"core",27,200,"random",30,"plateau",1,227,227,10.9160435530357,1.71229189087171,0.00285335433203727,-800,-400,588,5,-1388,1576
"core",28,200,"random",30,"plateau",1,228,228,13.2975149333943,0.705710871145129,0.0131507628411055,-800,-400,588,5,-1388,1576
"core",29,200,"random",30,"plateau",1,229,229,8.09593507903628,3.68030924198683,0.00736952642910182,-800,-400,588,5,-1388,1576
"core",30,200,"random",30,"plateau",1,230,230,2.23185820621438,1.37367733463179,0.00269772282801568,-800,-400,588,5,-1388,1576
"core",31,200,"random",30,"plateau",1,231,231,9.38227200345136,3.05233003373723,0.0226309120981023,-800,-400,588,5,-1388,1576
"core",32,200,"random",30,"plateau",1,232,232,2.23750701406971,3.58782995853107,0.00890174155589193,-800,-400,588,5,-1388,1576
"core",33,200,"random",30,"plateau",1,233,233,12.9763274111319,3.34044224908575,-0.00279367803130299,-800,-400,588,5,-1388,1576
"core",34,200,"random",30,"plateau",1,234,234,3.27834851038642,0.680024613975547,0.0119407588429749,-800,-400,588,5,-1388,1576
"core",35,200,"random",30,"plateau",1,235,235,4.76108689256944,3.10346790123731,0.0221544461790472,-800,-400,588,5,-1388,1576
"core",36,200,"random",30,"plateau",1,236,236,13.1557950580027,3.13345297751948,0.024691085703671,-800,-400,588,5,-1388,1576
"core",37,200,"random",30,"plateau",1,237,237,6.2375296219252,2.18341029959265,1.77269428968431e-05,-800,-400,588,5,-1388,1576
"core",38,200,"random",30,"plateau",1,238,238,12.5894327787682,1.81042044959031,0.0224255271675065,-800,-400,588,5,-1388,1576
"core",39,200,"random",30,"plateau",1,239,239,5.99859173735604,2.18758745875675,-0.0220248537976295,-800,-400,588,5,-1388,1576
"core",40,200,"random",30,"plateau",1,240,240,4.59632180980407,1.76670667075086,-0.0271508001582697,-800,-400,588,5,-1388,1576
"core",41,200,"random",30,"plateau",1,241,241,3.61261838790961,2.94154644862283,-0.0138189802179113,-800,-400,588,5,-1388,1576
"core",42,200,"random",30,"plateau",1,242,242,8.74002453242429,0.594316715956666,-0.0134409854002297,-800,-400,588,5,-1388,1576
"core",43,200,"random",30,"plateau",1,243,243,11.841050274903,1.6022023280384,0.0174714640527964,-800,-400,588,5,-1388,1576
"core",44,200,"random",30,"plateau",1,244,244,11.5352229855489,1.33937394339591,0.0296588722290471,-800,-400,588,5,-1388,1576
"core",45,200,"random",30,"plateau",1,245,245,2.70702118612826,2.29426935163792,0.0223965963581577,-800,-400,588,5,-1388,1576
"core",46,200,"random",30,"plateau",1,246,246,10.9205277396832,2.81136832514312,0.0178639769274741,-800,-400,588,5,-1388,1576
"core",47,200,"random",30,"plateau",1,247,247,10.4800957667176,2.12996443302836,-0.023713898411952,-800,-400,588,5,-1388,1576
"core",48,200,"random",30,"plateau",1,248,248,11.1340311076492,1.70248575252481,-0.0280829075071961,-800,-400,588,5,-1388,1576
"core",49,200,"random",30,"plateau",1,249,249,4.08155379071832,0.573782615363598,-0.0176050310349092,-800,-400,588,5,-1388,1576
"core",50,200,"random",30,"plateau",1,250,250,9.51727092149667,3.60305215138942,0.00738087500911206,-800,-400,588,5,-1388,1576
"core",51,200,"random",30,"plateau",1,251,251,4.06642597354949,1.59531281609088,-0.00519867456983775,-800,-400,588,5,-1388,1576
"core",52,200,"random",30,"plateau",1,252,252,10.1640287821647,2.34244863968343,-0.00518490111920982,-800,-400,588,5,-1388,1576
"core",53,200,"random",30,"plateau",1,253,253,8.70645479299128,1.3346774878446,0.0266828839760274,-800,-400,588,5,-1388,1576
"core",54,200,"random",30,"plateau",1,254,254,2.97371153370477,2.23398709855974,0.0252691028639674,-800,-400,588,5,-1388,1576
"core",55,200,"random",30,"plateau",1,255,255,14.2988092084415,2.65415268077049,0.00930008050985634,-800,-400,588,5,-1388,1576
"core",56,200,"random",30,"plateau",1,256,256,14.7760441347491,2.12917135551106,-0.0132758787553757,-800,-400,588,5,-1388,1576
"core",57,200,"random",30,"plateau",1,257,257,13.2713903945405,0.784440979943611,-0.0245789391919971,-800,-400,588,5,-1388,1576
"core",58,200,"random",30,"plateau",1,258,258,7.54765942436643,2.81241844315082,-0.00944509770255536,-800,-400,588,5,-1388,1576
"core",59,200,"random",30,"plateau",1,259,259,4.07693657022901,2.6858102735132,-0.00393822003621608,-800,-400,588,5,-1388,1576
"core",60,200,"random",30,"plateau",1,260,260,10.9528036378324,3.65363381290808,0.0264619320072234,-800,-400,588,5,-1388,1576
"core",61,200,"random",30,"plateau",1,261,261,9.39490422536619,0.643951735575683,-0.0148992155352607,-800,-400,588,5,-1388,1576
"core",62,200,"random",30,"plateau",1,262,262,3.12716741114855,3.31140996969771,-0.014685888402164,-800,-400,588,5,-1388,1576
"core",63,200,"random",30,"plateau",1,263,263,8.74970063171349,0.886098555638455,0.019674657471478,-800,-400,588,5,-1388,1576
"core",64,200,"random",30,"plateau",1,264,264,6.64716863422655,3.27036293572746,-0.0123153846105561,-800,-400,588,5,-1388,1576
"core",65,200,"random",30,"plateau",1,265,265,2.95436002826318,3.59404015890323,0.020626312927343,-800,-400,588,5,-1388,1576
"core",66,200,"random",30,"plateau",1,266,266,12.0777734359726,3.78454384370707,-0.0218767796829343,-800,-400,588,5,-1388,1576
"core",67,200,"random",30,"plateau",1,267,267,5.16302960715257,3.38867285673041,-0.014149001869373,-800,-400,588,5,-1388,1576
"core",68,200,"random",30,"plateau",1,268,268,9.25709092360921,1.67400571051985,-0.0193294302932918,-800,-400,588,5,-1388,1576
"core",69,200,"random",30,"plateau",1,269,269,5.93987384065986,2.60147321084514,0.0241935351770371,-800,-400,588,5,-1388,1576
"core",70,200,"random",30,"plateau",1,270,270,9.84314621891826,2.17826063663233,-0.0243632264854386,-800,-400,588,5,-1388,1576
"core",71,200,"random",30,"plateau",1,271,271,14.0145660787821,1.2162355176406,0.0298913751170039,-800,-400,588,5,-1388,1576
"core",72,200,"random",30,"plateau",1,272,272,3.24474015808664,3.89099680224899,0.0103411478362977,-800,-400,588,5,-1388,1576
"core",73,200,"random",30,"plateau",1,273,273,5.66677874233574,3.93152793473564,0.0243574936268851,-800,-400,588,5,-1388,1576
"core",74,200,"random",30,"plateau",1,274,274,10.9530779202469,1.59288426290732,-0.0110510840686038,-800,-400,588,5,-1388,1576
"core",75,200,"random",30,"plateau",1,275,275,13.1740602515638,0.910680584958754,-0.0295196793274954,-800,-400,588,5,-1388,1576
"core",76,200,"random",30,"plateau",1,276,276,5.960308594862,3.18412821076345,0.0209664084529504,-800,-400,588,5,-1388,1576
"core",77,200,"random",30,"plateau",1,277,277,4.4852689045947,2.39569574710913,0.0100440622167662,-800,-400,588,5,-1388,1576
"core",78,200,"random",30,"plateau",1,278,278,2.62919299560599,2.67169030220248,-0.00955644621513784,-800,-400,588,5,-1388,1576
"core",79,200,"random",30,"plateau",1,279,279,14.1144064727705,3.87226621608716,-0.0158198274113238,-800,-400,588,5,-1388,1576
"core",80,200,"random",30,"plateau",1,280,280,11.5309863244183,3.92743572231848,0.000997336311265827,-800,-400,588,5,-1388,1576
"core",81,200,"random",30,"plateau",1,281,281,3.95611928007565,1.04641775472555,0.0193436798360199,-800,-400,588,5,-1388,1576
"core",82,200,"random",30,"plateau",1,282,282,8.58158165053464,3.80755773640703,-0.0160525145474821,-800,-400,588,5,-1388,1576
"core",83,200,"random",30,"plateau",1,283,283,5.24129740078934,3.79566864867229,0.0202423122245818,-800,-400,588,5,-1388,1576
"core",84,200,"random",30,"plateau",1,284,284,5.00961392256431,2.58102484582923,0.0105987070547417,-800,-400,588,5,-1388,1576
"core",85,200,"random",30,"plateau",1,285,285,11.3535506248008,1.60042907681782,-0.0199165970971808,-800,-400,588,5,-1388,1576
"core",86,200,"random",30,"plateau",1,286,286,9.90949879982509,3.04148974630516,0.0265862823743373,-800,-400,588,5,-1388,1576
"core",87,200,"random",30,"plateau",1,287,287,10.8769359227736,2.30763551173732,0.00477553660981357,-800,-400,588,5,-1388,1576
"core",88,200,"random",30,"plateau",1,288,288,2.40991725679487,0.504914106684737,0.00649992106016725,-800,-400,588,5,-1388,1576
"core",89,200,"random",30,"plateau",1,289,289,13.1745060626417,3.03281596233137,-0.0181679676147178,-800,-400,588,5,-1388,1576
"core",90,200,"random",30,"plateau",1,290,290,14.755421722075,2.16224967467133,0.0172145262267441,-800,-400,588,5,-1388,1576
"core",91,200,"random",30,"plateau",1,291,291,2.37925264448859,3.5208580812905,0.0229833541531116,-800,-400,588,5,-1388,1576
"core",92,200,"random",30,"plateau",1,292,292,2.11850549420342,3.13801306730602,-0.0010549781145528,-800,-400,588,5,-1388,1576
"core",93,200,"random",30,"plateau",1,293,293,12.8255961001851,2.25641029840335,-0.00917157812509686,-800,-400,588,5,-1388,1576
"core",94,200,"random",30,"plateau",1,294,294,10.1668244299944,3.97571560170036,3.46020748838785e-05,-800,-400,588,5,-1388,1576
"core",95,200,"random",30,"plateau",1,295,295,6.05949152889661,3.06058667402249,0.00688172629103064,-800,-400,588,5,-1388,1576
"core",96,200,"random",30,"plateau",1,296,296,7.33011240512133,2.43014084501192,-0.0173682704055682,-800,-400,588,5,-1388,1576
"core",97,200,"random",30,"plateau",1,297,297,7.64055673335679,2.4525912423851,0.0188482374697924,-800,-400,588,5,-1388,1576
"core",98,200,"random",30,"plateau",1,298,298,3.5454629487358,3.07148991303984,-0.0198297357000411,-800,-400,588,5,-1388,1576
"core",99,200,"random",30,"plateau",1,299,299,3.71610556542873,2.09603283181787,-0.00148101207800209,-800,-400,588,5,-1388,1576
"core",100,200,"random",30,"plateau",1,300,300,10.1829704651609,2.36704669333994,-0.0266543106688187,-800,-400,588,5,-1388,1576
"core",1,500,"random",30,"plateau",1,301,301,3.52505666157231,2.76643083593808,0.0213020360469818,-800,-400,588,5,-1388,1576
"core",2,500,"random",30,"plateau",1,302,302,6.44636329077184,0.867984056472778,-0.0192955586733296,-800,-400,588,5,-1388,1576
"core",3,500,"random",30,"plateau",1,303,303,11.3817012722138,3.09059513895772,-0.00784915020223707,-800,-400,588,5,-1388,1576
"core",4,500,"random",30,"plateau",1,304,304,14.1731776804663,2.37411375646479,0.0139359594276175,-800,-400,588,5,-1388,1576
"core",5,500,"random",30,"plateau",1,305,305,9.74034221097827,2.92750588350464,0.00515762146096677,-800,-400,588,5,-1388,1576
"core",6,500,"random",30,"plateau",1,306,306,3.75465764501132,3.07394834642764,0.0119486089982092,-800,-400,588,5,-1388,1576
"core",7,500,"random",30,"plateau",1,307,307,6.4505515715573,3.19741766038351,-0.0138618740625679,-800,-400,588,5,-1388,1576
"core",8,500,"random",30,"plateau",1,308,308,13.821824943414,2.6521403202787,0.00472968727815896,-800,-400,588,5,-1388,1576
"core",9,500,"random",30,"plateau",1,309,309,6.25970688275993,2.08486642257776,-0.0120982353715226,-800,-400,588,5,-1388,1576
"core",10,500,"random",30,"plateau",1,310,310,11.2269987745676,3.19168830499984,0.00391627439763397,-800,-400,588,5,-1388,1576
"core",11,500,"random",30,"plateau",1,311,311,12.3265274274163,1.77261052140966,-0.00697345563210547,-800,-400,588,5,-1388,1576
"core",12,500,"random",30,"plateau",1,312,312,3.88973047444597,2.2440074083861,0.00192331864032894,-800,-400,588,5,-1388,1576
"core",13,500,"random",30,"plateau",1,313,313,13.9861618038267,2.772047469276,-0.00233630049973726,-800,-400,588,5,-1388,1576
"core",14,500,"random",30,"plateau",1,314,314,7.51957726129331,1.64713014021982,-0.0177238188916817,-800,-400,588,5,-1388,1576
"core",15,500,"random",30,"plateau",1,315,315,13.7847849463578,0.896305163041689,0.0168210211023688,-800,-400,588,5,-1388,1576
"core",16,500,"random",30,"plateau",1,316,316,4.36100668809377,3.45673049683683,-0.0139312280667946,-800,-400,588,5,-1388,1576
"core",17,500,"random",30,"plateau",1,317,317,12.5894846944138,2.12572699028533,0.0238851908454671,-800,-400,588,5,-1388,1576
"core",18,500,"random",30,"plateau",1,318,318,2.29510973230936,0.84432296117302,0.0136229251697659,-800,-400,588,5,-1388,1576
"core",19,500,"random",30,"plateau",1,319,319,12.8563390853815,3.8168855519034,-0.0218805669480935,-800,-400,588,5,-1388,1576
"core",20,500,"random",30,"plateau",1,320,320,14.6342719653621,3.21144783461932,-0.00741457741241902,-800,-400,588,5,-1388,1576
"core",21,500,"random",30,"plateau",1,321,321,11.2642232701182,1.61109665199183,0.0290983768925071,-800,-400,588,5,-1388,1576
"core",22,500,"random",30,"plateau",1,322,322,14.2417583784554,2.43924375099596,0.00531932846177369,-800,-400,588,5,-1388,1576
"core",23,500,"random",30,"plateau",1,323,323,12.2783958730288,1.86062673875131,0.00729983146302402,-800,-400,588,5,-1388,1576
"core",24,500,"random",30,"plateau",1,324,324,9.22525708028115,0.515843734028749,-0.0116457364708185,-800,-400,588,5,-1388,1576
"core",25,500,"random",30,"plateau",1,325,325,3.03396521578543,2.4310425480362,-0.0248884366918355,-800,-400,588,5,-1388,1576
"core",26,500,"random",30,"plateau",1,326,326,3.0103916565422,1.57533015182707,-0.0257178440876305,-800,-400,588,5,-1388,1576
"core",27,500,"random",30,"plateau",1,327,327,10.1372896458488,1.23104352492373,-0.0179632216086611,-800,-400,588,5,-1388,1576
"core",28,500,"random",30,"plateau",1,328,328,11.0486201425083,3.65676443069242,0.0213084354903549,-800,-400,588,5,-1388,1576
"core",29,500,"random",30,"plateau",1,329,329,5.07055143709294,1.95333431684412,-0.0126618989137933,-800,-400,588,5,-1388,1576
"core",30,500,"random",30,"plateau",1,330,330,4.10220792726614,0.566636473638937,-0.00235946493688971,-800,-400,588,5,-1388,1576
"core",31,500,"random",30,"plateau",1,331,331,6.15177655289881,3.39168593962677,-0.00805201582610607,-800,-400,588,5,-1388,1576
"core",32,500,"random",30,"plateau",1,332,332,11.4226736463606,3.74447445559781,-0.00626161609310657,-800,-400,588,5,-1388,1576
"core",33,500,"random",30,"plateau",1,333,333,14.67720920383,2.68006787309423,0.0225082876486704,-800,-400,588,5,-1388,1576
"core",34,500,"random",30,"plateau",1,334,334,12.4944401292596,3.73723653657362,0.00978637784253806,-800,-400,588,5,-1388,1576
"core",35,500,"random",30,"plateau",1,335,335,4.92594753741287,1.86056991200894,-0.0206448522722349,-800,-400,588,5,-1388,1576
"core",36,500,"random",30,"plateau",1,336,336,9.47570985928178,3.58660299016628,0.0289547181688249,-800,-400,588,5,-1388,1576
"core",37,500,"random",30,"plateau",1,337,337,3.58268389082514,2.61938728683162,0.027862562360242,-800,-400,588,5,-1388,1576
"core",38,500,"random",30,"plateau",1,338,338,8.14084723987617,2.15296504518483,0.000811331598088147,-800,-400,588,5,-1388,1576
"core",39,500,"random",30,"plateau",1,339,339,7.74978190939873,1.42720448167529,0.0299863380286843,-800,-400,588,5,-1388,1576
"core",40,500,"random",30,"plateau",1,340,340,13.1682265819982,1.50768754968885,0.0253292404208332,-800,-400,588,5,-1388,1576
"core",41,500,"random",30,"plateau",1,341,341,9.881812233245,2.83410940482281,0.000857794024050236,-800,-400,588,5,-1388,1576
"core",42,500,"random",30,"plateau",1,342,342,13.1525810370222,0.71020295121707,0.01825808275491,-800,-400,588,5,-1388,1576
"core",43,500,"random",30,"plateau",1,343,343,14.0611743605696,2.19155851157848,-0.0197152709215879,-800,-400,588,5,-1388,1576
"core",44,500,"random",30,"plateau",1,344,344,10.6235978240147,2.14122940041125,-0.0116521223634481,-800,-400,588,5,-1388,1576
"core",45,500,"random",30,"plateau",1,345,345,12.4356350849848,1.56950696150307,-0.0257054039044306,-800,-400,588,5,-1388,1576
"core",46,500,"random",30,"plateau",1,346,346,7.85571987647563,1.93853540555574,0.0143107780907303,-800,-400,588,5,-1388,1576
"core",47,500,"random",30,"plateau",1,347,347,9.68732434464619,3.07047734269872,-0.0140856780298054,-800,-400,588,5,-1388,1576
"core",48,500,"random",30,"plateau",1,348,348,12.7337114731781,3.90187327645253,0.00390135948546231,-800,-400,588,5,-1388,1576
"core",49,500,"random",30,"plateau",1,349,349,13.3669904468115,1.11901788995601,-0.02484514455311,-800,-400,588,5,-1388,1576
"core",50,500,"random",30,"plateau",1,350,350,9.53352334862575,2.61175125464797,0.01798023595009,-800,-400,588,5,-1388,1576
"core",51,500,"random",30,"plateau",1,351,351,13.3400089244824,2.17398139892612,-0.0155253656208515,-800,-400,588,5,-1388,1576
"core",52,500,"random",30,"plateau",1,352,352,14.0408142472152,1.54123226471711,0.0148091155942529,-800,-400,588,5,-1388,1576
"core",53,500,"random",30,"plateau",1,353,353,9.57316147675738,1.46712337352801,-0.0037308766040951,-800,-400,588,5,-1388,1576
"core",54,500,"random",30,"plateau",1,354,354,3.29856091900729,3.4453421003418,-0.00899775241501629,-800,-400,588,5,-1388,1576
"core",55,500,"random",30,"plateau",1,355,355,10.0077457691077,2.98315392120276,0.01276094970759,-800,-400,588,5,-1388,1576
"core",56,500,"random",30,"plateau",1,356,356,8.06200274429284,3.28930213407148,-0.0259448407078162,-800,-400,588,5,-1388,1576
"core",57,500,"random",30,"plateau",1,357,357,3.42765802517533,3.57758123590611,0.00225216464605182,-800,-400,588,5,-1388,1576
"core",58,500,"random",30,"plateau",1,358,358,13.2409080197103,1.59153623762541,0.0100723765790462,-800,-400,588,5,-1388,1576
"core",59,500,"random",30,"plateau",1,359,359,2.40235247346573,1.29141020728275,0.0180053511355072,-800,-400,588,5,-1388,1576
"core",60,500,"random",30,"plateau",1,360,360,5.18340328056365,2.88482622767333,0.00592711663339287,-800,-400,588,5,-1388,1576
"core",61,500,"random",30,"plateau",1,361,361,8.37692801747471,2.71115411561914,-0.0219190808571875,-800,-400,588,5,-1388,1576
"core",62,500,"random",30,"plateau",1,362,362,2.548942101188,1.43428262753878,-0.0127474073739722,-800,-400,588,5,-1388,1576
"core",63,500,"random",30,"plateau",1,363,363,11.4383749812841,1.89441992389038,0.00749054804909974,-800,-400,588,5,-1388,1576
"core",64,500,"random",30,"plateau",1,364,364,11.2854353485163,1.36712604179047,0.0132995496690273,-800,-400,588,5,-1388,1576
"core",65,500,"random",30,"plateau",1,365,365,9.88722875551321,2.41891881753691,-0.00513991808518767,-800,-400,588,5,-1388,1576
"core",66,500,"random",30,"plateau",1,366,366,5.581951119937,1.15330610761885,-0.00553495708387345,-800,-400,588,5,-1388,1576
"core",67,500,"random",30,"plateau",1,367,367,9.05330739822239,1.23605851957109,-0.00464640741236508,-800,-400,588,5,-1388,1576
"core",68,500,"random",30,"plateau",1,368,368,6.05988340242766,1.70696182944812,0.0265615740884095,-800,-400,588,5,-1388,1576
"core",69,500,"random",30,"plateau",1,369,369,6.44271713378839,2.81034992495552,0.0215225724689662,-800,-400,588,5,-1388,1576
"core",70,500,"random",30,"plateau",1,370,370,12.1272820353042,1.05913346807938,0.00358160372357816,-800,-400,588,5,-1388,1576
"core",71,500,"random",30,"plateau",1,371,371,6.64423756441101,2.7034227947006,-0.0223219222342595,-800,-400,588,5,-1388,1576
"core",72,500,"random",30,"plateau",1,372,372,14.7759902547114,3.29569691338111,-0.00929369714576751,-800,-400,588,5,-1388,1576
"core",73,500,"random",30,"plateau",1,373,373,9.47511153994128,0.612380078062415,-0.00173564004711807,-800,-400,588,5,-1388,1576
"core",74,500,"random",30,"plateau",1,374,374,8.73216782649979,3.10474496684037,0.0240901740314439,-800,-400,588,5,-1388,1576
"core",75,500,"random",30,"plateau",1,375,375,5.48874387587421,2.619158074609,-0.00338013159111142,-800,-400,588,5,-1388,1576
"core",76,500,"random",30,"plateau",1,376,376,12.7671463112347,2.08656186156441,-0.0292600166145712,-800,-400,588,5,-1388,1576
"core",77,500,"random",30,"plateau",1,377,377,11.0670297779143,1.71310691221152,0.00962194276973605,-800,-400,588,5,-1388,1576
"core",78,500,"random",30,"plateau",1,378,378,2.21857953583822,3.8200694230618,-0.00405740610323846,-800,-400,588,5,-1388,1576
"core",79,500,"random",30,"plateau",1,379,379,14.4459154561628,0.535482394159772,-0.0114717913325876,-800,-400,588,5,-1388,1576
"core",80,500,"random",30,"plateau",1,380,380,8.96834553428926,2.92529271519743,0.0181014349870384,-800,-400,588,5,-1388,1576
"core",81,500,"random",30,"plateau",1,381,381,4.6307707130909,2.94839726714417,0.023930934118107,-800,-400,588,5,-1388,1576
"core",82,500,"random",30,"plateau",1,382,382,2.53305589850061,3.14846927591134,0.000903721349313855,-800,-400,588,5,-1388,1576
"core",83,500,"random",30,"plateau",1,383,383,9.56933634215966,1.07312275678851,-0.00346869472414255,-800,-400,588,5,-1388,1576
"core",84,500,"random",30,"plateau",1,384,384,2.57655862462707,1.71359546866734,0.000359063213691117,-800,-400,588,5,-1388,1576
"core",85,500,"random",30,"plateau",1,385,385,9.54002635530196,2.74938976601698,-0.0294036289164796,-800,-400,588,5,-1388,1576
"core",86,500,"random",30,"plateau",1,386,386,13.9662184049375,3.72759869613219,0.0142411869484931,-800,-400,588,5,-1388,1576
"core",87,500,"random",30,"plateau",1,387,387,5.80302371457219,2.33423817856237,-0.00159850361756981,-800,-400,588,5,-1388,1576
"core",88,500,"random",30,"plateau",1,388,388,11.8470315281302,2.41872272884939,-0.0241094109741971,-800,-400,588,5,-1388,1576
"core",89,500,"random",30,"plateau",1,389,389,11.3172673485242,3.52098857238889,0.0122086234856397,-800,-400,588,5,-1388,1576
"core",90,500,"random",30,"plateau",1,390,390,11.3303767754696,1.6176656356547,-0.0109735663840547,-800,-400,588,5,-1388,1576
"core",91,500,"random",30,"plateau",1,391,391,2.20054653403349,0.521703990409151,0.0143855571141467,-800,-400,588,5,-1388,1576
"core",92,500,"random",30,"plateau",1,392,392,5.85520884511061,3.34426803491078,-0.00987387252040207,-800,-400,588,5,-1388,1576
"core",93,500,"random",30,"plateau",1,393,393,7.36446441151202,3.59299733268563,-0.016319314436987,-800,-400,588,5,-1388,1576
"core",94,500,"random",30,"plateau",1,394,394,3.29900833428837,1.23658248130232,-0.00848055662121624,-800,-400,588,5,-1388,1576
"core",95,500,"random",30,"plateau",1,395,395,5.79945192299783,0.673599700210616,0.00990105524193496,-800,-400,588,5,-1388,1576
"core",96,500,"random",30,"plateau",1,396,396,10.6614041125868,0.994429580401629,0.0194114299770445,-800,-400,588,5,-1388,1576
"core",97,500,"random",30,"plateau",1,397,397,5.45816410775296,2.90018546103965,0.0238375152088702,-800,-400,588,5,-1388,1576
"core",98,500,"random",30,"plateau",1,398,398,3.68163618887775,3.6771716469666,-0.0119342682883143,-800,-400,588,5,-1388,1576
"core",99,500,"random",30,"plateau",1,399,399,2.14487615716644,3.56552025896963,0.0194488123292103,-800,-400,588,5,-1388,1576
"core",100,500,"random",30,"plateau",1,400,400,14.8990511198062,3.44306884729303,-0.00430271667893976,-800,-400,588,5,-1388,1576
"core",1,50,"zero",30,"plateau",1,401,401,6.06406199443154,2.62540803756565,0,-800,-400,588,5,-1388,1576
"core",2,50,"zero",30,"plateau",1,402,402,8.90554521302693,3.48163927544374,0,-800,-400,588,5,-1388,1576
"core",3,50,"zero",30,"plateau",1,403,403,11.3854463449679,3.16804931324441,0,-800,-400,588,5,-1388,1576
"core",4,50,"zero",30,"plateau",1,404,404,10.113094860455,3.12790494714864,0,-800,-400,588,5,-1388,1576
"core",5,50,"zero",30,"plateau",1,405,405,6.93859406886622,3.57291969179641,0,-800,-400,588,5,-1388,1576
"core",6,50,"zero",30,"plateau",1,406,406,2.74258792842738,2.53208880801685,0,-800,-400,588,5,-1388,1576
"core",7,50,"zero",30,"plateau",1,407,407,8.36902589141391,1.54520662524737,0,-800,-400,588,5,-1388,1576
"core",8,50,"zero",30,"plateau",1,408,408,11.0751273746137,1.09925351082347,0,-800,-400,588,5,-1388,1576
"core",9,50,"zero",30,"plateau",1,409,409,9.90523832384497,3.2254804992117,0,-800,-400,588,5,-1388,1576
"core",10,50,"zero",30,"plateau",1,410,410,13.3346288600005,1.53746556129772,0,-800,-400,588,5,-1388,1576
"core",11,50,"zero",30,"plateau",1,411,411,5.38556334329769,3.04940172890201,0,-800,-400,588,5,-1388,1576
"core",12,50,"zero",30,"plateau",1,412,412,10.0942345317453,1.91165556269698,0,-800,-400,588,5,-1388,1576
"core",13,50,"zero",30,"plateau",1,413,413,3.58980326564051,0.583266161265783,0,-800,-400,588,5,-1388,1576
"core",14,50,"zero",30,"plateau",1,414,414,8.78791762050241,3.4111339179799,0,-800,-400,588,5,-1388,1576
"core",15,50,"zero",30,"plateau",1,415,415,13.8506890647113,1.15303308516741,0,-800,-400,588,5,-1388,1576
"core",16,50,"zero",30,"plateau",1,416,416,14.2364010270685,1.9924540707143,0,-800,-400,588,5,-1388,1576
"core",17,50,"zero",30,"plateau",1,417,417,6.64759726822376,3.74767291033641,0,-800,-400,588,5,-1388,1576
"core",18,50,"zero",30,"plateau",1,418,418,11.9304062721785,3.12992794625461,0,-800,-400,588,5,-1388,1576
"core",19,50,"zero",30,"plateau",1,419,419,4.38594892318361,1.78728576481808,0,-800,-400,588,5,-1388,1576
"core",20,50,"zero",30,"plateau",1,420,420,11.5818562111817,3.04288430034649,0,-800,-400,588,5,-1388,1576
"core",21,50,"zero",30,"plateau",1,421,421,3.12466215738095,2.92135893460363,0,-800,-400,588,5,-1388,1576
"core",22,50,"zero",30,"plateau",1,422,422,13.1379720796831,1.77425468887668,0,-800,-400,588,5,-1388,1576
"core",23,50,"zero",30,"plateau",1,423,423,14.0626089177094,3.44381923507899,0,-800,-400,588,5,-1388,1576
"core",24,50,"zero",30,"plateau",1,424,424,10.2391740700696,0.82203806983307,0,-800,-400,588,5,-1388,1576
"core",25,50,"zero",30,"plateau",1,425,425,2.81342384847812,2.28601058200002,0,-800,-400,588,5,-1388,1576
"core",26,50,"zero",30,"plateau",1,426,426,14.989143921528,2.01622996525839,0,-800,-400,588,5,-1388,1576
"core",27,50,"zero",30,"plateau",1,427,427,6.10392676619813,3.94085715187248,0,-800,-400,588,5,-1388,1576
"core",28,50,"zero",30,"plateau",1,428,428,10.2785586251412,1.75671244610567,0,-800,-400,588,5,-1388,1576
"core",29,50,"zero",30,"plateau",1,429,429,12.839619477978,1.25257286033593,0,-800,-400,588,5,-1388,1576
"core",30,50,"zero",30,"plateau",1,430,430,13.1597158000804,0.692894533043727,0,-800,-400,588,5,-1388,1576
"core",31,50,"zero",30,"plateau",1,431,431,13.4336745862383,3.20431257679593,0,-800,-400,588,5,-1388,1576
"core",32,50,"zero",30,"plateau",1,432,432,12.663657641504,1.76366610999685,0,-800,-400,588,5,-1388,1576
"core",33,50,"zero",30,"plateau",1,433,433,8.83130363025703,1.0170010648435,0,-800,-400,588,5,-1388,1576
"core",34,50,"zero",30,"plateau",1,434,434,11.9257023097016,3.64754558622371,0,-800,-400,588,5,-1388,1576
"core",35,50,"zero",30,"plateau",1,435,435,14.3897225752007,1.81195471296087,0,-800,-400,588,5,-1388,1576
"core",36,50,"zero",30,"plateau",1,436,436,13.1071769124828,1.32745776243974,0,-800,-400,588,5,-1388,1576
"core",37,50,"zero",30,"plateau",1,437,437,7.10030876542442,1.32577900297474,0,-800,-400,588,5,-1388,1576
"core",38,50,"zero",30,"plateau",1,438,438,10.2816869392991,1.37899923231453,0,-800,-400,588,5,-1388,1576
"core",39,50,"zero",30,"plateau",1,439,439,8.6044289113488,3.41944890888408,0,-800,-400,588,5,-1388,1576
"core",40,50,"zero",30,"plateau",1,440,440,2.34360947250389,3.8586298058508,0,-800,-400,588,5,-1388,1576
"core",41,50,"zero",30,"plateau",1,441,441,3.18133182567544,2.08558899105992,0,-800,-400,588,5,-1388,1576
"core",42,50,"zero",30,"plateau",1,442,442,4.75132687529549,2.37063012819272,0,-800,-400,588,5,-1388,1576
"core",43,50,"zero",30,"plateau",1,443,443,13.2177374544553,2.3946655234322,0,-800,-400,588,5,-1388,1576
"core",44,50,"zero",30,"plateau",1,444,444,14.8756387890317,0.67584117106162,0,-800,-400,588,5,-1388,1576
"core",45,50,"zero",30,"plateau",1,445,445,14.111529158894,0.961774722090922,0,-800,-400,588,5,-1388,1576
"core",46,50,"zero",30,"plateau",1,446,446,14.6441442496143,0.881433500093408,0,-800,-400,588,5,-1388,1576
"core",47,50,"zero",30,"plateau",1,447,447,5.68749203765765,2.71504877251573,0,-800,-400,588,5,-1388,1576
"core",48,50,"zero",30,"plateau",1,448,448,7.93303923797794,3.94291721540503,0,-800,-400,588,5,-1388,1576
"core",49,50,"zero",30,"plateau",1,449,449,13.084398369072,2.63208517979365,0,-800,-400,588,5,-1388,1576
"core",50,50,"zero",30,"plateau",1,450,450,2.07785059791058,3.55997661931906,0,-800,-400,588,5,-1388,1576
"core",51,50,"zero",30,"plateau",1,451,451,14.2506203809753,3.75076067948248,0,-800,-400,588,5,-1388,1576
"core",52,50,"zero",30,"plateau",1,452,452,4.90861724922433,2.01012779795565,0,-800,-400,588,5,-1388,1576
"core",53,50,"zero",30,"plateau",1,453,453,12.9575253028888,1.8929646454053,0,-800,-400,588,5,-1388,1576
"core",54,50,"zero",30,"plateau",1,454,454,2.85933330911212,0.587701823678799,0,-800,-400,588,5,-1388,1576
"core",55,50,"zero",30,"plateau",1,455,455,5.49899785150774,1.41288440336939,0,-800,-400,588,5,-1388,1576
"core",56,50,"zero",30,"plateau",1,456,456,2.6064444265794,0.602583048748784,0,-800,-400,588,5,-1388,1576
"core",57,50,"zero",30,"plateau",1,457,457,7.58323001372628,2.0343056153506,0,-800,-400,588,5,-1388,1576
"core",58,50,"zero",30,"plateau",1,458,458,12.7765960695688,0.808133110171184,0,-800,-400,588,5,-1388,1576
"core",59,50,"zero",30,"plateau",1,459,459,5.7878472507,2.97101005108561,0,-800,-400,588,5,-1388,1576
"core",60,50,"zero",30,"plateau",1,460,460,9.1463581265416,0.77388847945258,0,-800,-400,588,5,-1388,1576
"core",61,50,"zero",30,"plateau",1,461,461,2.12954222713597,3.18556196428835,0,-800,-400,588,5,-1388,1576
"core",62,50,"zero",30,"plateau",1,462,462,14.0229013790376,1.80354494915809,0,-800,-400,588,5,-1388,1576
"core",63,50,"zero",30,"plateau",1,463,463,2.23535643145442,1.76816141791642,0,-800,-400,588,5,-1388,1576
"core",64,50,"zero",30,"plateau",1,464,464,3.20285538583994,3.59298736962955,0,-800,-400,588,5,-1388,1576
"core",65,50,"zero",30,"plateau",1,465,465,14.7283854752313,3.11049521237146,0,-800,-400,588,5,-1388,1576
"core",66,50,"zero",30,"plateau",1,466,466,4.0501659582369,1.61734568921383,0,-800,-400,588,5,-1388,1576
"core",67,50,"zero",30,"plateau",1,467,467,5.41070656687953,3.58718434581533,0,-800,-400,588,5,-1388,1576
"core",68,50,"zero",30,"plateau",1,468,468,11.6152044252958,1.24678220110945,0,-800,-400,588,5,-1388,1576
"core",69,50,"zero",30,"plateau",1,469,469,10.7971765319817,0.874925028183497,0,-800,-400,588,5,-1388,1576
"core",70,50,"zero",30,"plateau",1,470,470,13.3915371731855,0.905024772509933,0,-800,-400,588,5,-1388,1576
"core",71,50,"zero",30,"plateau",1,471,471,3.5126455987338,2.77994631964248,0,-800,-400,588,5,-1388,1576
"core",72,50,"zero",30,"plateau",1,472,472,7.60430432134308,0.88111426262185,0,-800,-400,588,5,-1388,1576
"core",73,50,"zero",30,"plateau",1,473,473,13.3516850897577,2.60901967494283,0,-800,-400,588,5,-1388,1576
"core",74,50,"zero",30,"plateau",1,474,474,4.17594448267482,1.67657738586422,0,-800,-400,588,5,-1388,1576
"core",75,50,"zero",30,"plateau",1,475,475,4.15829019993544,2.21974637266248,0,-800,-400,588,5,-1388,1576
"core",76,50,"zero",30,"plateau",1,476,476,14.585508557735,0.85740224539768,0,-800,-400,588,5,-1388,1576
"core",77,50,"zero",30,"plateau",1,477,477,6.90572773013264,1.08020341338124,0,-800,-400,588,5,-1388,1576
"core",78,50,"zero",30,"plateau",1,478,478,14.4012776291929,3.85230188397691,0,-800,-400,588,5,-1388,1576
"core",79,50,"zero",30,"plateau",1,479,479,11.8930827428121,3.78473234560806,0,-800,-400,588,5,-1388,1576
"core",80,50,"zero",30,"plateau",1,480,480,13.1126004992984,1.8556358841015,0,-800,-400,588,5,-1388,1576
"core",81,50,"zero",30,"plateau",1,481,481,13.941422436852,0.834041952737607,0,-800,-400,588,5,-1388,1576
"core",82,50,"zero",30,"plateau",1,482,482,12.3003987025004,3.42329106782563,0,-800,-400,588,5,-1388,1576
"core",83,50,"zero",30,"plateau",1,483,483,5.50976950046606,1.51079365669284,0,-800,-400,588,5,-1388,1576
"core",84,50,"zero",30,"plateau",1,484,484,3.5095894918777,1.39572081458755,0,-800,-400,588,5,-1388,1576
"core",85,50,"zero",30,"plateau",1,485,485,11.9516537580639,3.28400950704236,0,-800,-400,588,5,-1388,1576
"core",86,50,"zero",30,"plateau",1,486,486,2.27607390377671,2.35298036003951,0,-800,-400,588,5,-1388,1576
"core",87,50,"zero",30,"plateau",1,487,487,2.69662144593894,3.14780101121869,0,-800,-400,588,5,-1388,1576
"core",88,50,"zero",30,"plateau",1,488,488,14.7811911357567,1.0565055453917,0,-800,-400,588,5,-1388,1576
"core",89,50,"zero",30,"plateau",1,489,489,8.45320089068264,3.15236118086614,0,-800,-400,588,5,-1388,1576
"core",90,50,"zero",30,"plateau",1,490,490,10.0289761566091,1.23503147240262,0,-800,-400,588,5,-1388,1576
"core",91,50,"zero",30,"plateau",1,491,491,3.48201874876395,1.79292245791294,0,-800,-400,588,5,-1388,1576
"core",92,50,"zero",30,"plateau",1,492,492,4.66223281715065,1.63747546623927,0,-800,-400,588,5,-1388,1576
"core",93,50,"zero",30,"plateau",1,493,493,3.7129677713383,1.32981845096219,0,-800,-400,588,5,-1388,1576
"core",94,50,"zero",30,"plateau",1,494,494,14.1717544586863,1.98878928855993,0,-800,-400,588,5,-1388,1576
"core",95,50,"zero",30,"plateau",1,495,495,10.8058805295732,3.65337953250855,0,-800,-400,588,5,-1388,1576
"core",96,50,"zero",30,"plateau",1,496,496,5.50137664866634,2.50672260241117,0,-800,-400,588,5,-1388,1576
"core",97,50,"zero",30,"plateau",1,497,497,6.65461136191152,3.53367352217901,0,-800,-400,588,5,-1388,1576
"core",98,50,"zero",30,"plateau",1,498,498,6.19697210681625,2.47746950597502,0,-800,-400,588,5,-1388,1576
"core",99,50,"zero",30,"plateau",1,499,499,9.69267393229529,1.25808484328445,0,-800,-400,588,5,-1388,1576
"core",100,50,"zero",30,"plateau",1,500,500,10.7275359460618,3.23304074094631,0,-800,-400,588,5,-1388,1576
"core",1,100,"zero",30,"plateau",1,501,501,5.37730590743013,3.76808444724884,0,-800,-400,588,5,-1388,1576
"core",2,100,"zero",30,"plateau",1,502,502,3.05768045037985,1.24370936187916,0,-800,-400,588,5,-1388,1576
"core",3,100,"zero",30,"plateau",1,503,503,6.02078379923478,3.97968321724329,0,-800,-400,588,5,-1388,1576
"core",4,100,"zero",30,"plateau",1,504,504,5.9996541980654,3.41376244858839,0,-800,-400,588,5,-1388,1576
"core",5,100,"zero",30,"plateau",1,505,505,10.6414824884851,3.7881115549244,0,-800,-400,588,5,-1388,1576
"core",6,100,"zero",30,"plateau",1,506,506,3.87766977865249,2.92173790722154,0,-800,-400,588,5,-1388,1576
"core",7,100,"zero",30,"plateau",1,507,507,5.88124024332501,0.869335116469301,0,-800,-400,588,5,-1388,1576
"core",8,100,"zero",30,"plateau",1,508,508,13.4390125267673,0.718120859004557,0,-800,-400,588,5,-1388,1576
"core",9,100,"zero",30,"plateau",1,509,509,9.40347240143456,1.11024872434791,0,-800,-400,588,5,-1388,1576
"core",10,100,"zero",30,"plateau",1,510,510,10.1827245710883,0.829688790719956,0,-800,-400,588,5,-1388,1576
"core",11,100,"zero",30,"plateau",1,511,511,7.54125637467951,3.46508288546465,0,-800,-400,588,5,-1388,1576
"core",12,100,"zero",30,"plateau",1,512,512,7.02459838939831,3.7882902494166,0,-800,-400,588,5,-1388,1576
"core",13,100,"zero",30,"plateau",1,513,513,14.9123875566293,0.759945602971129,0,-800,-400,588,5,-1388,1576
"core",14,100,"zero",30,"plateau",1,514,514,13.7889589588158,2.49711603322066,0,-800,-400,588,5,-1388,1576
"core",15,100,"zero",30,"plateau",1,515,515,7.78612119355239,3.79690341977403,0,-800,-400,588,5,-1388,1576
"core",16,100,"zero",30,"plateau",1,516,516,8.26424162485637,1.81674056954216,0,-800,-400,588,5,-1388,1576
"core",17,100,"zero",30,"plateau",1,517,517,6.95309783890843,1.59621174680069,0,-800,-400,588,5,-1388,1576
"core",18,100,"zero",30,"plateau",1,518,518,7.39453202113509,2.59499426872935,0,-800,-400,588,5,-1388,1576
"core",19,100,"zero",30,"plateau",1,519,519,12.415257894434,3.4738490782911,0,-800,-400,588,5,-1388,1576
"core",20,100,"zero",30,"plateau",1,520,520,9.19701815932058,0.825468043796718,0,-800,-400,588,5,-1388,1576
"core",21,100,"zero",30,"plateau",1,521,521,8.85870114667341,3.24325128109194,0,-800,-400,588,5,-1388,1576
"core",22,100,"zero",30,"plateau",1,522,522,5.37303726212122,1.88644386432134,0,-800,-400,588,5,-1388,1576
"core",23,100,"zero",30,"plateau",1,523,523,10.4634385143872,2.38029320549686,0,-800,-400,588,5,-1388,1576
"core",24,100,"zero",30,"plateau",1,524,524,8.79582861508243,3.14911352365743,0,-800,-400,588,5,-1388,1576
"core",25,100,"zero",30,"plateau",1,525,525,12.2063366421498,3.46354360389523,0,-800,-400,588,5,-1388,1576
"core",26,100,"zero",30,"plateau",1,526,526,12.7135727247223,1.54794602072798,0,-800,-400,588,5,-1388,1576
"core",27,100,"zero",30,"plateau",1,527,527,4.06844990886748,3.3474028299097,0,-800,-400,588,5,-1388,1576
"core",28,100,"zero",30,"plateau",1,528,528,9.54899279447272,1.37974626512732,0,-800,-400,588,5,-1388,1576
"core",29,100,"zero",30,"plateau",1,529,529,2.75168762844987,0.706100947689265,0,-800,-400,588,5,-1388,1576
"core",30,100,"zero",30,"plateau",1,530,530,14.3240453002509,1.26140254340135,0,-800,-400,588,5,-1388,1576
"core",31,100,"zero",30,"plateau",1,531,531,10.7249854537658,0.693369163549505,0,-800,-400,588,5,-1388,1576
"core",32,100,"zero",30,"plateau",1,532,532,5.59412918891758,3.72657145338599,0,-800,-400,588,5,-1388,1576
"core",33,100,"zero",30,"plateau",1,533,533,10.5695312235039,2.66021938738413,0,-800,-400,588,5,-1388,1576
"core",34,100,"zero",30,"plateau",1,534,534,6.92472075368278,2.89619570935611,0,-800,-400,588,5,-1388,1576
"core",35,100,"zero",30,"plateau",1,535,535,11.1648550808895,2.89728473103605,0,-800,-400,588,5,-1388,1576
"core",36,100,"zero",30,"plateau",1,536,536,13.8208818899002,0.734052475891076,0,-800,-400,588,5,-1388,1576
"core",37,100,"zero",30,"plateau",1,537,537,9.5860955552198,3.58444348187186,0,-800,-400,588,5,-1388,1576
"core",38,100,"zero",30,"plateau",1,538,538,3.47965085715987,1.36376853671391,0,-800,-400,588,5,-1388,1576
"core",39,100,"zero",30,"plateau",1,539,539,9.04709083866328,0.914164434885606,0,-800,-400,588,5,-1388,1576
"core",40,100,"zero",30,"plateau",1,540,540,3.03265582886524,0.57634251692798,0,-800,-400,588,5,-1388,1576
"core",41,100,"zero",30,"plateau",1,541,541,5.36891186307184,3.88804230792448,0,-800,-400,588,5,-1388,1576
"core",42,100,"zero",30,"plateau",1,542,542,11.6245492021553,2.27752043819055,0,-800,-400,588,5,-1388,1576
"core",43,100,"zero",30,"plateau",1,543,543,12.1661469012033,2.26921098458115,0,-800,-400,588,5,-1388,1576
"core",44,100,"zero",30,"plateau",1,544,544,6.43714023660868,2.5936081832042,0,-800,-400,588,5,-1388,1576
"core",45,100,"zero",30,"plateau",1,545,545,7.59428446250968,1.97432466445025,0,-800,-400,588,5,-1388,1576
"core",46,100,"zero",30,"plateau",1,546,546,4.12851081416011,1.86586426582653,0,-800,-400,588,5,-1388,1576
"core",47,100,"zero",30,"plateau",1,547,547,8.38503816025332,3.02946318860631,0,-800,-400,588,5,-1388,1576
"core",48,100,"zero",30,"plateau",1,548,548,4.29974226723425,0.954752343590371,0,-800,-400,588,5,-1388,1576
"core",49,100,"zero",30,"plateau",1,549,549,4.34267978719436,2.27647931512911,0,-800,-400,588,5,-1388,1576
"core",50,100,"zero",30,"plateau",1,550,550,12.2183235264383,0.633359697414562,0,-800,-400,588,5,-1388,1576
"core",51,100,"zero",30,"plateau",1,551,551,4.63867896841839,3.471452441765,0,-800,-400,588,5,-1388,1576
"core",52,100,"zero",30,"plateau",1,552,552,5.18994613504037,1.51580012170598,0,-800,-400,588,5,-1388,1576
"core",53,100,"zero",30,"plateau",1,553,553,10.1224272092804,0.692145036766306,0,-800,-400,588,5,-1388,1576
"core",54,100,"zero",30,"plateau",1,554,554,8.28404662641697,0.533336995984428,0,-800,-400,588,5,-1388,1576
"core",55,100,"zero",30,"plateau",1,555,555,6.38362467684783,0.546162173384801,0,-800,-400,588,5,-1388,1576
"core",56,100,"zero",30,"plateau",1,556,556,4.80859056790359,3.43512130784802,0,-800,-400,588,5,-1388,1576
"core",57,100,"zero",30,"plateau",1,557,557,12.3590471160132,0.567456254852004,0,-800,-400,588,5,-1388,1576
"core",58,100,"zero",30,"plateau",1,558,558,10.6842746797483,1.34390276600607,0,-800,-400,588,5,-1388,1576
"core",59,100,"zero",30,"plateau",1,559,559,12.5499481335282,1.0748994020978,0,-800,-400,588,5,-1388,1576
"core",60,100,"zero",30,"plateau",1,560,560,5.2869718123693,0.512671186821535,0,-800,-400,588,5,-1388,1576
"core",61,100,"zero",30,"plateau",1,561,561,2.87835696688853,0.872029099613428,0,-800,-400,588,5,-1388,1576
"core",62,100,"zero",30,"plateau",1,562,562,10.7570828464814,3.4674618311692,0,-800,-400,588,5,-1388,1576
"core",63,100,"zero",30,"plateau",1,563,563,4.06103401980363,3.71890747069847,0,-800,-400,588,5,-1388,1576
"core",64,100,"zero",30,"plateau",1,564,564,5.79381678416394,2.71282404230442,0,-800,-400,588,5,-1388,1576
"core",65,100,"zero",30,"plateau",1,565,565,2.02148700552061,3.09129713021684,0,-800,-400,588,5,-1388,1576
"core",66,100,"zero",30,"plateau",1,566,566,14.5884191391524,0.510223945369944,0,-800,-400,588,5,-1388,1576
"core",67,100,"zero",30,"plateau",1,567,567,14.8852290331852,3.68406584463082,0,-800,-400,588,5,-1388,1576
"core",68,100,"zero",30,"plateau",1,568,568,10.5304275280796,1.86551040213089,0,-800,-400,588,5,-1388,1576
"core",69,100,"zero",30,"plateau",1,569,569,7.84846175019629,1.65623241057619,0,-800,-400,588,5,-1388,1576
"core",70,100,"zero",30,"plateau",1,570,570,2.40454084263183,1.02148316556122,0,-800,-400,588,5,-1388,1576
"core",71,100,"zero",30,"plateau",1,571,571,7.94336841139011,1.44769062090199,0,-800,-400,588,5,-1388,1576
"core",72,100,"zero",30,"plateau",1,572,572,13.9005055953749,3.67644127819221,0,-800,-400,588,5,-1388,1576
"core",73,100,"zero",30,"plateau",1,573,573,5.397245752858,1.77103745623026,0,-800,-400,588,5,-1388,1576
"core",74,100,"zero",30,"plateau",1,574,574,8.11344621842727,3.89910201483872,0,-800,-400,588,5,-1388,1576
"core",75,100,"zero",30,"plateau",1,575,575,5.44582684128545,3.6602140031755,0,-800,-400,588,5,-1388,1576
"core",76,100,"zero",30,"plateau",1,576,576,9.67125793849118,2.45137706887908,0,-800,-400,588,5,-1388,1576
"core",77,100,"zero",30,"plateau",1,577,577,3.83938578865491,0.870719520840794,0,-800,-400,588,5,-1388,1576
"core",78,100,"zero",30,"plateau",1,578,578,13.9279074340593,3.43666525557637,0,-800,-400,588,5,-1388,1576
"core",79,100,"zero",30,"plateau",1,579,579,11.7540617908817,2.18353177781682,0,-800,-400,588,5,-1388,1576
"core",80,100,"zero",30,"plateau",1,580,580,10.548323555151,3.75109898007941,0,-800,-400,588,5,-1388,1576
"core",81,100,"zero",30,"plateau",1,581,581,13.8726082213689,2.11317775596399,0,-800,-400,588,5,-1388,1576
"core",82,100,"zero",30,"plateau",1,582,582,14.9322303447407,1.64219848124776,0,-800,-400,588,5,-1388,1576
"core",83,100,"zero",30,"plateau",1,583,583,7.87120364210568,1.58142851758748,0,-800,-400,588,5,-1388,1576
"core",84,100,"zero",30,"plateau",1,584,584,5.8912625266239,2.90337386145256,0,-800,-400,588,5,-1388,1576
"core",85,100,"zero",30,"plateau",1,585,585,8.63982005999424,1.56040626880713,0,-800,-400,588,5,-1388,1576
"core",86,100,"zero",30,"plateau",1,586,586,10.2905370646622,1.90506460750476,0,-800,-400,588,5,-1388,1576
"core",87,100,"zero",30,"plateau",1,587,587,11.0258525379468,1.89850998087786,0,-800,-400,588,5,-1388,1576
"core",88,100,"zero",30,"plateau",1,588,588,10.874631145969,1.45610545994714,0,-800,-400,588,5,-1388,1576
"core",89,100,"zero",30,"plateau",1,589,589,13.5759318091441,1.81165889103431,0,-800,-400,588,5,-1388,1576
"core",90,100,"zero",30,"plateau",1,590,590,12.2152959168889,2.75377512420528,0,-800,-400,588,5,-1388,1576
"core",91,100,"zero",30,"plateau",1,591,591,6.93661147658713,2.71662834961899,0,-800,-400,588,5,-1388,1576
"core",92,100,"zero",30,"plateau",1,592,592,12.3621664738748,1.87841804896016,0,-800,-400,588,5,-1388,1576
"core",93,100,"zero",30,"plateau",1,593,593,12.403587159235,0.541469286312349,0,-800,-400,588,5,-1388,1576
"core",94,100,"zero",30,"plateau",1,594,594,11.2091169643681,3.34120988845825,0,-800,-400,588,5,-1388,1576
"core",95,100,"zero",30,"plateau",1,595,595,11.4859891317319,3.41767448093742,0,-800,-400,588,5,-1388,1576
"core",96,100,"zero",30,"plateau",1,596,596,3.39187822956592,1.72973884979729,0,-800,-400,588,5,-1388,1576
"core",97,100,"zero",30,"plateau",1,597,597,13.0550454591867,3.24142566230148,0,-800,-400,588,5,-1388,1576
"core",98,100,"zero",30,"plateau",1,598,598,6.41567945829593,1.04133560194168,0,-800,-400,588,5,-1388,1576
"core",99,100,"zero",30,"plateau",1,599,599,12.1542736883275,3.38123973237816,0,-800,-400,588,5,-1388,1576
"core",100,100,"zero",30,"plateau",1,600,600,8.86811469239183,2.92328039219137,0,-800,-400,588,5,-1388,1576
"core",1,200,"zero",30,"plateau",1,601,601,8.81295350170694,0.873541474575177,0,-800,-400,588,5,-1388,1576
"core",2,200,"zero",30,"plateau",1,602,602,6.03724248753861,3.33128901931923,0,-800,-400,588,5,-1388,1576
"core",3,200,"zero",30,"plateau",1,603,603,3.00381121831015,2.50854512210935,0,-800,-400,588,5,-1388,1576
"core",4,200,"zero",30,"plateau",1,604,604,10.1422629721928,0.72301034652628,0,-800,-400,588,5,-1388,1576
"core",5,200,"zero",30,"plateau",1,605,605,6.54129982041195,0.54230649350211,0,-800,-400,588,5,-1388,1576
"core",6,200,"zero",30,"plateau",1,606,606,4.76758719631471,0.793411373859271,0,-800,-400,588,5,-1388,1576
"core",7,200,"zero",30,"plateau",1,607,607,14.2904049940407,3.01089590659831,0,-800,-400,588,5,-1388,1576
"core",8,200,"zero",30,"plateau",1,608,608,12.6317555468995,2.38986255053896,0,-800,-400,588,5,-1388,1576
"core",9,200,"zero",30,"plateau",1,609,609,4.6477233779151,3.54055922769476,0,-800,-400,588,5,-1388,1576
"core",10,200,"zero",30,"plateau",1,610,610,9.56867262884043,2.42872759781312,0,-800,-400,588,5,-1388,1576
"core",11,200,"zero",30,"plateau",1,611,611,8.18940433487296,2.59182871587109,0,-800,-400,588,5,-1388,1576
"core",12,200,"zero",30,"plateau",1,612,612,11.2052992605604,1.47659001825377,0,-800,-400,588,5,-1388,1576
"core",13,200,"zero",30,"plateau",1,613,613,4.97812105412595,2.97055817279033,0,-800,-400,588,5,-1388,1576
"core",14,200,"zero",30,"plateau",1,614,614,7.35958215850405,3.75942426326219,0,-800,-400,588,5,-1388,1576
"core",15,200,"zero",30,"plateau",1,615,615,11.3880423542578,1.05561366362963,0,-800,-400,588,5,-1388,1576
"core",16,200,"zero",30,"plateau",1,616,616,5.21988686732948,0.674042802769691,0,-800,-400,588,5,-1388,1576
"core",17,200,"zero",30,"plateau",1,617,617,8.21680405479856,1.33950217883103,0,-800,-400,588,5,-1388,1576
"core",18,200,"zero",30,"plateau",1,618,618,14.0618591646198,0.743842522264458,0,-800,-400,588,5,-1388,1576
"core",19,200,"zero",30,"plateau",1,619,619,9.91623824788257,3.32210079173092,0,-800,-400,588,5,-1388,1576
"core",20,200,"zero",30,"plateau",1,620,620,4.52465256070718,1.72598857572302,0,-800,-400,588,5,-1388,1576
"core",21,200,"zero",30,"plateau",1,621,621,14.8979601920582,1.4235329895746,0,-800,-400,588,5,-1388,1576
"core",22,200,"zero",30,"plateau",1,622,622,4.75267482665367,2.48372966260649,0,-800,-400,588,5,-1388,1576
"core",23,200,"zero",30,"plateau",1,623,623,9.75991366175003,3.43463537457865,0,-800,-400,588,5,-1388,1576
"core",24,200,"zero",30,"plateau",1,624,624,5.20615321467631,0.944349877303466,0,-800,-400,588,5,-1388,1576
"core",25,200,"zero",30,"plateau",1,625,625,8.18604084150866,2.22154706669971,0,-800,-400,588,5,-1388,1576
"core",26,200,"zero",30,"plateau",1,626,626,14.5543741318397,3.46714010660071,0,-800,-400,588,5,-1388,1576
"core",27,200,"zero",30,"plateau",1,627,627,2.75254547456279,1.390785021591,0,-800,-400,588,5,-1388,1576
"core",28,200,"zero",30,"plateau",1,628,628,7.95776204834692,1.80215907061938,0,-800,-400,588,5,-1388,1576
"core",29,200,"zero",30,"plateau",1,629,629,3.996036415454,0.807989475433715,0,-800,-400,588,5,-1388,1576
"core",30,200,"zero",30,"plateau",1,630,630,13.2686330387369,0.945746122277342,0,-800,-400,588,5,-1388,1576
"core",31,200,"zero",30,"plateau",1,631,631,9.36998166143894,0.661901653627865,0,-800,-400,588,5,-1388,1576
"core",32,200,"zero",30,"plateau",1,632,632,3.97713540052064,1.04747535113711,0,-800,-400,588,5,-1388,1576
"core",33,200,"zero",30,"plateau",1,633,633,11.2912514021154,2.07640676689334,0,-800,-400,588,5,-1388,1576
"core",34,200,"zero",30,"plateau",1,634,634,6.3645919628907,1.1357397713,0,-800,-400,588,5,-1388,1576
"core",35,200,"zero",30,"plateau",1,635,635,9.5270953187719,0.878574720700271,0,-800,-400,588,5,-1388,1576
"core",36,200,"zero",30,"plateau",1,636,636,7.67808247404173,2.77163425995968,0,-800,-400,588,5,-1388,1576
"core",37,200,"zero",30,"plateau",1,637,637,9.91574452561326,1.19479193491861,0,-800,-400,588,5,-1388,1576
"core",38,200,"zero",30,"plateau",1,638,638,11.682215658715,1.01556518441066,0,-800,-400,588,5,-1388,1576
"core",39,200,"zero",30,"plateau",1,639,639,11.0062481919304,3.65435851318762,0,-800,-400,588,5,-1388,1576
"core",40,200,"zero",30,"plateau",1,640,640,6.94998311204836,2.26649797416758,0,-800,-400,588,5,-1388,1576
"core",41,200,"zero",30,"plateau",1,641,641,3.20547237386927,0.938816965906881,0,-800,-400,588,5,-1388,1576
"core",42,200,"zero",30,"plateau",1,642,642,11.8405031387229,0.847080946317874,0,-800,-400,588,5,-1388,1576
"core",43,200,"zero",30,"plateau",1,643,643,4.17194779217243,1.50030037388206,0,-800,-400,588,5,-1388,1576
"core",44,200,"zero",30,"plateau",1,644,644,9.08362776366994,2.24736486782786,0,-800,-400,588,5,-1388,1576
"core",45,200,"zero",30,"plateau",1,645,645,7.17050718725659,0.974754829658195,0,-800,-400,588,5,-1388,1576
"core",46,200,"zero",30,"plateau",1,646,646,9.42981751821935,2.46759546629619,0,-800,-400,588,5,-1388,1576
"core",47,200,"zero",30,"plateau",1,647,647,7.42706354451366,1.66012581251562,0,-800,-400,588,5,-1388,1576
"core",48,200,"zero",30,"plateau",1,648,648,14.7796200488228,3.6422085337108,0,-800,-400,588,5,-1388,1576
"core",49,200,"zero",30,"plateau",1,649,649,10.2764162239619,2.78299863950815,0,-800,-400,588,5,-1388,1576
"core",50,200,"zero",30,"plateau",1,650,650,5.23862774344161,2.09912662149873,0,-800,-400,588,5,-1388,1576
"core",51,200,"zero",30,"plateau",1,651,651,11.2954293403309,3.90977979835588,0,-800,-400,588,5,-1388,1576
"core",52,200,"zero",30,"plateau",1,652,652,12.8587597401347,3.2520982157439,0,-800,-400,588,5,-1388,1576
"core",53,200,"zero",30,"plateau",1,653,653,11.8883408939,1.01067524624523,0,-800,-400,588,5,-1388,1576
"core",54,200,"zero",30,"plateau",1,654,654,13.228792859707,0.64098758623004,0,-800,-400,588,5,-1388,1576
"core",55,200,"zero",30,"plateau",1,655,655,12.646366734989,2.68660300062038,0,-800,-400,588,5,-1388,1576
"core",56,200,"zero",30,"plateau",1,656,656,14.3796549111139,2.69831068674102,0,-800,-400,588,5,-1388,1576
"core",57,200,"zero",30,"plateau",1,657,657,6.85264267493039,2.65802834136412,0,-800,-400,588,5,-1388,1576
"core",58,200,"zero",30,"plateau",1,658,658,10.1519926246256,2.21105874911882,0,-800,-400,588,5,-1388,1576
"core",59,200,"zero",30,"plateau",1,659,659,4.6239775212016,1.5520883743884,0,-800,-400,588,5,-1388,1576
"core",60,200,"zero",30,"plateau",1,660,660,9.78712759981863,3.68373838963453,0,-800,-400,588,5,-1388,1576
"core",61,200,"zero",30,"plateau",1,661,661,3.63662467943504,3.04701521596871,0,-800,-400,588,5,-1388,1576
"core",62,200,"zero",30,"plateau",1,662,662,9.29199580801651,0.749861313961446,0,-800,-400,588,5,-1388,1576
"core",63,200,"zero",30,"plateau",1,663,663,11.6102394680493,1.99148753366899,0,-800,-400,588,5,-1388,1576
"core",64,200,"zero",30,"plateau",1,664,664,11.9159621966537,3.22212851187214,0,-800,-400,588,5,-1388,1576
"core",65,200,"zero",30,"plateau",1,665,665,5.2507214192301,3.63871987746097,0,-800,-400,588,5,-1388,1576
"core",66,200,"zero",30,"plateau",1,666,666,11.4802299910225,1.6914147567004,0,-800,-400,588,5,-1388,1576
"core",67,200,"zero",30,"plateau",1,667,667,5.72934606368653,3.41988701606169,0,-800,-400,588,5,-1388,1576
"core",68,200,"zero",30,"plateau",1,668,668,7.05754543165676,2.28948851733003,0,-800,-400,588,5,-1388,1576
"core",69,200,"zero",30,"plateau",1,669,669,13.1497357164044,2.4515351918526,0,-800,-400,588,5,-1388,1576
"core",70,200,"zero",30,"plateau",1,670,670,12.5584795218892,2.20768320770003,0,-800,-400,588,5,-1388,1576
"core",71,200,"zero",30,"plateau",1,671,671,14.7506256843917,0.529464533086866,0,-800,-400,588,5,-1388,1576
"core",72,200,"zero",30,"plateau",1,672,672,11.4092230235692,2.57791754009668,0,-800,-400,588,5,-1388,1576
"core",73,200,"zero",30,"plateau",1,673,673,10.8265395241324,3.79374814208131,0,-800,-400,588,5,-1388,1576
"core",74,200,"zero",30,"plateau",1,674,674,11.8549526715651,1.44272532255854,0,-800,-400,588,5,-1388,1576
"core",75,200,"zero",30,"plateau",1,675,675,6.13395816925913,3.03888219385408,0,-800,-400,588,5,-1388,1576
"core",76,200,"zero",30,"plateau",1,676,676,14.9682861783076,2.65200175018981,0,-800,-400,588,5,-1388,1576
"core",77,200,"zero",30,"plateau",1,677,677,10.9447148733307,2.30593297164887,0,-800,-400,588,5,-1388,1576
"core",78,200,"zero",30,"plateau",1,678,678,9.9188190959394,2.78031628183089,0,-800,-400,588,5,-1388,1576
"core",79,200,"zero",30,"plateau",1,679,679,9.39732686569914,2.59671791410074,0,-800,-400,588,5,-1388,1576
"core",80,200,"zero",30,"plateau",1,680,680,5.94831388932653,1.92524628760293,0,-800,-400,588,5,-1388,1576
"core",81,200,"zero",30,"plateau",1,681,681,10.611751885619,0.644729729974642,0,-800,-400,588,5,-1388,1576
"core",82,200,"zero",30,"plateau",1,682,682,10.6263534030877,1.70488015050068,0,-800,-400,588,5,-1388,1576
"core",83,200,"zero",30,"plateau",1,683,683,3.38991325022653,1.90738782007247,0,-800,-400,588,5,-1388,1576
"core",84,200,"zero",30,"plateau",1,684,684,7.13873584126122,3.92602449201513,0,-800,-400,588,5,-1388,1576
"core",85,200,"zero",30,"plateau",1,685,685,8.26913109677844,0.737743042525835,0,-800,-400,588,5,-1388,1576
"core",86,200,"zero",30,"plateau",1,686,686,4.86708366125822,0.936062457156368,0,-800,-400,588,5,-1388,1576
"core",87,200,"zero",30,"plateau",1,687,687,7.61750782420859,0.565910154953599,0,-800,-400,588,5,-1388,1576
"core",88,200,"zero",30,"plateau",1,688,688,6.5925407987088,1.88169223628938,0,-800,-400,588,5,-1388,1576
"core",89,200,"zero",30,"plateau",1,689,689,9.43315975740552,1.57189232541714,0,-800,-400,588,5,-1388,1576
"core",90,200,"zero",30,"plateau",1,690,690,9.07048825942911,3.02429222071078,0,-800,-400,588,5,-1388,1576
"core",91,200,"zero",30,"plateau",1,691,691,2.75414967769757,3.58708665391896,0,-800,-400,588,5,-1388,1576
"core",92,200,"zero",30,"plateau",1,692,692,12.849986377405,2.47954727418255,0,-800,-400,588,5,-1388,1576
"core",93,200,"zero",30,"plateau",1,693,693,6.89596678060479,1.09430669620633,0,-800,-400,588,5,-1388,1576
"core",94,200,"zero",30,"plateau",1,694,694,10.3128741707187,3.65991330321413,0,-800,-400,588,5,-1388,1576
"core",95,200,"zero",30,"plateau",1,695,695,8.42561945691705,2.64046741928905,0,-800,-400,588,5,-1388,1576
"core",96,200,"zero",30,"plateau",1,696,696,4.66398918651976,2.84599679266103,0,-800,-400,588,5,-1388,1576
"core",97,200,"zero",30,"plateau",1,697,697,8.38874464435503,2.50305066374131,0,-800,-400,588,5,-1388,1576
"core",98,200,"zero",30,"plateau",1,698,698,7.69610693422146,3.18260167108383,0,-800,-400,588,5,-1388,1576
"core",99,200,"zero",30,"plateau",1,699,699,9.99278201651759,3.69694774935488,0,-800,-400,588,5,-1388,1576
"core",100,200,"zero",30,"plateau",1,700,700,2.81956485006958,3.4037861910183,0,-800,-400,588,5,-1388,1576
"core",1,500,"zero",30,"plateau",1,701,701,3.5613875251729,2.16538548422977,0,-800,-400,588,5,-1388,1576
"core",2,500,"zero",30,"plateau",1,702,702,7.45830268249847,0.731427573249675,0,-800,-400,588,5,-1388,1576
"core",3,500,"zero",30,"plateau",1,703,703,7.37075990997255,1.59839358110912,0,-800,-400,588,5,-1388,1576
"core",4,500,"zero",30,"plateau",1,704,704,3.23293995764107,2.14889556134585,0,-800,-400,588,5,-1388,1576
"core",5,500,"zero",30,"plateau",1,705,705,12.7615965008736,1.053303831839,0,-800,-400,588,5,-1388,1576
"core",6,500,"zero",30,"plateau",1,706,706,3.06928187492304,3.08481697714888,0,-800,-400,588,5,-1388,1576
"core",7,500,"zero",30,"plateau",1,707,707,8.49070448125713,0.644815887673758,0,-800,-400,588,5,-1388,1576
"core",8,500,"zero",30,"plateau",1,708,708,12.8161285957322,3.80479139112867,0,-800,-400,588,5,-1388,1576
"core",9,500,"zero",30,"plateau",1,709,709,6.10975103452802,0.63562243571505,0,-800,-400,588,5,-1388,1576
"core",10,500,"zero",30,"plateau",1,710,710,7.58101139776409,0.588536010822281,0,-800,-400,588,5,-1388,1576
"core",11,500,"zero",30,"plateau",1,711,711,3.89505770010874,0.763264630571939,0,-800,-400,588,5,-1388,1576
"core",12,500,"zero",30,"plateau",1,712,712,8.51706059440039,1.06486827274784,0,-800,-400,588,5,-1388,1576
"core",13,500,"zero",30,"plateau",1,713,713,12.3128680523951,0.750352473231032,0,-800,-400,588,5,-1388,1576
"core",14,500,"zero",30,"plateau",1,714,714,11.0420175602194,3.43629595264792,0,-800,-400,588,5,-1388,1576
"core",15,500,"zero",30,"plateau",1,715,715,11.5867915209383,3.84324748453218,0,-800,-400,588,5,-1388,1576
"core",16,500,"zero",30,"plateau",1,716,716,6.21425123303197,3.43484960473143,0,-800,-400,588,5,-1388,1576
"core",17,500,"zero",30,"plateau",1,717,717,4.97263252129778,0.878864546539262,0,-800,-400,588,5,-1388,1576
"core",18,500,"zero",30,"plateau",1,718,718,7.41425354359671,1.55434559006244,0,-800,-400,588,5,-1388,1576
"core",19,500,"zero",30,"plateau",1,719,719,9.81385797658004,3.42365787143353,0,-800,-400,588,5,-1388,1576
"core",20,500,"zero",30,"plateau",1,720,720,5.6851498556789,0.681020588730462,0,-800,-400,588,5,-1388,1576
"core",21,500,"zero",30,"plateau",1,721,721,7.17857358977199,2.68719087552745,0,-800,-400,588,5,-1388,1576
"core",22,500,"zero",30,"plateau",1,722,722,6.70493663987145,1.0731445082929,0,-800,-400,588,5,-1388,1576
"core",23,500,"zero",30,"plateau",1,723,723,2.45763436984271,0.862365604261868,0,-800,-400,588,5,-1388,1576
"core",24,500,"zero",30,"plateau",1,724,724,3.91019582655281,3.74835924070794,0,-800,-400,588,5,-1388,1576
"core",25,500,"zero",30,"plateau",1,725,725,13.9613769229036,1.6796492121648,0,-800,-400,588,5,-1388,1576
"core",26,500,"zero",30,"plateau",1,726,726,12.2019369485788,0.542288328404538,0,-800,-400,588,5,-1388,1576
"core",27,500,"zero",30,"plateau",1,727,727,5.54580387705937,2.28015942568891,0,-800,-400,588,5,-1388,1576
"core",28,500,"zero",30,"plateau",1,728,728,11.5175352566876,1.8121398712974,0,-800,-400,588,5,-1388,1576
"core",29,500,"zero",30,"plateau",1,729,729,6.05101100588217,3.00495175307151,0,-800,-400,588,5,-1388,1576
"core",30,500,"zero",30,"plateau",1,730,730,4.80802032514475,2.99503484601155,0,-800,-400,588,5,-1388,1576
"core",31,500,"zero",30,"plateau",1,731,731,4.69134764513001,0.871029089437798,0,-800,-400,588,5,-1388,1576
"core",32,500,"zero",30,"plateau",1,732,732,14.5137101551518,2.06766303046606,0,-800,-400,588,5,-1388,1576
"core",33,500,"zero",30,"plateau",1,733,733,6.06623648572713,1.15509976167232,0,-800,-400,588,5,-1388,1576
"core",34,500,"zero",30,"plateau",1,734,734,7.21717688278295,2.19513727130834,0,-800,-400,588,5,-1388,1576
"core",35,500,"zero",30,"plateau",1,735,735,14.5730271127541,1.77421985240653,0,-800,-400,588,5,-1388,1576
"core",36,500,"zero",30,"plateau",1,736,736,6.9617114441935,3.81565508758649,0,-800,-400,588,5,-1388,1576
"core",37,500,"zero",30,"plateau",1,737,737,7.52575466316193,2.54103835253045,0,-800,-400,588,5,-1388,1576
"core",38,500,"zero",30,"plateau",1,738,738,2.8696187029127,1.72942409105599,0,-800,-400,588,5,-1388,1576
"core",39,500,"zero",30,"plateau",1,739,739,13.5802702887449,3.68379634013399,0,-800,-400,588,5,-1388,1576
"core",40,500,"zero",30,"plateau",1,740,740,8.67736288392916,2.5884190746583,0,-800,-400,588,5,-1388,1576
"core",41,500,"zero",30,"plateau",1,741,741,9.6353414284531,3.33654897019733,0,-800,-400,588,5,-1388,1576
"core",42,500,"zero",30,"plateau",1,742,742,4.35475825634785,1.63177615893073,0,-800,-400,588,5,-1388,1576
"core",43,500,"zero",30,"plateau",1,743,743,5.21802840102464,1.56911803234834,0,-800,-400,588,5,-1388,1576
"core",44,500,"zero",30,"plateau",1,744,744,10.2855558716692,2.92741330596618,0,-800,-400,588,5,-1388,1576
"core",45,500,"zero",30,"plateau",1,745,745,12.0289719058201,2.36122292687651,0,-800,-400,588,5,-1388,1576
"core",46,500,"zero",30,"plateau",1,746,746,9.50705430260859,1.71322070993483,0,-800,-400,588,5,-1388,1576
"core",47,500,"zero",30,"plateau",1,747,747,2.02080158097669,3.76857525692321,0,-800,-400,588,5,-1388,1576
"core",48,500,"zero",30,"plateau",1,748,748,12.4650449894834,2.72214546892792,0,-800,-400,588,5,-1388,1576
"core",49,500,"zero",30,"plateau",1,749,749,13.8573763670865,2.65176340122707,0,-800,-400,588,5,-1388,1576
"core",50,500,"zero",30,"plateau",1,750,750,5.25138250528835,2.09155541355722,0,-800,-400,588,5,-1388,1576
"core",51,500,"zero",30,"plateau",1,751,751,4.77543112612329,1.5876769607421,0,-800,-400,588,5,-1388,1576
"core",52,500,"zero",30,"plateau",1,752,752,2.62657012953423,3.96976369759068,0,-800,-400,588,5,-1388,1576
"core",53,500,"zero",30,"plateau",1,753,753,3.82935937377624,3.19528277695645,0,-800,-400,588,5,-1388,1576
"core",54,500,"zero",30,"plateau",1,754,754,10.4727324864361,3.84579768462572,0,-800,-400,588,5,-1388,1576
"core",55,500,"zero",30,"plateau",1,755,755,7.32793429680169,1.2364117508987,0,-800,-400,588,5,-1388,1576
"core",56,500,"zero",30,"plateau",1,756,756,10.7168362077791,1.42936423281208,0,-800,-400,588,5,-1388,1576
"core",57,500,"zero",30,"plateau",1,757,757,6.44454705738463,1.04734536935575,0,-800,-400,588,5,-1388,1576
"core",58,500,"zero",30,"plateau",1,758,758,13.7054998094682,1.51806432602461,0,-800,-400,588,5,-1388,1576
"core",59,500,"zero",30,"plateau",1,759,759,7.78248884179629,2.40588008228224,0,-800,-400,588,5,-1388,1576
"core",60,500,"zero",30,"plateau",1,760,760,7.65741894533858,0.771733202156611,0,-800,-400,588,5,-1388,1576
"core",61,500,"zero",30,"plateau",1,761,761,13.7709622362163,3.02883649396244,0,-800,-400,588,5,-1388,1576
"core",62,500,"zero",30,"plateau",1,762,762,10.9870393546298,0.99178023787681,0,-800,-400,588,5,-1388,1576
"core",63,500,"zero",30,"plateau",1,763,763,4.27008596016094,2.38741832750384,0,-800,-400,588,5,-1388,1576
"core",64,500,"zero",30,"plateau",1,764,764,10.8048167431261,0.585844738059677,0,-800,-400,588,5,-1388,1576
"core",65,500,"zero",30,"plateau",1,765,765,3.92919792747125,2.01785186701454,0,-800,-400,588,5,-1388,1576
"core",66,500,"zero",30,"plateau",1,766,766,6.12017744989134,3.09336004673969,0,-800,-400,588,5,-1388,1576
"core",67,500,"zero",30,"plateau",1,767,767,11.5934924711473,3.27455437451135,0,-800,-400,588,5,-1388,1576
"core",68,500,"zero",30,"plateau",1,768,768,2.77711014379747,1.08727575792,0,-800,-400,588,5,-1388,1576
"core",69,500,"zero",30,"plateau",1,769,769,14.775385358138,0.847187136881985,0,-800,-400,588,5,-1388,1576
"core",70,500,"zero",30,"plateau",1,770,770,5.19025909691118,2.07511890539899,0,-800,-400,588,5,-1388,1576
"core",71,500,"zero",30,"plateau",1,771,771,2.77906830376014,3.74087946454529,0,-800,-400,588,5,-1388,1576
"core",72,500,"zero",30,"plateau",1,772,772,9.26686177076772,3.86674137390219,0,-800,-400,588,5,-1388,1576
"core",73,500,"zero",30,"plateau",1,773,773,9.97697366611101,2.06961747305468,0,-800,-400,588,5,-1388,1576
"core",74,500,"zero",30,"plateau",1,774,774,9.20022998889908,3.1033696315717,0,-800,-400,588,5,-1388,1576
"core",75,500,"zero",30,"plateau",1,775,775,14.9298577767331,2.56859536538832,0,-800,-400,588,5,-1388,1576
"core",76,500,"zero",30,"plateau",1,776,776,3.1047208015807,0.840611535357311,0,-800,-400,588,5,-1388,1576
"core",77,500,"zero",30,"plateau",1,777,777,5.93095488892868,2.32807532185689,0,-800,-400,588,5,-1388,1576
"core",78,500,"zero",30,"plateau",1,778,778,8.01783772138879,1.19888930651359,0,-800,-400,588,5,-1388,1576
"core",79,500,"zero",30,"plateau",1,779,779,11.5085219233297,3.23898589843884,0,-800,-400,588,5,-1388,1576
"core",80,500,"zero",30,"plateau",1,780,780,3.7126082633622,0.611859089112841,0,-800,-400,588,5,-1388,1576
"core",81,500,"zero",30,"plateau",1,781,781,7.79740598471835,2.60728900018148,0,-800,-400,588,5,-1388,1576
"core",82,500,"zero",30,"plateau",1,782,782,12.0335553986952,0.892012743395753,0,-800,-400,588,5,-1388,1576
"core",83,500,"zero",30,"plateau",1,783,783,11.943266027607,0.741186983184889,0,-800,-400,588,5,-1388,1576
"core",84,500,"zero",30,"plateau",1,784,784,8.90247647231445,3.75915992690716,0,-800,-400,588,5,-1388,1576
"core",85,500,"zero",30,"plateau",1,785,785,4.2741754038725,2.01649339380674,0,-800,-400,588,5,-1388,1576
"core",86,500,"zero",30,"plateau",1,786,786,6.01131393387914,2.86902948445641,0,-800,-400,588,5,-1388,1576
"core",87,500,"zero",30,"plateau",1,787,787,6.01315538655035,2.30381825310178,0,-800,-400,588,5,-1388,1576
"core",88,500,"zero",30,"plateau",1,788,788,11.4854013395961,0.793169571319595,0,-800,-400,588,5,-1388,1576
"core",89,500,"zero",30,"plateau",1,789,789,9.28379455558024,1.12580323393922,0,-800,-400,588,5,-1388,1576
"core",90,500,"zero",30,"plateau",1,790,790,4.50138275884092,3.04769480135292,0,-800,-400,588,5,-1388,1576
"core",91,500,"zero",30,"plateau",1,791,791,5.94716188381426,3.42602548014838,0,-800,-400,588,5,-1388,1576
"core",92,500,"zero",30,"plateau",1,792,792,13.416921230033,3.19320878665894,0,-800,-400,588,5,-1388,1576
"core",93,500,"zero",30,"plateau",1,793,793,10.4554985321593,0.94247688469477,0,-800,-400,588,5,-1388,1576
"core",94,500,"zero",30,"plateau",1,794,794,4.86948417569511,0.977923293365166,0,-800,-400,588,5,-1388,1576
"core",95,500,"zero",30,"plateau",1,795,795,9.52842961321585,1.06183935131412,0,-800,-400,588,5,-1388,1576
"core",96,500,"zero",30,"plateau",1,796,796,2.45970722124912,2.04445365210995,0,-800,-400,588,5,-1388,1576
"core",97,500,"zero",30,"plateau",1,797,797,12.1932070597541,3.02872522408143,0,-800,-400,588,5,-1388,1576
"core",98,500,"zero",30,"plateau",1,798,798,4.33284106408246,2.40082873625215,0,-800,-400,588,5,-1388,1576
"core",99,500,"zero",30,"plateau",1,799,799,12.9837303091772,3.2722352144774,0,-800,-400,588,5,-1388,1576
"core",100,500,"zero",30,"plateau",1,800,800,6.68974089529365,2.71511102572549,0,-800,-400,588,5,-1388,1576
"factor",1,200,"random",15,"plateau",1,801,801,7.64188380585983,3.40792022855021,-0.0274939163541421,-800,-400,588,5,-1388,1576
"factor",2,200,"random",15,"plateau",1,802,802,7.58908316981979,3.25837061228231,0.000926592643372713,-800,-400,588,5,-1388,1576
"factor",3,200,"random",15,"plateau",1,803,803,14.5174026433378,3.76513483584858,0.00499960012268275,-800,-400,588,5,-1388,1576
"factor",4,200,"random",15,"plateau",1,804,804,4.75671458849683,2.9648141132202,-0.00047294396907091,-800,-400,588,5,-1388,1576
"factor",5,200,"random",15,"plateau",1,805,805,7.38632658566348,2.33183897507843,-0.0260890230350196,-800,-400,588,5,-1388,1576
"factor",6,200,"random",15,"plateau",1,806,806,6.51405395870097,2.31299762346316,0.0259366254648194,-800,-400,588,5,-1388,1576
"factor",7,200,"random",15,"plateau",1,807,807,6.69770395988598,0.561358465231024,0.00136789536103606,-800,-400,588,5,-1388,1576
"factor",8,200,"random",15,"plateau",1,808,808,9.90207670885138,3.98560481332242,0.00930985748302191,-800,-400,588,5,-1388,1576
"factor",9,200,"random",15,"plateau",1,809,809,2.7872165448498,0.849941969965585,-0.0160464628273621,-800,-400,588,5,-1388,1576
"factor",10,200,"random",15,"plateau",1,810,810,9.82406728575006,2.15097500500269,0.0217539857234806,-800,-400,588,5,-1388,1576
"factor",11,200,"random",15,"plateau",1,811,811,10.4441023881081,3.2217313000001,-0.0178986666491255,-800,-400,588,5,-1388,1576
"factor",12,200,"random",15,"plateau",1,812,812,9.07146318815649,0.645714681479149,0.0096719133015722,-800,-400,588,5,-1388,1576
"factor",13,200,"random",15,"plateau",1,813,813,11.9695136784576,1.09235719032586,0.0250177399814129,-800,-400,588,5,-1388,1576
"factor",14,200,"random",15,"plateau",1,814,814,4.34069590247236,1.11000773101114,-0.0148851826088503,-800,-400,588,5,-1388,1576
"factor",15,200,"random",15,"plateau",1,815,815,3.44262263737619,1.36118191189598,-0.0048345942562446,-800,-400,588,5,-1388,1576
"factor",16,200,"random",15,"plateau",1,816,816,9.59605353721417,1.73192451172508,-0.0253120174258947,-800,-400,588,5,-1388,1576
"factor",17,200,"random",15,"plateau",1,817,817,13.5959411317017,2.47603512660135,-0.00525033304933458,-800,-400,588,5,-1388,1576
"factor",18,200,"random",15,"plateau",1,818,818,13.956640379969,3.32295062264893,0.00630018880125135,-800,-400,588,5,-1388,1576
"factor",19,200,"random",15,"plateau",1,819,819,9.67525189882144,3.80774867406581,0.0219779434707016,-800,-400,588,5,-1388,1576
"factor",20,200,"random",15,"plateau",1,820,820,4.72246208810247,0.766696747741662,-0.0150298724602908,-800,-400,588,5,-1388,1576
"factor",21,200,"random",15,"plateau",1,821,821,3.27280281344429,0.500337872770615,0.00460872005671262,-800,-400,588,5,-1388,1576
"factor",22,200,"random",15,"plateau",1,822,822,14.6430405336432,0.80371454777196,0.00706729292403906,-800,-400,588,5,-1388,1576
"factor",23,200,"random",15,"plateau",1,823,823,2.6892407736741,2.49105568369851,-0.00478802002966404,-800,-400,588,5,-1388,1576
"factor",24,200,"random",15,"plateau",1,824,824,12.4866334230173,1.85685002419632,0.00737449427135289,-800,-400,588,5,-1388,1576
"factor",25,200,"random",15,"plateau",1,825,825,13.6266837809235,1.1583950567292,0.0233098789304495,-800,-400,588,5,-1388,1576
"factor",26,200,"random",15,"plateau",1,826,826,3.34071050281636,3.0577656973619,-0.0216658974951133,-800,-400,588,5,-1388,1576
"factor",27,200,"random",15,"plateau",1,827,827,11.0060274323914,1.66567820182536,-0.0186232014046982,-800,-400,588,5,-1388,1576
"factor",28,200,"random",15,"plateau",1,828,828,4.20191475469619,3.20784673013259,-0.00832001205068082,-800,-400,588,5,-1388,1576
"factor",29,200,"random",15,"plateau",1,829,829,9.41705590672791,0.723366305348463,-0.0152630990138277,-800,-400,588,5,-1388,1576
"factor",30,200,"random",15,"plateau",1,830,830,6.95045109442435,1.79375760664698,-0.0194435138488188,-800,-400,588,5,-1388,1576
"factor",31,200,"random",15,"plateau",1,831,831,4.96398543659598,1.81305550108664,-0.00270520605146885,-800,-400,588,5,-1388,1576
"factor",32,200,"random",15,"plateau",1,832,832,8.48857157514431,1.15396572451573,0.0283806273015216,-800,-400,588,5,-1388,1576
"factor",33,200,"random",15,"plateau",1,833,833,12.3009785765316,2.89386562386062,0.00396985255647451,-800,-400,588,5,-1388,1576
"factor",34,200,"random",15,"plateau",1,834,834,4.34783263597637,3.95089853194077,0.0199495799420401,-800,-400,588,5,-1388,1576
"factor",35,200,"random",15,"plateau",1,835,835,4.6260807949584,2.75310871098191,-0.0271999055938795,-800,-400,588,5,-1388,1576
"factor",36,200,"random",15,"plateau",1,836,836,5.35349771985784,2.86737010104116,-0.00548477052245289,-800,-400,588,5,-1388,1576
"factor",37,200,"random",15,"plateau",1,837,837,11.9714520915877,2.30623960657977,-0.0102363398205489,-800,-400,588,5,-1388,1576
"factor",38,200,"random",15,"plateau",1,838,838,10.4065433465876,2.37994362495374,0.0247573426365852,-800,-400,588,5,-1388,1576
"factor",39,200,"random",15,"plateau",1,839,839,4.21292050834745,2.68772979569621,-0.0234800348477438,-800,-400,588,5,-1388,1576
"factor",40,200,"random",15,"plateau",1,840,840,9.92340162023902,3.01391486742068,0.0166029900731519,-800,-400,588,5,-1388,1576
"factor",41,200,"random",15,"plateau",1,841,841,8.29679087619297,2.03000507922843,0.0100458136154339,-800,-400,588,5,-1388,1576
"factor",42,200,"random",15,"plateau",1,842,842,4.9277070001699,1.29252923873719,-0.00366153883282095,-800,-400,588,5,-1388,1576
"factor",43,200,"random",15,"plateau",1,843,843,9.54931866866536,3.84815015969798,-0.0207704755291343,-800,-400,588,5,-1388,1576
"factor",44,200,"random",15,"plateau",1,844,844,6.13499277736992,2.56152636930346,-0.00735807123128325,-800,-400,588,5,-1388,1576
"factor",45,200,"random",15,"plateau",1,845,845,10.6562438572291,1.65344558504876,0.00968043972272426,-800,-400,588,5,-1388,1576
"factor",46,200,"random",15,"plateau",1,846,846,4.34482874441892,2.88352874945849,-0.0181109886243939,-800,-400,588,5,-1388,1576
"factor",47,200,"random",15,"plateau",1,847,847,13.1300369009841,0.899445969611406,0.0184950427617878,-800,-400,588,5,-1388,1576
"factor",48,200,"random",15,"plateau",1,848,848,2.06001527328044,1.32106330909301,0.0100884633231908,-800,-400,588,5,-1388,1576
"factor",49,200,"random",15,"plateau",1,849,849,4.46494821831584,3.23423389473464,-0.00357933598570526,-800,-400,588,5,-1388,1576
"factor",50,200,"random",15,"plateau",1,850,850,5.5936441202648,1.89274786133319,-0.00693928143940866,-800,-400,588,5,-1388,1576
"factor",51,200,"random",15,"plateau",1,851,851,7.78679146897048,1.98700503038708,0.0150490831676871,-800,-400,588,5,-1388,1576
"factor",52,200,"random",15,"plateau",1,852,852,5.39843406481668,2.99990842572879,0.00617359028197825,-800,-400,588,5,-1388,1576
"factor",53,200,"random",15,"plateau",1,853,853,12.1542315189727,2.7546955839498,-0.0234724647877738,-800,-400,588,5,-1388,1576
"factor",54,200,"random",15,"plateau",1,854,854,7.95171360624954,0.705265214666724,0.0220589562691748,-800,-400,588,5,-1388,1576
"factor",55,200,"random",15,"plateau",1,855,855,5.20970702404156,2.45088650123216,0.0169505095481873,-800,-400,588,5,-1388,1576
"factor",56,200,"random",15,"plateau",1,856,856,4.12512571248226,3.56072134675924,0.0221984126279131,-800,-400,588,5,-1388,1576
"factor",57,200,"random",15,"plateau",1,857,857,6.9832157054916,2.88518731715158,0.0131506830453873,-800,-400,588,5,-1388,1576
"factor",58,200,"random",15,"plateau",1,858,858,10.8796068332158,1.98658564651851,0.00455864144023508,-800,-400,588,5,-1388,1576
"factor",59,200,"random",15,"plateau",1,859,859,8.80982625600882,2.26514089445118,-0.00316302634309977,-800,-400,588,5,-1388,1576
"factor",60,200,"random",15,"plateau",1,860,860,3.02592604840174,1.47835045505781,0.000120222084224225,-800,-400,588,5,-1388,1576
"factor",61,200,"random",15,"plateau",1,861,861,13.3503546272404,1.76595477946103,0.00273474027402699,-800,-400,588,5,-1388,1576
"factor",62,200,"random",15,"plateau",1,862,862,14.3312173201703,1.27493045688607,0.0259427806036547,-800,-400,588,5,-1388,1576
"factor",63,200,"random",15,"plateau",1,863,863,4.33767695561983,3.34399931598455,-0.0298331491788849,-800,-400,588,5,-1388,1576
"factor",64,200,"random",15,"plateau",1,864,864,3.68561822664924,3.79856881068554,-0.0144844435108826,-800,-400,588,5,-1388,1576
"factor",65,200,"random",15,"plateau",1,865,865,6.01771295187064,2.92927904915996,-0.0167579269828275,-800,-400,588,5,-1388,1576
"factor",66,200,"random",15,"plateau",1,866,866,10.7031144716311,1.75006982579362,-0.0285128644807264,-800,-400,588,5,-1388,1576
"factor",67,200,"random",15,"plateau",1,867,867,3.49335457477719,2.57860803056974,0.0297706986078992,-800,-400,588,5,-1388,1576
"factor",68,200,"random",15,"plateau",1,868,868,14.6272390147205,2.31062517827377,-0.0129201407544315,-800,-400,588,5,-1388,1576
"factor",69,200,"random",15,"plateau",1,869,869,8.98035780433565,1.86730726039968,0.00975272881798446,-800,-400,588,5,-1388,1576
"factor",70,200,"random",15,"plateau",1,870,870,5.14244147599675,1.45684232516214,-0.0261101883184165,-800,-400,588,5,-1388,1576
"factor",71,200,"random",15,"plateau",1,871,871,11.8155159344897,3.15750454051886,-4.82886331155882e-05,-800,-400,588,5,-1388,1576
"factor",72,200,"random",15,"plateau",1,872,872,6.61556490021758,1.1243602760369,-0.0106365335080773,-800,-400,588,5,-1388,1576
"factor",73,200,"random",15,"plateau",1,873,873,3.89162377011962,1.97842940769624,0.024844338982366,-800,-400,588,5,-1388,1576
"factor",74,200,"random",15,"plateau",1,874,874,5.23344232025556,3.01599461666774,0.00316663515754044,-800,-400,588,5,-1388,1576
"factor",75,200,"random",15,"plateau",1,875,875,5.25370757072233,2.14336003735662,0.00448696647305041,-800,-400,588,5,-1388,1576
"factor",76,200,"random",15,"plateau",1,876,876,9.02525053313002,2.15113818692043,0.0232922865170985,-800,-400,588,5,-1388,1576
"factor",77,200,"random",15,"plateau",1,877,877,12.7454359612893,0.775706228683703,0.0187406246177852,-800,-400,588,5,-1388,1576
"factor",78,200,"random",15,"plateau",1,878,878,11.2295332006179,2.5052045736229,0.00467180022038519,-800,-400,588,5,-1388,1576
"factor",79,200,"random",15,"plateau",1,879,879,14.4372331940103,3.74808743002359,0.0203075957670808,-800,-400,588,5,-1388,1576
"factor",80,200,"random",15,"plateau",1,880,880,2.83169914851896,1.37110899225809,0.00900872991420328,-800,-400,588,5,-1388,1576
"factor",81,200,"random",15,"plateau",1,881,881,8.81899555120617,2.91106083185878,0.0265265852725133,-800,-400,588,5,-1388,1576
"factor",82,200,"random",15,"plateau",1,882,882,3.99546270701103,3.43489505699836,0.0221651950338855,-800,-400,588,5,-1388,1576
"factor",83,200,"random",15,"plateau",1,883,883,5.51102827326395,1.6824228761252,-0.0276554495841265,-800,-400,588,5,-1388,1576
"factor",84,200,"random",15,"plateau",1,884,884,3.06809188309126,2.95351389050484,-0.015603949916549,-800,-400,588,5,-1388,1576
"factor",85,200,"random",15,"plateau",1,885,885,12.1368009136058,1.66041551693343,0.02311625930015,-800,-400,588,5,-1388,1576
"factor",86,200,"random",15,"plateau",1,886,886,10.6790084743407,2.81283738452476,0.0216451006382704,-800,-400,588,5,-1388,1576
"factor",87,200,"random",15,"plateau",1,887,887,6.2873276618775,2.2969579702476,-0.0251369289960712,-800,-400,588,5,-1388,1576
"factor",88,200,"random",15,"plateau",1,888,888,10.3745540045202,2.85064404981676,0.0016631761053577,-800,-400,588,5,-1388,1576
"factor",89,200,"random",15,"plateau",1,889,889,4.42134446068667,2.09955240401905,0.00184344610199332,-800,-400,588,5,-1388,1576
"factor",90,200,"random",15,"plateau",1,890,890,5.1071182093583,3.61188012722414,0.0121595806069672,-800,-400,588,5,-1388,1576
"factor",91,200,"random",15,"plateau",1,891,891,14.0766278854571,2.79320814064704,0.021965874270536,-800,-400,588,5,-1388,1576
"factor",92,200,"random",15,"plateau",1,892,892,4.00347548979335,3.25294701987877,-0.000336460070684552,-800,-400,588,5,-1388,1576
"factor",93,200,"random",15,"plateau",1,893,893,2.33648614468984,1.02017186162993,-0.0224384556524456,-800,-400,588,5,-1388,1576
"factor",94,200,"random",15,"plateau",1,894,894,2.65552559657954,1.56998491438571,-0.0158506833901629,-800,-400,588,5,-1388,1576
"factor",95,200,"random",15,"plateau",1,895,895,9.7294082317967,3.41904208355118,-0.0127357065165415,-800,-400,588,5,-1388,1576
"factor",96,200,"random",15,"plateau",1,896,896,11.7838664080482,2.77636060549412,0.01852557125967,-800,-400,588,5,-1388,1576
"factor",97,200,"random",15,"plateau",1,897,897,9.18412549654022,2.62287111231126,-0.00331377633847296,-800,-400,588,5,-1388,1576
"factor",98,200,"random",15,"plateau",1,898,898,4.93881383375265,2.29712538397871,-0.00833281824365258,-800,-400,588,5,-1388,1576
"factor",99,200,"random",15,"plateau",1,899,899,11.9697764257435,3.72523263492621,-0.00272883370053023,-800,-400,588,5,-1388,1576
"factor",100,200,"random",15,"plateau",1,900,900,11.9200069920626,3.86459856550209,0.00856343605555594,-800,-400,588,5,-1388,1576
"factor",1,200,"random",30,"plateau",1,901,901,6.28397037950344,2.99242921103723,-0.0266153028421104,-800,-400,588,5,-1388,1576
"factor",2,200,"random",30,"plateau",1,902,902,14.7007222452667,0.835565055138431,-0.000887784487567843,-800,-400,588,5,-1388,1576
"factor",3,200,"random",30,"plateau",1,903,903,14.2949767126702,2.50258563202806,-0.0174800628237426,-800,-400,588,5,-1388,1576
"factor",4,200,"random",30,"plateau",1,904,904,13.841319471132,2.61317537922878,-0.0185313116339967,-800,-400,588,5,-1388,1576
"factor",5,200,"random",30,"plateau",1,905,905,14.8352458954323,1.24361589772161,0.0138628943357617,-800,-400,588,5,-1388,1576
"factor",6,200,"random",30,"plateau",1,906,906,4.65388312144205,1.2419263048796,-0.0293517487077042,-800,-400,588,5,-1388,1576
"factor",7,200,"random",30,"plateau",1,907,907,8.38425713428296,1.26430221402552,0.0266972619993612,-800,-400,588,5,-1388,1576
"factor",8,200,"random",30,"plateau",1,908,908,13.3429790763184,0.63967440801207,-0.0108232329692692,-800,-400,588,5,-1388,1576
"factor",9,200,"random",30,"plateau",1,909,909,13.5580903189257,3.85394010588061,0.0271994211198762,-800,-400,588,5,-1388,1576
"factor",10,200,"random",30,"plateau",1,910,910,5.26549571240321,1.60639933100902,0.00457760461606085,-800,-400,588,5,-1388,1576
"factor",11,200,"random",30,"plateau",1,911,911,7.0564067682717,1.79592217796016,-0.00860977398231625,-800,-400,588,5,-1388,1576
"factor",12,200,"random",30,"plateau",1,912,912,9.97476536245085,1.04856501496397,-0.00715242199134081,-800,-400,588,5,-1388,1576
"factor",13,200,"random",30,"plateau",1,913,913,6.68933429638855,3.12424607062712,0.00170563333667815,-800,-400,588,5,-1388,1576
"factor",14,200,"random",30,"plateau",1,914,914,9.34593012533151,2.32262999669183,-0.0181395055772737,-800,-400,588,5,-1388,1576
"factor",15,200,"random",30,"plateau",1,915,915,5.27838568738662,3.68717882945202,0.0266321671754122,-800,-400,588,5,-1388,1576
"factor",16,200,"random",30,"plateau",1,916,916,11.1868145212065,2.785497999168,-0.0264229026669636,-800,-400,588,5,-1388,1576
"factor",17,200,"random",30,"plateau",1,917,917,5.15408391365781,2.43309257761575,0.0237873727781698,-800,-400,588,5,-1388,1576
"factor",18,200,"random",30,"plateau",1,918,918,8.54647223325446,2.38943641434889,0.000636261608451604,-800,-400,588,5,-1388,1576
"factor",19,200,"random",30,"plateau",1,919,919,12.6841294346377,2.67465936217923,0.0050187411904335,-800,-400,588,5,-1388,1576
"factor",20,200,"random",30,"plateau",1,920,920,9.99035229044966,2.24180658184923,0.00171692859381437,-800,-400,588,5,-1388,1576
"factor",21,200,"random",30,"plateau",1,921,921,10.5399013978895,2.54126993613318,-0.0142057610861957,-800,-400,588,5,-1388,1576
"factor",22,200,"random",30,"plateau",1,922,922,11.5724109446164,3.14065024489537,0.0243100084271282,-800,-400,588,5,-1388,1576
"factor",23,200,"random",30,"plateau",1,923,923,9.6388180302456,1.60335085832048,-0.0153845155192539,-800,-400,588,5,-1388,1576
"factor",24,200,"random",30,"plateau",1,924,924,2.21978446794674,1.60214707243722,0.00304753325879574,-800,-400,588,5,-1388,1576
"factor",25,200,"random",30,"plateau",1,925,925,11.9371493039653,2.73120559472591,0.0176236531650647,-800,-400,588,5,-1388,1576
"factor",26,200,"random",30,"plateau",1,926,926,7.10096548683941,0.51227274525445,0.0257430526055396,-800,-400,588,5,-1388,1576
"factor",27,200,"random",30,"plateau",1,927,927,2.76988287572749,3.88443076284602,0.0153687553899363,-800,-400,588,5,-1388,1576
"factor",28,200,"random",30,"plateau",1,928,928,10.4208304311614,3.54498022748157,0.000571177038364113,-800,-400,588,5,-1388,1576
"factor",29,200,"random",30,"plateau",1,929,929,4.0529522956349,3.08099581673741,0.00888843131717294,-800,-400,588,5,-1388,1576
"factor",30,200,"random",30,"plateau",1,930,930,9.56802515126765,2.08984237012919,-0.0107875383971259,-800,-400,588,5,-1388,1576
"factor",31,200,"random",30,"plateau",1,931,931,5.83994950144552,1.13435730559286,0.0244164344854653,-800,-400,588,5,-1388,1576
"factor",32,200,"random",30,"plateau",1,932,932,9.17270640935749,3.19320368859917,0.007453284105286,-800,-400,588,5,-1388,1576
"factor",33,200,"random",30,"plateau",1,933,933,5.94911130238324,2.6763374338625,-0.00713942527770996,-800,-400,588,5,-1388,1576
"factor",34,200,"random",30,"plateau",1,934,934,14.4552585592028,2.9691953031579,-0.00145045673009008,-800,-400,588,5,-1388,1576
"factor",35,200,"random",30,"plateau",1,935,935,11.8323096984532,3.25170535221696,-0.0281848984910175,-800,-400,588,5,-1388,1576
"factor",36,200,"random",30,"plateau",1,936,936,7.81854241131805,2.05299062619451,-0.00214748963713646,-800,-400,588,5,-1388,1576
"factor",37,200,"random",30,"plateau",1,937,937,13.8672977641691,2.28200692473911,0.000804577516391874,-800,-400,588,5,-1388,1576
"factor",38,200,"random",30,"plateau",1,938,938,8.96706300717779,3.11338749015704,-0.0245940156234428,-800,-400,588,5,-1388,1576
"factor",39,200,"random",30,"plateau",1,939,939,11.3091861449648,1.46584811946377,0.0175530677754432,-800,-400,588,5,-1388,1576
"factor",40,200,"random",30,"plateau",1,940,940,7.86546710552648,0.847316800034605,-0.00822640601545572,-800,-400,588,5,-1388,1576
"factor",41,200,"random",30,"plateau",1,941,941,9.54734764178284,2.65633528027683,-0.0197488674055785,-800,-400,588,5,-1388,1576
"factor",42,200,"random",30,"plateau",1,942,942,14.8773110164329,2.89944667916279,-0.0264019523793831,-800,-400,588,5,-1388,1576
"factor",43,200,"random",30,"plateau",1,943,943,9.9679620640818,1.54514319694135,-0.00567926099058241,-800,-400,588,5,-1388,1576
"factor",44,200,"random",30,"plateau",1,944,944,5.46907430537976,3.64313606522046,-0.0104239122848958,-800,-400,588,5,-1388,1576
"factor",45,200,"random",30,"plateau",1,945,945,5.15719080111012,1.41315619042143,0.00950096388347447,-800,-400,588,5,-1388,1576
"factor",46,200,"random",30,"plateau",1,946,946,13.2252158559859,3.7798682122957,0.0192315470427275,-800,-400,588,5,-1388,1576
"factor",47,200,"random",30,"plateau",1,947,947,12.9312610591296,3.67808049020823,0.0172435372509062,-800,-400,588,5,-1388,1576
"factor",48,200,"random",30,"plateau",1,948,948,13.3416047706269,1.61393438640516,-0.0299928551120684,-800,-400,588,5,-1388,1576
"factor",49,200,"random",30,"plateau",1,949,949,13.7210747180507,3.37012179300655,-0.00213678552769124,-800,-400,588,5,-1388,1576
"factor",50,200,"random",30,"plateau",1,950,950,4.98263115016744,1.8458494648803,-0.015915243672207,-800,-400,588,5,-1388,1576
"factor",51,200,"random",30,"plateau",1,951,951,5.18904225132428,3.2167826917721,-0.0267487071314827,-800,-400,588,5,-1388,1576
"factor",52,200,"random",30,"plateau",1,952,952,13.597080076579,3.5003210331779,-0.00795832662843168,-800,-400,588,5,-1388,1576
"factor",53,200,"random",30,"plateau",1,953,953,10.6565716564655,1.13365473819431,0.0254448019713163,-800,-400,588,5,-1388,1576
"factor",54,200,"random",30,"plateau",1,954,954,11.3896028473973,1.52831003349274,-0.0233310984866694,-800,-400,588,5,-1388,1576
"factor",55,200,"random",30,"plateau",1,955,955,7.09426818997599,3.56460624921601,0.00663780410774052,-800,-400,588,5,-1388,1576
"factor",56,200,"random",30,"plateau",1,956,956,12.9607305401005,2.97470713290386,-0.0249539618007839,-800,-400,588,5,-1388,1576
"factor",57,200,"random",30,"plateau",1,957,957,3.06266457028687,2.81221621495206,-0.0130136796366423,-800,-400,588,5,-1388,1576
"factor",58,200,"random",30,"plateau",1,958,958,2.51740579819307,1.92163217393681,0.027852049455978,-800,-400,588,5,-1388,1576
"factor",59,200,"random",30,"plateau",1,959,959,6.13284289394505,1.66327624802943,-0.00156305418815464,-800,-400,588,5,-1388,1576
"factor",60,200,"random",30,"plateau",1,960,960,4.85523485345766,1.36469511478208,0.015795189156197,-800,-400,588,5,-1388,1576
"factor",61,200,"random",30,"plateau",1,961,961,13.6104698425625,3.7190523709869,-0.0174574570963159,-800,-400,588,5,-1388,1576
"factor",62,200,"random",30,"plateau",1,962,962,6.54318926297128,2.33116062183399,-0.022163150254637,-800,-400,588,5,-1388,1576
"factor",63,200,"random",30,"plateau",1,963,963,2.08317028684542,3.38751572347246,0.0141516851400956,-800,-400,588,5,-1388,1576
"factor",64,200,"random",30,"plateau",1,964,964,9.47107248031534,2.03818785387557,0.00479696659371256,-800,-400,588,5,-1388,1576
"factor",65,200,"random",30,"plateau",1,965,965,9.74599738419056,3.35611624852754,0.0291210914868861,-800,-400,588,5,-1388,1576
"factor",66,200,"random",30,"plateau",1,966,966,8.17894931929186,1.68429250561167,-0.0120589800411835,-800,-400,588,5,-1388,1576
"factor",67,200,"random",30,"plateau",1,967,967,14.7727849176154,1.06806760758627,0.0189793494204059,-800,-400,588,5,-1388,1576
"factor",68,200,"random",30,"plateau",1,968,968,7.73323657293804,1.47566270676907,-0.0208510781312361,-800,-400,588,5,-1388,1576
"factor",69,200,"random",30,"plateau",1,969,969,5.03628320340067,0.865592324873433,0.0247160024335608,-800,-400,588,5,-1388,1576
"factor",70,200,"random",30,"plateau",1,970,970,11.4308330987114,3.15490164526273,0.0117862306348979,-800,-400,588,5,-1388,1576
"factor",71,200,"random",30,"plateau",1,971,971,5.78389570792206,2.19488459464628,0.00754550498910248,-800,-400,588,5,-1388,1576
"factor",72,200,"random",30,"plateau",1,972,972,12.6548208158929,3.86886671558022,0.0155639383709058,-800,-400,588,5,-1388,1576
"factor",73,200,"random",30,"plateau",1,973,973,2.70305420667864,1.52695765823592,-0.0282433922868222,-800,-400,588,5,-1388,1576
"factor",74,200,"random",30,"plateau",1,974,974,14.3786393355113,1.71372422238346,-0.0211599132791162,-800,-400,588,5,-1388,1576
"factor",75,200,"random",30,"plateau",1,975,975,3.86720090638846,1.27339775813743,0.00333184784743935,-800,-400,588,5,-1388,1576
"factor",76,200,"random",30,"plateau",1,976,976,11.4504515889566,0.912878439528868,0.0291674808925018,-800,-400,588,5,-1388,1576
"factor",77,200,"random",30,"plateau",1,977,977,13.3267612182535,0.593171618063934,0.0100639504473656,-800,-400,588,5,-1388,1576
"factor",78,200,"random",30,"plateau",1,978,978,3.59400037257001,1.1419864941854,-0.0217425227584317,-800,-400,588,5,-1388,1576
"factor",79,200,"random",30,"plateau",1,979,979,7.8354770091828,3.89920196484309,0.000116916694678365,-800,-400,588,5,-1388,1576
"factor",80,200,"random",30,"plateau",1,980,980,3.10494302306324,2.52399059874006,0.0181208670465276,-800,-400,588,5,-1388,1576
"factor",81,200,"random",30,"plateau",1,981,981,6.81236899481155,2.94174963841215,-0.00352740832138806,-800,-400,588,5,-1388,1576
"factor",82,200,"random",30,"plateau",1,982,982,13.8157630986534,2.27194500574842,-0.000133591303601861,-800,-400,588,5,-1388,1576
"factor",83,200,"random",30,"plateau",1,983,983,8.23929673223756,1.39287666685414,-0.0185764712747186,-800,-400,588,5,-1388,1576
"factor",84,200,"random",30,"plateau",1,984,984,6.51047218777239,0.988880066084675,-0.0098452874366194,-800,-400,588,5,-1388,1576
"factor",85,200,"random",30,"plateau",1,985,985,4.79667939292267,3.81165425153449,0.0161267960211262,-800,-400,588,5,-1388,1576
"factor",86,200,"random",30,"plateau",1,986,986,10.2962762466632,2.56361857929733,-0.00293723523616791,-800,-400,588,5,-1388,1576
"factor",87,200,"random",30,"plateau",1,987,987,3.0159507652279,1.96759113145526,-0.0185148980654776,-800,-400,588,5,-1388,1576
"factor",88,200,"random",30,"plateau",1,988,988,10.5207483142149,2.11069315345958,0.0251723092608154,-800,-400,588,5,-1388,1576
"factor",89,200,"random",30,"plateau",1,989,989,6.94160829088651,2.44174028374255,-0.0274444693559781,-800,-400,588,5,-1388,1576
"factor",90,200,"random",30,"plateau",1,990,990,11.7179018415045,2.68045756092761,0.023776781684719,-800,-400,588,5,-1388,1576
"factor",91,200,"random",30,"plateau",1,991,991,9.63095644512214,2.82668471720535,0.000648113326169552,-800,-400,588,5,-1388,1576
"factor",92,200,"random",30,"plateau",1,992,992,6.38300994923338,2.09365915285889,0.0003334203036502,-800,-400,588,5,-1388,1576
"factor",93,200,"random",30,"plateau",1,993,993,10.7147673033178,2.72538817638997,-0.0228918166458607,-800,-400,588,5,-1388,1576
"factor",94,200,"random",30,"plateau",1,994,994,6.82806754508056,0.750844064401463,0.019630634249188,-800,-400,588,5,-1388,1576
"factor",95,200,"random",30,"plateau",1,995,995,14.4349384086672,3.04850641067605,0.0228617506055161,-800,-400,588,5,-1388,1576
"factor",96,200,"random",30,"plateau",1,996,996,10.7006285772659,3.70659238775261,-0.0017033648584038,-800,-400,588,5,-1388,1576
"factor",97,200,"random",30,"plateau",1,997,997,3.36200766148977,2.57283439231105,0.0180459784157574,-800,-400,588,5,-1388,1576
"factor",98,200,"random",30,"plateau",1,998,998,4.81459166482091,3.70020744029898,0.019748551491648,-800,-400,588,5,-1388,1576
"factor",99,200,"random",30,"plateau",1,999,999,7.37749235099182,2.28233759454452,-0.0244925368158147,-800,-400,588,5,-1388,1576
"factor",100,200,"random",30,"plateau",1,1000,1000,7.3335769996047,2.30789475166239,-0.00309744268655777,-800,-400,588,5,-1388,1576
"factor",1,200,"random",50,"plateau",1,1001,1001,5.09676413144916,1.45701277931221,-0.00907135218847543,-800,-400,588,5,-1388,1576
"factor",2,200,"random",50,"plateau",1,1002,1002,5.64276259555481,3.7893326600315,0.0267191853560507,-800,-400,588,5,-1388,1576
"factor",3,200,"random",50,"plateau",1,1003,1003,13.2567821817938,0.633204282377847,-0.0125788265280426,-800,-400,588,5,-1388,1576
"factor",4,200,"random",50,"plateau",1,1004,1004,3.76901600160636,3.37308452930301,-0.027873970521614,-800,-400,588,5,-1388,1576
"factor",5,200,"random",50,"plateau",1,1005,1005,10.1617643677164,1.46677661500871,0.025957492464222,-800,-400,588,5,-1388,1576
"factor",6,200,"random",50,"plateau",1,1006,1006,9.33831582963467,1.05568907188717,0.0246346943546087,-800,-400,588,5,-1388,1576
"factor",7,200,"random",50,"plateau",1,1007,1007,14.894052277552,2.96134678879753,-0.018976974687539,-800,-400,588,5,-1388,1576
"factor",8,200,"random",50,"plateau",1,1008,1008,10.7602851507254,3.29869813285768,0.00488350795581937,-800,-400,588,5,-1388,1576
"factor",9,200,"random",50,"plateau",1,1009,1009,8.70573006547056,3.10856660234276,0.0122599114710465,-800,-400,588,5,-1388,1576
"factor",10,200,"random",50,"plateau",1,1010,1010,9.00898608053103,0.96323893032968,0.0215998896723613,-800,-400,588,5,-1388,1576
"factor",11,200,"random",50,"plateau",1,1011,1011,2.86045027640648,2.62792741868179,-0.00710412992164492,-800,-400,588,5,-1388,1576
"factor",12,200,"random",50,"plateau",1,1012,1012,10.2008053690661,1.78760144521948,0.0279862825758755,-800,-400,588,5,-1388,1576
"factor",13,200,"random",50,"plateau",1,1013,1013,5.23621111735702,1.2275283515919,-0.0255940428888425,-800,-400,588,5,-1388,1576
"factor",14,200,"random",50,"plateau",1,1014,1014,8.0319441545289,2.90415639732964,0.0217661381140351,-800,-400,588,5,-1388,1576
"factor",15,200,"random",50,"plateau",1,1015,1015,3.77198849921115,3.55362221458927,0.0296638283366337,-800,-400,588,5,-1388,1576
"factor",16,200,"random",50,"plateau",1,1016,1016,7.59478256455623,3.68376839859411,0.0289830204891041,-800,-400,588,5,-1388,1576
"factor",17,200,"random",50,"plateau",1,1017,1017,8.93680243613198,3.79565768083557,-0.0299327114643529,-800,-400,588,5,-1388,1576
"factor",18,200,"random",50,"plateau",1,1018,1018,2.75560800428502,1.2754898784915,0.0149834236688912,-800,-400,588,5,-1388,1576
"factor",19,200,"random",50,"plateau",1,1019,1019,14.8569383327849,1.39641232369468,-0.00728908403310925,-800,-400,588,5,-1388,1576
"factor",20,200,"random",50,"plateau",1,1020,1020,13.533156743506,2.57577215170022,-0.0283676028437912,-800,-400,588,5,-1388,1576
"factor",21,200,"random",50,"plateau",1,1021,1021,3.61204895027913,3.73127179930452,0.0239114316925406,-800,-400,588,5,-1388,1576
"factor",22,200,"random",50,"plateau",1,1022,1022,14.0584259005263,3.59369556233287,-0.012405339544639,-800,-400,588,5,-1388,1576
"factor",23,200,"random",50,"plateau",1,1023,1023,4.4674277685117,2.96329099452123,-0.0040075143892318,-800,-400,588,5,-1388,1576
"factor",24,200,"random",50,"plateau",1,1024,1024,12.4845171037596,2.30250016425271,0.0214934270270169,-800,-400,588,5,-1388,1576
"factor",25,200,"random",50,"plateau",1,1025,1025,9.77627804712392,0.56703509693034,0.0239465113822371,-800,-400,588,5,-1388,1576
"factor",26,200,"random",50,"plateau",1,1026,1026,11.3907181075774,0.626314843771979,-0.0122323158429936,-800,-400,588,5,-1388,1576
"factor",27,200,"random",50,"plateau",1,1027,1027,7.42289048247039,2.39922690566164,0.0126125956373289,-800,-400,588,5,-1388,1576
"factor",28,200,"random",50,"plateau",1,1028,1028,8.92903642216697,3.38389997184277,0.00965591019485146,-800,-400,588,5,-1388,1576
"factor",29,200,"random",50,"plateau",1,1029,1029,4.66474088584073,0.716969007160515,0.0176376514602452,-800,-400,588,5,-1388,1576
"factor",30,200,"random",50,"plateau",1,1030,1030,6.46188947395422,3.06359524722211,-0.0118180956691504,-800,-400,588,5,-1388,1576
"factor",31,200,"random",50,"plateau",1,1031,1031,9.57585438597016,2.21338717383333,-0.00201918940991163,-800,-400,588,5,-1388,1576
"factor",32,200,"random",50,"plateau",1,1032,1032,9.49872645130381,3.38800786715001,0.0108996316418052,-800,-400,588,5,-1388,1576
"factor",33,200,"random",50,"plateau",1,1033,1033,11.7597246763762,1.53233119496144,-0.00919979337137192,-800,-400,588,5,-1388,1576
"factor",34,200,"random",50,"plateau",1,1034,1034,5.77107708062977,2.17743204464205,-4.85899765044449e-05,-800,-400,588,5,-1388,1576
"factor",35,200,"random",50,"plateau",1,1035,1035,14.8812959508505,1.20538084057625,-0.0153630958870053,-800,-400,588,5,-1388,1576
"factor",36,200,"random",50,"plateau",1,1036,1036,11.8685182249174,3.61120076512452,-0.00116024677176028,-800,-400,588,5,-1388,1576
"factor",37,200,"random",50,"plateau",1,1037,1037,10.7712016501464,3.51243554300163,-0.0161530246306211,-800,-400,588,5,-1388,1576
"factor",38,200,"random",50,"plateau",1,1038,1038,10.5093164902646,2.48652014380787,0.0139678627531976,-800,-400,588,5,-1388,1576
"factor",39,200,"random",50,"plateau",1,1039,1039,8.25227094907314,2.46895854861941,0.012071009692736,-800,-400,588,5,-1388,1576
"factor",40,200,"random",50,"plateau",1,1040,1040,8.55189042026177,2.31711031123996,0.0258293366711587,-800,-400,588,5,-1388,1576
"factor",41,200,"random",50,"plateau",1,1041,1041,8.85373824159615,0.52655345457606,0.0184374309377745,-800,-400,588,5,-1388,1576
"factor",42,200,"random",50,"plateau",1,1042,1042,7.1890009616036,2.13434681599028,-0.0100530666718259,-800,-400,588,5,-1388,1576
"factor",43,200,"random",50,"plateau",1,1043,1043,2.89292427245528,1.68490850785747,0.0185632132552564,-800,-400,588,5,-1388,1576
"factor",44,200,"random",50,"plateau",1,1044,1044,10.0417666649446,3.96346815687139,-0.0230324773443863,-800,-400,588,5,-1388,1576
"factor",45,200,"random",50,"plateau",1,1045,1045,4.44629074865952,2.97826056857593,0.00996426869183779,-800,-400,588,5,-1388,1576
"factor",46,200,"random",50,"plateau",1,1046,1046,11.9494127014186,3.28832847392187,0.0225611149845645,-800,-400,588,5,-1388,1576
"factor",47,200,"random",50,"plateau",1,1047,1047,14.6427307862323,2.88764707720838,-0.012988887433894,-800,-400,588,5,-1388,1576
"factor",48,200,"random",50,"plateau",1,1048,1048,13.9793790543918,0.5272017972311,-0.0252070271037519,-800,-400,588,5,-1388,1576
"factor",49,200,"random",50,"plateau",1,1049,1049,5.25217828387395,1.80531357740983,-0.00979706594254821,-800,-400,588,5,-1388,1576
"factor",50,200,"random",50,"plateau",1,1050,1050,3.10262360563502,1.63693563255947,0.00788464911282063,-800,-400,588,5,-1388,1576
"factor",51,200,"random",50,"plateau",1,1051,1051,11.3214919781312,3.14288315514568,-0.00495845971629023,-800,-400,588,5,-1388,1576
"factor",52,200,"random",50,"plateau",1,1052,1052,5.56724851042964,3.22121053107549,0.0168637290922925,-800,-400,588,5,-1388,1576
"factor",53,200,"random",50,"plateau",1,1053,1053,8.49923025188036,3.50223220745102,-0.00503567622508854,-800,-400,588,5,-1388,1576
"factor",54,200,"random",50,"plateau",1,1054,1054,14.4329595181625,1.42873177106958,0.00569029143545777,-800,-400,588,5,-1388,1576
"factor",55,200,"random",50,"plateau",1,1055,1055,5.61344026541337,2.20020684192423,-0.0215792535524815,-800,-400,588,5,-1388,1576
"factor",56,200,"random",50,"plateau",1,1056,1056,7.65357209951617,1.21275315491948,0.0281371120316908,-800,-400,588,5,-1388,1576
"factor",57,200,"random",50,"plateau",1,1057,1057,7.11062095849775,2.54211630532518,-0.0261893586628139,-800,-400,588,5,-1388,1576
"factor",58,200,"random",50,"plateau",1,1058,1058,14.2942199374083,1.26427850674372,-0.0024576349882409,-800,-400,588,5,-1388,1576
"factor",59,200,"random",50,"plateau",1,1059,1059,13.9167321766727,2.8689345974708,-0.0128518374636769,-800,-400,588,5,-1388,1576
"factor",60,200,"random",50,"plateau",1,1060,1060,4.75911370152608,2.7357318487484,0.0226083453465253,-800,-400,588,5,-1388,1576
"factor",61,200,"random",50,"plateau",1,1061,1061,7.44580317055807,3.63332399516366,-0.00257379006128758,-800,-400,588,5,-1388,1576
"factor",62,200,"random",50,"plateau",1,1062,1062,13.4539658278227,1.5450333832996,0.0255448246607557,-800,-400,588,5,-1388,1576
"factor",63,200,"random",50,"plateau",1,1063,1063,12.3951768579427,2.34045405476354,-0.0112236119247973,-800,-400,588,5,-1388,1576
"factor",64,200,"random",50,"plateau",1,1064,1064,4.53509867144749,2.23643775691744,-0.000866458830423654,-800,-400,588,5,-1388,1576
"factor",65,200,"random",50,"plateau",1,1065,1065,12.7678486313671,3.2859018977033,0.0146204851102084,-800,-400,588,5,-1388,1576
"factor",66,200,"random",50,"plateau",1,1066,1066,4.49884199770167,2.06399929057807,0.0131364274537191,-800,-400,588,5,-1388,1576
"factor",67,200,"random",50,"plateau",1,1067,1067,3.76845684298314,3.55881307600066,-0.00320650845766067,-800,-400,588,5,-1388,1576
"factor",68,200,"random",50,"plateau",1,1068,1068,10.0109421287198,2.03930149960797,-0.0168738063890487,-800,-400,588,5,-1388,1576
"factor",69,200,"random",50,"plateau",1,1069,1069,7.83586222678423,3.31318190891761,-0.0150006659701467,-800,-400,588,5,-1388,1576
"factor",70,200,"random",50,"plateau",1,1070,1070,7.09236490284093,1.54599037778098,0.0236421720916405,-800,-400,588,5,-1388,1576
"factor",71,200,"random",50,"plateau",1,1071,1071,12.4909542019013,3.55247482599225,-0.00579559011384845,-800,-400,588,5,-1388,1576
"factor",72,200,"random",50,"plateau",1,1072,1072,3.72883410006762,1.25395669590216,0.0158493319759145,-800,-400,588,5,-1388,1576
"factor",73,200,"random",50,"plateau",1,1073,1073,4.52595481346361,2.37948128569406,0.0217263128701597,-800,-400,588,5,-1388,1576
"factor",74,200,"random",50,"plateau",1,1074,1074,3.74640763690695,3.77980318269692,-0.0271728418953717,-800,-400,588,5,-1388,1576
"factor",75,200,"random",50,"plateau",1,1075,1075,3.59545000921935,1.955217948067,-0.00509945292491466,-800,-400,588,5,-1388,1576
"factor",76,200,"random",50,"plateau",1,1076,1076,10.0726061777677,3.34318295167759,0.00298677196260542,-800,-400,588,5,-1388,1576
"factor",77,200,"random",50,"plateau",1,1077,1077,11.6037493252661,2.39907273824792,0.00182281721848995,-800,-400,588,5,-1388,1576
"factor",78,200,"random",50,"plateau",1,1078,1078,3.80451107537374,2.43788698338903,0.0117089518904686,-800,-400,588,5,-1388,1576
"factor",79,200,"random",50,"plateau",1,1079,1079,5.49545705132186,3.02429796825163,-0.0176646058447659,-800,-400,588,5,-1388,1576
"factor",80,200,"random",50,"plateau",1,1080,1080,12.9900061183143,2.44344788929448,0.0190394230233505,-800,-400,588,5,-1388,1576
"factor",81,200,"random",50,"plateau",1,1081,1081,14.6211434332654,0.873920360812917,0.0129774477845058,-800,-400,588,5,-1388,1576
"factor",82,200,"random",50,"plateau",1,1082,1082,13.7281356938183,2.56661169044673,0.00104943784419447,-800,-400,588,5,-1388,1576
"factor",83,200,"random",50,"plateau",1,1083,1083,2.01056680129841,1.1449447957566,-0.0209490984398872,-800,-400,588,5,-1388,1576
"factor",84,200,"random",50,"plateau",1,1084,1084,3.47848628135398,3.88670318387449,-0.0219177085720003,-800,-400,588,5,-1388,1576
"factor",85,200,"random",50,"plateau",1,1085,1085,10.0199979129247,3.19272615620866,-0.0253716665413231,-800,-400,588,5,-1388,1576
"factor",86,200,"random",50,"plateau",1,1086,1086,2.52080161171034,1.75592210015748,-0.0024346938310191,-800,-400,588,5,-1388,1576
"factor",87,200,"random",50,"plateau",1,1087,1087,14.0180913787335,3.52044484426733,-0.0215904352627695,-800,-400,588,5,-1388,1576
"factor",88,200,"random",50,"plateau",1,1088,1088,2.18295726692304,0.935540681006387,0.0279558705864474,-800,-400,588,5,-1388,1576
"factor",89,200,"random",50,"plateau",1,1089,1089,13.7548777873162,3.90636547550093,-0.0295824630372226,-800,-400,588,5,-1388,1576
"factor",90,200,"random",50,"plateau",1,1090,1090,12.1703034399543,2.35442669328768,-0.0208100372739136,-800,-400,588,5,-1388,1576
"factor",91,200,"random",50,"plateau",1,1091,1091,12.2916927526239,1.24762339319568,0.0193717952119187,-800,-400,588,5,-1388,1576
"factor",92,200,"random",50,"plateau",1,1092,1092,3.80515305628069,2.99750331335235,-0.0205452479375526,-800,-400,588,5,-1388,1576
"factor",93,200,"random",50,"plateau",1,1093,1093,13.8322449994739,3.77140743285418,-0.0112289231736213,-800,-400,588,5,-1388,1576
"factor",94,200,"random",50,"plateau",1,1094,1094,12.9878070009872,2.43334900285117,-0.0094078259775415,-800,-400,588,5,-1388,1576
"factor",95,200,"random",50,"plateau",1,1095,1095,5.21336237341166,2.30542117322329,-0.0022395751113072,-800,-400,588,5,-1388,1576
"factor",96,200,"random",50,"plateau",1,1096,1096,7.41677720332518,1.68738688935991,-0.0294834409095347,-800,-400,588,5,-1388,1576
"factor",97,200,"random",50,"plateau",1,1097,1097,4.52447873773053,0.639731786446646,0.0205781578319147,-800,-400,588,5,-1388,1576
"factor",98,200,"random",50,"plateau",1,1098,1098,3.17441488010809,3.32011931785382,-0.0240137003269047,-800,-400,588,5,-1388,1576
"factor",99,200,"random",50,"plateau",1,1099,1099,10.4212019857951,1.43113499856554,0.0169639599183574,-800,-400,588,5,-1388,1576
"factor",100,200,"random",50,"plateau",1,1100,1100,4.47620170935988,3.77619607560337,-0.0274799197772518,-800,-400,588,5,-1388,1576
"factor",1,200,"random",15,"steep",1,1101,1101,4.00179580738768,1.69844501290936,-0.0232772859279066,-1600,-1200,588,5,-2188,1576
"factor",2,200,"random",15,"steep",1,1102,1102,8.7445596056059,2.32479741692077,0.022210398260504,-1600,-1200,588,5,-2188,1576
"factor",3,200,"random",15,"steep",1,1103,1103,12.1024082300719,2.04157754860353,0.00430376737844199,-1600,-1200,588,5,-2188,1576
"factor",4,200,"random",15,"steep",1,1104,1104,14.7159468957689,3.89066568179987,0.0201793994056061,-1600,-1200,588,5,-2188,1576
"factor",5,200,"random",15,"steep",1,1105,1105,4.24885926232673,2.9481295782607,0.018616762845777,-1600,-1200,588,5,-2188,1576
"factor",6,200,"random",15,"steep",1,1106,1106,10.3890788350254,0.778659433824942,-0.0221960063092411,-1600,-1200,588,5,-2188,1576
"factor",7,200,"random",15,"steep",1,1107,1107,11.303428481333,1.62206953705754,-0.00967889404390007,-1600,-1200,588,5,-2188,1576
"factor",8,200,"random",15,"steep",1,1108,1108,2.70483539276756,1.24321827269159,0.0112527671316639,-1600,-1200,588,5,-2188,1576
"factor",9,200,"random",15,"steep",1,1109,1109,13.6643656741362,1.7900015336927,-0.00917430591769516,-1600,-1200,588,5,-2188,1576
"factor",10,200,"random",15,"steep",1,1110,1110,5.99956135405228,3.54668734571896,-0.00843829607125372,-1600,-1200,588,5,-2188,1576
"factor",11,200,"random",15,"steep",1,1111,1111,5.06189219979569,2.42841122881509,-0.0297397389449179,-1600,-1200,588,5,-2188,1576
"factor",12,200,"random",15,"steep",1,1112,1112,3.50638907635584,1.49384108080994,0.00173714838456362,-1600,-1200,588,5,-2188,1576
"factor",13,200,"random",15,"steep",1,1113,1113,11.6504681669176,3.91534000018146,-0.0217591437650844,-1600,-1200,588,5,-2188,1576
"factor",14,200,"random",15,"steep",1,1114,1114,3.84690372622572,3.56601280195173,0.026154993083328,-1600,-1200,588,5,-2188,1576
"factor",15,200,"random",15,"steep",1,1115,1115,6.10001748660579,1.836899346672,-0.0150988818984479,-1600,-1200,588,5,-2188,1576
"factor",16,200,"random",15,"steep",1,1116,1116,12.0388948374894,1.38858423661441,-0.0285539384046569,-1600,-1200,588,5,-2188,1576
"factor",17,200,"random",15,"steep",1,1117,1117,4.59481379226781,0.96129466756247,0.0274701774632558,-1600,-1200,588,5,-2188,1576
"factor",18,200,"random",15,"steep",1,1118,1118,6.30425907555036,3.61557456059381,-0.00692003075033426,-1600,-1200,588,5,-2188,1576
"factor",19,200,"random",15,"steep",1,1119,1119,7.48648148821667,1.82003173057456,-0.0100668173795566,-1600,-1200,588,5,-2188,1576
"factor",20,200,"random",15,"steep",1,1120,1120,13.1714448707644,1.73181994608603,0.00803366200067103,-1600,-1200,588,5,-2188,1576
"factor",21,200,"random",15,"steep",1,1121,1121,13.2992581513245,3.95089140965138,0.012888985122554,-1600,-1200,588,5,-2188,1576
"factor",22,200,"random",15,"steep",1,1122,1122,9.74689310765825,2.20443384244572,-0.0285934634367004,-1600,-1200,588,5,-2188,1576
"factor",23,200,"random",15,"steep",1,1123,1123,7.3540609786287,0.896207482554018,-0.000546938502229751,-1600,-1200,588,5,-2188,1576
"factor",24,200,"random",15,"steep",1,1124,1124,8.76033139228821,2.73836347763427,0.00181760905310512,-1600,-1200,588,5,-2188,1576
"factor",25,200,"random",15,"steep",1,1125,1125,13.6811822298914,1.35691775323357,0.022786280689761,-1600,-1200,588,5,-2188,1576
"factor",26,200,"random",15,"steep",1,1126,1126,14.3617798991036,0.873458076966926,0.0191039953194559,-1600,-1200,588,5,-2188,1576
"factor",27,200,"random",15,"steep",1,1127,1127,14.3940228717402,2.66079035378061,-0.013459895295091,-1600,-1200,588,5,-2188,1576
"factor",28,200,"random",15,"steep",1,1128,1128,5.86416356451809,2.19121850212105,-0.00435544706415385,-1600,-1200,588,5,-2188,1576
"factor",29,200,"random",15,"steep",1,1129,1129,2.10667168116197,2.58196783694439,0.0243320227554068,-1600,-1200,588,5,-2188,1576
"factor",30,200,"random",15,"steep",1,1130,1130,10.1721154127736,2.28035352437291,0.0016518314788118,-1600,-1200,588,5,-2188,1576
"factor",31,200,"random",15,"steep",1,1131,1131,7.99494643276557,3.06054121686611,-0.00523384482599795,-1600,-1200,588,5,-2188,1576
"factor",32,200,"random",15,"steep",1,1132,1132,14.9958765804768,3.62475720606744,0.000719391047023236,-1600,-1200,588,5,-2188,1576
"factor",33,200,"random",15,"steep",1,1133,1133,9.10375090898015,2.85160961549263,-0.0279164967918769,-1600,-1200,588,5,-2188,1576
"factor",34,200,"random",15,"steep",1,1134,1134,6.69456556043588,1.01526728610042,0.00555318031925708,-1600,-1200,588,5,-2188,1576
"factor",35,200,"random",15,"steep",1,1135,1135,5.42622947809286,2.14223803963978,-0.00997253179550171,-1600,-1200,588,5,-2188,1576
"factor",36,200,"random",15,"steep",1,1136,1136,14.5203228984028,3.64957870566286,0.0139220273913816,-1600,-1200,588,5,-2188,1576
"factor",37,200,"random",15,"steep",1,1137,1137,14.5176440305077,3.92536988679785,0.0096886936482042,-1600,-1200,588,5,-2188,1576
"factor",38,200,"random",15,"steep",1,1138,1138,2.73359471117146,2.11937583622057,-0.00356178916990757,-1600,-1200,588,5,-2188,1576
"factor",39,200,"random",15,"steep",1,1139,1139,13.9048665429,1.22323776630219,-0.0110457983706146,-1600,-1200,588,5,-2188,1576
"factor",40,200,"random",15,"steep",1,1140,1140,9.90970015153289,1.74723332596477,-0.0285223457124084,-1600,-1200,588,5,-2188,1576
"factor",41,200,"random",15,"steep",1,1141,1141,3.51827687537298,2.91478399804328,-0.0111786149209365,-1600,-1200,588,5,-2188,1576
"factor",42,200,"random",15,"steep",1,1142,1142,5.79751037107781,3.38042260857765,0.0260073388461024,-1600,-1200,588,5,-2188,1576
"factor",43,200,"random",15,"steep",1,1143,1143,7.76657978375442,0.630109651712701,-0.0138984390255064,-1600,-1200,588,5,-2188,1576
"factor",44,200,"random",15,"steep",1,1144,1144,2.83105360204354,2.66687098960392,-0.0168195035029203,-1600,-1200,588,5,-2188,1576
"factor",45,200,"random",15,"steep",1,1145,1145,14.8328293389641,2.69672366301529,0.00364848139230162,-1600,-1200,588,5,-2188,1576
"factor",46,200,"random",15,"steep",1,1146,1146,5.48528683022596,3.34015904355329,-0.011472305576317,-1600,-1200,588,5,-2188,1576
"factor",47,200,"random",15,"steep",1,1147,1147,13.295783335343,0.658549417741597,0.0187563377385959,-1600,-1200,588,5,-2188,1576
"factor",48,200,"random",15,"steep",1,1148,1148,14.8696559770033,3.81521152460482,-0.0105571717349812,-1600,-1200,588,5,-2188,1576
"factor",49,200,"random",15,"steep",1,1149,1149,9.6711310762912,0.625497459201142,0.0293254000972956,-1600,-1200,588,5,-2188,1576
"factor",50,200,"random",15,"steep",1,1150,1150,7.50937546463683,2.17455920728389,0.00529631027486175,-1600,-1200,588,5,-2188,1576
"factor",51,200,"random",15,"steep",1,1151,1151,12.2904193331487,1.10545995365828,-0.0185853968281299,-1600,-1200,588,5,-2188,1576
"factor",52,200,"random",15,"steep",1,1152,1152,5.71819848031737,0.639478853903711,-0.00277070512063801,-1600,-1200,588,5,-2188,1576
"factor",53,200,"random",15,"steep",1,1153,1153,11.3101072390564,1.48783214867581,0.00854523594025523,-1600,-1200,588,5,-2188,1576
"factor",54,200,"random",15,"steep",1,1154,1154,13.1015439892653,1.56665753561538,0.00923767425119877,-1600,-1200,588,5,-2188,1576
"factor",55,200,"random",15,"steep",1,1155,1155,8.70730791427195,3.36936490389053,0.00972763263154775,-1600,-1200,588,5,-2188,1576
"factor",56,200,"random",15,"steep",1,1156,1156,5.16751406015828,1.95072236389387,-0.0108323088241741,-1600,-1200,588,5,-2188,1576
"factor",57,200,"random",15,"steep",1,1157,1157,4.04730871203355,3.34506504191086,-0.016259321202524,-1600,-1200,588,5,-2188,1576
"factor",58,200,"random",15,"steep",1,1158,1158,9.71309693949297,2.36486770794727,0.00135806728620082,-1600,-1200,588,5,-2188,1576
"factor",59,200,"random",15,"steep",1,1159,1159,10.6453374763951,1.1566629151348,-0.00404042910318822,-1600,-1200,588,5,-2188,1576
"factor",60,200,"random",15,"steep",1,1160,1160,9.9342601201497,0.710944535559975,0.00648085604421794,-1600,-1200,588,5,-2188,1576
"factor",61,200,"random",15,"steep",1,1161,1161,6.54116976796649,0.829146280069835,-0.0205955345928669,-1600,-1200,588,5,-2188,1576
"factor",62,200,"random",15,"steep",1,1162,1162,6.38880743947811,1.33765726711135,0.0164220727980137,-1600,-1200,588,5,-2188,1576
"factor",63,200,"random",15,"steep",1,1163,1163,8.37571908696555,2.61680993647315,-0.00349916019011289,-1600,-1200,588,5,-2188,1576
"factor",64,200,"random",15,"steep",1,1164,1164,6.59379579708911,1.61897661036346,-0.0126102438429371,-1600,-1200,588,5,-2188,1576
"factor",65,200,"random",15,"steep",1,1165,1165,12.9516437856946,0.734550490160473,0.00361444951035082,-1600,-1200,588,5,-2188,1576
"factor",66,200,"random",15,"steep",1,1166,1166,14.3769029823598,1.94594330852851,0.00671314017847181,-1600,-1200,588,5,-2188,1576
"factor",67,200,"random",15,"steep",1,1167,1167,14.6206305362284,0.566254749894142,-0.0245340802380815,-1600,-1200,588,5,-2188,1576
"factor",68,200,"random",15,"steep",1,1168,1168,7.67208554805256,1.42010613018647,0.0102344405092299,-1600,-1200,588,5,-2188,1576
"factor",69,200,"random",15,"steep",1,1169,1169,4.11742033436894,1.32727234088816,-0.024840316073969,-1600,-1200,588,5,-2188,1576
"factor",70,200,"random",15,"steep",1,1170,1170,14.8074584789574,1.56576101784594,-0.000884998398832978,-1600,-1200,588,5,-2188,1576
"factor",71,200,"random",15,"steep",1,1171,1171,10.7220582037698,2.37965068453923,-0.00204491060692817,-1600,-1200,588,5,-2188,1576
"factor",72,200,"random",15,"steep",1,1172,1172,7.45360252470709,3.8647491253214,-0.00613130413927138,-1600,-1200,588,5,-2188,1576
"factor",73,200,"random",15,"steep",1,1173,1173,11.0511676261667,3.99020938808098,0.0151787055982277,-1600,-1200,588,5,-2188,1576
"factor",74,200,"random",15,"steep",1,1174,1174,7.22746280930005,1.99874698172789,0.0214459634386003,-1600,-1200,588,5,-2188,1576
"factor",75,200,"random",15,"steep",1,1175,1175,4.07068651309237,3.7556629977189,0.0127757326746359,-1600,-1200,588,5,-2188,1576
"factor",76,200,"random",15,"steep",1,1176,1176,5.51399640017189,0.841262927395292,0.00669997530989349,-1600,-1200,588,5,-2188,1576
"factor",77,200,"random",15,"steep",1,1177,1177,5.38998515368439,3.23120845621452,0.00842362843919545,-1600,-1200,588,5,-2188,1576
"factor",78,200,"random",15,"steep",1,1178,1178,2.02536042663269,0.996983340824954,-0.0298107514902949,-1600,-1200,588,5,-2188,1576
"factor",79,200,"random",15,"steep",1,1179,1179,3.2700455756858,2.24620477482677,0.00624216627795249,-1600,-1200,588,5,-2188,1576
"factor",80,200,"random",15,"steep",1,1180,1180,2.37368210963905,2.28515351552051,-0.00399950141552836,-1600,-1200,588,5,-2188,1576
"factor",81,200,"random",15,"steep",1,1181,1181,5.41192712332122,0.60875112330541,0.0207978140003979,-1600,-1200,588,5,-2188,1576
"factor",82,200,"random",15,"steep",1,1182,1182,8.00185859296471,3.89132602477912,-0.0100898351194337,-1600,-1200,588,5,-2188,1576
"factor",83,200,"random",15,"steep",1,1183,1183,6.1554324682802,1.64150429761503,-0.000643905149772764,-1600,-1200,588,5,-2188,1576
"factor",84,200,"random",15,"steep",1,1184,1184,4.98834185302258,3.05038892792072,0.00493029051460326,-1600,-1200,588,5,-2188,1576
"factor",85,200,"random",15,"steep",1,1185,1185,5.90386886638589,2.34441279433668,0.0273836096702144,-1600,-1200,588,5,-2188,1576
"factor",86,200,"random",15,"steep",1,1186,1186,14.2309072185308,0.849753227666952,0.00887680061627179,-1600,-1200,588,5,-2188,1576
"factor",87,200,"random",15,"steep",1,1187,1187,4.89500667224638,3.5438065630151,0.0199559173732996,-1600,-1200,588,5,-2188,1576
"factor",88,200,"random",15,"steep",1,1188,1188,10.204564870568,2.17663217813242,0.00927579901646822,-1600,-1200,588,5,-2188,1576
"factor",89,200,"random",15,"steep",1,1189,1189,11.2612948457245,1.15148439141922,-0.0224445773055777,-1600,-1200,588,5,-2188,1576
"factor",90,200,"random",15,"steep",1,1190,1190,6.00023700809106,1.26837452885229,0.0158447713404894,-1600,-1200,588,5,-2188,1576
"factor",91,200,"random",15,"steep",1,1191,1191,3.56176287843846,3.38869932817761,-0.00985797945410013,-1600,-1200,588,5,-2188,1576
"factor",92,200,"random",15,"steep",1,1192,1192,13.0435819961131,0.940325703122653,-0.0218082222249359,-1600,-1200,588,5,-2188,1576
"factor",93,200,"random",15,"steep",1,1193,1193,2.60905197402462,1.45786905940622,0.0244149915548041,-1600,-1200,588,5,-2188,1576
"factor",94,200,"random",15,"steep",1,1194,1194,5.05344758066349,2.37323288409971,-0.0265138896508142,-1600,-1200,588,5,-2188,1576
"factor",95,200,"random",15,"steep",1,1195,1195,8.48835454764776,3.56683677341789,-0.0236944523267448,-1600,-1200,588,5,-2188,1576
"factor",96,200,"random",15,"steep",1,1196,1196,9.37111834227107,3.97432782442775,-0.00347314044367522,-1600,-1200,588,5,-2188,1576
"factor",97,200,"random",15,"steep",1,1197,1197,13.1600005279761,3.87037059757859,-0.000749556147493422,-1600,-1200,588,5,-2188,1576
"factor",98,200,"random",15,"steep",1,1198,1198,11.6151735065505,3.7257536255056,-0.00680329071823508,-1600,-1200,588,5,-2188,1576
"factor",99,200,"random",15,"steep",1,1199,1199,2.66010261815973,0.830801007919945,-0.0270118261082098,-1600,-1200,588,5,-2188,1576
"factor",100,200,"random",15,"steep",1,1200,1200,8.71594007685781,0.78516088204924,0.0160133236600086,-1600,-1200,588,5,-2188,1576
"factor",1,200,"random",30,"steep",1,1201,1201,14.5575398723595,3.11101184482686,0.0282300955289975,-1600,-1200,588,5,-2188,1576
"factor",2,200,"random",30,"steep",1,1202,1202,7.31471698870882,2.79283177328762,0.0237487015686929,-1600,-1200,588,5,-2188,1576
"factor",3,200,"random",30,"steep",1,1203,1203,8.17960804444738,1.9502557903761,-0.0150999903073534,-1600,-1200,588,5,-2188,1576
"factor",4,200,"random",30,"steep",1,1204,1204,7.11354312952608,3.05085181316826,-0.00288639263715595,-1600,-1200,588,5,-2188,1576
"factor",5,200,"random",30,"steep",1,1205,1205,12.1118669931311,3.18015884887427,0.00109726614318788,-1600,-1200,588,5,-2188,1576
"factor",6,200,"random",30,"steep",1,1206,1206,6.58191031962633,3.36100236722268,-0.0275487614097074,-1600,-1200,588,5,-2188,1576
"factor",7,200,"random",30,"steep",1,1207,1207,7.43370220321231,3.92901016143151,-0.01671575861983,-1600,-1200,588,5,-2188,1576
"factor",8,200,"random",30,"steep",1,1208,1208,14.0730936231557,2.84395541006234,0.0246181584522128,-1600,-1200,588,5,-2188,1576
"factor",9,200,"random",30,"steep",1,1209,1209,2.83183704339899,3.71189253882039,0.00476522734388709,-1600,-1200,588,5,-2188,1576
"factor",10,200,"random",30,"steep",1,1210,1210,8.57226241379976,3.7732620126335,0.00963991334661841,-1600,-1200,588,5,-2188,1576
"factor",11,200,"random",30,"steep",1,1211,1211,9.49386899382807,2.40475713845808,0.00629725366830826,-1600,-1200,588,5,-2188,1576
"factor",12,200,"random",30,"steep",1,1212,1212,4.32712253089994,0.857330883154646,-0.00439692660234868,-1600,-1200,588,5,-2188,1576
"factor",13,200,"random",30,"steep",1,1213,1213,7.76333445659839,3.90766063693445,0.00366334840189666,-1600,-1200,588,5,-2188,1576
"factor",14,200,"random",30,"steep",1,1214,1214,5.8712053836789,3.25800096953753,0.0153518164716661,-1600,-1200,588,5,-2188,1576
"factor",15,200,"random",30,"steep",1,1215,1215,2.28614231548272,1.09886210272089,-0.00675797661300748,-1600,-1200,588,5,-2188,1576
"factor",16,200,"random",30,"steep",1,1216,1216,4.0062203570269,1.77904123486951,0.0006044503999874,-1600,-1200,588,5,-2188,1576
"factor",17,200,"random",30,"steep",1,1217,1217,14.0528114407789,3.13490200322121,-0.0232679745275527,-1600,-1200,588,5,-2188,1576
"factor",18,200,"random",30,"steep",1,1218,1218,10.6896463206504,1.57033257582225,0.0294885430438444,-1600,-1200,588,5,-2188,1576
"factor",19,200,"random",30,"steep",1,1219,1219,12.1596255309414,2.0402632181067,0.0182655505975708,-1600,-1200,588,5,-2188,1576
"factor",20,200,"random",30,"steep",1,1220,1220,7.00829071714543,3.50828513724264,-0.0131532952236012,-1600,-1200,588,5,-2188,1576
"factor",21,200,"random",30,"steep",1,1221,1221,8.68640731764026,2.9692475036718,0.0294331089500338,-1600,-1200,588,5,-2188,1576
"factor",22,200,"random",30,"steep",1,1222,1222,9.96281427610666,3.93962886580266,0.00259398912079632,-1600,-1200,588,5,-2188,1576
"factor",23,200,"random",30,"steep",1,1223,1223,14.8771519642323,1.25797554058954,-0.00948524200357497,-1600,-1200,588,5,-2188,1576
"factor",24,200,"random",30,"steep",1,1224,1224,10.0712384160142,2.79483218560927,-0.0220835001021624,-1600,-1200,588,5,-2188,1576
"factor",25,200,"random",30,"steep",1,1225,1225,3.74253470613621,3.94545270723756,0.0114499100809917,-1600,-1200,588,5,-2188,1576
"factor",26,200,"random",30,"steep",1,1226,1226,2.01497187651694,3.23365606355947,-0.0254643895290792,-1600,-1200,588,5,-2188,1576
"factor",27,200,"random",30,"steep",1,1227,1227,2.35559450136498,0.610297515755519,0.00657236192375422,-1600,-1200,588,5,-2188,1576
"factor",28,200,"random",30,"steep",1,1228,1228,4.45079208211973,1.67098206561059,0.0163219140283763,-1600,-1200,588,5,-2188,1576
"factor",29,200,"random",30,"steep",1,1229,1229,7.10172584885731,2.80129609350115,0.017626919914037,-1600,-1200,588,5,-2188,1576
"factor",30,200,"random",30,"steep",1,1230,1230,14.7971425387077,2.59946279716678,0.0242227935930714,-1600,-1200,588,5,-2188,1576
"factor",31,200,"random",30,"steep",1,1231,1231,10.5642605263274,1.04102461866569,0.0158957442641258,-1600,-1200,588,5,-2188,1576
"factor",32,200,"random",30,"steep",1,1232,1232,9.52612434001639,0.792240538750775,0.0159994717268273,-1600,-1200,588,5,-2188,1576
"factor",33,200,"random",30,"steep",1,1233,1233,8.55754534830339,1.99832347442862,0.0280335281370208,-1600,-1200,588,5,-2188,1576
"factor",34,200,"random",30,"steep",1,1234,1234,7.76734402007423,2.51116467243992,-0.0252485690731555,-1600,-1200,588,5,-2188,1576
"factor",35,200,"random",30,"steep",1,1235,1235,5.82574641960673,3.73018103616778,0.0266026593279093,-1600,-1200,588,5,-2188,1576
"factor",36,200,"random",30,"steep",1,1236,1236,11.0995608835947,3.75939428119455,0.00961462406907231,-1600,-1200,588,5,-2188,1576
"factor",37,200,"random",30,"steep",1,1237,1237,4.22330234805122,2.1408430300653,0.0136657533841208,-1600,-1200,588,5,-2188,1576
"factor",38,200,"random",30,"steep",1,1238,1238,11.2658436938655,3.72210972860921,-0.0203269161796197,-1600,-1200,588,5,-2188,1576
"factor",39,200,"random",30,"steep",1,1239,1239,2.66965806321241,2.85865556192584,0.00394073561299593,-1600,-1200,588,5,-2188,1576
"factor",40,200,"random",30,"steep",1,1240,1240,3.21249023894779,2.0784077423159,0.0093471801141277,-1600,-1200,588,5,-2188,1576
"factor",41,200,"random",30,"steep",1,1241,1241,7.43395359395072,0.66293842997402,0.00741533591877669,-1600,-1200,588,5,-2188,1576
"factor",42,200,"random",30,"steep",1,1242,1242,8.53918938105926,2.4532059741905,-0.0290848689945415,-1600,-1200,588,5,-2188,1576
"factor",43,200,"random",30,"steep",1,1243,1243,14.3717294484377,0.546122729429044,-0.0185044467682019,-1600,-1200,588,5,-2188,1576
"factor",44,200,"random",30,"steep",1,1244,1244,11.9693353394978,0.784737700712867,0.0232759243994951,-1600,-1200,588,5,-2188,1576
"factor",45,200,"random",30,"steep",1,1245,1245,8.51940534915775,1.1845946557587,-0.0206440127687529,-1600,-1200,588,5,-2188,1576
"factor",46,200,"random",30,"steep",1,1246,1246,9.69840817758814,0.564961707219481,0.0281783646577969,-1600,-1200,588,5,-2188,1576
"factor",47,200,"random",30,"steep",1,1247,1247,12.4500146866776,3.27485637587961,-0.0203351872880012,-1600,-1200,588,5,-2188,1576
"factor",48,200,"random",30,"steep",1,1248,1248,7.23225429165177,3.04293755209073,0.00373061893042177,-1600,-1200,588,5,-2188,1576
"factor",49,200,"random",30,"steep",1,1249,1249,10.9037860215176,0.589274374651723,-0.0247397237224504,-1600,-1200,588,5,-2188,1576
"factor",50,200,"random",30,"steep",1,1250,1250,7.36756154359318,1.25343288003933,0.0244704597489908,-1600,-1200,588,5,-2188,1576
"factor",51,200,"random",30,"steep",1,1251,1251,14.0125949217472,2.71872727444861,0.00472205453552306,-1600,-1200,588,5,-2188,1576
"factor",52,200,"random",30,"steep",1,1252,1252,3.93136742454953,2.36968007020187,-0.0164215179299936,-1600,-1200,588,5,-2188,1576
"factor",53,200,"random",30,"steep",1,1253,1253,4.84887234773487,3.31777632667217,-0.0245428952900693,-1600,-1200,588,5,-2188,1576
"factor",54,200,"random",30,"steep",1,1254,1254,6.84538654331118,3.08404204435647,-0.00471486136782914,-1600,-1200,588,5,-2188,1576
"factor",55,200,"random",30,"steep",1,1255,1255,2.52781291469,1.24187133449595,0.00333476009778678,-1600,-1200,588,5,-2188,1576
"factor",56,200,"random",30,"steep",1,1256,1256,10.5243184955325,3.74436666700058,0.0172499409830198,-1600,-1200,588,5,-2188,1576
"factor",57,200,"random",30,"steep",1,1257,1257,7.43689674069174,1.02835823409259,-0.0248626327794045,-1600,-1200,588,5,-2188,1576
"factor",58,200,"random",30,"steep",1,1258,1258,5.26416715979576,3.65553670283407,0.000934186927042901,-1600,-1200,588,5,-2188,1576
"factor",59,200,"random",30,"steep",1,1259,1259,11.2695928104222,3.91697646107059,-0.00418395729269832,-1600,-1200,588,5,-2188,1576
"factor",60,200,"random",30,"steep",1,1260,1260,8.64907506201416,3.41196067805868,-0.0239708128385246,-1600,-1200,588,5,-2188,1576
"factor",61,200,"random",30,"steep",1,1261,1261,2.81334510631859,2.58365336910356,-0.0183366247359663,-1600,-1200,588,5,-2188,1576
"factor",62,200,"random",30,"steep",1,1262,1262,9.76448821951635,1.78635604854207,-0.00420563852414489,-1600,-1200,588,5,-2188,1576
"factor",63,200,"random",30,"steep",1,1263,1263,10.7752073544543,1.86839144153055,-0.00240652053616941,-1600,-1200,588,5,-2188,1576
"factor",64,200,"random",30,"steep",1,1264,1264,12.7790071414784,3.52270363108255,-0.00893878147937358,-1600,-1200,588,5,-2188,1576
"factor",65,200,"random",30,"steep",1,1265,1265,12.3460416081361,1.29727150755934,-0.0207984632346779,-1600,-1200,588,5,-2188,1576
"factor",66,200,"random",30,"steep",1,1266,1266,2.70425570034422,1.17498359561432,-0.0105089734727517,-1600,-1200,588,5,-2188,1576
"factor",67,200,"random",30,"steep",1,1267,1267,14.5014908248559,2.03752245602664,0.025657100812532,-1600,-1200,588,5,-2188,1576
"factor",68,200,"random",30,"steep",1,1268,1268,9.16887847799808,1.14392042311374,0.0165379659924656,-1600,-1200,588,5,-2188,1576
"factor",69,200,"random",30,"steep",1,1269,1269,12.5792676245328,2.13696592871565,0.0282419116934761,-1600,-1200,588,5,-2188,1576
"factor",70,200,"random",30,"steep",1,1270,1270,12.9469747373369,0.877445137826726,0.0260574586037546,-1600,-1200,588,5,-2188,1576
"factor",71,200,"random",30,"steep",1,1271,1271,11.7933604968712,3.06453820329625,0.0142330735735595,-1600,-1200,588,5,-2188,1576
"factor",72,200,"random",30,"steep",1,1272,1272,10.1652376551647,2.30306377366651,0.00511784235946834,-1600,-1200,588,5,-2188,1576
"factor",73,200,"random",30,"steep",1,1273,1273,14.1037451052107,2.59995477378834,-0.0185981094231829,-1600,-1200,588,5,-2188,1576
"factor",74,200,"random",30,"steep",1,1274,1274,2.40390898939222,3.04885359213222,0.00826697709504515,-1600,-1200,588,5,-2188,1576
"factor",75,200,"random",30,"steep",1,1275,1275,8.61925169383176,1.84895797993522,0.00239340058062226,-1600,-1200,588,5,-2188,1576
"factor",76,200,"random",30,"steep",1,1276,1276,8.0091383184772,3.53023124556057,0.0153032068954781,-1600,-1200,588,5,-2188,1576
"factor",77,200,"random",30,"steep",1,1277,1277,9.27224650257267,1.90086717181839,-0.0266079895058647,-1600,-1200,588,5,-2188,1576
"factor",78,200,"random",30,"steep",1,1278,1278,13.6972224633209,3.47447757795453,4.79975994676363e-05,-1600,-1200,588,5,-2188,1576
"factor",79,200,"random",30,"steep",1,1279,1279,11.4358245767653,1.51864578924142,-0.00753594520501793,-1600,-1200,588,5,-2188,1576
"factor",80,200,"random",30,"steep",1,1280,1280,4.0806087849196,2.48283337138128,0.0291793454205617,-1600,-1200,588,5,-2188,1576
"factor",81,200,"random",30,"steep",1,1281,1281,4.85818430501968,1.99805018061306,-0.00670619859360158,-1600,-1200,588,5,-2188,1576
"factor",82,200,"random",30,"steep",1,1282,1282,9.28306713118218,1.80942310660612,0.00671113705728203,-1600,-1200,588,5,-2188,1576
"factor",83,200,"random",30,"steep",1,1283,1283,6.71090870373882,1.18026918021496,0.00875973321497441,-1600,-1200,588,5,-2188,1576
"factor",84,200,"random",30,"steep",1,1284,1284,5.05314816674218,2.27447164605837,0.00731594427488744,-1600,-1200,588,5,-2188,1576
"factor",85,200,"random",30,"steep",1,1285,1285,14.5616390260402,2.19382970454171,-0.0295446757553145,-1600,-1200,588,5,-2188,1576
"factor",86,200,"random",30,"steep",1,1286,1286,13.0779759176075,2.98498275398742,0.0271997529454529,-1600,-1200,588,5,-2188,1576
"factor",87,200,"random",30,"steep",1,1287,1287,4.52309304219671,2.86384772148449,0.0126323264837265,-1600,-1200,588,5,-2188,1576
"factor",88,200,"random",30,"steep",1,1288,1288,13.4044009149075,3.53706369036809,-0.0292783595016226,-1600,-1200,588,5,-2188,1576
"factor",89,200,"random",30,"steep",1,1289,1289,5.45449515897781,3.32219988363795,-0.00293967381119728,-1600,-1200,588,5,-2188,1576
"factor",90,200,"random",30,"steep",1,1290,1290,10.0158280017786,1.39492471376434,0.0105866333143786,-1600,-1200,588,5,-2188,1576
"factor",91,200,"random",30,"steep",1,1291,1291,12.5692817748059,2.49203102337196,0.014297887282446,-1600,-1200,588,5,-2188,1576
"factor",92,200,"random",30,"steep",1,1292,1292,10.9871132993139,0.949695300543681,-0.009219507900998,-1600,-1200,588,5,-2188,1576
"factor",93,200,"random",30,"steep",1,1293,1293,10.8242612227332,3.68370916543063,-0.0060640832176432,-1600,-1200,588,5,-2188,1576
"factor",94,200,"random",30,"steep",1,1294,1294,7.89771495130844,0.589064588188194,-0.0125414442596957,-1600,-1200,588,5,-2188,1576
"factor",95,200,"random",30,"steep",1,1295,1295,8.6924246835988,1.14812315732706,-0.0272027653036639,-1600,-1200,588,5,-2188,1576
"factor",96,200,"random",30,"steep",1,1296,1296,14.8095086051617,0.83265307045076,-0.00363991091027856,-1600,-1200,588,5,-2188,1576
"factor",97,200,"random",30,"steep",1,1297,1297,11.9493143153377,1.48137231939472,-0.0155221897456795,-1600,-1200,588,5,-2188,1576
"factor",98,200,"random",30,"steep",1,1298,1298,13.0083601817023,1.32397320191376,0.0296306386264041,-1600,-1200,588,5,-2188,1576
"factor",99,200,"random",30,"steep",1,1299,1299,9.14180169021711,3.25546770158689,-0.0279214843176305,-1600,-1200,588,5,-2188,1576
"factor",100,200,"random",30,"steep",1,1300,1300,3.20359358564019,1.5038845470408,0.0100719323800877,-1600,-1200,588,5,-2188,1576
"factor",1,200,"random",50,"steep",1,1301,1301,6.21815108414739,2.05486599018332,0.00241295292042196,-1600,-1200,588,5,-2188,1576
"factor",2,200,"random",50,"steep",1,1302,1302,3.10219242610037,2.59359704179224,-0.00801502163987607,-1600,-1200,588,5,-2188,1576
"factor",3,200,"random",50,"steep",1,1303,1303,5.25824676640332,2.12978325632866,-0.0269693234330043,-1600,-1200,588,5,-2188,1576
"factor",4,200,"random",50,"steep",1,1304,1304,8.43538625421934,1.20941551728174,-0.0232764156069607,-1600,-1200,588,5,-2188,1576
"factor",5,200,"random",50,"steep",1,1305,1305,2.32981909764931,3.6451123310253,0.0279485908057541,-1600,-1200,588,5,-2188,1576
"factor",6,200,"random",50,"steep",1,1306,1306,6.78904149611481,1.85889922827482,0.0286919560935348,-1600,-1200,588,5,-2188,1576
"factor",7,200,"random",50,"steep",1,1307,1307,14.591159547912,2.66886950563639,0.0210232178214937,-1600,-1200,588,5,-2188,1576
"factor",8,200,"random",50,"steep",1,1308,1308,9.7429675499443,1.02970488544088,-0.0199303001537919,-1600,-1200,588,5,-2188,1576
"factor",9,200,"random",50,"steep",1,1309,1309,4.50860681547783,2.53240113751963,0.0148476761346683,-1600,-1200,588,5,-2188,1576
"factor",10,200,"random",50,"steep",1,1310,1310,6.38208946958184,0.964223619434051,0.00953268344979733,-1600,-1200,588,5,-2188,1576
"factor",11,200,"random",50,"steep",1,1311,1311,4.39593209419399,2.60990031424444,-0.0280559289827943,-1600,-1200,588,5,-2188,1576
"factor",12,200,"random",50,"steep",1,1312,1312,5.75752523867413,1.79213791654911,0.0170247941091657,-1600,-1200,588,5,-2188,1576
"factor",13,200,"random",50,"steep",1,1313,1313,4.06526655238122,1.04170954413712,-0.0204499988816679,-1600,-1200,588,5,-2188,1576
"factor",14,200,"random",50,"steep",1,1314,1314,12.8361999646295,0.789188183029182,0.0157252142066136,-1600,-1200,588,5,-2188,1576
"factor",15,200,"random",50,"steep",1,1315,1315,14.7486575632356,3.37538705707993,0.00177045139018446,-1600,-1200,588,5,-2188,1576
"factor",16,200,"random",50,"steep",1,1316,1316,12.6659979075193,1.32640880323015,-0.014871953339316,-1600,-1200,588,5,-2188,1576
"factor",17,200,"random",50,"steep",1,1317,1317,12.5031783266459,2.94969371939078,-0.00818208931479603,-1600,-1200,588,5,-2188,1576
"factor",18,200,"random",50,"steep",1,1318,1318,11.8625806332566,3.97359061858151,-0.0182016529049724,-1600,-1200,588,5,-2188,1576
"factor",19,200,"random",50,"steep",1,1319,1319,8.68776383483782,0.555784379015677,-0.0287248636549339,-1600,-1200,588,5,-2188,1576
"factor",20,200,"random",50,"steep",1,1320,1320,8.36151799373329,2.50761907373089,-0.021963976258412,-1600,-1200,588,5,-2188,1576
"factor",21,200,"random",50,"steep",1,1321,1321,8.04696049471386,1.03119274717756,-0.0224814589926973,-1600,-1200,588,5,-2188,1576
"factor",22,200,"random",50,"steep",1,1322,1322,12.3843702494632,1.43728712620214,0.00747516514733434,-1600,-1200,588,5,-2188,1576
"factor",23,200,"random",50,"steep",1,1323,1323,3.12463836069219,1.97793775296304,-0.0111707871453837,-1600,-1200,588,5,-2188,1576
"factor",24,200,"random",50,"steep",1,1324,1324,2.77214788948186,2.17774408322293,0.00670843294356018,-1600,-1200,588,5,-2188,1576
"factor",25,200,"random",50,"steep",1,1325,1325,6.08070490881801,2.06005644740071,-0.0230407921783626,-1600,-1200,588,5,-2188,1576
"factor",26,200,"random",50,"steep",1,1326,1326,3.12573171593249,3.14505494653713,-0.00444776633754372,-1600,-1200,588,5,-2188,1576
"factor",27,200,"random",50,"steep",1,1327,1327,14.2588994342368,3.45916983368807,-0.0202121216151863,-1600,-1200,588,5,-2188,1576
"factor",28,200,"random",50,"steep",1,1328,1328,13.4404697304126,2.66888075054158,-0.0239541123853996,-1600,-1200,588,5,-2188,1576
"factor",29,200,"random",50,"steep",1,1329,1329,7.19777002022602,1.72028573986609,0.0194725176785141,-1600,-1200,588,5,-2188,1576
"factor",30,200,"random",50,"steep",1,1330,1330,6.25724783306941,1.95900311402511,-0.0261368333688006,-1600,-1200,588,5,-2188,1576
"factor",31,200,"random",50,"steep",1,1331,1331,13.011869400274,3.08296522672754,0.00238799205981195,-1600,-1200,588,5,-2188,1576
"factor",32,200,"random",50,"steep",1,1332,1332,9.96909828786738,0.767523832153529,0.0225472521269694,-1600,-1200,588,5,-2188,1576
"factor",33,200,"random",50,"steep",1,1333,1333,12.2068877131678,2.95251545635983,0.0162765915272757,-1600,-1200,588,5,-2188,1576
"factor",34,200,"random",50,"steep",1,1334,1334,14.561129585607,1.85892731975764,-0.000893475324846803,-1600,-1200,588,5,-2188,1576
"factor",35,200,"random",50,"steep",1,1335,1335,3.84068067115732,1.25132265407592,-0.0100182281574234,-1600,-1200,588,5,-2188,1576
"factor",36,200,"random",50,"steep",1,1336,1336,6.42571467813104,3.56219492480159,0.0027459056256339,-1600,-1200,588,5,-2188,1576
"factor",37,200,"random",50,"steep",1,1337,1337,13.0148529366124,1.29586137982551,-0.0250145115656778,-1600,-1200,588,5,-2188,1576
"factor",38,200,"random",50,"steep",1,1338,1338,3.92824744014069,2.39268650161102,0.0187280487734824,-1600,-1200,588,5,-2188,1576
"factor",39,200,"random",50,"steep",1,1339,1339,13.3206080610398,2.90517314488534,0.00249362939503044,-1600,-1200,588,5,-2188,1576
"factor",40,200,"random",50,"steep",1,1340,1340,2.01976011414081,2.77393550914712,0.0108662293246016,-1600,-1200,588,5,-2188,1576
"factor",41,200,"random",50,"steep",1,1341,1341,11.0922297569923,3.24943313980475,-0.0147781458869576,-1600,-1200,588,5,-2188,1576
"factor",42,200,"random",50,"steep",1,1342,1342,7.53937841579318,2.34612923429813,-0.0195610853796825,-1600,-1200,588,5,-2188,1576
"factor",43,200,"random",50,"steep",1,1343,1343,4.4751049883198,2.64419882337097,0.00163879200350493,-1600,-1200,588,5,-2188,1576
"factor",44,200,"random",50,"steep",1,1344,1344,7.54614498396404,3.03565891215112,-0.0229181769490242,-1600,-1200,588,5,-2188,1576
"factor",45,200,"random",50,"steep",1,1345,1345,2.95398647594266,2.59253286826424,0.00392141582909972,-1600,-1200,588,5,-2188,1576
"factor",46,200,"random",50,"steep",1,1346,1346,12.7965488333721,3.88964941829909,-0.0267265606904402,-1600,-1200,588,5,-2188,1576
"factor",47,200,"random",50,"steep",1,1347,1347,4.51277013425715,1.59049919480458,0.00700338828843087,-1600,-1200,588,5,-2188,1576
"factor",48,200,"random",50,"steep",1,1348,1348,5.87231972976588,2.96038520231377,-0.021226687640883,-1600,-1200,588,5,-2188,1576
"factor",49,200,"random",50,"steep",1,1349,1349,4.97633319091983,0.972756906878203,0.0112989935511723,-1600,-1200,588,5,-2188,1576
"factor",50,200,"random",50,"steep",1,1350,1350,6.96711177309044,0.740307166124694,0.00288938525598496,-1600,-1200,588,5,-2188,1576
"factor",51,200,"random",50,"steep",1,1351,1351,7.87555953790434,3.0533321039984,0.0277601039316505,-1600,-1200,588,5,-2188,1576
"factor",52,200,"random",50,"steep",1,1352,1352,7.80111881601624,2.70647944661323,0.00746079484932125,-1600,-1200,588,5,-2188,1576
"factor",53,200,"random",50,"steep",1,1353,1353,11.4426911261398,0.863689782912843,0.014798726211302,-1600,-1200,588,5,-2188,1576
"factor",54,200,"random",50,"steep",1,1354,1354,10.2414933179971,1.69572267099284,-0.0206239673634991,-1600,-1200,588,5,-2188,1576
"factor",55,200,"random",50,"steep",1,1355,1355,13.1403514912818,2.36290318903048,0.0276052644196898,-1600,-1200,588,5,-2188,1576
"factor",56,200,"random",50,"steep",1,1356,1356,11.5787179358304,2.3973705151584,0.0259458095021546,-1600,-1200,588,5,-2188,1576
"factor",57,200,"random",50,"steep",1,1357,1357,5.57382246525958,1.3315866595367,-0.00312901895027608,-1600,-1200,588,5,-2188,1576
"factor",58,200,"random",50,"steep",1,1358,1358,5.19742724555545,1.41266310960054,0.00896148432511836,-1600,-1200,588,5,-2188,1576
"factor",59,200,"random",50,"steep",1,1359,1359,11.1429749457166,1.46955550333951,-0.0284728070162237,-1600,-1200,588,5,-2188,1576
"factor",60,200,"random",50,"steep",1,1360,1360,9.95272129285149,3.63049138570204,0.0294143368816003,-1600,-1200,588,5,-2188,1576
"factor",61,200,"random",50,"steep",1,1361,1361,13.4587644352578,2.2917672310723,-0.000857117786072194,-1600,-1200,588,5,-2188,1576
"factor",62,200,"random",50,"steep",1,1362,1362,10.2895846492611,2.23667383554857,0.016988605982624,-1600,-1200,588,5,-2188,1576
"factor",63,200,"random",50,"steep",1,1363,1363,4.11611340823583,3.8254620245425,-0.00312552361283451,-1600,-1200,588,5,-2188,1576
"factor",64,200,"random",50,"steep",1,1364,1364,8.87331310962327,2.94384501839522,-0.00255652208346873,-1600,-1200,588,5,-2188,1576
"factor",65,200,"random",50,"steep",1,1365,1365,4.94565722509287,1.74602012138348,0.0105632159672678,-1600,-1200,588,5,-2188,1576
"factor",66,200,"random",50,"steep",1,1366,1366,13.9704852886498,1.65530307404697,0.0200606883270666,-1600,-1200,588,5,-2188,1576
"factor",67,200,"random",50,"steep",1,1367,1367,11.9753566160798,0.786358847864904,-0.00216848499141634,-1600,-1200,588,5,-2188,1576
"factor",68,200,"random",50,"steep",1,1368,1368,2.49047488998622,3.97552124143112,0.00858462761621922,-1600,-1200,588,5,-2188,1576
"factor",69,200,"random",50,"steep",1,1369,1369,5.90757669741288,1.19729460147209,0.0139767915615812,-1600,-1200,588,5,-2188,1576
"factor",70,200,"random",50,"steep",1,1370,1370,11.5036819214001,2.05739003093913,0.011384996320121,-1600,-1200,588,5,-2188,1576
"factor",71,200,"random",50,"steep",1,1371,1371,13.0930533052888,1.54406992823351,-0.0163440519198775,-1600,-1200,588,5,-2188,1576
"factor",72,200,"random",50,"steep",1,1372,1372,13.5759413072374,2.85505842522252,0.0243188313301653,-1600,-1200,588,5,-2188,1576
"factor",73,200,"random",50,"steep",1,1373,1373,5.59447180735879,1.84702093072701,-0.0230443325266242,-1600,-1200,588,5,-2188,1576
"factor",74,200,"random",50,"steep",1,1374,1374,3.38751730322838,1.79677732288837,0.0263682878902182,-1600,-1200,588,5,-2188,1576
"factor",75,200,"random",50,"steep",1,1375,1375,4.31740304548293,2.29505741747562,0.00199720983859152,-1600,-1200,588,5,-2188,1576
"factor",76,200,"random",50,"steep",1,1376,1376,9.25020033237524,1.57073849171866,0.00163644419051707,-1600,-1200,588,5,-2188,1576
"factor",77,200,"random",50,"steep",1,1377,1377,7.91409519710578,2.42386334307957,-0.00460639034863562,-1600,-1200,588,5,-2188,1576
"factor",78,200,"random",50,"steep",1,1378,1378,4.14508397900499,2.32732171274256,0.00178924344945699,-1600,-1200,588,5,-2188,1576
"factor",79,200,"random",50,"steep",1,1379,1379,14.0077396254055,2.9542795488378,0.0247921058954671,-1600,-1200,588,5,-2188,1576
"factor",80,200,"random",50,"steep",1,1380,1380,6.6830238183029,3.62861862208229,0.0109574895584956,-1600,-1200,588,5,-2188,1576
"factor",81,200,"random",50,"steep",1,1381,1381,13.7266767104156,0.742234050179832,-0.00782821512781083,-1600,-1200,588,5,-2188,1576
"factor",82,200,"random",50,"steep",1,1382,1382,8.68203208968043,3.7924921605736,-0.0134974900027737,-1600,-1200,588,5,-2188,1576
"factor",83,200,"random",50,"steep",1,1383,1383,13.1375075599644,2.60647141351365,-0.00468206856865436,-1600,-1200,588,5,-2188,1576
"factor",84,200,"random",50,"steep",1,1384,1384,7.64207868929952,2.01353639690205,0.0261270336667076,-1600,-1200,588,5,-2188,1576
"factor",85,200,"random",50,"steep",1,1385,1385,5.67627781326883,2.21750981244259,-0.00737049483228475,-1600,-1200,588,5,-2188,1576
"factor",86,200,"random",50,"steep",1,1386,1386,14.6740314499475,2.28051851538476,0.0187464692210779,-1600,-1200,588,5,-2188,1576
"factor",87,200,"random",50,"steep",1,1387,1387,3.52190754725598,2.11358754674438,-0.0126281770924106,-1600,-1200,588,5,-2188,1576
"factor",88,200,"random",50,"steep",1,1388,1388,8.02703348896466,3.56790401833132,-0.020928080608137,-1600,-1200,588,5,-2188,1576
"factor",89,200,"random",50,"steep",1,1389,1389,13.0919312348124,3.17282451572828,0.0117623023409396,-1600,-1200,588,5,-2188,1576
"factor",90,200,"random",50,"steep",1,1390,1390,3.1423061217647,3.7814084473066,-0.00621736562345177,-1600,-1200,588,5,-2188,1576
"factor",91,200,"random",50,"steep",1,1391,1391,6.80051544099115,1.4932542424649,0.0157427466893569,-1600,-1200,588,5,-2188,1576
"factor",92,200,"random",50,"steep",1,1392,1392,4.9263086435385,1.72938101587351,0.00281745919492096,-1600,-1200,588,5,-2188,1576
"factor",93,200,"random",50,"steep",1,1393,1393,8.34935921151191,3.80049895518459,0.0108870463818312,-1600,-1200,588,5,-2188,1576
"factor",94,200,"random",50,"steep",1,1394,1394,6.86873090732843,2.02863722480834,0.0223072087392211,-1600,-1200,588,5,-2188,1576
"factor",95,200,"random",50,"steep",1,1395,1395,13.7926880076993,0.584414029843174,-0.00521675707306713,-1600,-1200,588,5,-2188,1576
"factor",96,200,"random",50,"steep",1,1396,1396,6.24727170844562,3.58319503255188,0.0202590511227027,-1600,-1200,588,5,-2188,1576
"factor",97,200,"random",50,"steep",1,1397,1397,13.0605157010723,2.3086710665375,-0.000200553685426711,-1600,-1200,588,5,-2188,1576
"factor",98,200,"random",50,"steep",1,1398,1398,11.5353897530586,2.76208287547342,0.0245796580798924,-1600,-1200,588,5,-2188,1576
"factor",99,200,"random",50,"steep",1,1399,1399,12.4783314357046,1.35260363016278,0.0200646173441783,-1600,-1200,588,5,-2188,1576
"factor",100,200,"random",50,"steep",1,1400,1400,5.20252982224338,1.15242285653949,0.0263353010080755,-1600,-1200,588,5,-2188,1576
"deposition",1,200,"random",30,"plateau",4,1401,1401,13.5429497226141,2.02018506301101,0.0226310104038566,-800,-400,588,5,-1388,1576
"deposition",2,200,"random",30,"plateau",4,1402,1402,11.2057166984305,3.24163384258281,0.00771651194896549,-800,-400,588,5,-1388,1576
"deposition",3,200,"random",30,"plateau",4,1403,1403,8.61954537499696,1.18381217448041,0.0153368124878034,-800,-400,588,5,-1388,1576
"deposition",4,200,"random",30,"plateau",4,1404,1404,6.84027419914491,0.509732528589666,0.000647331909276544,-800,-400,588,5,-1388,1576
"deposition",5,200,"random",30,"plateau",4,1405,1405,13.7053381996229,3.8098090342246,-0.0270528727350757,-800,-400,588,5,-1388,1576
"deposition",6,200,"random",30,"plateau",4,1406,1406,3.6310795545578,3.37396025145426,-0.00316629013046622,-800,-400,588,5,-1388,1576
"deposition",7,200,"random",30,"plateau",4,1407,1407,4.88083024742082,2.58863370493054,-0.000411897869780659,-800,-400,588,5,-1388,1576
"deposition",8,200,"random",30,"plateau",4,1408,1408,8.15075435652398,2.89962848171126,-0.00469662138260901,-800,-400,588,5,-1388,1576
"deposition",9,200,"random",30,"plateau",4,1409,1409,9.77887917775661,0.908093222649768,0.0136893014470115,-800,-400,588,5,-1388,1576
"deposition",10,200,"random",30,"plateau",4,1410,1410,5.43499753787182,2.94761698937509,0.0260667902883142,-800,-400,588,5,-1388,1576
"deposition",11,200,"random",30,"plateau",4,1411,1411,11.1497335110325,1.28444529441185,0.00773542783688754,-800,-400,588,5,-1388,1576
"deposition",12,200,"random",30,"plateau",4,1412,1412,8.57109734159894,3.06437353417277,0.0291608997294679,-800,-400,588,5,-1388,1576
"deposition",13,200,"random",30,"plateau",4,1413,1413,8.97845495305955,1.75556774670258,0.00780366140417755,-800,-400,588,5,-1388,1576
"deposition",14,200,"random",30,"plateau",4,1414,1414,14.3276979285292,1.7684285013238,0.0239598828647286,-800,-400,588,5,-1388,1576
"deposition",15,200,"random",30,"plateau",4,1415,1415,12.652954319492,2.46983097121119,-0.0087009778758511,-800,-400,588,5,-1388,1576
"deposition",16,200,"random",30,"plateau",4,1416,1416,8.01435782946646,2.13625949621201,0.0164753881562501,-800,-400,588,5,-1388,1576
"deposition",17,200,"random",30,"plateau",4,1417,1417,12.3300770991482,1.84177816461306,0.00140458130277693,-800,-400,588,5,-1388,1576
"deposition",18,200,"random",30,"plateau",4,1418,1418,7.68939237552695,1.15042340173386,0.029056627987884,-800,-400,588,5,-1388,1576
"deposition",19,200,"random",30,"plateau",4,1419,1419,6.78439118363895,2.42051400092896,0.0124873990193009,-800,-400,588,5,-1388,1576
"deposition",20,200,"random",30,"plateau",4,1420,1420,2.92299795383587,0.798571390216239,-0.0031861049355939,-800,-400,588,5,-1388,1576
"deposition",21,200,"random",30,"plateau",4,1421,1421,10.983161335811,0.812864917214029,0.0148776853037998,-800,-400,588,5,-1388,1576
"deposition",22,200,"random",30,"plateau",4,1422,1422,9.64190086373128,3.06767959904391,-0.0256394028570503,-800,-400,588,5,-1388,1576
"deposition",23,200,"random",30,"plateau",4,1423,1423,9.36308073066175,3.34923627180979,0.00153123384341598,-800,-400,588,5,-1388,1576
"deposition",24,200,"random",30,"plateau",4,1424,1424,7.57483438635245,1.00786847993731,-0.0290922212228179,-800,-400,588,5,-1388,1576
"deposition",25,200,"random",30,"plateau",4,1425,1425,13.3082989165559,1.04199913039338,-0.0208055446716025,-800,-400,588,5,-1388,1576
"deposition",26,200,"random",30,"plateau",4,1426,1426,14.0917332437821,3.68803841806948,-0.00911716111935675,-800,-400,588,5,-1388,1576
"deposition",27,200,"random",30,"plateau",4,1427,1427,7.75422098767012,2.68057342118118,0.0170852857735008,-800,-400,588,5,-1388,1576
"deposition",28,200,"random",30,"plateau",4,1428,1428,2.33485118625686,3.6007240738254,-0.0104627154534683,-800,-400,588,5,-1388,1576
"deposition",29,200,"random",30,"plateau",4,1429,1429,6.48641155916266,0.545276826363988,-0.0237061825487763,-800,-400,588,5,-1388,1576
"deposition",30,200,"random",30,"plateau",4,1430,1430,4.62042168690823,1.88550991297234,-0.00810039988718927,-800,-400,588,5,-1388,1576
"deposition",31,200,"random",30,"plateau",4,1431,1431,10.573914357461,1.0943935449468,-0.0216717946249992,-800,-400,588,5,-1388,1576
"deposition",32,200,"random",30,"plateau",4,1432,1432,5.87142238393426,2.48814666771796,-0.00829335884191096,-800,-400,588,5,-1388,1576
"deposition",33,200,"random",30,"plateau",4,1433,1433,2.82986021717079,2.21448116237298,-0.013638421674259,-800,-400,588,5,-1388,1576
"deposition",34,200,"random",30,"plateau",4,1434,1434,8.85431368439458,3.76540585933253,-0.00826739116106182,-800,-400,588,5,-1388,1576
"deposition",35,200,"random",30,"plateau",4,1435,1435,13.056204789551,3.63011184183415,0.00685951272491366,-800,-400,588,5,-1388,1576
"deposition",36,200,"random",30,"plateau",4,1436,1436,5.48533555865288,2.39016334258486,-0.022988329064101,-800,-400,588,5,-1388,1576
"deposition",37,200,"random",30,"plateau",4,1437,1437,10.357264302671,3.39491759450175,0.00990390235092491,-800,-400,588,5,-1388,1576
"deposition",38,200,"random",30,"plateau",4,1438,1438,9.51366791152395,3.06858191243373,0.0228041973290965,-800,-400,588,5,-1388,1576
"deposition",39,200,"random",30,"plateau",4,1439,1439,7.79009476234205,0.692717205150984,0.00790166489314288,-800,-400,588,5,-1388,1576
"deposition",40,200,"random",30,"plateau",4,1440,1440,14.9130814531818,3.17251558438875,-0.012964753434062,-800,-400,588,5,-1388,1576
"deposition",41,200,"random",30,"plateau",4,1441,1441,10.8265589228831,1.56642013194505,-0.0253611992206424,-800,-400,588,5,-1388,1576
"deposition",42,200,"random",30,"plateau",4,1442,1442,6.54370524128899,3.70435293298215,-0.00617717328015715,-800,-400,588,5,-1388,1576
"deposition",43,200,"random",30,"plateau",4,1443,1443,4.85319681931287,1.1259877004195,-0.000153441759757698,-800,-400,588,5,-1388,1576
"deposition",44,200,"random",30,"plateau",4,1444,1444,9.01374624762684,1.80955433030613,-0.0189646157249808,-800,-400,588,5,-1388,1576
"deposition",45,200,"random",30,"plateau",4,1445,1445,7.32593433069997,1.29278224299196,-0.0254464816488326,-800,-400,588,5,-1388,1576
"deposition",46,200,"random",30,"plateau",4,1446,1446,4.97976825293154,2.39745104673784,-0.0292390004452318,-800,-400,588,5,-1388,1576
"deposition",47,200,"random",30,"plateau",4,1447,1447,5.56792515725829,2.15266626921948,0.0277771224780008,-800,-400,588,5,-1388,1576
"deposition",48,200,"random",30,"plateau",4,1448,1448,13.1883627818897,1.59382173873018,0.00565402778796852,-800,-400,588,5,-1388,1576
"deposition",49,200,"random",30,"plateau",4,1449,1449,10.6637280096766,1.96132469514851,0.0298494260106236,-800,-400,588,5,-1388,1576
"deposition",50,200,"random",30,"plateau",4,1450,1450,3.41589680989273,0.790397804463282,0.0158424362400547,-800,-400,588,5,-1388,1576
"deposition",51,200,"random",30,"plateau",4,1451,1451,7.21722591388971,2.96496224217117,0.00171509895008057,-800,-400,588,5,-1388,1576
"deposition",52,200,"random",30,"plateau",4,1452,1452,6.35435110540129,0.546915310667828,-0.0147826018324122,-800,-400,588,5,-1388,1576
"deposition",53,200,"random",30,"plateau",4,1453,1453,2.09208877850324,3.24427838937845,0.0240279239276424,-800,-400,588,5,-1388,1576
"deposition",54,200,"random",30,"plateau",4,1454,1454,9.86108529008925,1.27578656503465,0.0260406244453043,-800,-400,588,5,-1388,1576
"deposition",55,200,"random",30,"plateau",4,1455,1455,7.08990961546078,1.08093724306673,0.0093377226870507,-800,-400,588,5,-1388,1576
"deposition",56,200,"random",30,"plateau",4,1456,1456,12.4659017731901,2.33359218121041,0.0119789323909208,-800,-400,588,5,-1388,1576
"deposition",57,200,"random",30,"plateau",4,1457,1457,4.12381704594009,2.1157092571957,-0.00805170276202261,-800,-400,588,5,-1388,1576
"deposition",58,200,"random",30,"plateau",4,1458,1458,9.79917870974168,1.36281267658342,-0.0278897700319067,-800,-400,588,5,-1388,1576
"deposition",59,200,"random",30,"plateau",4,1459,1459,5.30245510884561,1.23663050215691,0.022677260809578,-800,-400,588,5,-1388,1576
"deposition",60,200,"random",30,"plateau",4,1460,1460,11.6253602872603,2.19698808947578,0.0229288377659395,-800,-400,588,5,-1388,1576
"deposition",61,200,"random",30,"plateau",4,1461,1461,2.72975772363134,2.82394595327787,-0.0147409695759416,-800,-400,588,5,-1388,1576
"deposition",62,200,"random",30,"plateau",4,1462,1462,3.05254269321449,2.48502148455009,0.0289232898177579,-800,-400,588,5,-1388,1576
"deposition",63,200,"random",30,"plateau",4,1463,1463,7.0814430671744,0.513749230885878,-0.00960528936702758,-800,-400,588,5,-1388,1576
"deposition",64,200,"random",30,"plateau",4,1464,1464,5.66701231431216,3.48371912492439,-0.0178294733120129,-800,-400,588,5,-1388,1576
"deposition",65,200,"random",30,"plateau",4,1465,1465,14.5388872334734,1.74312724138144,0.0173277235217392,-800,-400,588,5,-1388,1576
"deposition",66,200,"random",30,"plateau",4,1466,1466,8.0284592078533,0.619818519684486,-0.0203169177426025,-800,-400,588,5,-1388,1576
"deposition",67,200,"random",30,"plateau",4,1467,1467,14.7310935426503,3.79215656302404,-0.0254378159763291,-800,-400,588,5,-1388,1576
"deposition",68,200,"random",30,"plateau",4,1468,1468,13.0962230139412,3.94764782860875,0.0011048805853352,-800,-400,588,5,-1388,1576
"deposition",69,200,"random",30,"plateau",4,1469,1469,10.364745113533,2.43171962839551,0.000185174192301928,-800,-400,588,5,-1388,1576
"deposition",70,200,"random",30,"plateau",4,1470,1470,8.42190957069397,2.41163408209104,0.00581112799700349,-800,-400,588,5,-1388,1576
"deposition",71,200,"random",30,"plateau",4,1471,1471,7.44582175510004,2.45497660303954,-0.00437705507967621,-800,-400,588,5,-1388,1576
"deposition",72,200,"random",30,"plateau",4,1472,1472,7.22899894579314,3.42183789180126,-0.00675809365231544,-800,-400,588,5,-1388,1576
"deposition",73,200,"random",30,"plateau",4,1473,1473,4.88169163791463,0.976699829101562,-0.0237970057083294,-800,-400,588,5,-1388,1576
"deposition",74,200,"random",30,"plateau",4,1474,1474,8.90680634975433,0.628621674259193,-0.00446448620874435,-800,-400,588,5,-1388,1576
"deposition",75,200,"random",30,"plateau",4,1475,1475,3.4861782961525,1.88744005013723,0.0222815945092589,-800,-400,588,5,-1388,1576
"deposition",76,200,"random",30,"plateau",4,1476,1476,3.79917678819038,3.79082589037716,-0.0059745515557006,-800,-400,588,5,-1388,1576
"deposition",77,200,"random",30,"plateau",4,1477,1477,3.4876300606411,1.62441365607083,-0.0263495239242911,-800,-400,588,5,-1388,1576
"deposition",78,200,"random",30,"plateau",4,1478,1478,3.01066294242628,2.38477213133592,0.0130257502337918,-800,-400,588,5,-1388,1576
"deposition",79,200,"random",30,"plateau",4,1479,1479,3.64393937052228,2.38302267051768,0.00467613223940134,-800,-400,588,5,-1388,1576
"deposition",80,200,"random",30,"plateau",4,1480,1480,10.6589711478446,1.57605965516996,0.0122240273701027,-800,-400,588,5,-1388,1576
"deposition",81,200,"random",30,"plateau",4,1481,1481,13.5553991440684,0.880782243330032,-0.00730353151448071,-800,-400,588,5,-1388,1576
"deposition",82,200,"random",30,"plateau",4,1482,1482,4.36665391596034,1.44739995000418,0.00729908656328917,-800,-400,588,5,-1388,1576
"deposition",83,200,"random",30,"plateau",4,1483,1483,4.11620596167631,2.90176822606008,0.0138059837417677,-800,-400,588,5,-1388,1576
"deposition",84,200,"random",30,"plateau",4,1484,1484,9.97928336448967,2.11432550393511,0.00626946052070707,-800,-400,588,5,-1388,1576
"deposition",85,200,"random",30,"plateau",4,1485,1485,2.83459949935786,3.1692365410272,-0.0176207977021113,-800,-400,588,5,-1388,1576
"deposition",86,200,"random",30,"plateau",4,1486,1486,3.31576380017214,1.22212349879555,-0.00175492668058723,-800,-400,588,5,-1388,1576
"deposition",87,200,"random",30,"plateau",4,1487,1487,14.9627416497096,3.45966636319645,0.0239665480842814,-800,-400,588,5,-1388,1576
"deposition",88,200,"random",30,"plateau",4,1488,1488,5.01164051541127,1.39575870614499,0.00520407767035067,-800,-400,588,5,-1388,1576
"deposition",89,200,"random",30,"plateau",4,1489,1489,11.7943505716976,2.93350043252576,-0.000211073993705214,-800,-400,588,5,-1388,1576
"deposition",90,200,"random",30,"plateau",4,1490,1490,8.8115782213863,0.623126907041296,0.0249250776087865,-800,-400,588,5,-1388,1576
"deposition",91,200,"random",30,"plateau",4,1491,1491,3.38324616081081,2.52888431074098,-0.00751433387864381,-800,-400,588,5,-1388,1576
"deposition",92,200,"random",30,"plateau",4,1492,1492,3.65748407226056,1.90253231092356,0.0218116873456165,-800,-400,588,5,-1388,1576
"deposition",93,200,"random",30,"plateau",4,1493,1493,12.0661013084464,3.06928166025318,-0.00978035568259656,-800,-400,588,5,-1388,1576
"deposition",94,200,"random",30,"plateau",4,1494,1494,7.65865541971289,1.08206617645919,-0.0220778784155846,-800,-400,588,5,-1388,1576
"deposition",95,200,"random",30,"plateau",4,1495,1495,8.528406487545,1.93265367229469,-0.00192053081933409,-800,-400,588,5,-1388,1576
"deposition",96,200,"random",30,"plateau",4,1496,1496,9.68365635536611,0.896921985899098,0.0174113745801151,-800,-400,588,5,-1388,1576
"deposition",97,200,"random",30,"plateau",4,1497,1497,10.0931242960505,3.35141601343639,0.00269899777136743,-800,-400,588,5,-1388,1576
"deposition",98,200,"random",30,"plateau",4,1498,1498,14.2951854649,1.31511055829469,-0.0217236268473789,-800,-400,588,5,-1388,1576
"deposition",99,200,"random",30,"plateau",4,1499,1499,3.45141839841381,0.924098890158348,-0.00525680633727461,-800,-400,588,5,-1388,1576
"deposition",100,200,"random",30,"plateau",4,1500,1500,5.30371342762373,3.25230664864648,-0.0103559205075726,-800,-400,588,5,-1388,1576
"deposition",1,200,"random",30,"steep",4,1501,1501,2.20085604535416,3.12202560238075,0.0298075513215736,-1600,-1200,588,5,-2188,1576
"deposition",2,200,"random",30,"steep",4,1502,1502,10.752208644757,1.39604886365123,0.0210473862290382,-1600,-1200,588,5,-2188,1576
"deposition",3,200,"random",30,"steep",4,1503,1503,2.67013501399197,0.527876894921064,-0.0186380840465426,-1600,-1200,588,5,-2188,1576
"deposition",4,200,"random",30,"steep",4,1504,1504,11.8722296275664,3.81829159206245,0.00505027273669839,-1600,-1200,588,5,-2188,1576
"deposition",5,200,"random",30,"steep",4,1505,1505,7.93291287822649,3.52782921842299,0.0121247584931552,-1600,-1200,588,5,-2188,1576
"deposition",6,200,"random",30,"steep",4,1506,1506,14.8720933881123,3.94761094835121,0.0209632398141548,-1600,-1200,588,5,-2188,1576
"deposition",7,200,"random",30,"steep",4,1507,1507,14.8714514677413,0.63968186522834,0.0231102289678529,-1600,-1200,588,5,-2188,1576
"deposition",8,200,"random",30,"steep",4,1508,1508,14.5018847354222,0.706137746456079,-0.00703730902634561,-1600,-1200,588,5,-2188,1576
"deposition",9,200,"random",30,"steep",4,1509,1509,5.25274668028578,0.857101575587876,0.0243565896386281,-1600,-1200,588,5,-2188,1576
"deposition",10,200,"random",30,"steep",4,1510,1510,12.6085225357674,1.49045464163646,0.000281921373680234,-1600,-1200,588,5,-2188,1576
"deposition",11,200,"random",30,"steep",4,1511,1511,9.06919759325683,1.12468809366692,0.0255700062029064,-1600,-1200,588,5,-2188,1576
"deposition",12,200,"random",30,"steep",4,1512,1512,13.8080163835548,2.11831207748037,-0.0297672821581364,-1600,-1200,588,5,-2188,1576
"deposition",13,200,"random",30,"steep",4,1513,1513,2.10363556933589,2.42489174136426,0.0123019572766498,-1600,-1200,588,5,-2188,1576
"deposition",14,200,"random",30,"steep",4,1514,1514,6.72463073045947,1.30936497484799,0.00309595780447126,-1600,-1200,588,5,-2188,1576
"deposition",15,200,"random",30,"steep",4,1515,1515,6.08198880706914,1.00982899928931,-0.0276476735947654,-1600,-1200,588,5,-2188,1576
"deposition",16,200,"random",30,"steep",4,1516,1516,13.1270139890257,3.69370969338343,0.00850906369742006,-1600,-1200,588,5,-2188,1576
"deposition",17,200,"random",30,"steep",4,1517,1517,10.1373478663154,3.79701504902914,-0.0243550036707893,-1600,-1200,588,5,-2188,1576
"deposition",18,200,"random",30,"steep",4,1518,1518,5.47937078936957,2.46468094806187,0.0255673763947561,-1600,-1200,588,5,-2188,1576
"deposition",19,200,"random",30,"steep",4,1519,1519,13.1751417326741,2.09656685765367,0.000329915955662726,-1600,-1200,588,5,-2188,1576
"deposition",20,200,"random",30,"steep",4,1520,1520,11.6715233421419,1.21266200428363,0.0296270627807826,-1600,-1200,588,5,-2188,1576
"deposition",21,200,"random",30,"steep",4,1521,1521,6.90429333341308,1.30428728857078,-0.0235990508738905,-1600,-1200,588,5,-2188,1576
"deposition",22,200,"random",30,"steep",4,1522,1522,9.10545258107595,1.56505900376942,0.0017482925998047,-1600,-1200,588,5,-2188,1576
"deposition",23,200,"random",30,"steep",4,1523,1523,14.224869890837,2.3381137275137,-0.028573922929354,-1600,-1200,588,5,-2188,1576
"deposition",24,200,"random",30,"steep",4,1524,1524,5.97167624766007,0.985338389524259,-0.0164540753373876,-1600,-1200,588,5,-2188,1576
"deposition",25,200,"random",30,"steep",4,1525,1525,3.3356419231277,2.76149403734598,-0.0237492241105065,-1600,-1200,588,5,-2188,1576
"deposition",26,200,"random",30,"steep",4,1526,1526,10.5589490551502,1.60187200538348,0.00380257608834654,-1600,-1200,588,5,-2188,1576
"deposition",27,200,"random",30,"steep",4,1527,1527,12.6727989539504,3.03480592183769,-0.0285881439596415,-1600,-1200,588,5,-2188,1576
"deposition",28,200,"random",30,"steep",4,1528,1528,12.4521928525064,3.51759144652169,-0.0230820294376463,-1600,-1200,588,5,-2188,1576
"deposition",29,200,"random",30,"steep",4,1529,1529,3.64688931242563,2.70233878633007,0.0224702373985201,-1600,-1200,588,5,-2188,1576
"deposition",30,200,"random",30,"steep",4,1530,1530,11.5730149603914,1.09420654003043,0.00382819720543921,-1600,-1200,588,5,-2188,1576
"deposition",31,200,"random",30,"steep",4,1531,1531,7.44844542327337,0.652606420568191,0.0128310587676242,-1600,-1200,588,5,-2188,1576
"deposition",32,200,"random",30,"steep",4,1532,1532,3.73947194032371,3.05912882531993,-0.00242785796988755,-1600,-1200,588,5,-2188,1576
"deposition",33,200,"random",30,"steep",4,1533,1533,9.43556705489755,2.2315906820586,-0.0228572367550805,-1600,-1200,588,5,-2188,1576
"deposition",34,200,"random",30,"steep",4,1534,1534,2.71849265811034,1.89930191996973,0.0150566442031413,-1600,-1200,588,5,-2188,1576
"deposition",35,200,"random",30,"steep",4,1535,1535,5.41472472040914,3.4812670975225,0.0130741485161707,-1600,-1200,588,5,-2188,1576
"deposition",36,200,"random",30,"steep",4,1536,1536,7.40146208484657,0.674676625407301,-0.00441007265355438,-1600,-1200,588,5,-2188,1576
"deposition",37,200,"random",30,"steep",4,1537,1537,12.0913471283857,1.66859092318919,-0.00725162465125322,-1600,-1200,588,5,-2188,1576
"deposition",38,200,"random",30,"steep",4,1538,1538,3.44656475470401,1.2564681887161,0.00823271813336759,-1600,-1200,588,5,-2188,1576
"deposition",39,200,"random",30,"steep",4,1539,1539,8.17856583301909,3.68227285309695,-0.00220614495221525,-1600,-1200,588,5,-2188,1576
"deposition",40,200,"random",30,"steep",4,1540,1540,8.55271384562366,0.669409723370336,0.0261053272197023,-1600,-1200,588,5,-2188,1576
"deposition",41,200,"random",30,"steep",4,1541,1541,8.89333091629669,2.99698009481654,0.0024581203283742,-1600,-1200,588,5,-2188,1576
"deposition",42,200,"random",30,"steep",4,1542,1542,8.40421042777598,3.89697439712472,-0.00471593666821718,-1600,-1200,588,5,-2188,1576
"deposition",43,200,"random",30,"steep",4,1543,1543,4.03655255422927,1.50668670749292,-0.0269285642076284,-1600,-1200,588,5,-2188,1576
"deposition",44,200,"random",30,"steep",4,1544,1544,6.00749775557779,2.59550032857805,-0.00932159721851349,-1600,-1200,588,5,-2188,1576
"deposition",45,200,"random",30,"steep",4,1545,1545,5.92283516027965,2.09408866113517,-0.0106116029759869,-1600,-1200,588,5,-2188,1576
"deposition",46,200,"random",30,"steep",4,1546,1546,2.60365282860585,2.44915328721981,0.0171843941649422,-1600,-1200,588,5,-2188,1576
"deposition",47,200,"random",30,"steep",4,1547,1547,6.07400105590932,1.01002338074613,0.02799363150727,-1600,-1200,588,5,-2188,1576
"deposition",48,200,"random",30,"steep",4,1548,1548,6.22727875784039,2.27017270715442,-0.0274916993547231,-1600,-1200,588,5,-2188,1576
"deposition",49,200,"random",30,"steep",4,1549,1549,13.5478223715909,3.68270908517297,-0.0112259978335351,-1600,-1200,588,5,-2188,1576
"deposition",50,200,"random",30,"steep",4,1550,1550,6.33160526049323,2.58542983513325,-0.00189946377184242,-1600,-1200,588,5,-2188,1576
"deposition",51,200,"random",30,"steep",4,1551,1551,9.4706309218891,2.48866054660175,0.0226778484787792,-1600,-1200,588,5,-2188,1576
"deposition",52,200,"random",30,"steep",4,1552,1552,2.62866917485371,1.84865322499536,-0.0281001444300637,-1600,-1200,588,5,-2188,1576
"deposition",53,200,"random",30,"steep",4,1553,1553,6.89937134459615,2.43701925629284,0.0216320114582777,-1600,-1200,588,5,-2188,1576
"deposition",54,200,"random",30,"steep",4,1554,1554,11.4203393703792,1.71386038116179,-0.0147209271602333,-1600,-1200,588,5,-2188,1576
"deposition",55,200,"random",30,"steep",4,1555,1555,11.860674576601,1.49992606823798,-0.0283118960028514,-1600,-1200,588,5,-2188,1576
"deposition",56,200,"random",30,"steep",4,1556,1556,7.64065139647573,1.15754525270313,0.0289836360141635,-1600,-1200,588,5,-2188,1576
"deposition",57,200,"random",30,"steep",4,1557,1557,7.48618779797107,1.95559604058508,0.00622980984393507,-1600,-1200,588,5,-2188,1576
"deposition",58,200,"random",30,"steep",4,1558,1558,8.7879233956337,2.00205679191276,0.0259953936422244,-1600,-1200,588,5,-2188,1576
"deposition",59,200,"random",30,"steep",4,1559,1559,7.10010489239357,3.80872241896577,0.00619824824854732,-1600,-1200,588,5,-2188,1576
"deposition",60,200,"random",30,"steep",4,1560,1560,11.4248988637701,2.1067109380383,0.0252610981883481,-1600,-1200,588,5,-2188,1576
"deposition",61,200,"random",30,"steep",4,1561,1561,10.3923579563852,0.552603198681027,0.0141274564247578,-1600,-1200,588,5,-2188,1576
"deposition",62,200,"random",30,"steep",4,1562,1562,13.4028748001438,1.09025669272523,0.023882035408169,-1600,-1200,588,5,-2188,1576
"deposition",63,200,"random",30,"steep",4,1563,1563,6.014182085637,2.52970474632457,0.0202592017315328,-1600,-1200,588,5,-2188,1576
"deposition",64,200,"random",30,"steep",4,1564,1564,3.2394796279259,2.45163194253109,0.0181743216142058,-1600,-1200,588,5,-2188,1576
"deposition",65,200,"random",30,"steep",4,1565,1565,14.676619492704,2.77869762748014,-0.0161133020790294,-1600,-1200,588,5,-2188,1576
"deposition",66,200,"random",30,"steep",4,1566,1566,14.8705155635253,0.82193195016589,-0.0256100083189085,-1600,-1200,588,5,-2188,1576
"deposition",67,200,"random",30,"steep",4,1567,1567,13.6931076822802,0.573330733808689,-0.0102384006651118,-1600,-1200,588,5,-2188,1576
"deposition",68,200,"random",30,"steep",4,1568,1568,5.25263553019613,2.5865451938007,0.0225022621499375,-1600,-1200,588,5,-2188,1576
"deposition",69,200,"random",30,"steep",4,1569,1569,10.8551553359721,2.46974932483863,0.0270236385706812,-1600,-1200,588,5,-2188,1576
"deposition",70,200,"random",30,"steep",4,1570,1570,8.9639204943087,2.15828350640368,0.00469982581213117,-1600,-1200,588,5,-2188,1576
"deposition",71,200,"random",30,"steep",4,1571,1571,3.4418107047677,0.896989056840539,-0.0182861535530537,-1600,-1200,588,5,-2188,1576
"deposition",72,200,"random",30,"steep",4,1572,1572,11.1986513913143,3.36318174377084,-0.0215156415570527,-1600,-1200,588,5,-2188,1576
"deposition",73,200,"random",30,"steep",4,1573,1573,10.7787257200107,1.04903122014366,0.0177964329672977,-1600,-1200,588,5,-2188,1576
"deposition",74,200,"random",30,"steep",4,1574,1574,6.12507684365846,2.25783098407555,0.0225631602946669,-1600,-1200,588,5,-2188,1576
"deposition",75,200,"random",30,"steep",4,1575,1575,7.55896491883323,3.58552501862869,-0.00257984118070453,-1600,-1200,588,5,-2188,1576
"deposition",76,200,"random",30,"steep",4,1576,1576,13.30346405413,2.95881755952723,0.00651614285074174,-1600,-1200,588,5,-2188,1576
"deposition",77,200,"random",30,"steep",4,1577,1577,9.82301921444014,0.911235535168089,-0.0151322438847274,-1600,-1200,588,5,-2188,1576
"deposition",78,200,"random",30,"steep",4,1578,1578,6.8564949054271,3.73790961981285,0.000868054339662194,-1600,-1200,588,5,-2188,1576
"deposition",79,200,"random",30,"steep",4,1579,1579,9.03354886407033,2.6284280292457,-0.00984157931059599,-1600,-1200,588,5,-2188,1576
"deposition",80,200,"random",30,"steep",4,1580,1580,7.42571805091575,2.69733169383835,0.0214850989216939,-1600,-1200,588,5,-2188,1576
"deposition",81,200,"random",30,"steep",4,1581,1581,5.68770111678168,1.11445432540495,0.00168072067201137,-1600,-1200,588,5,-2188,1576
"deposition",82,200,"random",30,"steep",4,1582,1582,14.8972233845852,3.32181244168896,0.010215336936526,-1600,-1200,588,5,-2188,1576
"deposition",83,200,"random",30,"steep",4,1583,1583,11.7853289600462,1.03823463211302,-0.0111250912165269,-1600,-1200,588,5,-2188,1576
"deposition",84,200,"random",30,"steep",4,1584,1584,8.73179227951914,1.78284225077368,-0.0271102792304009,-1600,-1200,588,5,-2188,1576
"deposition",85,200,"random",30,"steep",4,1585,1585,6.74246306461282,2.01306830113754,-0.0172497140709311,-1600,-1200,588,5,-2188,1576
"deposition",86,200,"random",30,"steep",4,1586,1586,10.7154840976,1.52816197706852,-0.00185721963644028,-1600,-1200,588,5,-2188,1576
"deposition",87,200,"random",30,"steep",4,1587,1587,9.24985864316113,0.79617882007733,0.0255502612469718,-1600,-1200,588,5,-2188,1576
"deposition",88,200,"random",30,"steep",4,1588,1588,2.21245975513011,1.85486808256246,-0.0212147316383198,-1600,-1200,588,5,-2188,1576
"deposition",89,200,"random",30,"steep",4,1589,1589,3.41264328011312,3.47023746313062,-0.00216277203988284,-1600,-1200,588,5,-2188,1576
"deposition",90,200,"random",30,"steep",4,1590,1590,9.25569359003566,1.1147394166328,0.0254962404817343,-1600,-1200,588,5,-2188,1576
"deposition",91,200,"random",30,"steep",4,1591,1591,6.98434201045893,2.59753947996069,0.00733964178711176,-1600,-1200,588,5,-2188,1576
"deposition",92,200,"random",30,"steep",4,1592,1592,8.57976484508254,2.49445383553393,0.027825336791575,-1600,-1200,588,5,-2188,1576
"deposition",93,200,"random",30,"steep",4,1593,1593,5.54541394673288,3.76105970307253,0.0196438234532252,-1600,-1200,588,5,-2188,1576
"deposition",94,200,"random",30,"steep",4,1594,1594,2.84898500633426,2.59724382101558,-0.0231166841369122,-1600,-1200,588,5,-2188,1576
"deposition",95,200,"random",30,"steep",4,1595,1595,14.5867375074886,1.69499556836672,0.0152721932390705,-1600,-1200,588,5,-2188,1576
"deposition",96,200,"random",30,"steep",4,1596,1596,7.24685895699076,1.05491228599567,-0.00126792934723198,-1600,-1200,588,5,-2188,1576
"deposition",97,200,"random",30,"steep",4,1597,1597,5.63781824777834,2.33891742897686,-0.0095156219182536,-1600,-1200,588,5,-2188,1576
"deposition",98,200,"random",30,"steep",4,1598,1598,4.36574106686749,2.17624533188064,-0.00558109275531024,-1600,-1200,588,5,-2188,1576
"deposition",99,200,"random",30,"steep",4,1599,1599,14.4366541886702,1.13171972054988,0.00278454759623856,-1600,-1200,588,5,-2188,1576
"deposition",100,200,"random",30,"steep",4,1600,1600,4.35239769262262,2.791968021309,0.019857878414914,-1600,-1200,588,5,-2188,1576
