"rep","N","slope_condition","lab_error","window","sweep","dataset_id","seed","window_start","window_end","slope","sigma","intercept","x_min","x_max","grid_min","grid_max","grid_step"
1,50,"random",30,"plateau","core",1,1,-800,-400,-0.239734694175422,76.653566705063,-480.132652912289,0,1000,-1750,550,5
2,50,"random",30,"plateau","core",2,2,-800,-400,0.211306101176888,22.3249560408294,-705.653050588444,0,1000,-1750,550,5
3,50,"random",30,"plateau","core",3,3,-800,-400,-0.128027991531417,21.5177601855248,-535.986004234292,0,1000,-1750,550,5
4,50,"random",30,"plateau","core",4,4,-800,-400,-0.15714466124773,24.5131079526618,-521.427669376135,0,1000,-1750,550,5
5,50,"random",30,"plateau","core",5,5,-800,-400,-0.211073801992461,29.6834561042488,-494.463099003769,0,1000,-1750,550,5
6,50,"random",30,"plateau","core",6,6,-800,-400,-0.105026230076328,24.2917566839606,-547.486884961836,0,1000,-1750,550,5
7,50,"random",30,"plateau","core",7,7,-800,-400,-0.193246110994369,70.336502045393,-503.376944502816,0,1000,-1750,550,5
8,50,"random",30,"plateau","core",8,8,-800,-400,0.272202137019485,77.3128140205517,-736.101068509743,0,1000,-1750,550,5
9,50,"random",30,"plateau","core",9,9,-800,-400,-0.150500235753134,70.3117075096816,-524.749882123433,0,1000,-1750,550,5
10,50,"random",30,"plateau","core",10,10,-800,-400,-0.216161267459393,26.4948207978159,-491.919366270304,0,1000,-1750,550,5
11,50,"random",30,"plateau","core",11,11,-800,-400,-0.101186651363969,38.0744958296418,-549.406674318016,0,1000,-1750,550,5
12,50,"random",30,"plateau","core",12,12,-800,-400,0.238373187975958,70.1198492245749,-719.186593987979,0,1000,-1750,550,5
13,50,"random",30,"plateau","core",13,13,-800,-400,0.146225009392947,23.1032100925222,-673.112504696473,0,1000,-1750,550,5
14,50,"random",30,"plateau","core",14,14,-800,-400,0.269706492451951,57.4947007233277,-734.853246225975,0,1000,-1750,550,5
15,50,"random",30,"plateau","core",15,15,-800,-400,-0.130767048150301,29.8253344278783,-534.61647592485,0,1000,-1750,550,5
16,50,"random",30,"plateau","core",16,16,-800,-400,0.171361862961203,26.2119817873463,-685.680931480601,0,1000,-1750,550,5
17,50,"random",30,"plateau","core",17,17,-800,-400,0.209040900832042,75.6861584121362,-704.520450416021,0,1000,-1750,550,5
18,50,"random",30,"plateau","core",18,18,-800,-400,0.100239522755146,40.2225579228252,-650.119761377573,0,1000,-1750,550,5
19,50,"random",30,"plateau","core",19,19,-800,-400,0.163564897980541,20.7249427726492,-681.78244899027,0,1000,-1750,550,5
20,50,"random",30,"plateau","core",20,20,-800,-400,0.103457870753482,50.5170187260956,-651.728935376741,0,1000,-1750,550,5
21,50,"random",30,"plateau","core",21,21,-800,-400,0.168311605183408,42.4938263650984,-684.155802591704,0,1000,-1750,550,5
22,50,"random",30,"plateau","core",22,22,-800,-400,0.168687759991735,62.9420300526545,-684.343879995868,0,1000,-1750,550,5
23,50,"random",30,"plateau","core",23,23,-800,-400,-0.146512538660318,62.7720259316266,-526.743730669841,0,1000,-1750,550,5
24,50,"random",30,"plateau","core",24,24,-800,-400,-0.112273765541613,26.3604986760765,-543.863117229193,0,1000,-1750,550,5
25,50,"random",30,"plateau","core",25,25,-800,-400,0.182475250354037,46.8742233794183,-691.237625177018,0,1000,-1750,550,5
26,50,"random",30,"plateau","core",26,26,-800,-400,-0.1371024354361,31.2302816286683,-531.44878228195,0,1000,-1750,550,5
27,50,"random",30,"plateau","core",27,27,-800,-400,0.182134412741289,49.0594960795716,-691.067206370644,0,1000,-1750,550,5
28,50,"random",30,"plateau","core",28,28,-800,-400,-0.128016171138734,41.8437688983977,-535.991914430633,0,1000,-1750,550,5
29,50,"random",30,"plateau","core",29,29,-800,-400,-0.101086903363466,76.8398015014827,-549.456548318267,0,1000,-1750,550,5
30,50,"random",30,"plateau","core",30,30,-800,-400,0.220347763132304,54.989228900522,-710.173881566152,0,1000,-1750,550,5
31,50,"random",30,"plateau","core",31,31,-800,-400,-0.282202025456354,41.0758415609598,-458.898987271823,0,1000,-1750,550,5
32,50,"random",30,"plateau","core",32,32,-800,-400,0.135072556789964,74.5793658308685,-667.536278394982,0,1000,-1750,550,5
33,50,"random",30,"plateau","core",33,33,-800,-400,0.246237482642755,55.8014698512852,-723.118741321377,0,1000,-1750,550,5
34,50,"random",30,"plateau","core",34,34,-800,-400,0.103231441928074,68.6265537748113,-651.615720964037,0,1000,-1750,550,5
35,50,"random",30,"plateau","core",35,35,-800,-400,0.217223143251613,39.4018770102412,-708.611571625806,0,1000,-1750,550,5
36,50,"random",30,"plateau","core",36,36,-800,-400,-0.185163685679436,38.3277376974002,-507.418157160282,0,1000,-1750,550,5
37,50,"random",30,"plateau","core",37,37,-800,-400,-0.142098195524886,61.6127995308489,-528.950902237557,0,1000,-1750,550,5
38,50,"random",30,"plateau","core",38,38,-800,-400,-0.195440021669492,51.9066787464544,-502.279989165254,0,1000,-1750,550,5
39,50,"random",30,"plateau","core",39,39,-800,-400,-0.25096465498209,40.7980693131685,-474.517672508955,0,1000,-1750,550,5
40,50,"random",30,"plateau","core",40,40,-800,-400,0.189365855976939,76.0327186901122,-694.68292798847,0,1000,-1750,550,5
41,50,"random",30,"plateau","core",41,41,-800,-400,0.174240360409021,58.0939223244786,-687.120180204511,0,1000,-1750,550,5
42,50,"random",30,"plateau","core",42,42,-800,-400,-0.274955680919811,56.8873725924641,-462.522159540094,0,1000,-1750,550,5
43,50,"random",30,"plateau","core",43,43,-800,-400,-0.186919461470097,47.2838070895523,-506.540269264951,0,1000,-1750,550,5
44,50,"random",30,"plateau","core",44,44,-800,-400,-0.188027355307713,38.6458907555789,-505.986322346143,0,1000,-1750,550,5
45,50,"random",30,"plateau","core",45,45,-800,-400,0.116391366673633,79.4816633872688,-658.195683336817,0,1000,-1750,550,5
46,50,"random",30,"plateau","core",46,46,-800,-400,0.106923860684037,66.2048476049677,-653.461930342019,0,1000,-1750,550,5
47,50,"random",30,"plateau","core",47,47,-800,-400,0.285730396350846,77.356531736441,-742.865198175423,0,1000,-1750,550,5
48,50,"random",30,"plateau","core",48,48,-800,-400,0.158913259441033,32.6242014439777,-679.456629720517,0,1000,-1750,550,5
49,50,"random",30,"plateau","core",49,49,-800,-400,0.203844857495278,35.9319582767785,-701.922428747639,0,1000,-1750,550,5
50,50,"random",30,"plateau","core",50,50,-800,-400,0.147279284987599,29.3830634746701,-673.639642493799,0,1000,-1750,550,5
51,50,"random",30,"plateau","core",51,51,-800,-400,-0.294361961726099,37.4525313032791,-452.81901913695,0,1000,-1750,550,5
52,50,"random",30,"plateau","core",52,52,-800,-400,-0.226502300240099,52.6722299819812,-486.74884987995,0,1000,-1750,550,5
53,50,"random",30,"plateau","core",53,53,-800,-400,0.291653833165765,24.6582834655419,-745.826916582882,0,1000,-1750,550,5
54,50,"random",30,"plateau","core",54,54,-800,-400,0.27727079577744,63.3514827536419,-738.63539788872,0,1000,-1750,550,5
55,50,"random",30,"plateau","core",55,55,-800,-400,0.204636752745137,28.4305183636025,-702.318376372568,0,1000,-1750,550,5
56,50,"random",30,"plateau","core",56,56,-800,-400,0.243183126859367,52.3557427572086,-721.591563429683,0,1000,-1750,550,5
57,50,"random",30,"plateau","core",57,57,-800,-400,0.248128546588123,21.471624081023,-724.064273294061,0,1000,-1750,550,5
58,50,"random",30,"plateau","core",58,58,-800,-400,0.109179264772683,46.0203177202493,-654.589632386342,0,1000,-1750,550,5
59,50,"random",30,"plateau","core",59,59,-800,-400,0.291558582754806,64.4576008012518,-745.779291377403,0,1000,-1750,550,5
60,50,"random",30,"plateau","core",60,60,-800,-400,-0.140227336622775,67.5637892773375,-529.886331688613,0,1000,-1750,550,5
61,50,"random",30,"plateau","core",61,61,-800,-400,-0.15968283964321,30.0675844214857,-520.158580178395,0,1000,-1750,550,5
62,50,"random",30,"plateau","core",62,62,-800,-400,-0.279114533634856,25.9517794894055,-460.442733182572,0,1000,-1750,550,5
63,50,"random",30,"plateau","core",63,63,-800,-400,0.213215154409409,47.0020383782685,-706.607577204704,0,1000,-1750,550,5
64,50,"random",30,"plateau","core",64,64,-800,-400,0.191101596923545,75.5579336779192,-695.550798461773,0,1000,-1750,550,5
65,50,"random",30,"plateau","core",65,65,-800,-400,0.179893661057577,77.7155664097518,-689.946830528788,0,1000,-1750,550,5
66,50,"random",30,"plateau","core",66,66,-800,-400,-0.116601006081328,46.9077281095088,-541.699496959336,0,1000,-1750,550,5
67,50,"random",30,"plateau","core",67,67,-800,-400,0.226070142071694,64.6291936840862,-713.035071035847,0,1000,-1750,550,5
68,50,"random",30,"plateau","core",68,68,-800,-400,-0.193018997972831,55.4616348352283,-503.490501013584,0,1000,-1750,550,5
69,50,"random",30,"plateau","core",69,69,-800,-400,0.214475691830739,25.8390548918396,-707.23784591537,0,1000,-1750,550,5
70,50,"random",30,"plateau","core",70,70,-800,-400,-0.232446338655427,51.3384340889752,-483.776830672286,0,1000,-1750,550,5
71,50,"random",30,"plateau","core",71,71,-800,-400,0.275581653229892,31.980959540233,-737.790826614946,0,1000,-1750,550,5
72,50,"random",30,"plateau","core",72,72,-800,-400,0.175787397427484,66.9540439732373,-687.893698713742,0,1000,-1750,550,5
73,50,"random",30,"plateau","core",73,73,-800,-400,-0.244714862527326,21.9175843847916,-477.642568736337,0,1000,-1750,550,5
74,50,"random",30,"plateau","core",74,74,-800,-400,-0.2715715887025,56.1249542888254,-464.21420564875,0,1000,-1750,550,5
75,50,"random",30,"plateau","core",75,75,-800,-400,0.13725110059604,26.7202184582129,-668.62555029802,0,1000,-1750,550,5
76,50,"random",30,"plateau","core",76,76,-800,-400,0.226539624435827,24.1346339974552,-713.269812217914,0,1000,-1750,550,5
77,50,"random",30,"plateau","core",77,77,-800,-400,-0.24362316490151,75.8713130326942,-478.188417549245,0,1000,-1750,550,5
78,50,"random",30,"plateau","core",78,78,-800,-400,-0.208361320802942,45.9970296081156,-495.819339598529,0,1000,-1750,550,5
79,50,"random",30,"plateau","core",79,79,-800,-400,0.140942519670352,60.6119340192527,-670.471259835176,0,1000,-1750,550,5
80,50,"random",30,"plateau","core",80,80,-800,-400,0.279997797729447,50.922598624602,-739.998898864724,0,1000,-1750,550,5
81,50,"random",30,"plateau","core",81,81,-800,-400,0.124716865830123,25.0257640797645,-662.358432915062,0,1000,-1750,550,5
82,50,"random",30,"plateau","core",82,82,-800,-400,0.290309389261529,30.7280554389581,-745.154694630764,0,1000,-1750,550,5
83,50,"random",30,"plateau","core",83,83,-800,-400,-0.256343025201932,63.6747680231929,-471.828487399034,0,1000,-1750,550,5
84,50,"random",30,"plateau","core",84,84,-800,-400,0.292427192954347,70.1604368025437,-746.213596477173,0,1000,-1750,550,5
85,50,"random",30,"plateau","core",85,85,-800,-400,0.122850385541096,66.1692934855819,-661.425192770548,0,1000,-1750,550,5
86,50,"random",30,"plateau","core",86,86,-800,-400,0.295510427840054,27.5853180233389,-747.755213920027,0,1000,-1750,550,5
87,50,"random",30,"plateau","core",87,87,-800,-400,0.224093900341541,28.1929707434028,-712.04695017077,0,1000,-1750,550,5
88,50,"random",30,"plateau","core",88,88,-800,-400,0.285485453112051,29.6315317368135,-742.742726556025,0,1000,-1750,550,5
89,50,"random",30,"plateau","core",89,89,-800,-400,0.140447342582047,46.4763483218849,-670.223671291023,0,1000,-1750,550,5
90,50,"random",30,"plateau","core",90,90,-800,-400,-0.143105836352333,63.3495752699673,-528.447081823833,0,1000,-1750,550,5
91,50,"random",30,"plateau","core",91,91,-800,-400,0.284385044546798,52.5856354786083,-742.192522273399,0,1000,-1750,550,5
92,50,"random",30,"plateau","core",92,92,-800,-400,0.24442311017774,67.5240322481841,-722.21155508887,0,1000,-1750,550,5
93,50,"random",30,"plateau","core",93,93,-800,-400,0.252340277656913,57.9733318695799,-726.170138828456,0,1000,-1750,550,5
94,50,"random",30,"plateau","core",94,94,-800,-400,0.157055490138009,69.8500610608608,-678.527745069005,0,1000,-1750,550,5
95,50,"random",30,"plateau","core",95,95,-800,-400,-0.168731776159257,67.286353353411,-515.634111920372,0,1000,-1750,550,5
96,50,"random",30,"plateau","core",96,96,-800,-400,-0.168278683302924,75.9737400431186,-515.860658348538,0,1000,-1750,550,5
97,50,"random",30,"plateau","core",97,97,-800,-400,-0.257591959368438,62.253956226632,-471.204020315781,0,1000,-1750,550,5
98,50,"random",30,"plateau","core",98,98,-800,-400,0.172899998212233,51.4029538584873,-686.449999106117,0,1000,-1750,550,5
99,50,"random",30,"plateau","core",99,99,-800,-400,-0.233024511020631,51.0799592593685,-483.487744489685,0,1000,-1750,550,5
100,50,"random",30,"plateau","core",100,100,-800,-400,0.17456235201098,21.0518594039604,-687.28117600549,0,1000,-1750,550,5
1,100,"random",30,"plateau","core",101,101,-800,-400,-0.124204173870385,79.7532253712416,-537.897913064808,0,1000,-1750,550,5
2,100,"random",30,"plateau","core",102,102,-800,-400,0.266169304028153,25.99900519941,-733.084652014077,0,1000,-1750,550,5
3,100,"random",30,"plateau","core",103,103,-800,-400,0.183663456467912,48.302428657189,-691.831728233956,0,1000,-1750,550,5
4,100,"random",30,"plateau","core",104,104,-800,-400,0.116406267089769,66.6582508571446,-658.203133544885,0,1000,-1750,550,5
5,100,"random",30,"plateau","core",105,105,-800,-400,-0.135205519152805,22.497965968214,-532.397240423597,0,1000,-1750,550,5
6,100,"random",30,"plateau","core",106,106,-800,-400,-0.136192227434367,30.1546946913004,-531.903886282817,0,1000,-1750,550,5
7,100,"random",30,"plateau","core",107,107,-800,-400,-0.234685510536656,30.4572753887624,-482.657244731672,0,1000,-1750,550,5
8,100,"random",30,"plateau","core",108,108,-800,-400,0.221399095980451,34.7631184896454,-710.699547990225,0,1000,-1750,550,5
9,100,"random",30,"plateau","core",109,109,-800,-400,-0.151905261259526,41.1187059152871,-524.047369370237,0,1000,-1750,550,5
10,100,"random",30,"plateau","core",110,110,-800,-400,-0.218072590697557,53.8748878845945,-490.963704651222,0,1000,-1750,550,5
11,100,"random",30,"plateau","core",111,111,-800,-400,0.18169864313677,68.3934392454103,-690.849321568385,0,1000,-1750,550,5
12,100,"random",30,"plateau","core",112,112,-800,-400,-0.273285780055448,76.7042629839852,-463.357109972276,0,1000,-1750,550,5
13,100,"random",30,"plateau","core",113,113,-800,-400,0.121632181014866,24.5719442469999,-660.816090507433,0,1000,-1750,550,5
14,100,"random",30,"plateau","core",114,114,-800,-400,-0.164377987291664,20.0057921046391,-517.811006354168,0,1000,-1750,550,5
15,100,"random",30,"plateau","core",115,115,-800,-400,0.13365746550262,25.2065351046622,-666.82873275131,0,1000,-1750,550,5
16,100,"random",30,"plateau","core",116,116,-800,-400,-0.110315983276814,54.1323831491172,-544.842008361593,0,1000,-1750,550,5
17,100,"random",30,"plateau","core",117,117,-800,-400,-0.210656286589801,43.2602861290798,-494.671856705099,0,1000,-1750,550,5
18,100,"random",30,"plateau","core",118,118,-800,-400,-0.12838423140347,31.2867724010721,-535.807884298265,0,1000,-1750,550,5
19,100,"random",30,"plateau","core",119,119,-800,-400,-0.131776914931834,63.8474119547755,-534.111542534083,0,1000,-1750,550,5
20,100,"random",30,"plateau","core",120,120,-800,-400,-0.25576180270873,39.9830548884347,-472.119098645635,0,1000,-1750,550,5
21,100,"random",30,"plateau","core",121,121,-800,-400,-0.18874981161207,66.4202296594158,-505.625094193965,0,1000,-1750,550,5
22,100,"random",30,"plateau","core",122,122,-800,-400,0.126304499944672,23.8291366631165,-663.152249972336,0,1000,-1750,550,5
23,100,"random",30,"plateau","core",123,123,-800,-400,0.213288951665163,42.1787018282339,-706.644475832582,0,1000,-1750,550,5
24,100,"random",30,"plateau","core",124,124,-800,-400,0.254776227520779,42.5095228757709,-727.388113760389,0,1000,-1750,550,5
25,100,"random",30,"plateau","core",125,125,-800,-400,-0.184242811147124,31.2108409916982,-507.878594426438,0,1000,-1750,550,5
26,100,"random",30,"plateau","core",126,126,-800,-400,0.112166116479784,61.0376964090392,-656.083058239892,0,1000,-1750,550,5
27,100,"random",30,"plateau","core",127,127,-800,-400,-0.177089286595583,79.158260547556,-511.455356702209,0,1000,-1750,550,5
28,100,"random",30,"plateau","core",128,128,-800,-400,0.19248102302663,58.6247207596898,-696.240511513315,0,1000,-1750,550,5
29,100,"random",30,"plateau","core",129,129,-800,-400,0.108284766273573,60.5834874464199,-654.142383136787,0,1000,-1750,550,5
30,100,"random",30,"plateau","core",130,130,-800,-400,0.182145130634308,50.9641075413674,-691.072565317154,0,1000,-1750,550,5
31,100,"random",30,"plateau","core",131,131,-800,-400,0.178506204532459,52.227604999207,-689.25310226623,0,1000,-1750,550,5
32,100,"random",30,"plateau","core",132,132,-800,-400,0.228471375675872,57.5039393547922,-714.235687837936,0,1000,-1750,550,5
33,100,"random",30,"plateau","core",133,133,-800,-400,0.107187177613378,63.0956834414974,-653.593588806689,0,1000,-1750,550,5
34,100,"random",30,"plateau","core",134,134,-800,-400,0.11860895329155,46.2286585010588,-659.304476645775,0,1000,-1750,550,5
35,100,"random",30,"plateau","core",135,135,-800,-400,-0.275098329409957,33.5862155212089,-462.450835295022,0,1000,-1750,550,5
36,100,"random",30,"plateau","core",136,136,-800,-400,0.100839595030993,77.3968598805368,-650.419797515497,0,1000,-1750,550,5
37,100,"random",30,"plateau","core",137,137,-800,-400,-0.131570674432442,55.3404520452023,-534.214662783779,0,1000,-1750,550,5
38,100,"random",30,"plateau","core",138,138,-800,-400,-0.201647577807307,39.7733528865501,-499.176211096346,0,1000,-1750,550,5
39,100,"random",30,"plateau","core",139,139,-800,-400,0.211782300425693,60.8604928478599,-705.891150212847,0,1000,-1750,550,5
40,100,"random",30,"plateau","core",140,140,-800,-400,-0.16728826337494,26.8476451933384,-516.35586831253,0,1000,-1750,550,5
41,100,"random",30,"plateau","core",141,141,-800,-400,-0.239658557297662,34.075371013023,-480.170721351169,0,1000,-1750,550,5
42,100,"random",30,"plateau","core",142,142,-800,-400,-0.15694597135298,66.8725810525939,-521.52701432351,0,1000,-1750,550,5
43,100,"random",30,"plateau","core",143,143,-800,-400,-0.200433750636876,43.8756776228547,-499.783124681562,0,1000,-1750,550,5
44,100,"random",30,"plateau","core",144,144,-800,-400,0.228304436383769,45.4915148066357,-714.152218191884,0,1000,-1750,550,5
45,100,"random",30,"plateau","core",145,145,-800,-400,0.28220264846459,62.8555730124936,-741.101324232295,0,1000,-1750,550,5
46,100,"random",30,"plateau","core",146,146,-800,-400,-0.114943559560925,58.6519242962822,-542.528220219538,0,1000,-1750,550,5
47,100,"random",30,"plateau","core",147,147,-800,-400,0.139697648910806,23.5188322514296,-669.848824455403,0,1000,-1750,550,5
48,100,"random",30,"plateau","core",148,148,-800,-400,-0.22756427731365,53.4437685925514,-486.217861343175,0,1000,-1750,550,5
49,100,"random",30,"plateau","core",149,149,-800,-400,-0.234252213127911,72.4695088015869,-482.873893436044,0,1000,-1750,550,5
50,100,"random",30,"plateau","core",150,150,-800,-400,0.111207388713956,60.8889254368842,-655.603694356978,0,1000,-1750,550,5
51,100,"random",30,"plateau","core",151,151,-800,-400,0.132849516393617,45.4843253688887,-666.424758196808,0,1000,-1750,550,5
52,100,"random",30,"plateau","core",152,152,-800,-400,-0.109702521888539,50.2595581905916,-545.14873905573,0,1000,-1750,550,5
53,100,"random",30,"plateau","core",153,153,-800,-400,0.296637090062723,36.7717220867053,-748.318545031361,0,1000,-1750,550,5
54,100,"random",30,"plateau","core",154,154,-800,-400,0.207093661138788,41.7020819336176,-703.546830569394,0,1000,-1750,550,5
55,100,"random",30,"plateau","core",155,155,-800,-400,-0.250835762545466,33.2845221180469,-474.582118727267,0,1000,-1750,550,5
56,100,"random",30,"plateau","core",156,156,-800,-400,-0.247790276259184,68.7542739883065,-476.104861870408,0,1000,-1750,550,5
57,100,"random",30,"plateau","core",157,157,-800,-400,-0.173132146662101,76.5468938974664,-513.433926668949,0,1000,-1750,550,5
58,100,"random",30,"plateau","core",158,158,-800,-400,0.239426566148177,61.644783699885,-719.713283074088,0,1000,-1750,550,5
59,100,"random",30,"plateau","core",159,159,-800,-400,0.256764579610899,41.4297684421763,-728.38228980545,0,1000,-1750,550,5
60,100,"random",30,"plateau","core",160,160,-800,-400,0.105379104474559,55.6332805240527,-652.68955223728,0,1000,-1750,550,5
61,100,"random",30,"plateau","core",161,161,-800,-400,0.124785403115675,51.0392887704074,-662.392701557837,0,1000,-1750,550,5
62,100,"random",30,"plateau","core",162,162,-800,-400,0.2010784546379,43.4395530354232,-700.53922731895,0,1000,-1750,550,5
63,100,"random",30,"plateau","core",163,163,-800,-400,0.286867984523997,36.4030112884939,-743.433992261998,0,1000,-1750,550,5
64,100,"random",30,"plateau","core",164,164,-800,-400,0.122563116112724,65.557220694609,-661.281558056362,0,1000,-1750,550,5
65,100,"random",30,"plateau","core",165,165,-800,-400,0.1247887307778,30.7033190177754,-662.3943653889,0,1000,-1750,550,5
66,100,"random",30,"plateau","core",166,166,-800,-400,0.175712501443923,45.3445041319355,-687.856250721961,0,1000,-1750,550,5
67,100,"random",30,"plateau","core",167,167,-800,-400,-0.111951517593116,63.1313362857327,-544.024241203442,0,1000,-1750,550,5
68,100,"random",30,"plateau","core",168,168,-800,-400,0.189676235429943,48.1718863546848,-694.838117714971,0,1000,-1750,550,5
69,100,"random",30,"plateau","core",169,169,-800,-400,0.195594096090645,48.3052260614932,-697.797048045322,0,1000,-1750,550,5
70,100,"random",30,"plateau","core",170,170,-800,-400,-0.119708757987246,24.7263924917206,-540.145621006377,0,1000,-1750,550,5
71,100,"random",30,"plateau","core",171,171,-800,-400,-0.260422617383301,54.3749355478212,-469.788691308349,0,1000,-1750,550,5
72,100,"random",30,"plateau","core",172,172,-800,-400,0.245352695230395,75.6814988004044,-722.676347615197,0,1000,-1750,550,5
73,100,"random",30,"plateau","core",173,173,-800,-400,0.199114627763629,34.9332970101386,-699.557313881814,0,1000,-1750,550,5
74,100,"random",30,"plateau","core",174,174,-800,-400,-0.256801179237664,61.3324714032933,-471.599410381168,0,1000,-1750,550,5
75,100,"random",30,"plateau","core",175,175,-800,-400,-0.144706701627001,70.3124866914004,-527.646649186499,0,1000,-1750,550,5
76,100,"random",30,"plateau","core",176,176,-800,-400,0.21417676624842,40.2701064478606,-707.08838312421,0,1000,-1750,550,5
77,100,"random",30,"plateau","core",177,177,-800,-400,0.27603248837404,62.0602381229401,-738.01624418702,0,1000,-1750,550,5
78,100,"random",30,"plateau","core",178,178,-800,-400,-0.288023669505492,39.8928374331445,-455.988165247254,0,1000,-1750,550,5
79,100,"random",30,"plateau","core",179,179,-800,-400,0.29842410068959,59.6486408775672,-749.212050344795,0,1000,-1750,550,5
80,100,"random",30,"plateau","core",180,180,-800,-400,0.204977555852383,50.8049937756732,-702.488777926192,0,1000,-1750,550,5
81,100,"random",30,"plateau","core",181,181,-800,-400,-0.105016987537965,60.296755139716,-547.491506231017,0,1000,-1750,550,5
82,100,"random",30,"plateau","core",182,182,-800,-400,0.154163149418309,47.4208983546123,-677.081574709155,0,1000,-1750,550,5
83,100,"random",30,"plateau","core",183,183,-800,-400,-0.285940795671195,73.3465164666995,-457.029602164403,0,1000,-1750,550,5
84,100,"random",30,"plateau","core",184,184,-800,-400,-0.225941952643916,59.3121395539493,-487.029023678042,0,1000,-1750,550,5
85,100,"random",30,"plateau","core",185,185,-800,-400,-0.163486968260258,67.1933774836361,-518.256515869871,0,1000,-1750,550,5
86,100,"random",30,"plateau","core",186,186,-800,-400,0.152436508890241,28.917231913656,-676.218254445121,0,1000,-1750,550,5
87,100,"random",30,"plateau","core",187,187,-800,-400,-0.267349157948047,38.3425985323265,-466.325421025977,0,1000,-1750,550,5
88,100,"random",30,"plateau","core",188,188,-800,-400,0.128616442764178,70.0407214323059,-664.308221382089,0,1000,-1750,550,5
89,100,"random",30,"plateau","core",189,189,-800,-400,0.106809839466587,59.0233246656135,-653.404919733293,0,1000,-1750,550,5
90,100,"random",30,"plateau","core",190,190,-800,-400,-0.182244658935815,56.3920762110502,-508.877670532092,0,1000,-1750,550,5
91,100,"random",30,"plateau","core",191,191,-800,-400,-0.179439265467226,50.8078637253493,-510.280367266387,0,1000,-1750,550,5
92,100,"random",30,"plateau","core",192,192,-800,-400,0.119990001665428,75.2897023130208,-659.995000832714,0,1000,-1750,550,5
93,100,"random",30,"plateau","core",193,193,-800,-400,0.133763667102903,77.6788325514644,-666.881833551452,0,1000,-1750,550,5
94,100,"random",30,"plateau","core",194,194,-800,-400,0.282862204778939,62.7273579034954,-741.43110238947,0,1000,-1750,550,5
95,100,"random",30,"plateau","core",195,195,-800,-400,-0.162392466096207,25.7525438023731,-518.803766951896,0,1000,-1750,550,5
96,100,"random",30,"plateau","core",196,196,-800,-400,-0.160874336073175,54.3300394061953,-519.562831963412,0,1000,-1750,550,5
97,100,"random",30,"plateau","core",197,197,-800,-400,-0.128134772507474,56.2258636439219,-535.932613746263,0,1000,-1750,550,5
98,100,"random",30,"plateau","core",198,198,-800,-400,0.210325399413705,32.747701103799,-705.162699706852,0,1000,-1750,550,5
99,100,"random",30,"plateau","core",199,199,-800,-400,0.228818971337751,32.7187366550788,-714.409485668875,0,1000,-1750,550,5
100,100,"random",30,"plateau","core",200,200,-800,-400,-0.138669496541843,33.1023236690089,-530.665251729079,0,1000,-1750,550,5
1,200,"random",30,"plateau","core",201,201,-800,-400,0.277611657278612,22.3944184230641,-738.805828639306,0,1000,-1750,550,5
2,200,"random",30,"plateau","core",202,202,-800,-400,-0.226082619884983,77.4961161008105,-486.958690057509,0,1000,-1750,550,5
3,200,"random",30,"plateau","core",203,203,-800,-400,-0.16214168863371,38.9668456744403,-518.929155683145,0,1000,-1750,550,5
4,200,"random",30,"plateau","core",204,204,-800,-400,0.292643053783104,42.2158087650314,-746.321526891552,0,1000,-1750,550,5
5,200,"random",30,"plateau","core",205,205,-800,-400,-0.18198135974817,29.4039716850966,-509.009320125915,0,1000,-1750,550,5
6,200,"random",30,"plateau","core",206,206,-800,-400,-0.249625990260392,64.987075496465,-475.187004869804,0,1000,-1750,550,5
7,200,"random",30,"plateau","core",207,207,-800,-400,-0.126628913497552,51.2450856575742,-536.685543251224,0,1000,-1750,550,5
8,200,"random",30,"plateau","core",208,208,-800,-400,0.293864332977682,74.6373513620347,-746.932166488841,0,1000,-1750,550,5
9,200,"random",30,"plateau","core",209,209,-800,-400,-0.268066874518991,59.1799657000229,-465.966562740505,0,1000,-1750,550,5
10,200,"random",30,"plateau","core",210,210,-800,-400,0.214930883375928,53.1387299019843,-707.465441687964,0,1000,-1750,550,5
11,200,"random",30,"plateau","core",211,211,-800,-400,-0.242576739285141,52.3903385316953,-478.711630357429,0,1000,-1750,550,5
12,200,"random",30,"plateau","core",212,212,-800,-400,-0.129504159279168,57.2798747802153,-535.247920360416,0,1000,-1750,550,5
13,200,"random",30,"plateau","core",213,213,-800,-400,0.111775217903778,49.8595414031297,-655.887608951889,0,1000,-1750,550,5
14,200,"random",30,"plateau","core",214,214,-800,-400,-0.114784205611795,54.9931989051402,-542.607897194102,0,1000,-1750,550,5
15,200,"random",30,"plateau","core",215,215,-800,-400,0.286141394590959,65.2682899124921,-743.070697295479,0,1000,-1750,550,5
16,200,"random",30,"plateau","core",216,216,-800,-400,0.211128348438069,38.9145861426368,-705.564174219035,0,1000,-1750,550,5
17,200,"random",30,"plateau","core",217,217,-800,-400,-0.124232099065557,38.8939498132095,-537.883950467221,0,1000,-1750,550,5
18,200,"random",30,"plateau","core",218,218,-800,-400,0.128336551459506,58.2492387667298,-664.168275729753,0,1000,-1750,550,5
19,200,"random",30,"plateau","core",219,219,-800,-400,-0.129279334144667,20.2103899186477,-535.360332927667,0,1000,-1750,550,5
20,200,"random",30,"plateau","core",220,220,-800,-400,0.169392043398693,78.0188130773604,-684.696021699347,0,1000,-1750,550,5
21,200,"random",30,"plateau","core",221,221,-800,-400,-0.114106260053813,72.1996610425413,-542.946869973093,0,1000,-1750,550,5
22,200,"random",30,"plateau","core",222,222,-800,-400,0.225770178530365,64.2456425726414,-712.885089265183,0,1000,-1750,550,5
23,200,"random",30,"plateau","core",223,223,-800,-400,0.123269829666242,47.2544406307861,-661.634914833121,0,1000,-1750,550,5
24,200,"random",30,"plateau","core",224,224,-800,-400,0.248650203924626,30.8746966673061,-724.325101962313,0,1000,-1750,550,5
25,200,"random",30,"plateau","core",225,225,-800,-400,0.1727855628822,66.1692060902715,-686.3927814411,0,1000,-1750,550,5
26,200,"random",30,"plateau","core",226,226,-800,-400,0.273604960460216,57.3086417233571,-736.802480230108,0,1000,-1750,550,5
27,200,"random",30,"plateau","core",227,227,-800,-400,-0.240584357408807,62.3290623398498,-479.707821295597,0,1000,-1750,550,5
28,200,"random",30,"plateau","core",228,228,-800,-400,-0.126278703240678,67.1720917522907,-536.860648379661,0,1000,-1750,550,5
29,200,"random",30,"plateau","core",229,229,-800,-400,0.147709132032469,46.6226964490488,-673.854566016234,0,1000,-1750,550,5
30,200,"random",30,"plateau","core",230,230,-800,-400,-0.136814048700035,50.5486901383847,-531.592975649983,0,1000,-1750,550,5
31,200,"random",30,"plateau","core",231,231,-800,-400,-0.184227125300094,64.8009284026921,-507.886437349953,0,1000,-1750,550,5
32,200,"random",30,"plateau","core",232,232,-800,-400,0.140679059270769,36.5573963336647,-670.339529635385,0,1000,-1750,550,5
33,200,"random",30,"plateau","core",233,233,-800,-400,-0.177842408046126,25.9540022863075,-511.078795976937,0,1000,-1750,550,5
34,200,"random",30,"plateau","core",234,234,-800,-400,0.199309667432681,56.9657476618886,-699.65483371634,0,1000,-1750,550,5
35,200,"random",30,"plateau","core",235,235,-800,-400,-0.275837158598006,61.1333716427907,-462.081420700997,0,1000,-1750,550,5
36,200,"random",30,"plateau","core",236,236,-800,-400,-0.244351548468694,37.9167405189946,-477.824225765653,0,1000,-1750,550,5
37,200,"random",30,"plateau","core",237,237,-800,-400,0.297790514072403,73.8823325466365,-748.895257036202,0,1000,-1750,550,5
38,200,"random",30,"plateau","core",238,238,-800,-400,0.114345233840868,35.6541061215103,-657.172616920434,0,1000,-1750,550,5
39,200,"random",30,"plateau","core",239,239,-800,-400,-0.128513428382576,76.2263122107834,-535.743285808712,0,1000,-1750,550,5
40,200,"random",30,"plateau","core",240,240,-800,-400,-0.278484711842611,74.4813798321411,-460.757644078694,0,1000,-1750,550,5
41,200,"random",30,"plateau","core",241,241,-800,-400,-0.294337627477944,39.0960180526599,-452.831186261028,0,1000,-1750,550,5
42,200,"random",30,"plateau","core",242,242,-800,-400,0.208120324835181,69.2020878801122,-704.060162417591,0,1000,-1750,550,5
43,200,"random",30,"plateau","core",243,243,-800,-400,-0.296697651641443,43.0717051122338,-451.651174179278,0,1000,-1750,550,5
44,200,"random",30,"plateau","core",244,244,-800,-400,-0.263879076717421,66.5734175732359,-468.060461641289,0,1000,-1750,550,5
45,200,"random",30,"plateau","core",245,245,-800,-400,-0.21830397117883,71.4340748544783,-490.848014410585,0,1000,-1750,550,5
46,200,"random",30,"plateau","core",246,246,-800,-400,-0.204265725053847,30.8626526547596,-497.867137473077,0,1000,-1750,550,5
47,200,"random",30,"plateau","core",247,247,-800,-400,0.2630252125673,37.6281720027328,-731.51260628365,0,1000,-1750,550,5
48,200,"random",30,"plateau","core",248,248,-800,-400,0.163372084405273,72.5361071294174,-681.686042202637,0,1000,-1750,550,5
49,200,"random",30,"plateau","core",249,249,-800,-400,-0.108207123167813,62.4235508497804,-545.896438416094,0,1000,-1750,550,5
50,200,"random",30,"plateau","core",250,250,-800,-400,-0.115189163805917,59.637992256321,-542.405418097042,0,1000,-1750,550,5
51,200,"random",30,"plateau","core",251,251,-800,-400,0.236082166898996,44.3708372674882,-718.041083449498,0,1000,-1750,550,5
52,200,"random",30,"plateau","core",252,252,-800,-400,0.1736245397944,39.9418785376474,-686.8122698972,0,1000,-1750,550,5
53,200,"random",30,"plateau","core",253,253,-800,-400,-0.158633985044435,34.8233448248357,-520.683007477783,0,1000,-1750,550,5
54,200,"random",30,"plateau","core",254,254,-800,-400,0.2405815936625,75.183754931204,-720.29079683125,0,1000,-1750,550,5
55,200,"random",30,"plateau","core",255,255,-800,-400,-0.186861801287159,51.3913249457255,-506.56909935642,0,1000,-1750,550,5
56,200,"random",30,"plateau","core",256,256,-800,-400,0.133961464371532,69.5002695452422,-666.980732185766,0,1000,-1750,550,5
57,200,"random",30,"plateau","core",257,257,-800,-400,-0.241916575143114,46.3689346378669,-479.041712428443,0,1000,-1750,550,5
58,200,"random",30,"plateau","core",258,258,-800,-400,0.281202464643866,68.9619928319007,-740.601232321933,0,1000,-1750,550,5
59,200,"random",30,"plateau","core",259,259,-800,-400,-0.269855061080307,40.3021572390571,-465.072469459847,0,1000,-1750,550,5
60,200,"random",30,"plateau","core",260,260,-800,-400,0.229268154595047,29.7383018443361,-714.634077297524,0,1000,-1750,550,5
61,200,"random",30,"plateau","core",261,261,-800,-400,-0.196316773910075,36.7256464017555,-501.841613044962,0,1000,-1750,550,5
62,200,"random",30,"plateau","core",262,262,-800,-400,-0.217956796241924,26.2672969978303,-491.021601879038,0,1000,-1750,550,5
63,200,"random",30,"plateau","core",263,263,-800,-400,0.299167771730572,65.5125996330753,-749.583885865286,0,1000,-1750,550,5
64,200,"random",30,"plateau","core",264,264,-800,-400,0.15114860762842,49.0551644796506,-675.57430381421,0,1000,-1750,550,5
65,200,"random",30,"plateau","core",265,265,-800,-400,-0.244414258887991,77.7520008385181,-477.792870556004,0,1000,-1750,550,5
66,200,"random",30,"plateau","core",266,266,-800,-400,0.141035704407841,37.6049884269014,-670.51785220392,0,1000,-1750,550,5
67,200,"random",30,"plateau","core",267,267,-800,-400,-0.183962175203487,40.8067009551451,-508.018912398256,0,1000,-1750,550,5
68,200,"random",30,"plateau","core",268,268,-800,-400,-0.218819863069803,33.258247282356,-490.590068465099,0,1000,-1750,550,5
69,200,"random",30,"plateau","core",269,269,-800,-400,-0.234119246061891,27.0779161062092,-482.940376969054,0,1000,-1750,550,5
70,200,"random",30,"plateau","core",270,270,-800,-400,0.249746244307607,21.5972277382389,-724.873122153804,0,1000,-1750,550,5
71,200,"random",30,"plateau","core",271,271,-800,-400,0.192013974208385,31.0054827574641,-696.006987104192,0,1000,-1750,550,5
72,200,"random",30,"plateau","core",272,272,-800,-400,-0.195444422168657,78.2720336830244,-502.277788915671,0,1000,-1750,550,5
73,200,"random",30,"plateau","core",273,273,-800,-400,0.127421645820141,54.6969816926867,-663.71082291007,0,1000,-1750,550,5
74,200,"random",30,"plateau","core",274,274,-800,-400,-0.145499357813969,61.8585652299225,-527.250321093015,0,1000,-1750,550,5
75,200,"random",30,"plateau","core",275,275,-800,-400,-0.238520961254835,50.3762000985444,-480.739519372582,0,1000,-1750,550,5
76,200,"random",30,"plateau","core",276,276,-800,-400,-0.217818045476452,35.3064571460709,-491.090977261774,0,1000,-1750,550,5
77,200,"random",30,"plateau","core",277,277,-800,-400,-0.265750148333609,28.3808011328802,-467.124925833195,0,1000,-1750,550,5
78,200,"random",30,"plateau","core",278,278,-800,-400,-0.241232434846461,76.7712157405913,-479.38378257677,0,1000,-1750,550,5
79,200,"random",30,"plateau","core",279,279,-800,-400,-0.229813346546143,55.3763185022399,-485.093326726928,0,1000,-1750,550,5
80,200,"random",30,"plateau","core",280,280,-800,-400,-0.105553096113726,45.1587051106617,-547.223451943137,0,1000,-1750,550,5
81,200,"random",30,"plateau","core",281,281,-800,-400,0.22897930839099,47.6118826307356,-714.489654195495,0,1000,-1750,550,5
82,200,"random",30,"plateau","core",282,282,-800,-400,-0.252366029284894,53.2869762927294,-473.816985357553,0,1000,-1750,550,5
83,200,"random",30,"plateau","core",283,283,-800,-400,-0.212492569349706,57.3792724730447,-493.753715325147,0,1000,-1750,550,5
84,200,"random",30,"plateau","core",284,284,-800,-400,0.230125120608136,59.8860237235203,-715.062560304068,0,1000,-1750,550,5
85,200,"random",30,"plateau","core",285,285,-800,-400,0.26035285545513,47.3198711918667,-730.176427727565,0,1000,-1750,550,5
86,200,"random",30,"plateau","core",286,286,-800,-400,-0.206796867726371,58.1495115952566,-496.601566136815,0,1000,-1750,550,5
87,200,"random",30,"plateau","core",287,287,-800,-400,0.119935454567894,24.3001839611679,-659.967727283947,0,1000,-1750,550,5
88,200,"random",30,"plateau","core",288,288,-800,-400,0.114190424885601,63.6886813258752,-657.0952124428,0,1000,-1750,550,5
89,200,"random",30,"plateau","core",289,289,-800,-400,0.27532496387139,74.9701552186161,-737.662481935695,0,1000,-1750,550,5
90,200,"random",30,"plateau","core",290,290,-800,-400,-0.253383480058983,55.5343038681895,-473.308259970509,0,1000,-1750,550,5
91,200,"random",30,"plateau","core",291,291,-800,-400,-0.136329405708238,74.860698976554,-531.835297145881,0,1000,-1750,550,5
92,200,"random",30,"plateau","core",292,292,-800,-400,0.276712274504825,50.5543587636203,-738.356137252413,0,1000,-1750,550,5
93,200,"random",30,"plateau","core",293,293,-800,-400,-0.22623679023236,50.9924814570695,-486.88160488382,0,1000,-1750,550,5
94,200,"random",30,"plateau","core",294,294,-800,-400,0.27402104078792,36.4059333596379,-737.01052039396,0,1000,-1750,550,5
95,200,"random",30,"plateau","core",295,295,-800,-400,-0.256216484680772,76.3885598862544,-471.891757659614,0,1000,-1750,550,5
96,200,"random",30,"plateau","core",296,296,-800,-400,-0.229108801716939,22.2835019836202,-485.445599141531,0,1000,-1750,550,5
97,200,"random",30,"plateau","core",297,297,-800,-400,-0.218745193304494,69.2528776451945,-490.627403347753,0,1000,-1750,550,5
98,200,"random",30,"plateau","core",298,298,-800,-400,-0.201352713117376,36.5733134001493,-499.323643441312,0,1000,-1750,550,5
99,200,"random",30,"plateau","core",299,299,-800,-400,-0.111879058042541,29.5260983752087,-544.060470978729,0,1000,-1750,550,5
100,200,"random",30,"plateau","core",300,300,-800,-400,-0.186824433133006,62.1945163793862,-506.587783433497,0,1000,-1750,550,5
1,500,"random",30,"plateau","core",301,301,-800,-400,0.201940802298486,67.9776822775602,-700.970401149243,0,1000,-1750,550,5
2,500,"random",30,"plateau","core",302,302,-800,-400,0.200982588762417,64.7182846115902,-700.491294381209,0,1000,-1750,550,5
3,500,"random",30,"plateau","core",303,303,-800,-400,-0.226209970191121,27.9412388056517,-486.895014904439,0,1000,-1750,550,5
4,500,"random",30,"plateau","core",304,304,-800,-400,-0.168590436456725,56.4787557488307,-515.704781771637,0,1000,-1750,550,5
5,500,"random",30,"plateau","core",305,305,-800,-400,0.267753791203722,42.0731676323339,-733.876895601861,0,1000,-1750,550,5
6,500,"random",30,"plateau","core",306,306,-800,-400,-0.121504876995459,32.4719145987183,-539.24756150227,0,1000,-1750,550,5
7,500,"random",30,"plateau","core",307,307,-800,-400,0.2383189026732,61.2141096685082,-719.1594513366,0,1000,-1750,550,5
8,500,"random",30,"plateau","core",308,308,-800,-400,-0.156048542726785,72.3478093929589,-521.975728636608,0,1000,-1750,550,5
9,500,"random",30,"plateau","core",309,309,-800,-400,0.243599829263985,74.5788868330419,-721.799914631993,0,1000,-1750,550,5
10,500,"random",30,"plateau","core",310,310,-800,-400,0.264844109397382,76.4969888143241,-732.422054698691,0,1000,-1750,550,5
11,500,"random",30,"plateau","core",311,311,-800,-400,-0.274683306692168,33.2941122027114,-462.658346653916,0,1000,-1750,550,5
12,500,"random",30,"plateau","core",312,312,-800,-400,0.248772739805281,35.3670684061944,-724.386369902641,0,1000,-1750,550,5
13,500,"random",30,"plateau","core",313,313,-800,-400,0.147928822226822,55.5846654577181,-673.964411113411,0,1000,-1750,550,5
14,500,"random",30,"plateau","core",314,314,-800,-400,0.256065305136144,75.3932308452204,-728.032652568072,0,1000,-1750,550,5
15,500,"random",30,"plateau","core",315,315,-800,-400,-0.153620649548247,73.0347810685635,-523.189675225876,0,1000,-1750,550,5
16,500,"random",30,"plateau","core",316,316,-800,-400,-0.267624507425353,62.227845620364,-466.187746287324,0,1000,-1750,550,5
17,500,"random",30,"plateau","core",317,317,-800,-400,-0.199336630105972,50.9000028157607,-500.331684947014,0,1000,-1750,550,5
18,500,"random",30,"plateau","core",318,318,-800,-400,-0.188978629605845,21.1491730902344,-505.510685197078,0,1000,-1750,550,5
19,500,"random",30,"plateau","core",319,319,-800,-400,0.226532979588956,22.1653973218054,-713.266489794478,0,1000,-1750,550,5
20,500,"random",30,"plateau","core",320,320,-800,-400,-0.222061706427485,52.558175525628,-488.969146786258,0,1000,-1750,550,5
21,500,"random",30,"plateau","core",321,321,-800,-400,0.284009950608015,69.4382852315903,-742.004975304008,0,1000,-1750,550,5
22,500,"random",30,"plateau","core",322,322,-800,-400,-0.188539817649871,23.7194686941803,-505.730091175064,0,1000,-1750,550,5
23,500,"random",30,"plateau","core",323,323,-800,-400,0.138689068332314,63.9473470952362,-669.344534166157,0,1000,-1750,550,5
24,500,"random",30,"plateau","core",324,324,-800,-400,-0.289506756933406,49.3723515514284,-455.246621533297,0,1000,-1750,550,5
25,500,"random",30,"plateau","core",325,325,-800,-400,-0.138214332843199,69.5087062940001,-530.8928335784,0,1000,-1750,550,5
26,500,"random",30,"plateau","core",326,326,-800,-400,-0.236384641053155,37.697106199339,-481.807679473422,0,1000,-1750,550,5
27,500,"random",30,"plateau","core",327,327,-800,-400,-0.256125735864043,48.7559779081494,-471.937132067978,0,1000,-1750,550,5
28,500,"random",30,"plateau","core",328,328,-800,-400,-0.227844010852277,32.0922429813072,-486.077994573861,0,1000,-1750,550,5
29,500,"random",30,"plateau","core",329,329,-800,-400,-0.168776480620727,73.3348702592775,-515.611759689637,0,1000,-1750,550,5
30,500,"random",30,"plateau","core",330,330,-800,-400,-0.249746549176052,71.6417521657422,-475.126725411974,0,1000,-1750,550,5
31,500,"random",30,"plateau","core",331,331,-800,-400,0.182965985545889,54.0546310367063,-691.482992772944,0,1000,-1750,550,5
32,500,"random",30,"plateau","core",332,332,-800,-400,0.24079215512611,53.7535751191899,-720.396077563055,0,1000,-1750,550,5
33,500,"random",30,"plateau","core",333,333,-800,-400,-0.245499116834253,51.1504624783993,-477.250441582873,0,1000,-1750,550,5
34,500,"random",30,"plateau","core",334,334,-800,-400,0.271996600693092,20.4552020784467,-735.998300346546,0,1000,-1750,550,5
35,500,"random",30,"plateau","core",335,335,-800,-400,0.153884025290608,48.0173739884049,-676.942012645304,0,1000,-1750,550,5
36,500,"random",30,"plateau","core",336,336,-800,-400,-0.268363702297211,40.3127172775567,-465.818148851395,0,1000,-1750,550,5
37,500,"random",30,"plateau","core",337,337,-800,-400,0.146880612149835,79.3737398320809,-673.440306074917,0,1000,-1750,550,5
38,500,"random",30,"plateau","core",338,338,-800,-400,0.208200635295361,62.4844668898731,-704.100317647681,0,1000,-1750,550,5
39,500,"random",30,"plateau","core",339,339,-800,-400,0.179722305340692,67.7999166958034,-689.861152670346,0,1000,-1750,550,5
40,500,"random",30,"plateau","core",340,340,-800,-400,-0.221790042240173,60.9310927521437,-489.104978879914,0,1000,-1750,550,5
41,500,"random",30,"plateau","core",341,341,-800,-400,0.169500447018072,20.4663165239617,-684.750223509036,0,1000,-1750,550,5
42,500,"random",30,"plateau","core",342,342,-800,-400,-0.20914763729088,42.3768041841686,-495.42618135456,0,1000,-1750,550,5
43,500,"random",30,"plateau","core",343,343,-800,-400,0.149227056466043,39.4903251295909,-674.613528233021,0,1000,-1750,550,5
44,500,"random",30,"plateau","core",344,344,-800,-400,-0.119203258818015,65.306568373926,-540.398370590992,0,1000,-1750,550,5
45,500,"random",30,"plateau","core",345,345,-800,-400,-0.26188831711188,66.6493233898655,-469.05584144406,0,1000,-1750,550,5
46,500,"random",30,"plateau","core",346,346,-800,-400,0.112194225052372,71.4668378420174,-656.097112526186,0,1000,-1750,550,5
47,500,"random",30,"plateau","core",347,347,-800,-400,-0.163047528406605,35.9211160754785,-518.476235796697,0,1000,-1750,550,5
48,500,"random",30,"plateau","core",348,348,-800,-400,-0.161557966284454,49.1464030044153,-519.221016857773,0,1000,-1750,550,5
49,500,"random",30,"plateau","core",349,349,-800,-400,0.20544990231283,32.2186255129054,-702.724951156415,0,1000,-1750,550,5
50,500,"random",30,"plateau","core",350,350,-800,-400,-0.158769056200981,55.0077080912888,-520.615471899509,0,1000,-1750,550,5
51,500,"random",30,"plateau","core",351,351,-800,-400,0.210898887692019,33.1019172584638,-705.44944384601,0,1000,-1750,550,5
52,500,"random",30,"plateau","core",352,352,-800,-400,-0.297556987311691,60.6103073852137,-451.221506344154,0,1000,-1750,550,5
53,500,"random",30,"plateau","core",353,353,-800,-400,0.106305996188894,58.3268316928297,-653.152998094447,0,1000,-1750,550,5
54,500,"random",30,"plateau","core",354,354,-800,-400,-0.109348180005327,73.7141256313771,-545.325909997337,0,1000,-1750,550,5
55,500,"random",30,"plateau","core",355,355,-800,-400,-0.227086511719972,37.9148579994217,-486.456744140014,0,1000,-1750,550,5
56,500,"random",30,"plateau","core",356,356,-800,-400,0.279386795684695,51.5506409388036,-739.693397842348,0,1000,-1750,550,5
57,500,"random",30,"plateau","core",357,357,-800,-400,0.286680830316618,49.767504404299,-743.340415158309,0,1000,-1750,550,5
58,500,"random",30,"plateau","core",358,358,-800,-400,-0.109599648369476,67.7583182463422,-545.200175815262,0,1000,-1750,550,5
59,500,"random",30,"plateau","core",359,359,-800,-400,-0.19890389055945,46.8114164099097,-500.548054720275,0,1000,-1750,550,5
60,500,"random",30,"plateau","core",360,360,-800,-400,-0.249610318848863,72.4367955885828,-475.194840575568,0,1000,-1750,550,5
61,500,"random",30,"plateau","core",361,361,-800,-400,0.14381947889924,46.3880257075653,-671.90973944962,0,1000,-1750,550,5
62,500,"random",30,"plateau","core",362,362,-800,-400,-0.152775582903996,68.2259755814448,-523.612208548002,0,1000,-1750,550,5
63,500,"random",30,"plateau","core",363,363,-800,-400,-0.28101956625469,37.9312636191025,-459.490216872655,0,1000,-1750,550,5
64,500,"random",30,"plateau","core",364,364,-800,-400,-0.132679180474952,72.3281398741529,-533.660409762524,0,1000,-1750,550,5
65,500,"random",30,"plateau","core",365,365,-800,-400,-0.22055408237502,32.9249719297513,-489.72295881249,0,1000,-1750,550,5
66,500,"random",30,"plateau","core",366,366,-800,-400,0.144512423826382,52.2196791833267,-672.256211913191,0,1000,-1750,550,5
67,500,"random",30,"plateau","core",367,367,-800,-400,-0.268942536273971,76.2251974176616,-465.528731863014,0,1000,-1750,550,5
68,500,"random",30,"plateau","core",368,368,-800,-400,0.286211196798831,44.9465933954343,-743.105598399416,0,1000,-1750,550,5
69,500,"random",30,"plateau","core",369,369,-800,-400,0.217069592420012,68.7402791716159,-708.534796210006,0,1000,-1750,550,5
70,500,"random",30,"plateau","core",370,370,-800,-400,0.282144627114758,52.5555326556787,-741.072313557379,0,1000,-1750,550,5
71,500,"random",30,"plateau","core",371,371,-800,-400,-0.246039117639884,53.2209197152406,-476.980441180058,0,1000,-1750,550,5
72,500,"random",30,"plateau","core",372,372,-800,-400,-0.210181153425947,63.2736794557422,-494.909423287027,0,1000,-1750,550,5
73,500,"random",30,"plateau","core",373,373,-800,-400,-0.285181956924498,53.3162495307624,-457.409021537751,0,1000,-1750,550,5
74,500,"random",30,"plateau","core",374,374,-800,-400,-0.199089806666598,26.4100633282214,-500.455096666701,0,1000,-1750,550,5
75,500,"random",30,"plateau","core",375,375,-800,-400,0.248951707128435,55.4276289790869,-724.475853564218,0,1000,-1750,550,5
76,500,"random",30,"plateau","core",376,376,-800,-400,-0.126376233110204,31.0561964986846,-536.811883444898,0,1000,-1750,550,5
77,500,"random",30,"plateau","core",377,377,-800,-400,0.229251393023878,78.0577688664198,-714.625696511939,0,1000,-1750,550,5
78,500,"random",30,"plateau","core",378,378,-800,-400,-0.116763562476262,66.16101982072,-541.618218761869,0,1000,-1750,550,5
79,500,"random",30,"plateau","core",379,379,-800,-400,-0.14998738351278,41.5300931455567,-525.00630824361,0,1000,-1750,550,5
80,500,"random",30,"plateau","core",380,380,-800,-400,0.139191653206944,71.7790544731542,-669.595826603472,0,1000,-1750,550,5
81,500,"random",30,"plateau","core",381,381,-800,-400,-0.243840941600502,27.4664116743952,-478.079529199749,0,1000,-1750,550,5
82,500,"random",30,"plateau","core",382,382,-800,-400,-0.280072551080957,78.3948367228732,-459.963724459521,0,1000,-1750,550,5
83,500,"random",30,"plateau","core",383,383,-800,-400,0.167870616726577,51.7901718849316,-683.935308363289,0,1000,-1750,550,5
84,500,"random",30,"plateau","core",384,384,-800,-400,-0.205812733899802,32.8164010262117,-497.093633050099,0,1000,-1750,550,5
85,500,"random",30,"plateau","core",385,385,-800,-400,-0.297077987482771,62.8143425146118,-451.461006258614,0,1000,-1750,550,5
86,500,"random",30,"plateau","core",386,386,-800,-400,0.238002130016685,76.0812702775002,-719.001065008342,0,1000,-1750,550,5
87,500,"random",30,"plateau","core",387,387,-800,-400,0.226829443871975,53.143125763163,-713.414721935987,0,1000,-1750,550,5
88,500,"random",30,"plateau","core",388,388,-800,-400,-0.145286081731319,50.9500772552565,-527.35695913434,0,1000,-1750,550,5
89,500,"random",30,"plateau","core",389,389,-800,-400,0.14248561761342,40.3552038175985,-671.24280880671,0,1000,-1750,550,5
90,500,"random",30,"plateau","core",390,390,-800,-400,-0.203306548623368,22.3954020533711,-498.346725688316,0,1000,-1750,550,5
91,500,"random",30,"plateau","core",391,391,-800,-400,0.289921009400859,68.3449025917798,-744.96050470043,0,1000,-1750,550,5
92,500,"random",30,"plateau","core",392,392,-800,-400,0.254595187446102,35.9623142611235,-727.297593723051,0,1000,-1750,550,5
93,500,"random",30,"plateau","core",393,393,-800,-400,0.164551255851984,76.1633612960577,-682.275627925992,0,1000,-1750,550,5
94,500,"random",30,"plateau","core",394,394,-800,-400,-0.105257823457941,40.5447716498747,-547.371088271029,0,1000,-1750,550,5
95,500,"random",30,"plateau","core",395,395,-800,-400,-0.111263250280172,51.2822414329276,-544.368374859914,0,1000,-1750,550,5
96,500,"random",30,"plateau","core",396,396,-800,-400,0.23439117372036,46.4270436903462,-717.19558686018,0,1000,-1750,550,5
97,500,"random",30,"plateau","core",397,397,-800,-400,-0.129606194002554,78.1256974022836,-535.196902998723,0,1000,-1750,550,5
98,500,"random",30,"plateau","core",398,398,-800,-400,-0.2589126736857,61.9679356273264,-470.54366315715,0,1000,-1750,550,5
99,500,"random",30,"plateau","core",399,399,-800,-400,-0.203322521690279,24.7770188655704,-498.33873915486,0,1000,-1750,550,5
100,500,"random",30,"plateau","core",400,400,-800,-400,-0.104499052977189,39.2354777781293,-547.750473511405,0,1000,-1750,550,5
1,50,"zero",30,"plateau","core",401,401,-800,-400,0,32.740884674713,-600,0,1000,-1750,550,5
2,50,"zero",30,"plateau","core",402,402,-800,-400,0,42.1143120061606,-600,0,1000,-1750,550,5
3,50,"zero",30,"plateau","core",403,403,-800,-400,0,72.2289259266108,-600,0,1000,-1750,550,5
4,50,"zero",30,"plateau","core",404,404,-800,-400,0,53.0584782082588,-600,0,1000,-1750,550,5
5,50,"zero",30,"plateau","core",405,405,-800,-400,0,37.0372756710276,-600,0,1000,-1750,550,5
6,50,"zero",30,"plateau","core",406,406,-800,-400,0,78.5486857173964,-600,0,1000,-1750,550,5
7,50,"zero",30,"plateau","core",407,407,-800,-400,0,72.5602194620296,-600,0,1000,-1750,550,5
8,50,"zero",30,"plateau","core",408,408,-800,-400,0,42.9182745143771,-600,0,1000,-1750,550,5
9,50,"zero",30,"plateau","core",409,409,-800,-400,0,35.2328726276755,-600,0,1000,-1750,550,5
10,50,"zero",30,"plateau","core",410,410,-800,-400,0,27.9079085867852,-600,0,1000,-1750,550,5
11,50,"zero",30,"plateau","core",411,411,-800,-400,0,73.4098496101797,-600,0,1000,-1750,550,5
12,50,"zero",30,"plateau","core",412,412,-800,-400,0,42.6291153812781,-600,0,1000,-1750,550,5
13,50,"zero",30,"plateau","core",413,413,-800,-400,0,41.1169133614749,-600,0,1000,-1750,550,5
14,50,"zero",30,"plateau","core",414,414,-800,-400,0,79.1581384511665,-600,0,1000,-1750,550,5
15,50,"zero",30,"plateau","core",415,415,-800,-400,0,49.2188658704981,-600,0,1000,-1750,550,5
16,50,"zero",30,"plateau","core",416,416,-800,-400,0,26.7921282723546,-600,0,1000,-1750,550,5
17,50,"zero",30,"plateau","core",417,417,-800,-400,0,58.3719453308731,-600,0,1000,-1750,550,5
18,50,"zero",30,"plateau","core",418,418,-800,-400,0,34.6900186268613,-600,0,1000,-1750,550,5
19,50,"zero",30,"plateau","core",419,419,-800,-400,0,26.4021384622902,-600,0,1000,-1750,550,5
20,50,"zero",30,"plateau","core",420,420,-800,-400,0,57.0421203505248,-600,0,1000,-1750,550,5
21,50,"zero",30,"plateau","core",421,421,-800,-400,0,48.9923171792179,-600,0,1000,-1750,550,5
22,50,"zero",30,"plateau","core",422,422,-800,-400,0,55.6908772047609,-600,0,1000,-1750,550,5
23,50,"zero",30,"plateau","core",423,423,-800,-400,0,50.5203461321071,-600,0,1000,-1750,550,5
24,50,"zero",30,"plateau","core",424,424,-800,-400,0,63.8949922891334,-600,0,1000,-1750,550,5
25,50,"zero",30,"plateau","core",425,425,-800,-400,0,73.5672663897276,-600,0,1000,-1750,550,5
26,50,"zero",30,"plateau","core",426,426,-800,-400,0,60.3133076941595,-600,0,1000,-1750,550,5
27,50,"zero",30,"plateau","core",427,427,-800,-400,0,28.8331534760073,-600,0,1000,-1750,550,5
28,50,"zero",30,"plateau","core",428,428,-800,-400,0,48.1526521081105,-600,0,1000,-1750,550,5
29,50,"zero",30,"plateau","core",429,429,-800,-400,0,73.9927778113634,-600,0,1000,-1750,550,5
30,50,"zero",30,"plateau","core",430,430,-800,-400,0,78.7206266308203,-600,0,1000,-1750,550,5
31,50,"zero",30,"plateau","core",431,431,-800,-400,0,47.7607286209241,-600,0,1000,-1750,550,5
32,50,"zero",30,"plateau","core",432,432,-800,-400,0,32.3983617080376,-600,0,1000,-1750,550,5
33,50,"zero",30,"plateau","core",433,433,-800,-400,0,41.3811427308247,-600,0,1000,-1750,550,5
34,50,"zero",30,"plateau","core",434,434,-800,-400,0,61.3962971093133,-600,0,1000,-1750,550,5
35,50,"zero",30,"plateau","core",435,435,-800,-400,0,69.3786732899025,-600,0,1000,-1750,550,5
36,50,"zero",30,"plateau","core",436,436,-800,-400,0,22.2304511722177,-600,0,1000,-1750,550,5
37,50,"zero",30,"plateau","core",437,437,-800,-400,0,57.1463598217815,-600,0,1000,-1750,550,5
38,50,"zero",30,"plateau","core",438,438,-800,-400,0,57.658119937405,-600,0,1000,-1750,550,5
39,50,"zero",30,"plateau","core",439,439,-800,-400,0,68.6884407466277,-600,0,1000,-1750,550,5
40,50,"zero",30,"plateau","core",440,440,-800,-400,0,22.7179900184274,-600,0,1000,-1750,550,5
41,50,"zero",30,"plateau","core",441,441,-800,-400,0,76.8321975646541,-600,0,1000,-1750,550,5
42,50,"zero",30,"plateau","core",442,442,-800,-400,0,22.1513850148767,-600,0,1000,-1750,550,5
43,50,"zero",30,"plateau","core",443,443,-800,-400,0,48.7067292677239,-600,0,1000,-1750,550,5
44,50,"zero",30,"plateau","core",444,444,-800,-400,0,30.3793134912848,-600,0,1000,-1750,550,5
45,50,"zero",30,"plateau","core",445,445,-800,-400,0,22.3910660669208,-600,0,1000,-1750,550,5
46,50,"zero",30,"plateau","core",446,446,-800,-400,0,36.934265405871,-600,0,1000,-1750,550,5
47,50,"zero",30,"plateau","core",447,447,-800,-400,0,38.2855577534065,-600,0,1000,-1750,550,5
48,50,"zero",30,"plateau","core",448,448,-800,-400,0,69.1891126381233,-600,0,1000,-1750,550,5
49,50,"zero",30,"plateau","core",449,449,-800,-400,0,44.8695262381807,-600,0,1000,-1750,550,5
50,50,"zero",30,"plateau","core",450,450,-800,-400,0,68.7725435756147,-600,0,1000,-1750,550,5
51,50,"zero",30,"plateau","core",451,451,-800,-400,0,51.9691607076675,-600,0,1000,-1750,550,5
52,50,"zero",30,"plateau","core",452,452,-800,-400,0,31.257078545168,-600,0,1000,-1750,550,5
53,50,"zero",30,"plateau","core",453,453,-800,-400,0,23.616192038171,-600,0,1000,-1750,550,5
54,50,"zero",30,"plateau","core",454,454,-800,-400,0,25.64250765834,-600,0,1000,-1750,550,5
55,50,"zero",30,"plateau","core",455,455,-800,-400,0,34.3598388647661,-600,0,1000,-1750,550,5
56,50,"zero",30,"plateau","core",456,456,-800,-400,0,56.2881703395397,-600,0,1000,-1750,550,5
57,50,"zero",30,"plateau","core",457,457,-800,-400,0,39.1824561776593,-600,0,1000,-1750,550,5
58,50,"zero",30,"plateau","core",458,458,-800,-400,0,24.0208655456081,-600,0,1000,-1750,550,5
59,50,"zero",30,"plateau","core",459,459,-800,-400,0,44.7875995747745,-600,0,1000,-1750,550,5
60,50,"zero",30,"plateau","core",460,460,-800,-400,0,21.135795712471,-600,0,1000,-1750,550,5
61,50,"zero",30,"plateau","core",461,461,-800,-400,0,35.7732479460537,-600,0,1000,-1750,550,5
62,50,"zero",30,"plateau","core",462,462,-800,-400,0,34.1818115580827,-600,0,1000,-1750,550,5
63,50,"zero",30,"plateau","core",463,463,-800,-400,0,38.270188877359,-600,0,1000,-1750,550,5
64,50,"zero",30,"plateau","core",464,464,-800,-400,0,52.2225831635296,-600,0,1000,-1750,550,5
65,50,"zero",30,"plateau","core",465,465,-800,-400,0,77.6814135769382,-600,0,1000,-1750,550,5
66,50,"zero",30,"plateau","core",466,466,-800,-400,0,79.8321609385312,-600,0,1000,-1750,550,5
67,50,"zero",30,"plateau","core",467,467,-800,-400,0,45.6928054010496,-600,0,1000,-1750,550,5
68,50,"zero",30,"plateau","core",468,468,-800,-400,0,75.8113656751812,-600,0,1000,-1750,550,5
69,50,"zero",30,"plateau","core",469,469,-800,-400,0,25.8502216124907,-600,0,1000,-1750,550,5
70,50,"zero",30,"plateau","core",470,470,-800,-400,0,66.8207163922489,-600,0,1000,-1750,550,5
71,50,"zero",30,"plateau","core",471,471,-800,-400,0,28.5197144141421,-600,0,1000,-1750,550,5
72,50,"zero",30,"plateau","core",472,472,-800,-400,0,49.9349389970303,-600,0,1000,-1750,550,5
73,50,"zero",30,"plateau","core",473,473,-800,-400,0,50.6026316946372,-600,0,1000,-1750,550,5
74,50,"zero",30,"plateau","core",474,474,-800,-400,0,21.8643049709499,-600,0,1000,-1750,550,5
75,50,"zero",30,"plateau","core",475,475,-800,-400,0,78.137017567642,-600,0,1000,-1750,550,5
76,50,"zero",30,"plateau","core",476,476,-800,-400,0,39.5686451019719,-600,0,1000,-1750,550,5
77,50,"zero",30,"plateau","core",477,477,-800,-400,0,63.7209530500695,-600,0,1000,-1750,550,5
78,50,"zero",30,"plateau","core",478,478,-800,-400,0,51.6185050457716,-600,0,1000,-1750,550,5
79,50,"zero",30,"plateau","core",479,479,-800,-400,0,25.9957696171477,-600,0,1000,-1750,550,5
80,50,"zero",30,"plateau","core",480,480,-800,-400,0,72.1795410802588,-600,0,1000,-1750,550,5
81,50,"zero",30,"plateau","core",481,481,-800,-400,0,48.7422659108415,-600,0,1000,-1750,550,5
82,50,"zero",30,"plateau","core",482,482,-800,-400,0,31.1683038529009,-600,0,1000,-1750,550,5
83,50,"zero",30,"plateau","core",483,483,-800,-400,0,33.172134780325,-600,0,1000,-1750,550,5
84,50,"zero",30,"plateau","core",484,484,-800,-400,0,69.5205599116161,-600,0,1000,-1750,550,5
85,50,"zero",30,"plateau","core",485,485,-800,-400,0,27.5484406249598,-600,0,1000,-1750,550,5
86,50,"zero",30,"plateau","core",486,486,-800,-400,0,36.4206124469638,-600,0,1000,-1750,550,5
87,50,"zero",30,"plateau","core",487,487,-800,-400,0,52.1125637274236,-600,0,1000,-1750,550,5
88,50,"zero",30,"plateau","core",488,488,-800,-400,0,72.5743446871638,-600,0,1000,-1750,550,5
89,50,"zero",30,"plateau","core",489,489,-800,-400,0,79.5599055616185,-600,0,1000,-1750,550,5
90,50,"zero",30,"plateau","core",490,490,-800,-400,0,77.7777816727758,-600,0,1000,-1750,550,5
91,50,"zero",30,"plateau","core",491,491,-800,-400,0,75.2986335800961,-600,0,1000,-1750,550,5
92,50,"zero",30,"plateau","core",492,492,-800,-400,0,25.6708744214848,-600,0,1000,-1750,550,5
93,50,"zero",30,"plateau","core",493,493,-800,-400,0,24.8884722637013,-600,0,1000,-1750,550,5
94,50,"zero",30,"plateau","core",494,494,-800,-400,0,64.7602030541748,-600,0,1000,-1750,550,5
95,50,"zero",30,"plateau","core",495,495,-800,-400,0,59.3056875420734,-600,0,1000,-1750,550,5
96,50,"zero",30,"plateau","core",496,496,-800,-400,0,44.8615278350189,-600,0,1000,-1750,550,5
97,50,"zero",30,"plateau","core",497,497,-800,-400,0,63.7288882257417,-600,0,1000,-1750,550,5
98,50,"zero",30,"plateau","core",498,498,-800,-400,0,65.9455802664161,-600,0,1000,-1750,550,5
99,50,"zero",30,"plateau","core",499,499,-800,-400,0,69.0457548666745,-600,0,1000,-1750,550,5
100,50,"zero",30,"plateau","core",500,500,-800,-400,0,78.7830313388258,-600,0,1000,-1750,550,5
1,100,"zero",30,"plateau","core",501,501,-800,-400,0,60.1820927439258,-600,0,1000,-1750,550,5
2,100,"zero",30,"plateau","core",502,502,-800,-400,0,75.0610149512068,-600,0,1000,-1750,550,5
3,100,"zero",30,"plateau","core",503,503,-800,-400,0,76.1130630737171,-600,0,1000,-1750,550,5
4,100,"zero",30,"plateau","core",504,504,-800,-400,0,52.6529795164242,-600,0,1000,-1750,550,5
5,100,"zero",30,"plateau","core",505,505,-800,-400,0,26.1256722826511,-600,0,1000,-1750,550,5
6,100,"zero",30,"plateau","core",506,506,-800,-400,0,78.4170394903049,-600,0,1000,-1750,550,5
7,100,"zero",30,"plateau","core",507,507,-800,-400,0,67.2800166206435,-600,0,1000,-1750,550,5
8,100,"zero",30,"plateau","core",508,508,-800,-400,0,30.2662074752152,-600,0,1000,-1750,550,5
9,100,"zero",30,"plateau","core",509,509,-800,-400,0,41.9264211691916,-600,0,1000,-1750,550,5
10,100,"zero",30,"plateau","core",510,510,-800,-400,0,65.1697486266494,-600,0,1000,-1750,550,5
11,100,"zero",30,"plateau","core",511,511,-800,-400,0,38.3485584426671,-600,0,1000,-1750,550,5
12,100,"zero",30,"plateau","core",512,512,-800,-400,0,46.4045123104006,-600,0,1000,-1750,550,5
13,100,"zero",30,"plateau","core",513,513,-800,-400,0,71.5706023527309,-600,0,1000,-1750,550,5
14,100,"zero",30,"plateau","core",514,514,-800,-400,0,62.3299572058022,-600,0,1000,-1750,550,5
15,100,"zero",30,"plateau","core",515,515,-800,-400,0,78.9650662709028,-600,0,1000,-1750,550,5
16,100,"zero",30,"plateau","core",516,516,-800,-400,0,32.9938664101064,-600,0,1000,-1750,550,5
17,100,"zero",30,"plateau","core",517,517,-800,-400,0,59.3399803247303,-600,0,1000,-1750,550,5
18,100,"zero",30,"plateau","core",518,518,-800,-400,0,79.064903552644,-600,0,1000,-1750,550,5
19,100,"zero",30,"plateau","core",519,519,-800,-400,0,66.8626753753051,-600,0,1000,-1750,550,5
20,100,"zero",30,"plateau","core",520,520,-800,-400,0,21.8908145558089,-600,0,1000,-1750,550,5
21,100,"zero",30,"plateau","core",521,521,-800,-400,0,40.0739782676101,-600,0,1000,-1750,550,5
22,100,"zero",30,"plateau","core",522,522,-800,-400,0,59.4507901743054,-600,0,1000,-1750,550,5
23,100,"zero",30,"plateau","core",523,523,-800,-400,0,55.9907908085734,-600,0,1000,-1750,550,5
24,100,"zero",30,"plateau","core",524,524,-800,-400,0,29.2747077485547,-600,0,1000,-1750,550,5
25,100,"zero",30,"plateau","core",525,525,-800,-400,0,25.0098378071561,-600,0,1000,-1750,550,5
26,100,"zero",30,"plateau","core",526,526,-800,-400,0,45.6855452759191,-600,0,1000,-1750,550,5
27,100,"zero",30,"plateau","core",527,527,-800,-400,0,54.4771086703986,-600,0,1000,-1750,550,5
28,100,"zero",30,"plateau","core",528,528,-800,-400,0,75.3745320485905,-600,0,1000,-1750,550,5
29,100,"zero",30,"plateau","core",529,529,-800,-400,0,75.8753305347636,-600,0,1000,-1750,550,5
30,100,"zero",30,"plateau","core",530,530,-800,-400,0,48.1287376582623,-600,0,1000,-1750,550,5
31,100,"zero",30,"plateau","core",531,531,-800,-400,0,75.2361667761579,-600,0,1000,-1750,550,5
32,100,"zero",30,"plateau","core",532,532,-800,-400,0,60.4340953473002,-600,0,1000,-1750,550,5
33,100,"zero",30,"plateau","core",533,533,-800,-400,0,47.0584184397012,-600,0,1000,-1750,550,5
34,100,"zero",30,"plateau","core",534,534,-800,-400,0,22.793230228126,-600,0,1000,-1750,550,5
35,100,"zero",30,"plateau","core",535,535,-800,-400,0,53.4835309861228,-600,0,1000,-1750,550,5
36,100,"zero",30,"plateau","core",536,536,-800,-400,0,20.7906753616408,-600,0,1000,-1750,550,5
37,100,"zero",30,"plateau","core",537,537,-800,-400,0,24.8812177265063,-600,0,1000,-1750,550,5
38,100,"zero",30,"plateau","core",538,538,-800,-400,0,31.7359083844349,-600,0,1000,-1750,550,5
39,100,"zero",30,"plateau","core",539,539,-800,-400,0,21.1136292666197,-600,0,1000,-1750,550,5
40,100,"zero",30,"plateau","core",540,540,-800,-400,0,67.5689664436504,-600,0,1000,-1750,550,5
41,100,"zero",30,"plateau","core",541,541,-800,-400,0,63.5932151786983,-600,0,1000,-1750,550,5
42,100,"zero",30,"plateau","core",542,542,-800,-400,0,21.5304178511724,-600,0,1000,-1750,550,5
43,100,"zero",30,"plateau","core",543,543,-800,-400,0,32.9159922292456,-600,0,1000,-1750,550,5
44,100,"zero",30,"plateau","core",544,544,-800,-400,0,58.0353247048333,-600,0,1000,-1750,550,5
45,100,"zero",30,"plateau","core",545,545,-800,-400,0,52.0516583463177,-600,0,1000,-1750,550,5
46,100,"zero",30,"plateau","core",546,546,-800,-400,0,68.3047370286658,-600,0,1000,-1750,550,5
47,100,"zero",30,"plateau","core",547,547,-800,-400,0,64.2978636175394,-600,0,1000,-1750,550,5
48,100,"zero",30,"plateau","core",548,548,-800,-400,0,32.7177943056449,-600,0,1000,-1750,550,5
49,100,"zero",30,"plateau","core",549,549,-800,-400,0,75.6177142914385,-600,0,1000,-1750,550,5
50,100,"zero",30,"plateau","core",550,550,-800,-400,0,29.0575697273016,-600,0,1000,-1750,550,5
51,100,"zero",30,"plateau","core",551,551,-800,-400,0,74.0949149057269,-600,0,1000,-1750,550,5
52,100,"zero",30,"plateau","core",552,552,-800,-400,0,78.5767393326387,-600,0,1000,-1750,550,5
53,100,"zero",30,"plateau","core",553,553,-800,-400,0,69.9193259095773,-600,0,1000,-1750,550,5
54,100,"zero",30,"plateau","core",554,554,-800,-400,0,55.7197720417753,-600,0,1000,-1750,550,5
55,100,"zero",30,"plateau","core",555,555,-800,-400,0,42.051817975007,-600,0,1000,-1750,550,5
56,100,"zero",30,"plateau","core",556,556,-800,-400,0,43.4581389976665,-600,0,1000,-1750,550,5
57,100,"zero",30,"plateau","core",557,557,-800,-400,0,71.8177765328437,-600,0,1000,-1750,550,5
58,100,"zero",30,"plateau","core",558,558,-800,-400,0,33.6675115581602,-600,0,1000,-1750,550,5
59,100,"zero",30,"plateau","core",559,559,-800,-400,0,31.5711473533884,-600,0,1000,-1750,550,5
60,100,"zero",30,"plateau","core",560,560,-800,-400,0,46.3575278175995,-600,0,1000,-1750,550,5
61,100,"zero",30,"plateau","core",561,561,-800,-400,0,31.038635824807,-600,0,1000,-1750,550,5
62,100,"zero",30,"plateau","core",562,562,-800,-400,0,48.0622730636969,-600,0,1000,-1750,550,5
63,100,"zero",30,"plateau","core",563,563,-800,-400,0,26.4704880770296,-600,0,1000,-1750,550,5
64,100,"zero",30,"plateau","core",564,564,-800,-400,0,63.9635120565072,-600,0,1000,-1750,550,5
65,100,"zero",30,"plateau","core",565,565,-800,-400,0,50.9096646914259,-600,0,1000,-1750,550,5
66,100,"zero",30,"plateau","core",566,566,-800,-400,0,55.9992246935144,-600,0,1000,-1750,550,5
67,100,"zero",30,"plateau","core",567,567,-800,-400,0,63.6946330079809,-600,0,1000,-1750,550,5
68,100,"zero",30,"plateau","core",568,568,-800,-400,0,43.1249939417467,-600,0,1000,-1750,550,5
69,100,"zero",30,"plateau","core",569,569,-800,-400,0,71.946821352467,-600,0,1000,-1750,550,5
70,100,"zero",30,"plateau","core",570,570,-800,-400,0,44.014865802601,-600,0,1000,-1750,550,5
71,100,"zero",30,"plateau","core",571,571,-800,-400,0,70.9910441935063,-600,0,1000,-1750,550,5
72,100,"zero",30,"plateau","core",572,572,-800,-400,0,37.4624992441386,-600,0,1000,-1750,550,5
73,100,"zero",30,"plateau","core",573,573,-800,-400,0,53.991429223679,-600,0,1000,-1750,550,5
74,100,"zero",30,"plateau","core",574,574,-800,-400,0,45.6808602390811,-600,0,1000,-1750,550,5
75,100,"zero",30,"plateau","core",575,575,-800,-400,0,42.4472532561049,-600,0,1000,-1750,550,5
76,100,"zero",30,"plateau","core",576,576,-800,-400,0,31.6617573751137,-600,0,1000,-1750,550,5
77,100,"zero",30,"plateau","core",577,577,-800,-400,0,50.4195139324293,-600,0,1000,-1750,550,5
78,100,"zero",30,"plateau","core",578,578,-800,-400,0,49.0370806492865,-600,0,1000,-1750,550,5
79,100,"zero",30,"plateau","core",579,579,-800,-400,0,62.5997043540701,-600,0,1000,-1750,550,5
80,100,"zero",30,"plateau","core",580,580,-800,-400,0,60.523103796877,-600,0,1000,-1750,550,5
81,100,"zero",30,"plateau","core",581,581,-800,-400,0,72.0639489777386,-600,0,1000,-1750,550,5
82,100,"zero",30,"plateau","core",582,582,-800,-400,0,68.3805694337934,-600,0,1000,-1750,550,5
83,100,"zero",30,"plateau","core",583,583,-800,-400,0,35.3415665216744,-600,0,1000,-1750,550,5
84,100,"zero",30,"plateau","core",584,584,-800,-400,0,54.1491032578051,-600,0,1000,-1750,550,5
85,100,"zero",30,"plateau","core",585,585,-800,-400,0,27.7090622950345,-600,0,1000,-1750,550,5
86,100,"zero",30,"plateau","core",586,586,-800,-400,0,74.5778714073822,-600,0,1000,-1750,550,5
87,100,"zero",30,"plateau","core",587,587,-800,-400,0,21.5268215117976,-600,0,1000,-1750,550,5
88,100,"zero",30,"plateau","core",588,588,-800,-400,0,31.1106826970354,-600,0,1000,-1750,550,5
89,100,"zero",30,"plateau","core",589,589,-800,-400,0,25.7026240648702,-600,0,1000,-1750,550,5
90,100,"zero",30,"plateau","core",590,590,-800,-400,0,36.8235254753381,-600,0,1000,-1750,550,5
91,100,"zero",30,"plateau","core",591,591,-800,-400,0,34.1252548899502,-600,0,1000,-1750,550,5
92,100,"zero",30,"plateau","core",592,592,-800,-400,0,67.2365891700611,-600,0,1000,-1750,550,5
93,100,"zero",30,"plateau","core",593,593,-800,-400,0,37.2094493778423,-600,0,1000,-1750,550,5
94,100,"zero",30,"plateau","core",594,594,-800,-400,0,46.6548455459997,-600,0,1000,-1750,550,5
95,100,"zero",30,"plateau","core",595,595,-800,-400,0,55.8902350021526,-600,0,1000,-1750,550,5
96,100,"zero",30,"plateau","core",596,596,-800,-400,0,47.9391415370628,-600,0,1000,-1750,550,5
97,100,"zero",30,"plateau","core",597,597,-800,-400,0,32.161408867687,-600,0,1000,-1750,550,5
98,100,"zero",30,"plateau","core",598,598,-800,-400,0,73.9162113890052,-600,0,1000,-1750,550,5
99,100,"zero",30,"plateau","core",599,599,-800,-400,0,43.2954153418541,-600,0,1000,-1750,550,5
100,100,"zero",30,"plateau","core",600,600,-800,-400,0,57.1806200966239,-600,0,1000,-1750,550,5
1,200,"zero",30,"plateau","core",601,601,-800,-400,0,29.0806551789865,-600,0,1000,-1750,550,5
2,200,"zero",30,"plateau","core",602,602,-800,-400,0,54.8411623574793,-600,0,1000,-1750,550,5
3,200,"zero",30,"plateau","core",603,603,-800,-400,0,27.958119190298,-600,0,1000,-1750,550,5
4,200,"zero",30,"plateau","core",604,604,-800,-400,0,56.1697196727619,-600,0,1000,-1750,550,5
5,200,"zero",30,"plateau","core",605,605,-800,-400,0,42.1509357122704,-600,0,1000,-1750,550,5
6,200,"zero",30,"plateau","core",606,606,-800,-400,0,29.2864493280649,-600,0,1000,-1750,550,5
7,200,"zero",30,"plateau","core",607,607,-800,-400,0,24.9575117090717,-600,0,1000,-1750,550,5
8,200,"zero",30,"plateau","core",608,608,-800,-400,0,69.2923495499417,-600,0,1000,-1750,550,5
9,200,"zero",30,"plateau","core",609,609,-800,-400,0,34.167008055374,-600,0,1000,-1750,550,5
10,200,"zero",30,"plateau","core",610,610,-800,-400,0,61.9947494752705,-600,0,1000,-1750,550,5
11,200,"zero",30,"plateau","core",611,611,-800,-400,0,79.5472677471116,-600,0,1000,-1750,550,5
12,200,"zero",30,"plateau","core",612,612,-800,-400,0,20.9563036402687,-600,0,1000,-1750,550,5
13,200,"zero",30,"plateau","core",613,613,-800,-400,0,54.4163269782439,-600,0,1000,-1750,550,5
14,200,"zero",30,"plateau","core",614,614,-800,-400,0,29.1061613801867,-600,0,1000,-1750,550,5
15,200,"zero",30,"plateau","core",615,615,-800,-400,0,36.0677793063223,-600,0,1000,-1750,550,5
16,200,"zero",30,"plateau","core",616,616,-800,-400,0,45.3360757650807,-600,0,1000,-1750,550,5
17,200,"zero",30,"plateau","core",617,617,-800,-400,0,48.7613271409646,-600,0,1000,-1750,550,5
18,200,"zero",30,"plateau","core",618,618,-800,-400,0,46.7438248125836,-600,0,1000,-1750,550,5
19,200,"zero",30,"plateau","core",619,619,-800,-400,0,65.3437990834937,-600,0,1000,-1750,550,5
20,200,"zero",30,"plateau","core",620,620,-800,-400,0,70.7286257203668,-600,0,1000,-1750,550,5
21,200,"zero",30,"plateau","core",621,621,-800,-400,0,57.180812866427,-600,0,1000,-1750,550,5
22,200,"zero",30,"plateau","core",622,622,-800,-400,0,40.91918411199,-600,0,1000,-1750,550,5
23,200,"zero",30,"plateau","core",623,623,-800,-400,0,45.0114819547161,-600,0,1000,-1750,550,5
24,200,"zero",30,"plateau","core",624,624,-800,-400,0,64.2794038867578,-600,0,1000,-1750,550,5
25,200,"zero",30,"plateau","core",625,625,-800,-400,0,24.5861228369176,-600,0,1000,-1750,550,5
26,200,"zero",30,"plateau","core",626,626,-800,-400,0,62.0431221090257,-600,0,1000,-1750,550,5
27,200,"zero",30,"plateau","core",627,627,-800,-400,0,43.295896910131,-600,0,1000,-1750,550,5
28,200,"zero",30,"plateau","core",628,628,-800,-400,0,32.8798169270158,-600,0,1000,-1750,550,5
29,200,"zero",30,"plateau","core",629,629,-800,-400,0,72.4947701394558,-600,0,1000,-1750,550,5
30,200,"zero",30,"plateau","core",630,630,-800,-400,0,33.6433379398659,-600,0,1000,-1750,550,5
31,200,"zero",30,"plateau","core",631,631,-800,-400,0,52.4460543133318,-600,0,1000,-1750,550,5
32,200,"zero",30,"plateau","core",632,632,-800,-400,0,61.2315396266058,-600,0,1000,-1750,550,5
33,200,"zero",30,"plateau","core",633,633,-800,-400,0,58.9817515853793,-600,0,1000,-1750,550,5
34,200,"zero",30,"plateau","core",634,634,-800,-400,0,67.13313953951,-600,0,1000,-1750,550,5
35,200,"zero",30,"plateau","core",635,635,-800,-400,0,51.6479297308251,-600,0,1000,-1750,550,5
36,200,"zero",30,"plateau","core",636,636,-800,-400,0,56.7576941149309,-600,0,1000,-1750,550,5
37,200,"zero",30,"plateau","core",637,637,-800,-400,0,63.4684384940192,-600,0,1000,-1750,550,5
38,200,"zero",30,"plateau","core",638,638,-800,-400,0,55.871992027387,-600,0,1000,-1750,550,5
39,200,"zero",30,"plateau","core",639,639,-800,-400,0,78.1082757422701,-600,0,1000,-1750,550,5
40,200,"zero",30,"plateau","core",640,640,-800,-400,0,38.6942719109356,-600,0,1000,-1750,550,5
41,200,"zero",30,"plateau","core",641,641,-800,-400,0,62.1780320396647,-600,0,1000,-1750,550,5
42,200,"zero",30,"plateau","core",642,642,-800,-400,0,28.1044041179121,-600,0,1000,-1750,550,5
43,200,"zero",30,"plateau","core",643,643,-800,-400,0,24.1195514192805,-600,0,1000,-1750,550,5
44,200,"zero",30,"plateau","core",644,644,-800,-400,0,63.7714074971154,-600,0,1000,-1750,550,5
45,200,"zero",30,"plateau","core",645,645,-800,-400,0,57.8253619419411,-600,0,1000,-1750,550,5
46,200,"zero",30,"plateau","core",646,646,-800,-400,0,26.2346819927916,-600,0,1000,-1750,550,5
47,200,"zero",30,"plateau","core",647,647,-800,-400,0,40.4981029313058,-600,0,1000,-1750,550,5
48,200,"zero",30,"plateau","core",648,648,-800,-400,0,51.9354832405225,-600,0,1000,-1750,550,5
49,200,"zero",30,"plateau","core",649,649,-800,-400,0,52.5263516884297,-600,0,1000,-1750,550,5
50,200,"zero",30,"plateau","core",650,650,-800,-400,0,34.2557713063434,-600,0,1000,-1750,550,5
51,200,"zero",30,"plateau","core",651,651,-800,-400,0,35.6456533074379,-600,0,1000,-1750,550,5
52,200,"zero",30,"plateau","core",652,652,-800,-400,0,36.6209514858201,-600,0,1000,-1750,550,5
53,200,"zero",30,"plateau","core",653,653,-800,-400,0,73.6655666120351,-600,0,1000,-1750,550,5
54,200,"zero",30,"plateau","core",654,654,-800,-400,0,50.7160096755251,-600,0,1000,-1750,550,5
55,200,"zero",30,"plateau","core",655,655,-800,-400,0,49.771551466547,-600,0,1000,-1750,550,5
56,200,"zero",30,"plateau","core",656,656,-800,-400,0,77.0079204207286,-600,0,1000,-1750,550,5
57,200,"zero",30,"plateau","core",657,657,-800,-400,0,61.8944860296324,-600,0,1000,-1750,550,5
58,200,"zero",30,"plateau","core",658,658,-800,-400,0,41.3603449380025,-600,0,1000,-1750,550,5
59,200,"zero",30,"plateau","core",659,659,-800,-400,0,39.8051955550909,-600,0,1000,-1750,550,5
60,200,"zero",30,"plateau","core",660,660,-800,-400,0,24.9090088205412,-600,0,1000,-1750,550,5
61,200,"zero",30,"plateau","core",661,661,-800,-400,0,79.5803641388193,-600,0,1000,-1750,550,5
62,200,"zero",30,"plateau","core",662,662,-800,-400,0,31.9536217395216,-600,0,1000,-1750,550,5
63,200,"zero",30,"plateau","core",663,663,-800,-400,0,46.6981148160994,-600,0,1000,-1750,550,5
64,200,"zero",30,"plateau","core",664,664,-800,-400,0,37.8983416268602,-600,0,1000,-1750,550,5
65,200,"zero",30,"plateau","core",665,665,-800,-400,0,60.3724301466718,-600,0,1000,-1750,550,5
66,200,"zero",30,"plateau","core",666,666,-800,-400,0,43.0917873838916,-600,0,1000,-1750,550,5
67,200,"zero",30,"plateau","core",667,667,-800,-400,0,42.2304683923721,-600,0,1000,-1750,550,5
68,200,"zero",30,"plateau","core",668,668,-800,-400,0,50.7724128710106,-600,0,1000,-1750,550,5
69,200,"zero",30,"plateau","core",669,669,-800,-400,0,38.3555170008913,-600,0,1000,-1750,550,5
70,200,"zero",30,"plateau","core",670,670,-800,-400,0,52.9805144527927,-600,0,1000,-1750,550,5
71,200,"zero",30,"plateau","core",671,671,-800,-400,0,51.3255150755867,-600,0,1000,-1750,550,5
72,200,"zero",30,"plateau","core",672,672,-800,-400,0,62.0733636943623,-600,0,1000,-1750,550,5
73,200,"zero",30,"plateau","core",673,673,-800,-400,0,73.6334620928392,-600,0,1000,-1750,550,5
74,200,"zero",30,"plateau","core",674,674,-800,-400,0,24.1525837173685,-600,0,1000,-1750,550,5
75,200,"zero",30,"plateau","core",675,675,-800,-400,0,76.4427227526903,-600,0,1000,-1750,550,5
76,200,"zero",30,"plateau","core",676,676,-800,-400,0,56.1109385173768,-600,0,1000,-1750,550,5
77,200,"zero",30,"plateau","core",677,677,-800,-400,0,45.9463382326067,-600,0,1000,-1750,550,5
78,200,"zero",30,"plateau","core",678,678,-800,-400,0,49.4430253561586,-600,0,1000,-1750,550,5
79,200,"zero",30,"plateau","core",679,679,-800,-400,0,50.523174549453,-600,0,1000,-1750,550,5
80,200,"zero",30,"plateau","core",680,680,-800,-400,0,47.6615008013323,-600,0,1000,-1750,550,5
81,200,"zero",30,"plateau","core",681,681,-800,-400,0,72.5926403142512,-600,0,1000,-1750,550,5
82,200,"zero",30,"plateau","core",682,682,-800,-400,0,65.8198488410562,-600,0,1000,-1750,550,5
83,200,"zero",30,"plateau","core",683,683,-800,-400,0,76.2527162395418,-600,0,1000,-1750,550,5
84,200,"zero",30,"plateau","core",684,684,-800,-400,0,37.0272155851126,-600,0,1000,-1750,550,5
85,200,"zero",30,"plateau","core",685,685,-800,-400,0,41.0751031292602,-600,0,1000,-1750,550,5
86,200,"zero",30,"plateau","core",686,686,-800,-400,0,76.5799820888788,-600,0,1000,-1750,550,5
87,200,"zero",30,"plateau","core",687,687,-800,-400,0,46.2052095681429,-600,0,1000,-1750,550,5
88,200,"zero",30,"plateau","core",688,688,-800,-400,0,21.4470976544544,-600,0,1000,-1750,550,5
89,200,"zero",30,"plateau","core",689,689,-800,-400,0,72.8547719866038,-600,0,1000,-1750,550,5
90,200,"zero",30,"plateau","core",690,690,-800,-400,0,51.0057897120714,-600,0,1000,-1750,550,5
91,200,"zero",30,"plateau","core",691,691,-800,-400,0,58.7785635795444,-600,0,1000,-1750,550,5
92,200,"zero",30,"plateau","core",692,692,-800,-400,0,34.6160622313619,-600,0,1000,-1750,550,5
93,200,"zero",30,"plateau","core",693,693,-800,-400,0,31.1843918263912,-600,0,1000,-1750,550,5
94,200,"zero",30,"plateau","core",694,694,-800,-400,0,46.0603153659031,-600,0,1000,-1750,550,5
95,200,"zero",30,"plateau","core",695,695,-800,-400,0,66.9994373014197,-600,0,1000,-1750,550,5
96,200,"zero",30,"plateau","core",696,696,-800,-400,0,31.7224944196641,-600,0,1000,-1750,550,5
97,200,"zero",30,"plateau","core",697,697,-800,-400,0,20.1668433472514,-600,0,1000,-1750,550,5
98,200,"zero",30,"plateau","core",698,698,-800,-400,0,76.7395834438503,-600,0,1000,-1750,550,5
99,200,"zero",30,"plateau","core",699,699,-800,-400,0,69.2678900249302,-600,0,1000,-1750,550,5
100,200,"zero",30,"plateau","core",700,700,-800,-400,0,55.8051492273808,-600,0,1000,-1750,550,5
1,500,"zero",30,"plateau","core",701,701,-800,-400,0,61.1364882579073,-600,0,1000,-1750,550,5
2,500,"zero",30,"plateau","core",702,702,-800,-400,0,26.9958838168532,-600,0,1000,-1750,550,5
3,500,"zero",30,"plateau","core",703,703,-800,-400,0,61.9591483892873,-600,0,1000,-1750,550,5
4,500,"zero",30,"plateau","core",704,704,-800,-400,0,33.4476336184889,-600,0,1000,-1750,550,5
5,500,"zero",30,"plateau","core",705,705,-800,-400,0,63.9606891572476,-600,0,1000,-1750,550,5
6,500,"zero",30,"plateau","core",706,706,-800,-400,0,41.5240185149014,-600,0,1000,-1750,550,5
7,500,"zero",30,"plateau","core",707,707,-800,-400,0,41.7444885941222,-600,0,1000,-1750,550,5
8,500,"zero",30,"plateau","core",708,708,-800,-400,0,53.7685309350491,-600,0,1000,-1750,550,5
9,500,"zero",30,"plateau","core",709,709,-800,-400,0,48.0501627922058,-600,0,1000,-1750,550,5
10,500,"zero",30,"plateau","core",710,710,-800,-400,0,43.0019113933668,-600,0,1000,-1750,550,5
11,500,"zero",30,"plateau","core",711,711,-800,-400,0,31.1501154582948,-600,0,1000,-1750,550,5
12,500,"zero",30,"plateau","core",712,712,-800,-400,0,52.9230971587822,-600,0,1000,-1750,550,5
13,500,"zero",30,"plateau","core",713,713,-800,-400,0,25.1183666894212,-600,0,1000,-1750,550,5
14,500,"zero",30,"plateau","core",714,714,-800,-400,0,25.3633985808119,-600,0,1000,-1750,550,5
15,500,"zero",30,"plateau","core",715,715,-800,-400,0,64.0173645550385,-600,0,1000,-1750,550,5
16,500,"zero",30,"plateau","core",716,716,-800,-400,0,68.8440503738821,-600,0,1000,-1750,550,5
17,500,"zero",30,"plateau","core",717,717,-800,-400,0,28.7063167989254,-600,0,1000,-1750,550,5
18,500,"zero",30,"plateau","core",718,718,-800,-400,0,29.2914136638865,-600,0,1000,-1750,550,5
19,500,"zero",30,"plateau","core",719,719,-800,-400,0,74.6520871669054,-600,0,1000,-1750,550,5
20,500,"zero",30,"plateau","core",720,720,-800,-400,0,57.3812586488202,-600,0,1000,-1750,550,5
21,500,"zero",30,"plateau","core",721,721,-800,-400,0,73.1552698370069,-600,0,1000,-1750,550,5
22,500,"zero",30,"plateau","core",722,722,-800,-400,0,20.7761741662398,-600,0,1000,-1750,550,5
23,500,"zero",30,"plateau","core",723,723,-800,-400,0,43.7515985080972,-600,0,1000,-1750,550,5
24,500,"zero",30,"plateau","core",724,724,-800,-400,0,30.1896036276594,-600,0,1000,-1750,550,5
25,500,"zero",30,"plateau","core",725,725,-800,-400,0,54.0825143037364,-600,0,1000,-1750,550,5
26,500,"zero",30,"plateau","core",726,726,-800,-400,0,49.3911056406796,-600,0,1000,-1750,550,5
27,500,"zero",30,"plateau","core",727,727,-800,-400,0,75.9783861599863,-600,0,1000,-1750,550,5
28,500,"zero",30,"plateau","core",728,728,-800,-400,0,73.6590601457283,-600,0,1000,-1750,550,5
29,500,"zero",30,"plateau","core",729,729,-800,-400,0,52.4028001585975,-600,0,1000,-1750,550,5
30,500,"zero",30,"plateau","core",730,730,-800,-400,0,69.6271587628871,-600,0,1000,-1750,550,5
31,500,"zero",30,"plateau","core",731,731,-800,-400,0,64.0328327845782,-600,0,1000,-1750,550,5
32,500,"zero",30,"plateau","core",732,732,-800,-400,0,23.303723516874,-600,0,1000,-1750,550,5
33,500,"zero",30,"plateau","core",733,733,-800,-400,0,65.8145528752357,-600,0,1000,-1750,550,5
34,500,"zero",30,"plateau","core",734,734,-800,-400,0,38.2814879762009,-600,0,1000,-1750,550,5
35,500,"zero",30,"plateau","core",735,735,-800,-400,0,74.9317645654082,-600,0,1000,-1750,550,5
36,500,"zero",30,"plateau","core",736,736,-800,-400,0,30.7312177214772,-600,0,1000,-1750,550,5
37,500,"zero",30,"plateau","core",737,737,-800,-400,0,42.4495028052479,-600,0,1000,-1750,550,5
38,500,"zero",30,"plateau","core",738,738,-800,-400,0,33.5905527370051,-600,0,1000,-1750,550,5
39,500,"zero",30,"plateau","core",739,739,-800,-400,0,52.5277322297916,-600,0,1000,-1750,550,5
40,500,"zero",30,"plateau","core",740,740,-800,-400,0,48.3314217580482,-600,0,1000,-1750,550,5
41,500,"zero",30,"plateau","core",741,741,-800,-400,0,38.7512298068032,-600,0,1000,-1750,550,5
42,500,"zero",30,"plateau","core",742,742,-800,-400,0,45.0512804882601,-600,0,1000,-1750,550,5
43,500,"zero",30,"plateau","core",743,743,-800,-400,0,24.9782480765134,-600,0,1000,-1750,550,5
44,500,"zero",30,"plateau","core",744,744,-800,-400,0,62.2564955800772,-600,0,1000,-1750,550,5
45,500,"zero",30,"plateau","core",745,745,-800,-400,0,20.8042624685913,-600,0,1000,-1750,550,5
46,500,"zero",30,"plateau","core",746,746,-800,-400,0,67.0447723893449,-600,0,1000,-1750,550,5
47,500,"zero",30,"plateau","core",747,747,-800,-400,0,33.2991982577369,-600,0,1000,-1750,550,5
48,500,"zero",30,"plateau","core",748,748,-800,-400,0,29.9589241668582,-600,0,1000,-1750,550,5
49,500,"zero",30,"plateau","core",749,749,-800,-400,0,51.4330088207498,-600,0,1000,-1750,550,5
50,500,"zero",30,"plateau","core",750,750,-800,-400,0,47.6978729804978,-600,0,1000,-1750,550,5
51,500,"zero",30,"plateau","core",751,751,-800,-400,0,34.7910744557157,-600,0,1000,-1750,550,5
52,500,"zero",30,"plateau","core",752,752,-800,-400,0,32.6279514655471,-600,0,1000,-1750,550,5
53,500,"zero",30,"plateau","core",753,753,-800,-400,0,49.0912243910134,-600,0,1000,-1750,550,5
54,500,"zero",30,"plateau","core",754,754,-800,-400,0,59.8390734847635,-600,0,1000,-1750,550,5
55,500,"zero",30,"plateau","core",755,755,-800,-400,0,54.0289397351444,-600,0,1000,-1750,550,5
56,500,"zero",30,"plateau","core",756,756,-800,-400,0,20.2357011009008,-600,0,1000,-1750,550,5
57,500,"zero",30,"plateau","core",757,757,-800,-400,0,71.1494707129896,-600,0,1000,-1750,550,5
58,500,"zero",30,"plateau","core",758,758,-800,-400,0,41.3107527093962,-600,0,1000,-1750,550,5
59,500,"zero",30,"plateau","core",759,759,-800,-400,0,22.0540317660198,-600,0,1000,-1750,550,5
60,500,"zero",30,"plateau","core",760,760,-800,-400,0,76.4369696518406,-600,0,1000,-1750,550,5
61,500,"zero",30,"plateau","core",761,761,-800,-400,0,79.1025342047215,-600,0,1000,-1750,550,5
62,500,"zero",30,"plateau","core",762,762,-800,-400,0,53.1151936296374,-600,0,1000,-1750,550,5
63,500,"zero",30,"plateau","core",763,763,-800,-400,0,52.7708699787036,-600,0,1000,-1750,550,5
64,500,"zero",30,"plateau","core",764,764,-800,-400,0,53.513884623535,-600,0,1000,-1750,550,5
65,500,"zero",30,"plateau","core",765,765,-800,-400,0,70.0886495737359,-600,0,1000,-1750,550,5
66,500,"zero",30,"plateau","core",766,766,-800,-400,0,28.1719970703125,-600,0,1000,-1750,550,5
67,500,"zero",30,"plateau","core",767,767,-800,-400,0,22.2049429873005,-600,0,1000,-1750,550,5
68,500,"zero",30,"plateau","core",768,768,-800,-400,0,43.7846865737811,-600,0,1000,-1750,550,5
69,500,"zero",30,"plateau","core",769,769,-800,-400,0,76.4141581207514,-600,0,1000,-1750,550,5
70,500,"zero",30,"plateau","core",770,770,-800,-400,0,39.2756626754999,-600,0,1000,-1750,550,5
71,500,"zero",30,"plateau","core",771,771,-800,-400,0,52.3103793943301,-600,0,1000,-1750,550,5
72,500,"zero",30,"plateau","core",772,772,-800,-400,0,52.2803886374459,-600,0,1000,-1750,550,5
73,500,"zero",30,"plateau","core",773,773,-800,-400,0,38.4467369457707,-600,0,1000,-1750,550,5
74,500,"zero",30,"plateau","core",774,774,-800,-400,0,26.5276955999434,-600,0,1000,-1750,550,5
75,500,"zero",30,"plateau","core",775,775,-800,-400,0,36.2411420000717,-600,0,1000,-1750,550,5
76,500,"zero",30,"plateau","core",776,776,-800,-400,0,61.1731695896015,-600,0,1000,-1750,550,5
77,500,"zero",30,"plateau","core",777,777,-800,-400,0,47.6741514960304,-600,0,1000,-1750,550,5
78,500,"zero",30,"plateau","core",778,778,-800,-400,0,65.7583407033235,-600,0,1000,-1750,550,5
79,500,"zero",30,"plateau","core",779,779,-800,-400,0,32.3792599793524,-600,0,1000,-1750,550,5
80,500,"zero",30,"plateau","core",780,780,-800,-400,0,70.7371376547963,-600,0,1000,-1750,550,5
81,500,"zero",30,"plateau","core",781,781,-800,-400,0,35.3558635339141,-600,0,1000,-1750,550,5
82,500,"zero",30,"plateau","core",782,782,-800,-400,0,61.7171502718702,-600,0,1000,-1750,550,5
83,500,"zero",30,"plateau","core",783,783,-800,-400,0,22.1107469778508,-600,0,1000,-1750,550,5
84,500,"zero",30,"plateau","core",784,784,-800,-400,0,54.7808738984168,-600,0,1000,-1750,550,5
85,500,"zero",30,"plateau","core",785,785,-800,-400,0,44.0434110444039,-600,0,1000,-1750,550,5
86,500,"zero",30,"plateau","core",786,786,-800,-400,0,64.0448284614831,-600,0,1000,-1750,550,5
87,500,"zero",30,"plateau","core",787,787,-800,-400,0,29.978277310729,-600,0,1000,-1750,550,5
88,500,"zero",30,"plateau","core",788,788,-800,-400,0,44.5597772393376,-600,0,1000,-1750,550,5
89,500,"zero",30,"plateau","core",789,789,-800,-400,0,26.8043769011274,-600,0,1000,-1750,550,5
90,500,"zero",30,"plateau","core",790,790,-800,-400,0,68.8814173731953,-600,0,1000,-1750,550,5
91,500,"zero",30,"plateau","core",791,791,-800,-400,0,33.9733238564804,-600,0,1000,-1750,550,5
92,500,"zero",30,"plateau","core",792,792,-800,-400,0,27.2702666884288,-600,0,1000,-1750,550,5
93,500,"zero",30,"plateau","core",793,793,-800,-400,0,67.1823996910826,-600,0,1000,-1750,550,5
94,500,"zero",30,"plateau","core",794,794,-800,-400,0,64.9490103265271,-600,0,1000,-1750,550,5
95,500,"zero",30,"plateau","core",795,795,-800,-400,0,35.3608376625925,-600,0,1000,-1750,550,5
96,500,"zero",30,"plateau","core",796,796,-800,-400,0,20.4778896272183,-600,0,1000,-1750,550,5
97,500,"zero",30,"plateau","core",797,797,-800,-400,0,76.8849987210706,-600,0,1000,-1750,550,5
98,500,"zero",30,"plateau","core",798,798,-800,-400,0,71.9056437443942,-600,0,1000,-1750,550,5
99,500,"zero",30,"plateau","core",799,799,-800,-400,0,79.1019019717351,-600,0,1000,-1750,550,5
100,500,"zero",30,"plateau","core",800,800,-800,-400,0,22.3945462610573,-600,0,1000,-1750,550,5
1,200,"random",15,"plateau","factor",801,801,-800,-400,-0.281874229898676,23.5337899392471,-459.062885050662,0,1000,-1750,550,5
2,200,"random",15,"plateau","factor",802,802,-800,-400,0.16553395204246,26.1217412957922,-682.76697602123,0,1000,-1750,550,5
3,200,"random",15,"plateau","factor",803,803,-800,-400,0.24195382730104,36.9792224280536,-720.97691365052,0,1000,-1750,550,5
4,200,"random",15,"plateau","factor",804,804,-800,-400,0.258869652729481,30.7089387485757,-729.434826364741,0,1000,-1750,550,5
5,200,"random",15,"plateau","factor",805,805,-800,-400,0.129072776529938,47.7424927568063,-664.536388264969,0,1000,-1750,550,5
6,200,"random",15,"plateau","factor",806,806,-800,-400,-0.284402489289641,52.9981441376731,-457.798755355179,0,1000,-1750,550,5
7,200,"random",15,"plateau","factor",807,807,-800,-400,0.184916573250666,33.8748281402513,-692.458286625333,0,1000,-1750,550,5
8,200,"random",15,"plateau","factor",808,808,-800,-400,-0.28130438379012,28.7399257021025,-459.34780810494,0,1000,-1750,550,5
9,200,"random",15,"plateau","factor",809,809,-800,-400,-0.136323179816827,74.7493090294302,-531.838410091586,0,1000,-1750,550,5
10,200,"random",15,"plateau","factor",810,810,-800,-400,-0.262915149144828,76.5202579833567,-468.542425427586,0,1000,-1750,550,5
11,200,"random",15,"plateau","factor",811,811,-800,-400,0.104540149727836,53.6802448239178,-652.270074863918,0,1000,-1750,550,5
12,200,"random",15,"plateau","factor",812,812,-800,-400,0.267020601313561,47.3697175597772,-733.510300656781,0,1000,-1750,550,5
13,200,"random",15,"plateau","factor",813,813,-800,-400,0.294373414851725,32.2170629305765,-747.186707425863,0,1000,-1750,550,5
14,200,"random",15,"plateau","factor",814,814,-800,-400,0.242526511847973,33.7877820897847,-721.263255923986,0,1000,-1750,550,5
15,200,"random",15,"plateau","factor",815,815,-800,-400,0.288334744283929,38.2581543503329,-744.167372141965,0,1000,-1750,550,5
16,200,"random",15,"plateau","factor",816,816,-800,-400,-0.258129167277366,51.510521043092,-470.935416361317,0,1000,-1750,550,5
17,200,"random",15,"plateau","factor",817,817,-800,-400,0.211157801235095,28.3200866775587,-705.578900617547,0,1000,-1750,550,5
18,200,"random",15,"plateau","factor",818,818,-800,-400,-0.11590715716593,58.7684692116454,-542.046421417035,0,1000,-1750,550,5
19,200,"random",15,"plateau","factor",819,819,-800,-400,-0.115544487023726,38.8892343780026,-542.227756488137,0,1000,-1750,550,5
20,200,"random",15,"plateau","factor",820,820,-800,-400,0.225189071474597,63.4538158029318,-712.594535737298,0,1000,-1750,550,5
21,200,"random",15,"plateau","factor",821,821,-800,-400,0.239209540653974,71.730139083229,-719.604770326987,0,1000,-1750,550,5
22,200,"random",15,"plateau","factor",822,822,-800,-400,0.147239252878353,57.7543791942299,-673.619626439176,0,1000,-1750,550,5
23,200,"random",15,"plateau","factor",823,823,-800,-400,0.132341660419479,30.186397829093,-666.17083020974,0,1000,-1750,550,5
24,200,"random",15,"plateau","factor",824,824,-800,-400,0.163873485429212,22.6161100668833,-681.936742714606,0,1000,-1750,550,5
25,200,"random",15,"plateau","factor",825,825,-800,-400,-0.24496420994401,63.8707798626274,-477.517895027995,0,1000,-1750,550,5
26,200,"random",15,"plateau","factor",826,826,-800,-400,0.295033987751231,49.6844116924331,-747.516993875615,0,1000,-1750,550,5
27,200,"random",15,"plateau","factor",827,827,-800,-400,-0.261452925065532,43.9880329137668,-469.273537467234,0,1000,-1750,550,5
28,200,"random",15,"plateau","factor",828,828,-800,-400,-0.145014577498659,71.1074359575287,-527.49271125067,0,1000,-1750,550,5
29,200,"random",15,"plateau","factor",829,829,-800,-400,-0.215010920912027,22.9944564355537,-492.494539543986,0,1000,-1750,550,5
30,200,"random",15,"plateau","factor",830,830,-800,-400,-0.124348982935771,40.0329872546718,-537.825508532114,0,1000,-1750,550,5
31,200,"random",15,"plateau","factor",831,831,-800,-400,0.194474572921172,32.968026092276,-697.237286460586,0,1000,-1750,550,5
32,200,"random",15,"plateau","factor",832,832,-800,-400,0.188458183221519,74.5532489102334,-694.229091610759,0,1000,-1750,550,5
33,200,"random",15,"plateau","factor",833,833,-800,-400,-0.27181887049228,22.9041666863486,-464.09056475386,0,1000,-1750,550,5
34,200,"random",15,"plateau","factor",834,834,-800,-400,0.221258649742231,62.8053730539978,-710.629324871115,0,1000,-1750,550,5
35,200,"random",15,"plateau","factor",835,835,-800,-400,-0.271578169800341,78.2338468078524,-464.210915099829,0,1000,-1750,550,5
36,200,"random",15,"plateau","factor",836,836,-800,-400,-0.285556528624147,37.2574864141643,-457.221735687926,0,1000,-1750,550,5
37,200,"random",15,"plateau","factor",837,837,-800,-400,0.232670735754073,55.9228627756238,-716.335367877036,0,1000,-1750,550,5
38,200,"random",15,"plateau","factor",838,838,-800,-400,-0.26054823207669,47.3272341908887,-469.725883961655,0,1000,-1750,550,5
39,200,"random",15,"plateau","factor",839,839,-800,-400,0.190087998099625,53.4140563523397,-695.043999049813,0,1000,-1750,550,5
40,200,"random",15,"plateau","factor",840,840,-800,-400,-0.218266528379172,28.743257955648,-490.866735810414,0,1000,-1750,550,5
41,200,"random",15,"plateau","factor",841,841,-800,-400,-0.265134022664279,50.3458178369328,-467.432988667861,0,1000,-1750,550,5
42,200,"random",15,"plateau","factor",842,842,-800,-400,-0.274876776104793,74.5607271743938,-462.561611947604,0,1000,-1750,550,5
43,200,"random",15,"plateau","factor",843,843,-800,-400,0.215900359209627,55.7502257451415,-707.950179604813,0,1000,-1750,550,5
44,200,"random",15,"plateau","factor",844,844,-800,-400,-0.274461675761268,54.09132365603,-462.769162119366,0,1000,-1750,550,5
45,200,"random",15,"plateau","factor",845,845,-800,-400,0.285243296111003,43.119769571349,-742.621648055501,0,1000,-1750,550,5
46,200,"random",15,"plateau","factor",846,846,-800,-400,0.216510176565498,53.2060443935916,-708.255088282749,0,1000,-1750,550,5
47,200,"random",15,"plateau","factor",847,847,-800,-400,-0.11997786029242,40.8090351056308,-540.01106985379,0,1000,-1750,550,5
48,200,"random",15,"plateau","factor",848,848,-800,-400,-0.223196088755503,37.1415897412226,-488.401955622248,0,1000,-1750,550,5
49,200,"random",15,"plateau","factor",849,849,-800,-400,-0.193261580681428,31.2722043320537,-503.369209659286,0,1000,-1750,550,5
50,200,"random",15,"plateau","factor",850,850,-800,-400,0.121963969618082,44.9530749814585,-660.981984809041,0,1000,-1750,550,5
51,200,"random",15,"plateau","factor",851,851,-800,-400,-0.272937046457082,45.7495450042188,-463.531476771459,0,1000,-1750,550,5
52,200,"random",15,"plateau","factor",852,852,-800,-400,-0.106190038053319,76.7209557536989,-546.904980973341,0,1000,-1750,550,5
53,200,"random",15,"plateau","factor",853,853,-800,-400,0.148975435085595,47.5436160806567,-674.487717542797,0,1000,-1750,550,5
54,200,"random",15,"plateau","factor",854,854,-800,-400,-0.198106584884226,20.9017691202462,-500.946707557887,0,1000,-1750,550,5
55,200,"random",15,"plateau","factor",855,855,-800,-400,0.1084452630952,30.118686161004,-654.2226315476,0,1000,-1750,550,5
56,200,"random",15,"plateau","factor",856,856,-800,-400,0.245205768942833,54.7949385084212,-722.602884471416,0,1000,-1750,550,5
57,200,"random",15,"plateau","factor",857,857,-800,-400,0.242852851515636,53.4565475862473,-721.426425757818,0,1000,-1750,550,5
58,200,"random",15,"plateau","factor",858,858,-800,-400,-0.221341980854049,59.0633878996596,-489.329009572975,0,1000,-1750,550,5
59,200,"random",15,"plateau","factor",859,859,-800,-400,0.155106940306723,25.5188334314153,-677.553470153362,0,1000,-1750,550,5
60,200,"random",15,"plateau","factor",860,860,-800,-400,0.208512421511114,21.2570982938632,-704.256210755557,0,1000,-1750,550,5
61,200,"random",15,"plateau","factor",861,861,-800,-400,-0.162459744652733,55.7693461794406,-518.770127673633,0,1000,-1750,550,5
62,200,"random",15,"plateau","factor",862,862,-800,-400,0.168349494365975,53.767131282948,-684.174747182988,0,1000,-1750,550,5
63,200,"random",15,"plateau","factor",863,863,-800,-400,-0.255804339004681,48.4277172526345,-472.09783049766,0,1000,-1750,550,5
64,200,"random",15,"plateau","factor",864,864,-800,-400,-0.171449808683246,26.805526688695,-514.275095658377,0,1000,-1750,550,5
65,200,"random",15,"plateau","factor",865,865,-800,-400,-0.296553696226329,69.0831156075001,-451.723151886836,0,1000,-1750,550,5
66,200,"random",15,"plateau","factor",866,866,-800,-400,0.215001715999097,29.4119637738913,-707.500857999548,0,1000,-1750,550,5
67,200,"random",15,"plateau","factor",867,867,-800,-400,-0.203571812715381,50.1342454412952,-498.214093642309,0,1000,-1750,550,5
68,200,"random",15,"plateau","factor",868,868,-800,-400,0.153672982705757,72.8947146050632,-676.836491352879,0,1000,-1750,550,5
69,200,"random",15,"plateau","factor",869,869,-800,-400,0.265648404788226,62.151158163324,-732.824202394113,0,1000,-1750,550,5
70,200,"random",15,"plateau","factor",870,870,-800,-400,-0.239492765814066,27.049752031453,-480.253617092967,0,1000,-1750,550,5
71,200,"random",15,"plateau","factor",871,871,-800,-400,0.103362762089819,75.5070220539346,-651.681381044909,0,1000,-1750,550,5
72,200,"random",15,"plateau","factor",872,872,-800,-400,0.291475622402504,56.487337644212,-745.737811201252,0,1000,-1750,550,5
73,200,"random",15,"plateau","factor",873,873,-800,-400,-0.207205315912142,57.6685433229432,-496.397342043929,0,1000,-1750,550,5
74,200,"random",15,"plateau","factor",874,874,-800,-400,0.140473395586014,30.5335027212277,-670.236697793007,0,1000,-1750,550,5
75,200,"random",15,"plateau","factor",875,875,-800,-400,0.108200859976932,68.3739275718108,-654.100429988466,0,1000,-1750,550,5
76,200,"random",15,"plateau","factor",876,876,-800,-400,0.216451328340918,29.2268794076517,-708.225664170459,0,1000,-1750,550,5
77,200,"random",15,"plateau","factor",877,877,-800,-400,0.10887013268657,41.9915814418346,-654.435066343285,0,1000,-1750,550,5
78,200,"random",15,"plateau","factor",878,878,-800,-400,0.216000405466184,45.9383137337864,-708.000202733092,0,1000,-1750,550,5
79,200,"random",15,"plateau","factor",879,879,-800,-400,0.28409566776827,37.6256338926032,-742.047833884135,0,1000,-1750,550,5
80,200,"random",15,"plateau","factor",880,880,-800,-400,-0.158508057147264,25.0773512013257,-520.745971426368,0,1000,-1750,550,5
81,200,"random",15,"plateau","factor",881,881,-800,-400,-0.251492792740464,43.2263099867851,-474.253603629768,0,1000,-1750,550,5
82,200,"random",15,"plateau","factor",882,882,-800,-400,-0.24334257459268,70.9183565108106,-478.32871270366,0,1000,-1750,550,5
83,200,"random",15,"plateau","factor",883,883,-800,-400,-0.243544258084148,30.5383899994195,-478.227870957926,0,1000,-1750,550,5
84,200,"random",15,"plateau","factor",884,884,-800,-400,-0.103085331292823,55.9578196564689,-548.457334353589,0,1000,-1750,550,5
85,200,"random",15,"plateau","factor",885,885,-800,-400,0.159310905309394,54.1906371805817,-679.655452654697,0,1000,-1750,550,5
86,200,"random",15,"plateau","factor",886,886,-800,-400,-0.182530221715569,75.9038806241006,-508.734889142215,0,1000,-1750,550,5
87,200,"random",15,"plateau","factor",887,887,-800,-400,0.119984743604437,55.95275121741,-659.992371802218,0,1000,-1750,550,5
88,200,"random",15,"plateau","factor",888,888,-800,-400,-0.158453106507659,40.4856383148581,-520.773446746171,0,1000,-1750,550,5
89,200,"random",15,"plateau","factor",889,889,-800,-400,-0.233252370962873,29.5127820456401,-483.373814518563,0,1000,-1750,550,5
90,200,"random",15,"plateau","factor",890,890,-800,-400,0.153202524734661,51.5242987824604,-676.60126236733,0,1000,-1750,550,5
91,200,"random",15,"plateau","factor",891,891,-800,-400,0.125871325982735,48.7356342608109,-662.935662991367,0,1000,-1750,550,5
92,200,"random",15,"plateau","factor",892,892,-800,-400,-0.102228863956407,30.8294809237123,-548.885568021797,0,1000,-1750,550,5
93,200,"random",15,"plateau","factor",893,893,-800,-400,-0.298446940304711,59.2908803652972,-450.776529847644,0,1000,-1750,550,5
94,200,"random",15,"plateau","factor",894,894,-800,-400,-0.162524030683562,53.6037721391767,-518.737984658219,0,1000,-1750,550,5
95,200,"random",15,"plateau","factor",895,895,-800,-400,0.206239157123491,36.6694668773562,-703.119578561746,0,1000,-1750,550,5
96,200,"random",15,"plateau","factor",896,896,-800,-400,0.244391482230276,30.1595949474722,-722.195741115138,0,1000,-1750,550,5
97,200,"random",15,"plateau","factor",897,897,-800,-400,0.224816844007,28.8270684657618,-712.4084220035,0,1000,-1750,550,5
98,200,"random",15,"plateau","factor",898,898,-800,-400,-0.17597837029025,66.1784040136263,-512.010814854875,0,1000,-1750,550,5
99,200,"random",15,"plateau","factor",899,899,-800,-400,0.111424429668114,52.6785152498633,-655.712214834057,0,1000,-1750,550,5
100,200,"random",15,"plateau","factor",900,900,-800,-400,-0.19798501371406,48.8817857066169,-501.00749314297,0,1000,-1750,550,5
1,200,"random",30,"plateau","factor",901,901,-800,-400,-0.239617344224826,25.2376598771662,-480.191327887587,0,1000,-1750,550,5
2,200,"random",30,"plateau","factor",902,902,-800,-400,0.221619051136076,67.8704574238509,-710.809525568038,0,1000,-1750,550,5
3,200,"random",30,"plateau","factor",903,903,-800,-400,0.27437890553847,73.5431319009513,-737.189452769235,0,1000,-1750,550,5
4,200,"random",30,"plateau","factor",904,904,-800,-400,0.152085589896888,30.7934840582311,-676.042794948444,0,1000,-1750,550,5
5,200,"random",30,"plateau","factor",905,905,-800,-400,-0.224526685103774,46.9903046498075,-487.736657448113,0,1000,-1750,550,5
6,200,"random",30,"plateau","factor",906,906,-800,-400,-0.124458511779085,43.3644497161731,-537.770744110458,0,1000,-1750,550,5
7,200,"random",30,"plateau","factor",907,907,-800,-400,0.204429501853883,29.2868172796443,-702.214750926942,0,1000,-1750,550,5
8,200,"random",30,"plateau","factor",908,908,-800,-400,0.282318293303251,61.4712892705575,-741.159146651626,0,1000,-1750,550,5
9,200,"random",30,"plateau","factor",909,909,-800,-400,-0.288252323493361,39.5190385123715,-455.873838253319,0,1000,-1750,550,5
10,200,"random",30,"plateau","factor",910,910,-800,-400,-0.171501496434212,22.7039212593809,-514.249251782894,0,1000,-1750,550,5
11,200,"random",30,"plateau","factor",911,911,-800,-400,0.252775481110439,66.2301500979811,-726.387740555219,0,1000,-1750,550,5
12,200,"random",30,"plateau","factor",912,912,-800,-400,0.136706906510517,71.8132405122742,-668.353453255259,0,1000,-1750,550,5
13,200,"random",30,"plateau","factor",913,913,-800,-400,-0.247413172479719,43.0969958985224,-476.293413760141,0,1000,-1750,550,5
14,200,"random",30,"plateau","factor",914,914,-800,-400,0.117302494728938,69.5885293791071,-658.651247364469,0,1000,-1750,550,5
15,200,"random",30,"plateau","factor",915,915,-800,-400,0.271353416610509,47.7030853927136,-735.676708305255,0,1000,-1750,550,5
16,200,"random",30,"plateau","factor",916,916,-800,-400,0.285578598733991,67.1389584382996,-742.789299366996,0,1000,-1750,550,5
17,200,"random",30,"plateau","factor",917,917,-800,-400,-0.226756524154916,63.5986849153414,-486.621737922542,0,1000,-1750,550,5
18,200,"random",30,"plateau","factor",918,918,-800,-400,0.11251421305351,65.2189386216924,-656.257106526755,0,1000,-1750,550,5
19,200,"random",30,"plateau","factor",919,919,-800,-400,-0.299832983408123,69.4638893334195,-450.083508295938,0,1000,-1750,550,5
20,200,"random",30,"plateau","factor",920,920,-800,-400,0.163137334864587,45.1267468836159,-681.568667432293,0,1000,-1750,550,5
21,200,"random",30,"plateau","factor",921,921,-800,-400,0.227362440386787,40.4523220378906,-713.681220193394,0,1000,-1750,550,5
22,200,"random",30,"plateau","factor",922,922,-800,-400,0.266763376584277,71.9336853735149,-733.381688292138,0,1000,-1750,550,5
23,200,"random",30,"plateau","factor",923,923,-800,-400,0.271687935385853,61.8495991081,-735.843967692927,0,1000,-1750,550,5
24,200,"random",30,"plateau","factor",924,924,-800,-400,0.275902685942128,27.0050765993074,-737.951342971064,0,1000,-1750,550,5
25,200,"random",30,"plateau","factor",925,925,-800,-400,-0.264056271407753,49.0581540670246,-467.971864296123,0,1000,-1750,550,5
26,200,"random",30,"plateau","factor",926,926,-800,-400,-0.205096978927031,76.0147887375206,-497.451510536484,0,1000,-1750,550,5
27,200,"random",30,"plateau","factor",927,927,-800,-400,-0.252703112456948,55.2891283668578,-473.648443771526,0,1000,-1750,550,5
28,200,"random",30,"plateau","factor",928,928,-800,-400,-0.29061111654155,36.3714295765385,-454.694441729225,0,1000,-1750,550,5
29,200,"random",30,"plateau","factor",929,929,-800,-400,-0.270879644807428,57.2963433898986,-464.560177596286,0,1000,-1750,550,5
30,200,"random",30,"plateau","factor",930,930,-800,-400,0.178466288698837,56.7772069200873,-689.233144349419,0,1000,-1750,550,5
31,200,"random",30,"plateau","factor",931,931,-800,-400,0.227410568296909,61.1409020563588,-713.705284148455,0,1000,-1750,550,5
32,200,"random",30,"plateau","factor",932,932,-800,-400,0.201606598636135,21.6934542777017,-700.803299318068,0,1000,-1750,550,5
33,200,"random",30,"plateau","factor",933,933,-800,-400,-0.105286299576983,54.9697546521202,-547.356850211509,0,1000,-1750,550,5
34,200,"random",30,"plateau","factor",934,934,-800,-400,-0.118174335779622,59.9955125851557,-540.912832110189,0,1000,-1750,550,5
35,200,"random",30,"plateau","factor",935,935,-800,-400,-0.142328105773777,41.0627079289407,-528.835947113112,0,1000,-1750,550,5
36,200,"random",30,"plateau","factor",936,936,-800,-400,-0.27258057622239,62.3959424393252,-463.709711888805,0,1000,-1750,550,5
37,200,"random",30,"plateau","factor",937,937,-800,-400,-0.298086750600487,57.9017412941903,-450.956624699757,0,1000,-1750,550,5
38,200,"random",30,"plateau","factor",938,938,-800,-400,-0.286331217829138,56.1864522704855,-456.834391085431,0,1000,-1750,550,5
39,200,"random",30,"plateau","factor",939,939,-800,-400,0.294525296147913,54.4988194480538,-747.262648073956,0,1000,-1750,550,5
40,200,"random",30,"plateau","factor",940,940,-800,-400,-0.156730646733195,52.428453671746,-521.634676633403,0,1000,-1750,550,5
41,200,"random",30,"plateau","factor",941,941,-800,-400,-0.191277526738122,59.4414831884205,-504.361236630939,0,1000,-1750,550,5
42,200,"random",30,"plateau","factor",942,942,-800,-400,0.270529205678031,29.0133676351979,-735.264602839015,0,1000,-1750,550,5
43,200,"random",30,"plateau","factor",943,943,-800,-400,0.101197701506317,42.9211329389364,-650.598850753158,0,1000,-1750,550,5
44,200,"random",30,"plateau","factor",944,944,-800,-400,0.288471082784235,48.8606823934242,-744.235541392118,0,1000,-1750,550,5
45,200,"random",30,"plateau","factor",945,945,-800,-400,0.144747957680374,56.9613525969908,-672.373978840187,0,1000,-1750,550,5
46,200,"random",30,"plateau","factor",946,946,-800,-400,-0.268577312352136,47.9341526282951,-465.711343823932,0,1000,-1750,550,5
47,200,"random",30,"plateau","factor",947,947,-800,-400,-0.113220512447879,42.6528517855331,-543.389743776061,0,1000,-1750,550,5
48,200,"random",30,"plateau","factor",948,948,-800,-400,0.153830736177042,40.7893089670688,-676.915368088521,0,1000,-1750,550,5
49,200,"random",30,"plateau","factor",949,949,-800,-400,0.109329914255068,55.1546678878367,-654.664957127534,0,1000,-1750,550,5
50,200,"random",30,"plateau","factor",950,950,-800,-400,-0.18589584636502,21.5177093213424,-507.05207681749,0,1000,-1750,550,5
51,200,"random",30,"plateau","factor",951,951,-800,-400,0.265793785685673,31.7737302277237,-732.896892842837,0,1000,-1750,550,5
52,200,"random",30,"plateau","factor",952,952,-800,-400,-0.158274573087692,35.6446983991191,-520.862713456154,0,1000,-1750,550,5
53,200,"random",30,"plateau","factor",953,953,-800,-400,-0.209943971177563,78.25773707591,-495.028014411218,0,1000,-1750,550,5
54,200,"random",30,"plateau","factor",954,954,-800,-400,0.101992957340553,71.6424058564007,-650.996478670277,0,1000,-1750,550,5
55,200,"random",30,"plateau","factor",955,955,-800,-400,-0.284967713523656,53.6133102281019,-457.516143238172,0,1000,-1750,550,5
56,200,"random",30,"plateau","factor",956,956,-800,-400,0.103620868176222,56.7946620099247,-651.810434088111,0,1000,-1750,550,5
57,200,"random",30,"plateau","factor",957,957,-800,-400,0.118505467474461,47.4729965487495,-659.25273373723,0,1000,-1750,550,5
58,200,"random",30,"plateau","factor",958,958,-800,-400,-0.295821315003559,45.5709780007601,-452.089342498221,0,1000,-1750,550,5
59,200,"random",30,"plateau","factor",959,959,-800,-400,0.131541014742106,26.345594744198,-665.770507371053,0,1000,-1750,550,5
60,200,"random",30,"plateau","factor",960,960,-800,-400,0.152472408721223,37.3457891633734,-676.236204360612,0,1000,-1750,550,5
61,200,"random",30,"plateau","factor",961,961,-800,-400,-0.247926221927628,47.960805920884,-476.036889036186,0,1000,-1750,550,5
62,200,"random",30,"plateau","factor",962,962,-800,-400,0.235341177415103,61.3025783654303,-717.670588707551,0,1000,-1750,550,5
63,200,"random",30,"plateau","factor",963,963,-800,-400,-0.275254418049008,55.1153316162527,-462.372790975496,0,1000,-1750,550,5
64,200,"random",30,"plateau","factor",964,964,-800,-400,0.123271470749751,73.0439945822582,-661.635735374875,0,1000,-1750,550,5
65,200,"random",30,"plateau","factor",965,965,-800,-400,-0.186220066482201,56.5790799213573,-506.889966758899,0,1000,-1750,550,5
66,200,"random",30,"plateau","factor",966,966,-800,-400,0.274641309073195,48.0619910685346,-737.320654536597,0,1000,-1750,550,5
67,200,"random",30,"plateau","factor",967,967,-800,-400,0.133476068964228,47.9674591682851,-666.738034482114,0,1000,-1750,550,5
68,200,"random",30,"plateau","factor",968,968,-800,-400,0.133204464614391,21.5314769325778,-666.602232307196,0,1000,-1750,550,5
69,200,"random",30,"plateau","factor",969,969,-800,-400,0.293623208580539,46.9590931246057,-746.811604290269,0,1000,-1750,550,5
70,200,"random",30,"plateau","factor",970,970,-800,-400,-0.175472734309733,29.8442412912846,-512.263632845134,0,1000,-1750,550,5
71,200,"random",30,"plateau","factor",971,971,-800,-400,0.290788886602968,59.5854534534737,-745.394443301484,0,1000,-1750,550,5
72,200,"random",30,"plateau","factor",972,972,-800,-400,-0.25220127296634,62.7782933041454,-473.89936351683,0,1000,-1750,550,5
73,200,"random",30,"plateau","factor",973,973,-800,-400,0.270963084604591,68.4754173737019,-735.481542302296,0,1000,-1750,550,5
74,200,"random",30,"plateau","factor",974,974,-800,-400,0.283714191336185,25.2467783959582,-741.857095668092,0,1000,-1750,550,5
75,200,"random",30,"plateau","factor",975,975,-800,-400,-0.25846767234616,35.6363431224599,-470.76616382692,0,1000,-1750,550,5
76,200,"random",30,"plateau","factor",976,976,-800,-400,0.153996453853324,28.10103260912,-676.998226926662,0,1000,-1750,550,5
77,200,"random",30,"plateau","factor",977,977,-800,-400,-0.123224453721195,45.1147678308189,-538.387773139402,0,1000,-1750,550,5
78,200,"random",30,"plateau","factor",978,978,-800,-400,0.253102365508676,69.1299784369767,-726.551182754338,0,1000,-1750,550,5
79,200,"random",30,"plateau","factor",979,979,-800,-400,-0.104247290827334,29.6180138504133,-547.876354586333,0,1000,-1750,550,5
80,200,"random",30,"plateau","factor",980,980,-800,-400,0.110717253014445,33.0303578916937,-655.358626507223,0,1000,-1750,550,5
81,200,"random",30,"plateau","factor",981,981,-800,-400,-0.296633709780872,38.9717131573707,-451.683145109564,0,1000,-1750,550,5
82,200,"random",30,"plateau","factor",982,982,-800,-400,0.19928001370281,37.8530828701332,-699.640006851405,0,1000,-1750,550,5
83,200,"random",30,"plateau","factor",983,983,-800,-400,-0.223522710101679,27.2989177238196,-488.238644949161,0,1000,-1750,550,5
84,200,"random",30,"plateau","factor",984,984,-800,-400,-0.122800288442522,31.2396703660488,-538.599855778739,0,1000,-1750,550,5
85,200,"random",30,"plateau","factor",985,985,-800,-400,0.140957427956164,35.2213169867173,-670.478713978082,0,1000,-1750,550,5
86,200,"random",30,"plateau","factor",986,986,-800,-400,-0.126353350328282,31.0923015186563,-536.823324835859,0,1000,-1750,550,5
87,200,"random",30,"plateau","factor",987,987,-800,-400,0.287257760902867,71.2976464163512,-743.628880451433,0,1000,-1750,550,5
88,200,"random",30,"plateau","factor",988,988,-800,-400,0.235475085070357,26.957274354063,-717.737542535178,0,1000,-1750,550,5
89,200,"random",30,"plateau","factor",989,989,-800,-400,0.153867333056405,68.7921861885116,-676.933666528203,0,1000,-1750,550,5
90,200,"random",30,"plateau","factor",990,990,-800,-400,0.17160940556787,40.2154495660216,-685.804702783935,0,1000,-1750,550,5
91,200,"random",30,"plateau","factor",991,991,-800,-400,-0.164568801643327,38.51316397544,-517.715599178337,0,1000,-1750,550,5
92,200,"random",30,"plateau","factor",992,992,-800,-400,0.21834882972762,32.9607214452699,-709.17441486381,0,1000,-1750,550,5
93,200,"random",30,"plateau","factor",993,993,-800,-400,0.234269783785567,55.3121197037399,-717.134891892783,0,1000,-1750,550,5
94,200,"random",30,"plateau","factor",994,994,-800,-400,0.151958552422002,74.1819593776017,-675.979276211001,0,1000,-1750,550,5
95,200,"random",30,"plateau","factor",995,995,-800,-400,-0.116272006928921,55.3396772500128,-541.86399653554,0,1000,-1750,550,5
96,200,"random",30,"plateau","factor",996,996,-800,-400,0.16185821229592,25.2067099371925,-680.92910614796,0,1000,-1750,550,5
97,200,"random",30,"plateau","factor",997,997,-800,-400,0.161533141508698,78.9461680548266,-680.766570754349,0,1000,-1750,550,5
98,200,"random",30,"plateau","factor",998,998,-800,-400,-0.232945884438232,53.3120308630169,-483.527057780884,0,1000,-1750,550,5
99,200,"random",30,"plateau","factor",999,999,-800,-400,-0.128887227363884,26.3100552652031,-535.556386318058,0,1000,-1750,550,5
100,200,"random",30,"plateau","factor",1000,1000,-800,-400,0.159711388358846,26.7611077986658,-679.855694179423,0,1000,-1750,550,5
1,200,"random",50,"plateau","factor",1001,1001,-800,-400,0.275984808104113,42.9911743430421,-737.992404052056,0,1000,-1750,550,5
2,200,"random",50,"plateau","factor",1002,1002,-800,-400,0.213899575406685,39.260047734715,-706.949787703343,0,1000,-1750,550,5
3,200,"random",50,"plateau","factor",1003,1003,-800,-400,-0.225888070324436,55.7983062695712,-487.055964837782,0,1000,-1750,550,5
4,200,"random",50,"plateau","factor",1004,1004,-800,-400,0.185250098071992,65.3098763758317,-692.625049035996,0,1000,-1750,550,5
5,200,"random",50,"plateau","factor",1005,1005,-800,-400,0.177301513683051,33.0412356881425,-688.650756841525,0,1000,-1750,550,5
6,200,"random",50,"plateau","factor",1006,1006,-800,-400,0.298652116255835,44.2360803764314,-749.326058127917,0,1000,-1750,550,5
7,200,"random",50,"plateau","factor",1007,1007,-800,-400,0.281368599366397,49.1712307883427,-740.684299683198,0,1000,-1750,550,5
8,200,"random",50,"plateau","factor",1008,1008,-800,-400,-0.189017249131575,24.218734074384,-505.491375434212,0,1000,-1750,550,5
9,200,"random",50,"plateau","factor",1009,1009,-800,-400,0.196372948074713,29.9575733114034,-698.186474037357,0,1000,-1750,550,5
10,200,"random",50,"plateau","factor",1010,1010,-800,-400,0.176201505213976,35.3532253857702,-688.100752606988,0,1000,-1750,550,5
11,200,"random",50,"plateau","factor",1011,1011,-800,-400,0.182992800325155,45.6544264964759,-691.496400162578,0,1000,-1750,550,5
12,200,"random",50,"plateau","factor",1012,1012,-800,-400,0.260234736837447,47.6933350740001,-730.117368418723,0,1000,-1750,550,5
13,200,"random",50,"plateau","factor",1013,1013,-800,-400,-0.21072335629724,70.2673318702728,-494.63832185138,0,1000,-1750,550,5
14,200,"random",50,"plateau","factor",1014,1014,-800,-400,-0.205518479179591,76.6651667561382,-497.240760410205,0,1000,-1750,550,5
15,200,"random",50,"plateau","factor",1015,1015,-800,-400,0.151892880955711,49.8784290999174,-675.946440477856,0,1000,-1750,550,5
16,200,"random",50,"plateau","factor",1016,1016,-800,-400,0.230206746375188,62.5198364537209,-715.103373187594,0,1000,-1750,550,5
17,200,"random",50,"plateau","factor",1017,1017,-800,-400,-0.204551209462807,51.7218922032043,-497.724395268597,0,1000,-1750,550,5
18,200,"random",50,"plateau","factor",1018,1018,-800,-400,0.257020563725382,41.8935132166371,-728.510281862691,0,1000,-1750,550,5
19,200,"random",50,"plateau","factor",1019,1019,-800,-400,0.264824195764959,47.8870058897883,-732.412097882479,0,1000,-1750,550,5
20,200,"random",50,"plateau","factor",1020,1020,-800,-400,-0.131822306290269,76.3984517194331,-534.088846854866,0,1000,-1750,550,5
21,200,"random",50,"plateau","factor",1021,1021,-800,-400,0.216138350684196,30.2272249339148,-708.069175342098,0,1000,-1750,550,5
22,200,"random",50,"plateau","factor",1022,1022,-800,-400,0.111564425053075,63.9025109261274,-655.782212526537,0,1000,-1750,550,5
23,200,"random",50,"plateau","factor",1023,1023,-800,-400,0.289600696926937,20.6377049162984,-744.800348463468,0,1000,-1750,550,5
24,200,"random",50,"plateau","factor",1024,1024,-800,-400,0.234230545442551,72.2723480127752,-717.115272721276,0,1000,-1750,550,5
25,200,"random",50,"plateau","factor",1025,1025,-800,-400,0.155294295214117,57.9546342184767,-677.647147607058,0,1000,-1750,550,5
26,200,"random",50,"plateau","factor",1026,1026,-800,-400,-0.23183894190006,73.8143574073911,-484.08052904997,0,1000,-1750,550,5
27,200,"random",50,"plateau","factor",1027,1027,-800,-400,0.175764934672043,30.2011242881417,-687.882467336021,0,1000,-1750,550,5
28,200,"random",50,"plateau","factor",1028,1028,-800,-400,-0.240997770475224,59.8327069822699,-479.501114762388,0,1000,-1750,550,5
29,200,"random",50,"plateau","factor",1029,1029,-800,-400,0.28185972138308,20.23683948908,-740.92986069154,0,1000,-1750,550,5
30,200,"random",50,"plateau","factor",1030,1030,-800,-400,-0.216709162387997,28.2710545137525,-491.645418806002,0,1000,-1750,550,5
31,200,"random",50,"plateau","factor",1031,1031,-800,-400,0.122763859340921,45.4798089619726,-661.381929670461,0,1000,-1750,550,5
32,200,"random",50,"plateau","factor",1032,1032,-800,-400,0.208416782133281,45.0472409557551,-704.208391066641,0,1000,-1750,550,5
33,200,"random",50,"plateau","factor",1033,1033,-800,-400,-0.115887012751773,28.4644771832973,-542.056493624114,0,1000,-1750,550,5
34,200,"random",50,"plateau","factor",1034,1034,-800,-400,0.151829413278028,69.6425473503768,-675.914706639014,0,1000,-1750,550,5
35,200,"random",50,"plateau","factor",1035,1035,-800,-400,0.248069987725466,50.3666636440903,-724.034993862733,0,1000,-1750,550,5
36,200,"random",50,"plateau","factor",1036,1036,-800,-400,0.256402260018513,29.1594458930194,-728.201130009256,0,1000,-1750,550,5
37,200,"random",50,"plateau","factor",1037,1037,-800,-400,0.168263695947826,41.920081502758,-684.131847973913,0,1000,-1750,550,5
38,200,"random",50,"plateau","factor",1038,1038,-800,-400,-0.186065914807841,26.2305993074551,-506.967042596079,0,1000,-1750,550,5
39,200,"random",50,"plateau","factor",1039,1039,-800,-400,0.132746320217848,52.4565398646519,-666.373160108924,0,1000,-1750,550,5
40,200,"random",50,"plateau","factor",1040,1040,-800,-400,0.198231356311589,57.8421810967848,-699.115678155795,0,1000,-1750,550,5
41,200,"random",50,"plateau","factor",1041,1041,-800,-400,-0.135380650265142,70.357864247635,-532.309674867429,0,1000,-1750,550,5
42,200,"random",50,"plateau","factor",1042,1042,-800,-400,-0.136041227495298,54.1419122135267,-531.979386252351,0,1000,-1750,550,5
43,200,"random",50,"plateau","factor",1043,1043,-800,-400,0.25720497732982,29.4536299072206,-728.60248866491,0,1000,-1750,550,5
44,200,"random",50,"plateau","factor",1044,1044,-800,-400,-0.140595061052591,34.1211200272664,-529.702469473705,0,1000,-1750,550,5
45,200,"random",50,"plateau","factor",1045,1045,-800,-400,-0.149076094385237,65.2395405434072,-525.461952807382,0,1000,-1750,550,5
46,200,"random",50,"plateau","factor",1046,1046,-800,-400,-0.224960418604314,52.1429036324844,-487.519790697843,0,1000,-1750,550,5
47,200,"random",50,"plateau","factor",1047,1047,-800,-400,-0.196677640406415,46.8250497011468,-501.661179796793,0,1000,-1750,550,5
48,200,"random",50,"plateau","factor",1048,1048,-800,-400,0.167440379643813,72.2822763770819,-683.720189821906,0,1000,-1750,550,5
49,200,"random",50,"plateau","factor",1049,1049,-800,-400,-0.143209085660055,35.8388709416613,-528.395457169972,0,1000,-1750,550,5
50,200,"random",50,"plateau","factor",1050,1050,-800,-400,-0.259369955630973,52.7568182488903,-470.315022184514,0,1000,-1750,550,5
51,200,"random",50,"plateau","factor",1051,1051,-800,-400,-0.233604225842282,35.2926670154557,-483.197887078859,0,1000,-1750,550,5
52,200,"random",50,"plateau","factor",1052,1052,-800,-400,-0.262306894361973,36.670253071934,-468.846552819014,0,1000,-1750,550,5
53,200,"random",50,"plateau","factor",1053,1053,-800,-400,-0.150568797113374,38.0382863711566,-524.715601443313,0,1000,-1750,550,5
54,200,"random",50,"plateau","factor",1054,1054,-800,-400,-0.113513184105977,52.3656487558037,-543.243407947011,0,1000,-1750,550,5
55,200,"random",50,"plateau","factor",1055,1055,-800,-400,-0.234724351484329,35.9219204029068,-482.637824257836,0,1000,-1750,550,5
56,200,"random",50,"plateau","factor",1056,1056,-800,-400,0.131708215689287,49.8209912423045,-665.854107844643,0,1000,-1750,550,5
57,200,"random",50,"plateau","factor",1057,1057,-800,-400,-0.158366412064061,25.6616564374417,-520.81679396797,0,1000,-1750,550,5
58,200,"random",50,"plateau","factor",1058,1058,-800,-400,-0.100330569315702,52.4008713429794,-549.834715342149,0,1000,-1750,550,5
59,200,"random",50,"plateau","factor",1059,1059,-800,-400,-0.293667986756191,36.7202033754438,-453.166006621905,0,1000,-1750,550,5
60,200,"random",50,"plateau","factor",1060,1060,-800,-400,-0.298234292818233,50.3204045211896,-450.882853590883,0,1000,-1750,550,5
61,200,"random",50,"plateau","factor",1061,1061,-800,-400,0.23123734658584,60.8702429709956,-715.61867329292,0,1000,-1750,550,5
62,200,"random",50,"plateau","factor",1062,1062,-800,-400,-0.189976334618405,57.6920496858657,-505.011832690798,0,1000,-1750,550,5
63,200,"random",50,"plateau","factor",1063,1063,-800,-400,0.106223705271259,41.971772084944,-653.111852635629,0,1000,-1750,550,5
64,200,"random",50,"plateau","factor",1064,1064,-800,-400,-0.191436437098309,67.863297406584,-504.281781450845,0,1000,-1750,550,5
65,200,"random",50,"plateau","factor",1065,1065,-800,-400,-0.283084701467305,33.3761116629466,-458.457649266347,0,1000,-1750,550,5
66,200,"random",50,"plateau","factor",1066,1066,-800,-400,-0.152265319274738,35.9629785409197,-523.867340362631,0,1000,-1750,550,5
67,200,"random",50,"plateau","factor",1067,1067,-800,-400,-0.194053018745035,60.4389969166368,-502.973490627483,0,1000,-1750,550,5
68,200,"random",50,"plateau","factor",1068,1068,-800,-400,-0.153012720635161,32.9680672613904,-523.49363968242,0,1000,-1750,550,5
69,200,"random",50,"plateau","factor",1069,1069,-800,-400,0.218019352899864,30.9331618389115,-709.009676449932,0,1000,-1750,550,5
70,200,"random",50,"plateau","factor",1070,1070,-800,-400,-0.128298242902383,70.539655322209,-535.850878548808,0,1000,-1750,550,5
71,200,"random",50,"plateau","factor",1071,1071,-800,-400,-0.283506268216297,34.3097970308736,-458.246865891851,0,1000,-1750,550,5
72,200,"random",50,"plateau","factor",1072,1072,-800,-400,-0.250062489090487,65.9954868024215,-474.968755454756,0,1000,-1750,550,5
73,200,"random",50,"plateau","factor",1073,1073,-800,-400,-0.231512670079246,55.8556090807542,-484.243664960377,0,1000,-1750,550,5
74,200,"random",50,"plateau","factor",1074,1074,-800,-400,0.282655511097983,53.4048157231882,-741.327755548991,0,1000,-1750,550,5
75,200,"random",50,"plateau","factor",1075,1075,-800,-400,0.298957389919087,38.1185787171125,-749.478694959544,0,1000,-1750,550,5
76,200,"random",50,"plateau","factor",1076,1076,-800,-400,0.190326209878549,42.2344089765102,-695.163104939274,0,1000,-1750,550,5
77,200,"random",50,"plateau","factor",1077,1077,-800,-400,-0.159865577332675,52.02938684728,-520.067211333662,0,1000,-1750,550,5
78,200,"random",50,"plateau","factor",1078,1078,-800,-400,-0.202151077846065,56.3088826648891,-498.924461076967,0,1000,-1750,550,5
79,200,"random",50,"plateau","factor",1079,1079,-800,-400,0.227546724071726,27.6737761450931,-713.773362035863,0,1000,-1750,550,5
80,200,"random",50,"plateau","factor",1080,1080,-800,-400,0.238859269814566,28.0562616791576,-719.429634907283,0,1000,-1750,550,5
81,200,"random",50,"plateau","factor",1081,1081,-800,-400,0.236532786861062,35.7430631201714,-718.266393430531,0,1000,-1750,550,5
82,200,"random",50,"plateau","factor",1082,1082,-800,-400,-0.278091258602217,54.6762826247141,-460.954370698892,0,1000,-1750,550,5
83,200,"random",50,"plateau","factor",1083,1083,-800,-400,0.257158398721367,70.2186763333157,-728.579199360684,0,1000,-1750,550,5
84,200,"random",50,"plateau","factor",1084,1084,-800,-400,-0.175947868870571,26.4201211230829,-512.026065564714,0,1000,-1750,550,5
85,200,"random",50,"plateau","factor",1085,1085,-800,-400,0.25941794575192,46.7274805624038,-729.70897287596,0,1000,-1750,550,5
86,200,"random",50,"plateau","factor",1086,1086,-800,-400,0.260055187065154,62.553502060473,-730.027593532577,0,1000,-1750,550,5
87,200,"random",50,"plateau","factor",1087,1087,-800,-400,-0.241678722528741,67.7204567566514,-479.16063873563,0,1000,-1750,550,5
88,200,"random",50,"plateau","factor",1088,1088,-800,-400,-0.245938294334337,65.0405717361718,-477.030852832831,0,1000,-1750,550,5
89,200,"random",50,"plateau","factor",1089,1089,-800,-400,0.121413511224091,28.9760681241751,-660.706755612046,0,1000,-1750,550,5
90,200,"random",50,"plateau","factor",1090,1090,-800,-400,-0.270077622449026,42.6811186783016,-464.961188775487,0,1000,-1750,550,5
91,200,"random",50,"plateau","factor",1091,1091,-800,-400,0.16793353012763,30.0136703299358,-683.966765063815,0,1000,-1750,550,5
92,200,"random",50,"plateau","factor",1092,1092,-800,-400,-0.256219595205039,57.0137588120997,-471.890202397481,0,1000,-1750,550,5
93,200,"random",50,"plateau","factor",1093,1093,-800,-400,0.205663302959874,48.202639752999,-702.831651479937,0,1000,-1750,550,5
94,200,"random",50,"plateau","factor",1094,1094,-800,-400,0.20481466925703,39.3221596209332,-702.407334628515,0,1000,-1750,550,5
95,200,"random",50,"plateau","factor",1095,1095,-800,-400,0.162111422885209,68.5250099655241,-681.055711442605,0,1000,-1750,550,5
96,200,"random",50,"plateau","factor",1096,1096,-800,-400,-0.115443249512464,41.7214855365455,-542.278375243768,0,1000,-1750,550,5
97,200,"random",50,"plateau","factor",1097,1097,-800,-400,-0.225265584187582,31.5519061079249,-487.367207906209,0,1000,-1750,550,5
98,200,"random",50,"plateau","factor",1098,1098,-800,-400,0.169866151083261,58.7333451816812,-684.93307554163,0,1000,-1750,550,5
99,200,"random",50,"plateau","factor",1099,1099,-800,-400,0.142578264558688,37.2536066407338,-671.289132279344,0,1000,-1750,550,5
100,200,"random",50,"plateau","factor",1100,1100,-800,-400,0.289083153754473,76.0360423801467,-744.541576877236,0,1000,-1750,550,5
1,200,"random",15,"steep","factor",1101,1101,-1600,-1200,-0.2635654699523,67.6173740578815,-1268.21726502385,0,1000,-2550,-250,5
2,200,"random",15,"steep","factor",1102,1102,-1600,-1200,0.140734205814078,65.6742368964479,-1470.36710290704,0,1000,-2550,-250,5
3,200,"random",15,"steep","factor",1103,1103,-1600,-1200,-0.216441117366776,61.3737313076854,-1291.77944131661,0,1000,-2550,-250,5
4,200,"random",15,"steep","factor",1104,1104,-1600,-1200,-0.195221605151892,34.6307336213067,-1302.38919742405,0,1000,-2550,-250,5
5,200,"random",15,"steep","factor",1105,1105,-1600,-1200,-0.241619988624007,45.1306574046612,-1279.190005688,0,1000,-2550,-250,5
6,200,"random",15,"steep","factor",1106,1106,-1600,-1200,0.145817246986553,46.9220118923113,-1472.90862349328,0,1000,-2550,-250,5
7,200,"random",15,"steep","factor",1107,1107,-1600,-1200,0.182455110130832,47.1903327759355,-1491.22755506542,0,1000,-2550,-250,5
8,200,"random",15,"steep","factor",1108,1108,-1600,-1200,0.244431420834735,37.0743587054312,-1522.21571041737,0,1000,-2550,-250,5
9,200,"random",15,"steep","factor",1109,1109,-1600,-1200,0.149536721035838,66.0619941866025,-1474.76836051792,0,1000,-2550,-250,5
10,200,"random",15,"steep","factor",1110,1110,-1600,-1200,0.195643139304593,66.308593521826,-1497.8215696523,0,1000,-2550,-250,5
11,200,"random",15,"steep","factor",1111,1111,-1600,-1200,-0.285567064071074,77.9602612927556,-1257.21646796446,0,1000,-2550,-250,5
12,200,"random",15,"steep","factor",1112,1112,-1600,-1200,0.221788280736655,54.7449330799282,-1510.89414036833,0,1000,-2550,-250,5
13,200,"random",15,"steep","factor",1113,1113,-1600,-1200,-0.138840808626264,52.201026068069,-1330.57959568687,0,1000,-2550,-250,5
14,200,"random",15,"steep","factor",1114,1114,-1600,-1200,-0.298430156800896,60.0714478362352,-1250.78492159955,0,1000,-2550,-250,5
15,200,"random",15,"steep","factor",1115,1115,-1600,-1200,0.14234884348698,61.8703042669222,-1471.17442174349,0,1000,-2550,-250,5
16,200,"random",15,"steep","factor",1116,1116,-1600,-1200,0.219383287103847,25.1356027880684,-1509.69164355192,0,1000,-2550,-250,5
17,200,"random",15,"steep","factor",1117,1117,-1600,-1200,-0.149325434071943,53.3938375255093,-1325.33728296403,0,1000,-2550,-250,5
18,200,"random",15,"steep","factor",1118,1118,-1600,-1200,-0.195169859100133,55.006789630279,-1302.41507044993,0,1000,-2550,-250,5
19,200,"random",15,"steep","factor",1119,1119,-1600,-1200,-0.293144217412919,61.4298470737413,-1253.42789129354,0,1000,-2550,-250,5
20,200,"random",15,"steep","factor",1120,1120,-1600,-1200,-0.111577622685581,52.8533543320373,-1344.21118865721,0,1000,-2550,-250,5
21,200,"random",15,"steep","factor",1121,1121,-1600,-1200,0.191657877666876,63.1507628411055,-1495.82893883344,0,1000,-2550,-250,5
22,200,"random",15,"steep","factor",1122,1122,-1600,-1200,0.130708252545446,57.3695264291018,-1465.35412627272,0,1000,-2550,-250,5
23,200,"random",15,"steep","factor",1123,1123,-1600,-1200,0.273363585211337,52.6977228280157,-1536.68179260567,0,1000,-2550,-250,5
24,200,"random",15,"steep","factor",1124,1124,-1600,-1200,0.213384333252907,72.6309120981023,-1506.69216662645,0,1000,-2550,-250,5
25,200,"random",15,"steep","factor",1125,1125,-1600,-1200,0.130417467700318,58.9017415558919,-1465.20873385016,0,1000,-2550,-250,5
26,200,"random",15,"steep","factor",1126,1126,-1600,-1200,-0.242942329263315,47.206321968697,-1278.52883536834,0,1000,-2550,-250,5
27,200,"random",15,"steep","factor",1127,1127,-1600,-1200,-0.167147568659857,61.9407588429749,-1316.42621567007,0,1000,-2550,-250,5
28,200,"random",15,"steep","factor",1128,1128,-1600,-1200,0.215801466442645,72.1544461790472,-1507.90073322132,0,1000,-2550,-250,5
29,200,"random",15,"steep","factor",1129,1129,-1600,-1200,0.187355114985257,74.691085703671,-1493.67755749263,0,1000,-2550,-250,5
30,200,"random",15,"steep","factor",1130,1130,-1600,-1200,-0.221780685009435,50.0177269428969,-1289.10965749528,0,1000,-2550,-250,5
31,200,"random",15,"steep","factor",1131,1131,-1600,-1200,-0.248957163980231,72.4255271675065,-1275.52141800988,0,1000,-2550,-250,5
32,200,"random",15,"steep","factor",1132,1132,-1600,-1200,0.238557664491236,27.9751462023705,-1519.27883224562,0,1000,-2550,-250,5
33,200,"random",15,"steep","factor",1133,1133,-1600,-1200,-0.176153586339205,22.8491998417303,-1311.9232068304,0,1000,-2550,-250,5
34,200,"random",15,"steep","factor",1134,1134,-1600,-1200,0.118545728828758,36.1810197820887,-1459.27286441438,0,1000,-2550,-250,5
35,200,"random",15,"steep","factor",1135,1135,-1600,-1200,-0.251392355980352,36.5590145997703,-1274.30382200982,0,1000,-2550,-250,5
36,200,"random",15,"steep","factor",1136,1136,-1600,-1200,-0.133414581418037,67.4714640527964,-1333.29270929098,0,1000,-2550,-250,5
37,200,"random",15,"steep","factor",1137,1137,-1600,-1200,-0.208978888671845,79.6588722290471,-1295.51055566408,0,1000,-2550,-250,5
38,200,"random",15,"steep","factor",1138,1138,-1600,-1200,-0.179546264419332,72.3965963581577,-1310.22686779033,0,1000,-2550,-250,5
39,200,"random",15,"steep","factor",1139,1139,-1600,-1200,-0.214304884895682,67.8639769274741,-1292.84755755216,0,1000,-2550,-250,5
40,200,"random",15,"steep","factor",1140,1140,-1600,-1200,0.18349328530021,26.286101588048,-1491.74664265011,0,1000,-2550,-250,5
41,200,"random",15,"steep","factor",1141,1141,-1600,-1200,0.296609539212659,21.9170924928039,-1548.30476960633,0,1000,-2550,-250,5
42,200,"random",15,"steep","factor",1142,1142,-1600,-1200,-0.227329480368644,32.3949689650908,-1286.33525981568,0,1000,-2550,-250,5
43,200,"random",15,"steep","factor",1143,1143,-1600,-1200,-0.149825042206794,57.3808750091121,-1325.0874788966,0,1000,-2550,-250,5
44,200,"random",15,"steep","factor",1144,1144,-1600,-1200,0.24300660523586,44.8013254301623,-1521.50330261793,0,1000,-2550,-250,5
45,200,"random",15,"steep","factor",1145,1145,-1600,-1200,-0.267057842155918,44.8150988807902,-1266.47107892204,0,1000,-2550,-250,5
46,200,"random",15,"steep","factor",1146,1146,-1600,-1200,-0.252128321444616,76.6828839760274,-1273.93583927769,0,1000,-2550,-250,5
47,200,"random",15,"steep","factor",1147,1147,-1600,-1200,-0.272750659380108,75.2691028639674,-1263.62467030995,0,1000,-2550,-250,5
48,200,"random",15,"steep","factor",1148,1148,-1600,-1200,0.263790257461369,59.3000805098564,-1531.89512873068,0,1000,-2550,-250,5
49,200,"random",15,"steep","factor",1149,1149,-1600,-1200,-0.290456229401752,36.7241212446243,-1254.77188529912,0,1000,-2550,-250,5
50,200,"random",15,"steep","factor",1150,1150,-1600,-1200,0.174656041152775,25.4210608080029,-1487.32802057639,0,1000,-2550,-250,5
51,200,"random",15,"steep","factor",1151,1151,-1600,-1200,0.225415271148086,40.5549022974446,-1512.70763557404,0,1000,-2550,-250,5
52,200,"random",15,"steep","factor",1152,1152,-1600,-1200,-0.140368884941563,46.0617799637839,-1329.81555752922,0,1000,-2550,-250,5
53,200,"random",15,"steep","factor",1153,1153,-1600,-1200,-0.219801963074133,76.4619320072234,-1290.09901846293,0,1000,-2550,-250,5
54,200,"random",15,"steep","factor",1154,1154,-1600,-1200,0.125178841222078,35.1007844647393,-1462.58942061104,0,1000,-2550,-250,5
55,200,"random",15,"steep","factor",1155,1155,-1600,-1200,-0.212184550892562,35.314111597836,-1293.90772455372,0,1000,-2550,-250,5
56,200,"random",15,"steep","factor",1156,1156,-1600,-1200,0.247849837969989,69.674657471478,-1523.92491898499,0,1000,-2550,-250,5
57,200,"random",15,"steep","factor",1157,1157,-1600,-1200,-0.252553264563903,37.6846153894439,-1273.72336771805,0,1000,-2550,-250,5
58,200,"random",15,"steep","factor",1158,1158,-1600,-1200,-0.150011098757386,70.626312927343,-1324.99445062131,0,1000,-2550,-250,5
59,200,"random",15,"steep","factor",1159,1159,-1600,-1200,0.245849692169577,28.1232203170657,-1522.92484608479,0,1000,-2550,-250,5
60,200,"random",15,"steep","factor",1160,1160,-1600,-1200,-0.157374554825947,35.850998130627,-1321.31272258703,0,1000,-2550,-250,5
61,200,"random",15,"steep","factor",1161,1161,-1600,-1200,0.177808391256258,30.6705697067082,-1488.90419562813,0,1000,-2550,-250,5
62,200,"random",15,"steep","factor",1162,1162,-1600,-1200,-0.271534395636991,74.1935351770371,-1264.2328021815,0,1000,-2550,-250,5
63,200,"random",15,"steep","factor",1163,1163,-1600,-1200,0.262438146490604,25.6367735145614,-1531.2190732453,0,1000,-2550,-250,5
64,200,"random",15,"steep","factor",1164,1164,-1600,-1200,0.296163472067565,79.8913751170039,-1548.08173603378,0,1000,-2550,-250,5
65,200,"random",15,"steep","factor",1165,1165,-1600,-1200,-0.24475727728568,60.3411478362978,-1277.62136135716,0,1000,-2550,-250,5
66,200,"random",15,"steep","factor",1166,1166,-1600,-1200,-0.235792915755883,74.3574936268851,-1282.10354212206,0,1000,-2550,-250,5
67,200,"random",15,"steep","factor",1167,1167,-1600,-1200,-0.251614656485617,38.9489159313962,-1274.19267175719,0,1000,-2550,-250,5
68,200,"random",15,"steep","factor",1168,1168,-1600,-1200,0.16359935645014,20.4803206725046,-1481.79967822507,0,1000,-2550,-250,5
69,200,"random",15,"steep","factor",1169,1169,-1600,-1200,-0.299512095050886,70.9664084529504,-1250.24395247456,0,1000,-2550,-250,5
70,200,"random",15,"steep","factor",1170,1170,-1600,-1200,-0.237610998051241,60.0440622167662,-1281.19450097438,0,1000,-2550,-250,5
71,200,"random",15,"steep","factor",1171,1171,-1600,-1200,-0.221827986091375,40.4435537848622,-1289.08600695431,0,1000,-2550,-250,5
72,200,"random",15,"steep","factor",1172,1172,-1600,-1200,0.213805028703064,34.1801725886762,-1506.90251435153,0,1000,-2550,-250,5
73,200,"random",15,"steep","factor",1173,1173,-1600,-1200,0.160743290605024,50.9973363112658,-1480.37164530251,0,1000,-2550,-250,5
74,200,"random",15,"steep","factor",1174,1174,-1600,-1200,-0.232488490547985,69.3436798360199,-1283.75575472601,0,1000,-2550,-250,5
75,200,"random",15,"steep","factor",1175,1175,-1600,-1200,0.232713129278272,33.9474854525179,-1516.35656463914,0,1000,-2550,-250,5
76,200,"random",15,"steep","factor",1176,1176,-1600,-1200,-0.121383280772716,70.2423122245818,-1339.30835961364,0,1000,-2550,-250,5
77,200,"random",15,"steep","factor",1177,1177,-1600,-1200,0.179057474480942,60.5987070547417,-1489.52873724047,0,1000,-2550,-250,5
78,200,"random",15,"steep","factor",1178,1178,-1600,-1200,0.196448170719668,30.0834029028192,-1498.22408535983,0,1000,-2550,-250,5
79,200,"random",15,"steep","factor",1179,1179,-1600,-1200,-0.144108979403973,76.5862823743373,-1327.94551029801,0,1000,-2550,-250,5
80,200,"random",15,"steep","factor",1180,1180,-1600,-1200,-0.186423197295517,54.7755366098136,-1306.78840135224,0,1000,-2550,-250,5
81,200,"random",15,"steep","factor",1181,1181,-1600,-1200,-0.170654473826289,56.4999210601673,-1314.67276308686,0,1000,-2550,-250,5
82,200,"random",15,"steep","factor",1182,1182,-1600,-1200,-0.214356303960085,31.8320323852822,-1292.82184801996,0,1000,-2550,-250,5
83,200,"random",15,"steep","factor",1183,1183,-1600,-1200,0.208776742452756,67.2145262267441,-1504.38837122638,0,1000,-2550,-250,5
84,200,"random",15,"steep","factor",1184,1184,-1600,-1200,0.111602302733809,72.9833541531116,-1455.8011513669,0,1000,-2550,-250,5
85,200,"random",15,"steep","factor",1185,1185,-1600,-1200,-0.266922867344692,48.9450218854472,-1266.53856632765,0,1000,-2550,-250,5
86,200,"random",15,"steep","factor",1186,1186,-1600,-1200,0.175322565855458,40.8284218749031,-1487.66128292773,0,1000,-2550,-250,5
87,200,"random",15,"steep","factor",1187,1187,-1600,-1200,-0.227890371857211,50.0346020748839,-1286.05481407139,0,1000,-2550,-250,5
88,200,"random",15,"steep","factor",1188,1188,-1600,-1200,0.19885568395257,56.8817262910307,-1499.42784197628,0,1000,-2550,-250,5
89,200,"random",15,"steep","factor",1189,1189,-1600,-1200,0.140984449023381,32.6317295944318,-1470.49222451169,0,1000,-2550,-250,5
90,200,"random",15,"steep","factor",1190,1190,-1600,-1200,-0.198288379143924,68.8482374697924,-1300.85581042804,0,1000,-2550,-250,5
91,200,"random",15,"steep","factor",1191,1191,-1600,-1200,0.187632414372638,30.1702642999589,-1493.81620718632,0,1000,-2550,-250,5
92,200,"random",15,"steep","factor",1192,1192,-1600,-1200,-0.222965877177194,48.5189879219979,-1288.5170614114,0,1000,-2550,-250,5
93,200,"random",15,"steep","factor",1193,1193,-1600,-1200,0.112608690001071,23.3456893311813,-1456.30434500054,0,1000,-2550,-250,5
94,200,"random",15,"steep","factor",1194,1194,-1600,-1200,0.124021346541122,71.3020360469818,-1462.01067327056,0,1000,-2550,-250,5
95,200,"random",15,"steep","factor",1195,1195,-1600,-1200,0.183973887423053,30.7044413266704,-1491.98694371153,0,1000,-2550,-250,5
96,200,"random",15,"steep","factor",1196,1196,-1600,-1200,0.182627075538039,42.1508497977629,-1491.31353776902,0,1000,-2550,-250,5
97,200,"random",15,"steep","factor",1197,1197,-1600,-1200,-0.118968307040632,63.9359594276175,-1340.51584647968,0,1000,-2550,-250,5
98,200,"random",15,"steep","factor",1198,1198,-1600,-1200,-0.265563023090363,55.1576214609668,-1267.21848845482,0,1000,-2550,-250,5
99,200,"random",15,"steep","factor",1199,1199,-1600,-1200,-0.116450490383431,61.9486089982092,-1341.77475480828,0,1000,-2550,-250,5
100,200,"random",15,"steep","factor",1200,1200,-1600,-1200,0.19985699201934,36.1381259374321,-1499.92849600967,0,1000,-2550,-250,5
1,200,"random",30,"steep","factor",1201,1201,-1600,-1200,-0.266401978395879,54.729687278159,-1266.79901080206,0,1000,-2550,-250,5
2,200,"random",30,"steep","factor",1202,1202,-1600,-1200,-0.163226938992739,37.9017646284774,-1318.38653050363,0,1000,-2550,-250,5
3,200,"random",30,"steep","factor",1203,1203,-1600,-1200,0.185861713811755,53.916274397634,-1492.93085690588,0,1000,-2550,-250,5
4,200,"random",30,"steep","factor",1204,1204,-1600,-1200,0.129154733847827,43.0265443678945,-1464.57736692391,0,1000,-2550,-250,5
5,200,"random",30,"steep","factor",1205,1205,-1600,-1200,0.200262470683083,51.923318640329,-1500.13123534154,0,1000,-2550,-250,5
6,200,"random",30,"steep","factor",1206,1206,-1600,-1200,0.258659508498386,47.6636995002627,-1529.32975424919,0,1000,-2550,-250,5
7,200,"random",30,"steep","factor",1207,1207,-1600,-1200,0.239107962464914,32.2761811083183,-1519.55398123246,0,1000,-2550,-250,5
8,200,"random",30,"steep","factor",1208,1208,-1600,-1200,0.247489100322127,66.8210211023688,-1523.74455016106,0,1000,-2550,-250,5
9,200,"random",30,"steep","factor",1209,1209,-1600,-1200,0.164834634354338,36.0687719332054,-1482.41731717717,0,1000,-2550,-250,5
10,200,"random",30,"steep","factor",1210,1210,-1600,-1200,-0.145732808019966,73.8851908454672,-1327.13359599002,0,1000,-2550,-250,5
11,200,"random",30,"steep","factor",1211,1211,-1600,-1200,0.183296208363026,63.622925169766,-1491.64810418151,0,1000,-2550,-250,5
12,200,"random",30,"steep","factor",1212,1212,-1600,-1200,-0.220213199639693,28.1194330519065,-1289.89340018015,0,1000,-2550,-250,5
13,200,"random",30,"steep","factor",1213,1213,-1600,-1200,-0.156694613164291,42.585422587581,-1321.65269341785,0,1000,-2550,-250,5
14,200,"random",30,"steep","factor",1214,1214,-1600,-1200,-0.179670362919569,79.0983768925071,-1310.16481854022,0,1000,-2550,-250,5
15,200,"random",30,"steep","factor",1215,1215,-1600,-1200,-0.172383640613407,55.3193284617737,-1313.8081796933,0,1000,-2550,-250,5
16,200,"random",30,"steep","factor",1216,1216,-1600,-1200,0.107040528766811,57.299831463024,-1453.52026438341,0,1000,-2550,-250,5
17,200,"random",30,"steep","factor",1217,1217,-1600,-1200,0.129387628100812,38.3542635291815,-1464.69381405041,0,1000,-2550,-250,5
18,200,"random",30,"steep","factor",1218,1218,-1600,-1200,0.284021183429286,25.1115633081645,-1542.01059171464,0,1000,-2550,-250,5
19,200,"random",30,"steep","factor",1219,1219,-1600,-1200,-0.256952876131982,24.2821559123695,-1271.52356193401,0,1000,-2550,-250,5
20,200,"random",30,"steep","factor",1220,1220,-1600,-1200,-0.154550828877836,32.0367783913389,-1322.72458556108,0,1000,-2550,-250,5
21,200,"random",30,"steep","factor",1221,1221,-1600,-1200,-0.246423619333655,71.3084354903549,-1276.78819033317,0,1000,-2550,-250,5
22,200,"random",30,"steep","factor",1222,1222,-1600,-1200,0.162323246244341,37.3381010862067,-1481.16162312217,0,1000,-2550,-250,5
23,200,"random",30,"steep","factor",1223,1223,-1600,-1200,-0.143200312694535,47.6405350631103,-1328.39984365273,0,1000,-2550,-250,5
24,200,"random",30,"steep","factor",1224,1224,-1600,-1200,-0.141405348386616,41.9479841738939,-1329.29732580669,0,1000,-2550,-250,5
25,200,"random",30,"steep","factor",1225,1225,-1600,-1200,-0.292518617771566,43.7383839068934,-1253.74069111422,0,1000,-2550,-250,5
26,200,"random",30,"steep","factor",1226,1226,-1600,-1200,0.162557484395802,72.5082876486704,-1481.2787421979,0,1000,-2550,-250,5
27,200,"random",30,"steep","factor",1227,1227,-1600,-1200,0.180264259735122,59.7863778425381,-1490.13212986756,0,1000,-2550,-250,5
28,200,"random",30,"steep","factor",1228,1228,-1600,-1200,-0.293431186350062,29.3551477277651,-1253.28440682497,0,1000,-2550,-250,5
29,200,"random",30,"steep","factor",1229,1229,-1600,-1200,-0.176334022218362,78.9547181688249,-1311.83298889082,0,1000,-2550,-250,5
30,200,"random",30,"steep","factor",1230,1230,-1600,-1200,-0.185011610202491,77.862562360242,-1307.49419489875,0,1000,-2550,-250,5
31,200,"random",30,"steep","factor",1231,1231,-1600,-1200,0.11337874927558,50.8113315980882,-1456.68937463779,0,1000,-2550,-250,5
32,200,"random",30,"steep","factor",1232,1232,-1600,-1200,0.27815800444223,79.9863380286843,-1539.07900222111,0,1000,-2550,-250,5
33,200,"random",30,"steep","factor",1233,1233,-1600,-1200,0.202728659752756,75.3292404208332,-1501.36432987638,0,1000,-2550,-250,5
34,200,"random",30,"steep","factor",1234,1234,-1600,-1200,0.217466791206971,50.8577940240502,-1508.73339560349,0,1000,-2550,-250,5
35,200,"random",30,"steep","factor",1235,1235,-1600,-1200,0.136227050097659,68.25808275491,-1468.11352504883,0,1000,-2550,-250,5
36,200,"random",30,"steep","factor",1236,1236,-1600,-1200,0.149508129246533,30.2847290784121,-1474.75406462327,0,1000,-2550,-250,5
37,200,"random",30,"steep","factor",1237,1237,-1600,-1200,0.227470090333372,38.3478776365519,-1513.73504516669,0,1000,-2550,-250,5
38,200,"random",30,"steep","factor",1238,1238,-1600,-1200,-0.254291875474155,24.2945960955694,-1272.85406226292,0,1000,-2550,-250,5
39,200,"random",30,"steep","factor",1239,1239,-1600,-1200,0.215493143117055,64.3107780907303,-1507.74657155853,0,1000,-2550,-250,5
40,200,"random",30,"steep","factor",1240,1240,-1600,-1200,0.100320024322718,35.9143219701946,-1450.16001216136,0,1000,-2550,-250,5
41,200,"random",30,"steep","factor",1241,1241,-1600,-1200,0.261000692145899,53.9013594854623,-1530.50034607295,0,1000,-2550,-250,5
42,200,"random",30,"steep","factor",1242,1242,-1600,-1200,0.282421174878255,25.15485544689,-1541.21058743913,0,1000,-2550,-250,5
43,200,"random",30,"steep","factor",1243,1243,-1600,-1200,0.150021269312128,67.98023595009,-1475.01063465606,0,1000,-2550,-250,5
44,200,"random",30,"steep","factor",1244,1244,-1600,-1200,0.142698940401897,34.4746343791485,-1471.34947020095,0,1000,-2550,-250,5
45,200,"random",30,"steep","factor",1245,1245,-1600,-1200,-0.109639540454373,64.809115594253,-1345.18022977281,0,1000,-2550,-250,5
46,200,"random",30,"steep","factor",1246,1246,-1600,-1200,0.128143990365788,46.2691233959049,-1464.07199518289,0,1000,-2550,-250,5
47,200,"random",30,"steep","factor",1247,1247,-1600,-1200,-0.230349730560556,41.0022475849837,-1284.82513471972,0,1000,-2550,-250,5
48,200,"random",30,"steep","factor",1248,1248,-1600,-1200,-0.181968219950795,62.7609497075901,-1309.0158900246,0,1000,-2550,-250,5
49,200,"random",30,"steep","factor",1249,1249,-1600,-1200,-0.234105172427371,24.0551592921838,-1282.94741378631,0,1000,-2550,-250,5
50,200,"random",30,"steep","factor",1250,1250,-1600,-1200,0.168377647036687,52.2521646460518,-1484.18882351834,0,1000,-2550,-250,5
51,200,"random",30,"steep","factor",1251,1251,-1600,-1200,0.280084612453356,60.0723765790462,-1540.04230622668,0,1000,-2550,-250,5
52,200,"random",30,"steep","factor",1252,1252,-1600,-1200,-0.188961366796866,68.0053511355072,-1305.51931660157,0,1000,-2550,-250,5
53,200,"random",30,"steep","factor",1253,1253,-1600,-1200,0.18703721454367,55.9271166333929,-1493.51860727184,0,1000,-2550,-250,5
54,200,"random",30,"steep","factor",1254,1254,-1600,-1200,-0.28109172671102,28.0809191428125,-1259.45413664449,0,1000,-2550,-250,5
55,200,"random",30,"steep","factor",1255,1255,-1600,-1200,-0.238262143917382,37.2525926260278,-1280.86892804131,0,1000,-2550,-250,5
56,200,"random",30,"steep","factor",1256,1256,-1600,-1200,-0.134924399387091,57.4905480490997,-1332.53780030645,0,1000,-2550,-250,5
57,200,"random",30,"steep","factor",1257,1257,-1600,-1200,-0.235458719125018,63.2995496690273,-1282.27064043749,0,1000,-2550,-250,5
58,200,"random",30,"steep","factor",1258,1258,-1600,-1200,-0.129679968114942,44.8600819148123,-1335.16001594253,0,1000,-2550,-250,5
59,200,"random",30,"steep","factor",1259,1259,-1600,-1200,0.163387345382944,44.4650429161265,-1481.69367269147,0,1000,-2550,-250,5
60,200,"random",30,"steep","factor",1260,1260,-1600,-1200,-0.247592191863805,45.3535925876349,-1276.2039040681,0,1000,-2550,-250,5
61,200,"random",30,"steep","factor",1261,1261,-1600,-1200,-0.111955540673807,76.5615740884096,-1344.0222296631,0,1000,-2550,-250,5
62,200,"random",30,"steep","factor",1262,1262,-1600,-1200,0.2965443901252,71.5225724689662,-1548.2721950626,0,1000,-2550,-250,5
63,200,"random",30,"steep","factor",1263,1263,-1600,-1200,-0.149080909183249,53.5816037235782,-1325.45954540838,0,1000,-2550,-250,5
64,200,"random",30,"steep","factor",1264,1264,-1600,-1200,0.111985666211694,27.6780777657405,-1455.99283310585,0,1000,-2550,-250,5
65,200,"random",30,"steep","factor",1265,1265,-1600,-1200,0.211797873396426,40.7063028542325,-1505.89893669821,0,1000,-2550,-250,5
66,200,"random",30,"steep","factor",1266,1266,-1600,-1200,0.222722671786323,48.2643599528819,-1511.36133589316,0,1000,-2550,-250,5
67,200,"random",30,"steep","factor",1267,1267,-1600,-1200,-0.210772769059986,74.0901740314439,-1294.61361547001,0,1000,-2550,-250,5
68,200,"random",30,"steep","factor",1268,1268,-1600,-1200,0.298920888872817,46.6198684088886,-1549.46044443641,0,1000,-2550,-250,5
69,200,"random",30,"steep","factor",1269,1269,-1600,-1200,-0.116995704639703,20.7399833854288,-1341.50214768015,0,1000,-2550,-250,5
70,200,"random",30,"steep","factor",1270,1270,-1600,-1200,0.160476229060441,59.6219427697361,-1480.23811453022,0,1000,-2550,-250,5
71,200,"random",30,"steep","factor",1271,1271,-1600,-1200,0.192582118790597,45.9425938967615,-1496.2910593953,0,1000,-2550,-250,5
72,200,"random",30,"steep","factor",1272,1272,-1600,-1200,0.24628495266661,38.5282086674124,-1523.14247633331,0,1000,-2550,-250,5
73,200,"random",30,"steep","factor",1273,1273,-1600,-1200,0.126347819436342,68.1014349870384,-1463.17390971817,0,1000,-2550,-250,5
74,200,"random",30,"steep","factor",1274,1274,-1600,-1200,-0.189190861303359,73.930934118107,-1305.40456934832,0,1000,-2550,-250,5
75,200,"random",30,"steep","factor",1275,1275,-1600,-1200,0.254362390749156,50.9037213493139,-1527.18119537458,0,1000,-2550,-250,5
76,200,"random",30,"steep","factor",1276,1276,-1600,-1200,0.252973323501647,46.5313052758575,-1526.48666175082,0,1000,-2550,-250,5
77,200,"random",30,"steep","factor",1277,1277,-1600,-1200,-0.206191945727915,50.3590632136911,-1296.90402713604,0,1000,-2550,-250,5
78,200,"random",30,"steep","factor",1278,1278,-1600,-1200,0.134987313905731,20.5963710835204,-1467.49365695287,0,1000,-2550,-250,5
79,200,"random",30,"steep","factor",1279,1279,-1600,-1200,0.161712522059679,64.2411869484931,-1480.85626102984,0,1000,-2550,-250,5
80,200,"random",30,"steep","factor",1280,1280,-1600,-1200,-0.161740852100775,48.4014963824302,-1319.12957394961,0,1000,-2550,-250,5
81,200,"random",30,"steep","factor",1281,1281,-1600,-1200,-0.245929251378402,25.8905890258029,-1277.0353743108,0,1000,-2550,-250,5
82,200,"random",30,"steep","factor",1282,1282,-1600,-1200,-0.212058377778158,62.2086234856397,-1293.97081111092,0,1000,-2550,-250,5
83,200,"random",30,"steep","factor",1283,1283,-1600,-1200,-0.138482811674476,39.0264336159453,-1330.75859416276,0,1000,-2550,-250,5
84,200,"random",30,"steep","factor",1284,1284,-1600,-1200,0.160725567443296,64.3855571141467,-1480.36278372165,0,1000,-2550,-250,5
85,200,"random",30,"steep","factor",1285,1285,-1600,-1200,-0.275644942000508,40.1261274795979,-1262.17752899975,0,1000,-2550,-250,5
86,200,"random",30,"steep","factor",1286,1286,-1600,-1200,-0.23008459280245,33.680685563013,-1284.95770359877,0,1000,-2550,-250,5
87,200,"random",30,"steep","factor",1287,1287,-1600,-1200,-0.144145910395309,41.5194433787838,-1327.92704480235,0,1000,-2550,-250,5
88,200,"random",30,"steep","factor",1288,1288,-1600,-1200,-0.215821994049475,59.901055241935,-1292.08900297526,0,1000,-2550,-250,5
89,200,"random",30,"steep","factor",1289,1289,-1600,-1200,-0.107072418788448,69.4114299770445,-1346.46379060578,0,1000,-2550,-250,5
90,200,"random",30,"steep","factor",1290,1290,-1600,-1200,-0.256818570150062,73.8375152088702,-1271.59071492497,0,1000,-2550,-250,5
91,200,"random",30,"steep","factor",1291,1291,-1600,-1200,-0.135889862524346,38.0657317116857,-1332.05506873783,0,1000,-2550,-250,5
92,200,"random",30,"steep","factor",1292,1292,-1600,-1200,0.268980466295034,69.4488123292104,-1534.49023314752,0,1000,-2550,-250,5
93,200,"random",30,"steep","factor",1293,1293,-1600,-1200,-0.172149859927595,45.6972833210602,-1313.9250700362,0,1000,-2550,-250,5
94,200,"random",30,"steep","factor",1294,1294,-1600,-1200,-0.186798212397844,63.6581914685667,-1306.60089380108,0,1000,-2550,-250,5
95,200,"random",30,"steep","factor",1295,1295,-1600,-1200,-0.185985894920304,32.8189241187647,-1307.00705253985,0,1000,-2550,-250,5
96,200,"random",30,"steep","factor",1296,1296,-1600,-1200,0.292575425282121,48.7105385353789,-1546.28771264106,0,1000,-2550,-250,5
97,200,"random",30,"steep","factor",1297,1297,-1600,-1200,0.142410993669182,23.0304645048454,-1471.20549683459,0,1000,-2550,-250,5
98,200,"random",30,"steep","factor",1298,1298,-1600,-1200,-0.182866562856361,79.7181970765814,-1308.56671857182,0,1000,-2550,-250,5
99,200,"random",30,"steep","factor",1299,1299,-1600,-1200,-0.169446983980015,77.9865773115307,-1315.27650800999,0,1000,-2550,-250,5
100,200,"random",30,"steep","factor",1300,1300,-1600,-1200,0.172272368613631,61.7300281440839,-1486.13618430682,0,1000,-2550,-250,5
1,200,"random",50,"steep","factor",1301,1301,-1600,-1200,-0.221570410905406,63.9029013132677,-1289.2147945473,0,1000,-2550,-250,5
2,200,"random",50,"steep","factor",1302,1302,-1600,-1200,0.11211102376692,22.2630886966363,-1456.05551188346,0,1000,-2550,-250,5
3,200,"random",50,"steep","factor",1303,1303,-1600,-1200,-0.220370265934616,43.2292219158262,-1289.81486703269,0,1000,-2550,-250,5
4,200,"random",50,"steep","factor",1304,1304,-1600,-1200,-0.229909267509356,70.1844242447987,-1285.04536624532,0,1000,-2550,-250,5
5,200,"random",50,"steep","factor",1305,1305,-1600,-1200,-0.208791741356254,60.7650591665879,-1295.60412932187,0,1000,-2550,-250,5
6,200,"random",50,"steep","factor",1306,1306,-1600,-1200,-0.253377133514732,33.4177898103371,-1273.31143324263,0,1000,-2550,-250,5
7,200,"random",50,"steep","factor",1307,1307,-1600,-1200,0.136010706191882,51.0991895524785,-1468.00535309594,0,1000,-2550,-250,5
8,200,"random",50,"steep","factor",1308,1308,-1600,-1200,0.122194194421172,33.2429247442633,-1461.09709721059,0,1000,-2550,-250,5
9,200,"random",50,"steep","factor",1309,1309,-1600,-1200,-0.216862362110987,40.4811324970797,-1291.56881894451,0,1000,-2550,-250,5
10,200,"random",50,"steep","factor",1310,1310,-1600,-1200,0.278399094333872,21.3828858779743,-1539.19954716694,0,1000,-2550,-250,5
11,200,"random",50,"steep","factor",1311,1311,-1600,-1200,0.283948313537985,30.6667827628553,-1541.97415676899,0,1000,-2550,-250,5
12,200,"random",50,"steep","factor",1312,1312,-1600,-1200,-0.218080798443407,24.2131281318143,-1290.9596007783,0,1000,-2550,-250,5
13,200,"random",50,"steep","factor",1313,1313,-1600,-1200,-0.141884032124653,39.6558958105743,-1329.05798393767,0,1000,-2550,-250,5
14,200,"random",50,"steep","factor",1314,1314,-1600,-1200,-0.119581581745297,28.0534144025296,-1340.20920912735,0,1000,-2550,-250,5
15,200,"random",50,"steep","factor",1315,1315,-1600,-1200,-0.294508315902203,24.2857967317104,-1252.7458420489,0,1000,-2550,-250,5
16,200,"random",50,"steep","factor",1316,1316,-1600,-1200,0.110603704210371,32.0382036920637,-1455.30185210519,0,1000,-2550,-250,5
17,200,"random",50,"steep","factor",1317,1317,-1600,-1200,-0.261332821892574,22.7797501021996,-1269.33358905371,0,1000,-2550,-250,5
18,200,"random",50,"steep","factor",1318,1318,-1600,-1200,0.278872058168054,21.1315325647593,-1539.43602908403,0,1000,-2550,-250,5
19,200,"random",50,"steep","factor",1319,1319,-1600,-1200,-0.120626315427944,22.8878905251622,-1339.68684228603,0,1000,-2550,-250,5
20,200,"random",50,"steep","factor",1320,1320,-1600,-1200,0.238554268190637,24.2654607258737,-1519.27713409532,0,1000,-2550,-250,5
21,200,"random",50,"steep","factor",1321,1321,-1600,-1200,-0.133875611610711,32.0575983263552,-1333.06219419464,0,1000,-2550,-250,5
22,200,"random",50,"steep","factor",1322,1322,-1600,-1200,-0.214108552411199,28.4691668301821,-1292.9457237944,0,1000,-2550,-250,5
23,200,"random",50,"steep","factor",1323,1323,-1600,-1200,-0.176160786068067,47.161556542851,-1311.91960696597,0,1000,-2550,-250,5
24,200,"random",50,"steep","factor",1324,1324,-1600,-1200,0.14559977594763,39.7040620539337,-1472.79988797382,0,1000,-2550,-250,5
25,200,"random",50,"steep","factor",1325,1325,-1600,-1200,0.199824178079143,28.9338055765256,-1499.91208903957,0,1000,-2550,-250,5
26,200,"random",50,"steep","factor",1326,1326,-1600,-1200,0.258476593485102,38.4689009469003,-1529.23829674255,0,1000,-2550,-250,5
27,200,"random",50,"steep","factor",1327,1327,-1600,-1200,0.136120502091944,70.0011221366003,-1468.06025104597,0,1000,-2550,-250,5
28,200,"random",50,"steep","factor",1328,1328,-1600,-1200,-0.14040124299936,43.1626952951774,-1329.79937850032,0,1000,-2550,-250,5
29,200,"random",50,"steep","factor",1329,1329,-1600,-1200,0.151592272613198,36.6834827046841,-1475.7961363066,0,1000,-2550,-250,5
30,200,"random",50,"steep","factor",1330,1330,-1600,-1200,0.253406955255196,22.149899196811,-1526.7034776276,0,1000,-2550,-250,5
31,200,"random",50,"steep","factor",1331,1331,-1600,-1200,0.229331436101347,33.3247882081196,-1514.66571805067,0,1000,-2550,-250,5
32,200,"random",50,"steep","factor",1332,1332,-1600,-1200,-0.134044930897653,21.2925849389285,-1332.97753455117,0,1000,-2550,-250,5
33,200,"random",50,"steep","factor",1333,1333,-1600,-1200,-0.221898486465216,52.9957759007812,-1289.05075676739,0,1000,-2550,-250,5
34,200,"random",50,"steep","factor",1334,1334,-1600,-1200,-0.196873705787584,36.8832694040611,-1301.56314710621,0,1000,-2550,-250,5
35,200,"random",50,"steep","factor",1335,1335,-1600,-1200,-0.14504164615646,48.1398990284652,-1327.47917692177,0,1000,-2550,-250,5
36,200,"random",50,"steep","factor",1336,1336,-1600,-1200,-0.216143364133313,40.041404585354,-1291.92831793334,0,1000,-2550,-250,5
37,200,"random",50,"steep","factor",1337,1337,-1600,-1200,-0.163615273497999,28.3022276917473,-1318.192363251,0,1000,-2550,-250,5
38,200,"random",50,"steep","factor",1338,1338,-1600,-1200,0.23317298241891,34.2234894679859,-1516.58649120945,0,1000,-2550,-250,5
39,200,"random",50,"steep","factor",1339,1339,-1600,-1200,-0.136074288375676,72.3068470740691,-1331.96285581216,0,1000,-2550,-250,5
40,200,"random",50,"steep","factor",1340,1340,-1600,-1200,-0.271231336938217,43.4363070456311,-1264.38433153089,0,1000,-2550,-250,5
41,200,"random",50,"steep","factor",1341,1341,-1600,-1200,-0.100923311896622,51.0795605601743,-1349.53834405169,0,1000,-2550,-250,5
42,200,"random",50,"steep","factor",1342,1342,-1600,-1200,-0.137922280281782,61.2030667345971,-1331.03885985911,0,1000,-2550,-250,5
43,200,"random",50,"steep","factor",1343,1343,-1600,-1200,-0.155286832619458,71.5124936914072,-1322.35658369027,0,1000,-2550,-250,5
44,200,"random",50,"steep","factor",1344,1344,-1600,-1200,-0.189027561061084,40.1863322313875,-1305.48621946946,0,1000,-2550,-250,5
45,200,"random",50,"steep","factor",1345,1345,-1600,-1200,0.15228360099718,62.8647115919739,-1476.14180049859,0,1000,-2550,-250,5
46,200,"random",50,"steep","factor",1346,1346,-1600,-1200,-0.256218946445733,61.6397382272407,-1271.89052677713,0,1000,-2550,-250,5
47,200,"random",50,"steep","factor",1347,1347,-1600,-1200,0.191564824711531,67.8507304610685,-1495.78241235577,0,1000,-2550,-250,5
48,200,"random",50,"steep","factor",1348,1348,-1600,-1200,0.149380108062178,58.6344620957971,-1474.69005403109,0,1000,-2550,-250,5
49,200,"random",50,"steep","factor",1349,1349,-1600,-1200,-0.132694241730496,28.1451977370307,-1333.65287913475,0,1000,-2550,-250,5
50,200,"random",50,"steep","factor",1350,1350,-1600,-1200,-0.176664857007563,75.3995330585167,-1311.66757149622,0,1000,-2550,-250,5
51,200,"random",50,"steep","factor",1351,1351,-1600,-1200,-0.236609335895628,34.1408566990867,-1281.69533205219,0,1000,-2550,-250,5
52,200,"random",50,"steep","factor",1352,1352,-1600,-1200,0.204766557784751,79.0768021252006,-1502.38327889238,0,1000,-2550,-250,5
53,200,"random",50,"steep","factor",1353,1353,-1600,-1200,-0.115783477667719,43.0638182861731,-1342.10826116614,0,1000,-2550,-250,5
54,200,"random",50,"steep","factor",1354,1354,-1600,-1200,0.274620840419084,25.6280750827864,-1537.31042020954,0,1000,-2550,-250,5
55,200,"random",50,"steep","factor",1355,1355,-1600,-1200,-0.289711035694927,24.0644322056323,-1255.14448215254,0,1000,-2550,-250,5
56,200,"random",50,"steep","factor",1356,1356,-1600,-1200,0.13596426085569,75.5373344244435,-1467.98213042784,0,1000,-2550,-250,5
57,200,"random",50,"steep","factor",1357,1357,-1600,-1200,-0.125932588102296,60.9687414811924,-1337.03370594885,0,1000,-2550,-250,5
58,200,"random",50,"steep","factor",1358,1358,-1600,-1200,0.161810968490317,48.4917203895748,-1480.90548424516,0,1000,-2550,-250,5
59,200,"random",50,"steep","factor",1359,1359,-1600,-1200,-0.233894068794325,57.6861540647224,-1283.05296560284,0,1000,-2550,-250,5
60,200,"random",50,"steep","factor",1360,1360,-1600,-1200,0.122974685765803,72.363209547475,-1461.4873428829,0,1000,-2550,-250,5
61,200,"random",50,"steep","factor",1361,1361,-1600,-1200,0.294265215611085,50.3472120407969,-1547.13260780554,0,1000,-2550,-250,5
62,200,"random",50,"steep","factor",1362,1362,-1600,-1200,0.207390120066702,67.3520093457773,-1503.69506003335,0,1000,-2550,-250,5
63,200,"random",50,"steep","factor",1363,1363,-1600,-1200,0.148345253476873,23.4577031992376,-1474.17262673844,0,1000,-2550,-250,5
64,200,"random",50,"steep","factor",1364,1364,-1600,-1200,0.251007937453687,63.2967114308849,-1525.50396872684,0,1000,-2550,-250,5
65,200,"random",50,"steep","factor",1365,1365,-1600,-1200,-0.171008690772578,38.7555740214884,-1314.49565461371,0,1000,-2550,-250,5
66,200,"random",50,"steep","factor",1366,1366,-1600,-1200,-0.129101904155687,77.4302063183859,-1335.44904792216,0,1000,-2550,-250,5
67,200,"random",50,"steep","factor",1367,1367,-1600,-1200,-0.14974526646547,63.1542167020962,-1325.12736676726,0,1000,-2550,-250,5
68,200,"random",50,"steep","factor",1368,1368,-1600,-1200,0.150057039549574,70.6560163805261,-1475.02851977479,0,1000,-2550,-250,5
69,200,"random",50,"steep","factor",1369,1369,-1600,-1200,0.20808077743277,36.2484487565234,-1504.04038871638,0,1000,-2550,-250,5
70,200,"random",50,"steep","factor",1370,1370,-1600,-1200,0.265314399404451,65.7940815296024,-1532.65719970223,0,1000,-2550,-250,5
71,200,"random",50,"steep","factor",1371,1371,-1600,-1200,0.241992818471044,47.9252926073968,-1520.99640923552,0,1000,-2550,-250,5
72,200,"random",50,"steep","factor",1372,1372,-1600,-1200,-0.29134204913862,69.6549128647894,-1254.32897543069,0,1000,-2550,-250,5
73,200,"random",50,"steep","factor",1373,1373,-1600,-1200,0.112795371515676,53.0577622260898,-1456.39768575784,0,1000,-2550,-250,5
74,200,"random",50,"steep","factor",1374,1374,-1600,-1200,-0.20490762386471,56.0472744004801,-1297.54618806764,0,1000,-2550,-250,5
75,200,"random",50,"steep","factor",1375,1375,-1600,-1200,-0.130699426261708,72.5738221174106,-1334.65028686915,0,1000,-2550,-250,5
76,200,"random",50,"steep","factor",1376,1376,-1600,-1200,-0.154015819588676,76.6424401197582,-1322.99209020566,0,1000,-2550,-250,5
77,200,"random",50,"steep","factor",1377,1377,-1600,-1200,-0.116432182816789,50.5634685652331,-1341.78390859161,0,1000,-2550,-250,5
78,200,"random",50,"steep","factor",1378,1378,-1600,-1200,0.255950783286244,67.2435185033828,-1527.97539164312,0,1000,-2550,-250,5
79,200,"random",50,"steep","factor",1379,1379,-1600,-1200,0.233523207297549,41.1634768731892,-1516.76160364877,0,1000,-2550,-250,5
80,200,"random",50,"steep","factor",1380,1380,-1600,-1200,-0.165958887105808,35.1346315257251,-1317.0205564471,0,1000,-2550,-250,5
81,200,"random",50,"steep","factor",1381,1381,-1600,-1200,0.228839292377233,58.9361065905541,-1514.41964618862,0,1000,-2550,-250,5
82,200,"random",50,"steep","factor",1382,1382,-1600,-1200,-0.137251453241333,38.677471014671,-1331.37427337933,0,1000,-2550,-250,5
83,200,"random",50,"steep","factor",1383,1383,-1600,-1200,-0.147801818605512,30.5211611790583,-1326.09909069724,0,1000,-2550,-250,5
84,200,"random",50,"steep","factor",1384,1384,-1600,-1200,-0.285794275160879,40.7438400620595,-1257.10286241956,0,1000,-2550,-250,5
85,200,"random",50,"steep","factor",1385,1385,-1600,-1200,-0.130822699842975,20.2371299220249,-1334.58865007851,0,1000,-2550,-250,5
86,200,"random",50,"steep","factor",1386,1386,-1600,-1200,-0.105176709918305,47.9075019899756,-1347.41164504085,0,1000,-2550,-250,5
87,200,"random",50,"steep","factor",1387,1387,-1600,-1200,-0.110085009178147,48.3543243724853,-1344.95749541093,0,1000,-2550,-250,5
88,200,"random",50,"steep","factor",1388,1388,-1600,-1200,0.218913972796872,27.476315703243,-1509.45698639844,0,1000,-2550,-250,5
89,200,"random",50,"steep","factor",1389,1389,-1600,-1200,0.25052102166228,32.3577584838495,-1525.26051083114,0,1000,-2550,-250,5
90,200,"random",50,"steep","factor",1390,1390,-1600,-1200,-0.21052500763908,47.6766057312489,-1294.73749618046,0,1000,-2550,-250,5
91,200,"random",50,"steep","factor",1391,1391,-1600,-1200,-0.145212520519271,32.8032667655498,-1327.39373974036,0,1000,-2550,-250,5
92,200,"random",50,"steep","factor",1392,1392,-1600,-1200,0.253381175780669,38.6222087359056,-1526.69058789033,0,1000,-2550,-250,5
93,200,"random",50,"steep","factor",1393,1393,-1600,-1200,-0.252615492185578,75.1188680063933,-1273.69225390721,0,1000,-2550,-250,5
94,200,"random",50,"steep","factor",1394,1394,-1600,-1200,0.165907236607745,26.022817180492,-1482.95361830387,0,1000,-2550,-250,5
95,200,"random",50,"steep","factor",1395,1395,-1600,-1200,0.295395726850256,62.7928300527856,-1547.69786342513,0,1000,-2550,-250,5
96,200,"random",50,"steep","factor",1396,1396,-1600,-1200,-0.289153487887233,74.872605050914,-1255.42325605638,0,1000,-2550,-250,5
97,200,"random",50,"steep","factor",1397,1397,-1600,-1200,-0.282174145709723,68.5855921404436,-1258.91292714514,0,1000,-2550,-250,5
98,200,"random",50,"steep","factor",1398,1398,-1600,-1200,-0.297465321468189,77.4077097792179,-1251.26733926591,0,1000,-2550,-250,5
99,200,"random",50,"steep","factor",1399,1399,-1600,-1200,0.140828971099108,76.6044755466282,-1470.41448554955,0,1000,-2550,-250,5
100,200,"random",50,"steep","factor",1400,1400,-1600,-1200,0.19821934052743,35.9698400367051,-1499.10967026372,0,1000,-2550,-250,5
