"rep","N","slope_condition","prop_coarse_samples","coarse_frac","precision_trend","sweep","dataset_id","seed","period_start","period_end","slope","sigma","intercept","x_min","x_max","fine_frac","grid_step"
1,50,"random",0.5,0.25,0,"core",1,1,100,900,-0.479469388350844,44.7888368461281,739.734694175422,0,1000,0.0625,5
2,50,"random",0.5,0.25,0,"core",2,2,100,900,0.422612202353776,154.992232201621,288.693898823112,0,1000,0.0625,5
3,50,"random",0.5,0.25,0,"core",3,3,100,900,0.256055983062834,77.9336913488805,371.972008468583,0,1000,0.0625,5
4,50,"random",0.5,0.25,0,"core",4,4,100,900,0.31428932249546,84.4316175300628,342.85533875227,0,1000,0.0625,5
5,50,"random",0.5,0.25,0,"core",5,5,100,900,-0.422147603984922,58.8079433701933,711.073801992461,0,1000,0.0625,5
6,50,"random",0.5,0.25,0,"core",6,6,100,900,-0.210052460152656,129.97415099293,605.026230076328,0,1000,0.0625,5
7,50,"random",0.5,0.25,0,"core",7,7,100,900,-0.386492221988738,102.490171315148,693.246110994369,0,1000,0.0625,5
8,50,"random",0.5,0.25,0,"core",8,8,100,900,0.544404274038971,149.274702724069,227.797862980515,0,1000,0.0625,5
9,50,"random",0.5,0.25,0,"core",9,9,100,900,-0.301000471506268,118.359931400046,650.500235753134,0,1000,0.0625,5
10,50,"random",0.5,0.25,0,"core",10,10,100,900,-0.432322534918785,106.277459803969,716.161267459393,0,1000,0.0625,5
11,50,"random",0.5,0.25,0,"core",11,11,100,900,0.202373302727938,104.780677063391,398.813348636031,0,1000,0.0625,5
12,50,"random",0.5,0.25,0,"core",12,12,100,900,-0.476746375951916,114.559749560431,738.373187975958,0,1000,0.0625,5
13,50,"random",0.5,0.25,0,"core",13,13,100,900,0.292450018785894,99.7190828062594,353.774990607053,0,1000,0.0625,5
14,50,"random",0.5,0.25,0,"core",14,14,100,900,-0.539412984903902,109.98639781028,769.706492451951,0,1000,0.0625,5
15,50,"random",0.5,0.25,0,"core",15,15,100,900,0.261534096300602,130.536579824984,369.232951849699,0,1000,0.0625,5
16,50,"random",0.5,0.25,0,"core",16,16,100,900,-0.342723725922406,77.8291722852737,671.361862961203,0,1000,0.0625,5
17,50,"random",0.5,0.25,0,"core",17,17,100,900,-0.418081801664084,77.7878996264189,709.040900832042,0,1000,0.0625,5
18,50,"random",0.5,0.25,0,"core",18,18,100,900,-0.200479045510292,116.49847753346,600.239522755146,0,1000,0.0625,5
19,50,"random",0.5,0.25,0,"core",19,19,100,900,-0.327129795961082,40.4207798372954,663.564897980541,0,1000,0.0625,5
20,50,"random",0.5,0.25,0,"core",20,20,100,900,-0.206915741506964,156.037626154721,603.457870753482,0,1000,0.0625,5
21,50,"random",0.5,0.25,0,"core",21,21,100,900,-0.336623210366815,144.399322085083,668.311605183408,0,1000,0.0625,5
22,50,"random",0.5,0.25,0,"core",22,22,100,900,0.33737551998347,128.491285145283,331.312240008265,0,1000,0.0625,5
23,50,"random",0.5,0.25,0,"core",23,23,100,900,0.293025077320635,94.5088812615723,353.487461339682,0,1000,0.0625,5
24,50,"random",0.5,0.25,0,"core",24,24,100,900,0.224547531083226,61.7493933346123,387.726234458387,0,1000,0.0625,5
25,50,"random",0.5,0.25,0,"core",25,25,100,900,-0.364950500708073,132.338412180543,682.475250354037,0,1000,0.0625,5
26,50,"random",0.5,0.25,0,"core",26,26,100,900,0.2742048708722,114.617283446714,362.8975645639,0,1000,0.0625,5
27,50,"random",0.5,0.25,0,"core",27,27,100,900,-0.364268825482577,124.6581246797,682.134412741289,0,1000,0.0625,5
28,50,"random",0.5,0.25,0,"core",28,28,100,900,0.256032342277467,134.344183504581,371.983828861266,0,1000,0.0625,5
29,50,"random",0.5,0.25,0,"core",29,29,100,900,0.202173806726933,93.2453928980976,398.913096636534,0,1000,0.0625,5
30,50,"random",0.5,0.25,0,"core",30,30,100,900,0.440695526264608,101.097380276769,279.652236867696,0,1000,0.0625,5
31,50,"random",0.5,0.25,0,"core",31,31,100,900,0.564404050912708,129.601856805384,217.797974543646,0,1000,0.0625,5
32,50,"random",0.5,0.25,0,"core",32,32,100,900,0.270145113579929,73.1147926673293,364.927443210036,0,1000,0.0625,5
33,50,"random",0.5,0.25,0,"core",33,33,100,900,0.49247496528551,51.908004572615,253.762517357245,0,1000,0.0625,5
34,50,"random",0.5,0.25,0,"core",34,34,100,900,0.206462883856148,113.931495323777,396.768558071926,0,1000,0.0625,5
35,50,"random",0.5,0.25,0,"core",35,35,100,900,-0.434446286503226,122.266743285581,717.223143251613,0,1000,0.0625,5
36,50,"random",0.5,0.25,0,"core",36,36,100,900,0.370327371358871,75.8334810379893,314.836314320564,0,1000,0.0625,5
37,50,"random",0.5,0.25,0,"core",37,37,100,900,-0.284196391049773,147.764665093273,642.098195524886,0,1000,0.0625,5
38,50,"random",0.5,0.25,0,"core",38,38,100,900,-0.390880043338984,71.3082122430205,695.440021669492,0,1000,0.0625,5
39,50,"random",0.5,0.25,0,"core",39,39,100,900,0.50192930996418,152.452624421567,249.03534501791,0,1000,0.0625,5
40,50,"random",0.5,0.25,0,"core",40,40,100,900,-0.378731711953878,148.962759664282,689.365855976939,0,1000,0.0625,5
41,50,"random",0.5,0.25,0,"core",41,41,100,900,-0.348480720818043,78.1920361053199,674.240360409021,0,1000,0.0625,5
42,50,"random",0.5,0.25,0,"core",42,42,100,900,-0.549911361839622,138.404175760224,774.955680919811,0,1000,0.0625,5
43,50,"random",0.5,0.25,0,"core",43,43,100,900,-0.373838922940195,86.1434102244675,686.919461470097,0,1000,0.0625,5
44,50,"random",0.5,0.25,0,"core",44,44,100,900,0.376054710615426,133.146835146472,311.972644692287,0,1000,0.0625,5
45,50,"random",0.5,0.25,0,"core",45,45,100,900,0.232782733347267,142.868149708957,383.608633326367,0,1000,0.0625,5
46,50,"random",0.5,0.25,0,"core",46,46,100,900,-0.213847721368074,61.7253053095192,606.923860684037,0,1000,0.0625,5
47,50,"random",0.5,0.25,0,"core",47,47,100,900,0.571460792701691,75.2563440054655,214.269603649154,0,1000,0.0625,5
48,50,"random",0.5,0.25,0,"core",48,48,100,900,-0.317826518882066,145.072214258835,658.913259441033,0,1000,0.0625,5
49,50,"random",0.5,0.25,0,"core",49,49,100,900,-0.407689714990556,124.847101699561,703.844857495278,0,1000,0.0625,5
50,50,"random",0.5,0.25,0,"core",50,50,100,900,0.294558569975197,119.275984512642,352.720715012401,0,1000,0.0625,5
51,50,"random",0.5,0.25,0,"core",51,51,100,900,0.588723923452198,88.7416745349765,205.638038273901,0,1000,0.0625,5
52,50,"random",0.5,0.25,0,"core",52,52,100,900,-0.453004600480199,79.8837570752949,726.502300240099,0,1000,0.0625,5
53,50,"random",0.5,0.25,0,"core",53,53,100,900,0.58330766633153,69.6466896496713,208.346166834235,0,1000,0.0625,5
54,50,"random",0.5,0.25,0,"core",54,54,100,900,0.55454159155488,150.367509862408,222.72920422256,0,1000,0.0625,5
55,50,"random",0.5,0.25,0,"core",55,55,100,900,-0.409273505490273,102.782649891451,704.636752745137,0,1000,0.0625,5
56,50,"random",0.5,0.25,0,"core",56,56,100,900,-0.486366253718734,139.000539090484,743.183126859367,0,1000,0.0625,5
57,50,"random",0.5,0.25,0,"core",57,57,100,900,-0.496257093176246,92.7378692757338,748.128546588123,0,1000,0.0625,5
58,50,"random",0.5,0.25,0,"core",58,58,100,900,0.218358529545367,137.923985663801,390.820735227317,0,1000,0.0625,5
59,50,"random",0.5,0.25,0,"core",59,59,100,900,0.583117165509611,80.6043144781142,208.441417245194,0,1000,0.0625,5
60,50,"random",0.5,0.25,0,"core",60,60,100,900,0.280454673245549,59.4766036886722,359.772663377225,0,1000,0.0625,5
61,50,"random",0.5,0.25,0,"core",61,61,100,900,0.31936567928642,73.451292803511,340.31716035679,0,1000,0.0625,5
62,50,"random",0.5,0.25,0,"core",62,62,100,900,0.558229067269713,52.5345939956606,220.885466365144,0,1000,0.0625,5
63,50,"random",0.5,0.25,0,"core",63,63,100,900,0.426430308818817,131.025199266151,286.784845590591,0,1000,0.0625,5
64,50,"random",0.5,0.25,0,"core",64,64,100,900,0.38220319384709,98.1103289593011,308.898403076455,0,1000,0.0625,5
65,50,"random",0.5,0.25,0,"core",65,65,100,900,0.359787322115153,155.504001677036,320.106338942423,0,1000,0.0625,5
66,50,"random",0.5,0.25,0,"core",66,66,100,900,0.233202012162656,75.2099768538028,383.398993918672,0,1000,0.0625,5
67,50,"random",0.5,0.25,0,"core",67,67,100,900,-0.452140284143388,81.6134019102901,726.070142071694,0,1000,0.0625,5
68,50,"random",0.5,0.25,0,"core",68,68,100,900,0.386037995945662,66.516494564712,306.981002027169,0,1000,0.0625,5
69,50,"random",0.5,0.25,0,"core",69,69,100,900,0.428951383661479,54.1558322124183,285.524308169261,0,1000,0.0625,5
70,50,"random",0.5,0.25,0,"core",70,70,100,900,-0.464892677310854,43.1944554764777,732.446338655427,0,1000,0.0625,5
71,50,"random",0.5,0.25,0,"core",71,71,100,900,-0.551163306459785,62.0109655149281,775.581653229892,0,1000,0.0625,5
72,50,"random",0.5,0.25,0,"core",72,72,100,900,0.351574794854969,156.544067366049,324.212602572516,0,1000,0.0625,5
73,50,"random",0.5,0.25,0,"core",73,73,100,900,0.489429725054651,109.393963385373,255.285137472674,0,1000,0.0625,5
74,50,"random",0.5,0.25,0,"core",74,74,100,900,-0.543143177405,123.717130459845,771.5715887025,0,1000,0.0625,5
75,50,"random",0.5,0.25,0,"core",75,75,100,900,-0.274502201192081,100.752400197089,637.25110059604,0,1000,0.0625,5
76,50,"random",0.5,0.25,0,"core",76,76,100,900,0.453079248871654,70.6129142921418,273.460375564173,0,1000,0.0625,5
77,50,"random",0.5,0.25,0,"core",77,77,100,900,0.48724632980302,56.7616022657603,256.37683509849,0,1000,0.0625,5
78,50,"random",0.5,0.25,0,"core",78,78,100,900,-0.416722641605884,153.542431481183,708.361320802942,0,1000,0.0625,5
79,50,"random",0.5,0.25,0,"core",79,79,100,900,0.281885039340705,110.75263700448,359.057480329648,0,1000,0.0625,5
80,50,"random",0.5,0.25,0,"core",80,80,100,900,0.559995595458895,90.3174102213234,220.002202270553,0,1000,0.0625,5
81,50,"random",0.5,0.25,0,"core",81,81,100,900,-0.249433731660247,95.2237652614713,624.716865830123,0,1000,0.0625,5
82,50,"random",0.5,0.25,0,"core",82,82,100,900,0.580618778523058,106.573952585459,209.690610738471,0,1000,0.0625,5
83,50,"random",0.5,0.25,0,"core",83,83,100,900,-0.512686050403863,114.758544946089,756.343025201932,0,1000,0.0625,5
84,50,"random",0.5,0.25,0,"core",84,84,100,900,-0.584854385908693,119.772047447041,792.427192954347,0,1000,0.0625,5
85,50,"random",0.5,0.25,0,"core",85,85,100,900,-0.245700771082193,94.6397423837334,622.850385541096,0,1000,0.0625,5
86,50,"random",0.5,0.25,0,"core",86,86,100,900,0.591020855680108,116.299023190513,204.489572159946,0,1000,0.0625,5
87,50,"random",0.5,0.25,0,"core",87,87,100,900,-0.448187800683081,48.6003679223359,724.093900341541,0,1000,0.0625,5
88,50,"random",0.5,0.25,0,"core",88,88,100,900,0.570970906224102,127.37736265175,214.514546887949,0,1000,0.0625,5
89,50,"random",0.5,0.25,0,"core",89,89,100,900,0.280894685164094,149.940310437232,359.552657417953,0,1000,0.0625,5
90,50,"random",0.5,0.25,0,"core",90,90,100,900,-0.286211672704667,111.068607736379,643.105836352333,0,1000,0.0625,5
91,50,"random",0.5,0.25,0,"core",91,91,100,900,-0.568770089093596,149.721397953108,784.385044546798,0,1000,0.0625,5
92,50,"random",0.5,0.25,0,"core",92,92,100,900,0.488846220355481,101.108717527241,255.57688982226,0,1000,0.0625,5
93,50,"random",0.5,0.25,0,"core",93,93,100,900,0.504680555313826,101.984962914139,247.659722343087,0,1000,0.0625,5
94,50,"random",0.5,0.25,0,"core",94,94,100,900,0.314110980276018,72.8118667192757,342.944509861991,0,1000,0.0625,5
95,50,"random",0.5,0.25,0,"core",95,95,100,900,-0.337463552318513,152.777119772509,668.731776159257,0,1000,0.0625,5
96,50,"random",0.5,0.25,0,"core",96,96,100,900,-0.336557366605848,44.5670039672405,668.278683302924,0,1000,0.0625,5
97,50,"random",0.5,0.25,0,"core",97,97,100,900,-0.515183918736875,138.505755290389,757.591959368438,0,1000,0.0625,5
98,50,"random",0.5,0.25,0,"core",98,98,100,900,0.345799996424466,73.1466268002987,327.100001787767,0,1000,0.0625,5
99,50,"random",0.5,0.25,0,"core",99,99,100,900,0.466049022041261,59.0521967504174,266.975488979369,0,1000,0.0625,5
100,50,"random",0.5,0.25,0,"core",100,100,100,900,-0.34912470402196,124.389032758772,674.56235201098,0,1000,0.0625,5
1,100,"random",0.5,0.25,0,"core",101,101,100,900,0.248408347740769,135.95536455512,375.795826129615,0,1000,0.0625,5
2,100,"random",0.5,0.25,0,"core",102,102,100,900,-0.532338608056307,129.43656922318,766.169304028153,0,1000,0.0625,5
3,100,"random",0.5,0.25,0,"core",103,103,100,900,-0.367326912935823,55.8824776113033,683.663456467912,0,1000,0.0625,5
4,100,"random",0.5,0.25,0,"core",104,104,100,900,0.232812534179538,112.957511497661,383.593732910231,0,1000,0.0625,5
5,100,"random",0.5,0.25,0,"core",105,105,100,900,-0.27041103830561,84.1463352646679,635.205519152805,0,1000,0.0625,5
6,100,"random",0.5,0.25,0,"core",106,106,100,900,-0.272384454868734,64.9438291974366,636.192227434367,0,1000,0.0625,5
7,100,"random",0.5,0.25,0,"core",107,107,100,900,-0.469371021073312,122.428219337016,734.685510536656,0,1000,0.0625,5
8,100,"random",0.5,0.25,0,"core",108,108,100,900,0.442798191960901,144.695618785918,278.600904019549,0,1000,0.0625,5
9,100,"random",0.5,0.25,0,"core",109,109,100,900,-0.303810522519052,149.157773666084,651.905261259526,0,1000,0.0625,5
10,100,"random",0.5,0.25,0,"core",110,110,100,900,0.436145181395113,152.993977628648,281.927409302443,0,1000,0.0625,5
11,100,"random",0.5,0.25,0,"core",111,111,100,900,-0.363397286273539,66.5882244054228,681.69864313677,0,1000,0.0625,5
12,100,"random",0.5,0.25,0,"core",112,112,100,900,-0.546571560110897,70.7341368123889,773.285780055448,0,1000,0.0625,5
13,100,"random",0.5,0.25,0,"core",113,113,100,900,0.243264362029731,111.169330915436,378.367818985134,0,1000,0.0625,5
14,100,"random",0.5,0.25,0,"core",114,114,100,900,-0.328755974583328,150.786461690441,664.377987291664,0,1000,0.0625,5
15,100,"random",0.5,0.25,0,"core",115,115,100,900,0.26731493100524,146.069562137127,366.34253449738,0,1000,0.0625,5
16,100,"random",0.5,0.25,0,"core",116,116,100,900,0.220631966553628,124.455691240728,389.684016723186,0,1000,0.0625,5
17,100,"random",0.5,0.25,0,"core",117,117,100,900,-0.421312573179603,101.800005631521,710.656286589801,0,1000,0.0625,5
18,100,"random",0.5,0.25,0,"core",118,118,100,900,0.25676846280694,42.2983461804688,371.61576859653,0,1000,0.0625,5
19,100,"random",0.5,0.25,0,"core",119,119,100,900,-0.263553829863667,44.3307946436107,631.776914931834,0,1000,0.0625,5
20,100,"random",0.5,0.25,0,"core",120,120,100,900,0.51152360541746,105.116351051256,244.23819729127,0,1000,0.0625,5
21,100,"random",0.5,0.25,0,"core",121,121,100,900,-0.377499623224139,138.876570463181,688.74981161207,0,1000,0.0625,5
22,100,"random",0.5,0.25,0,"core",122,122,100,900,0.252608999889344,47.4389373883605,373.695500055328,0,1000,0.0625,5
23,100,"random",0.5,0.25,0,"core",123,123,100,900,0.426577903330326,127.894694190472,286.711048334837,0,1000,0.0625,5
24,100,"random",0.5,0.25,0,"core",124,124,100,900,0.509552455041558,98.7447031028569,245.223772479221,0,1000,0.0625,5
25,100,"random",0.5,0.25,0,"core",125,125,100,900,0.368485622294247,139.017412588,315.757188852876,0,1000,0.0625,5
26,100,"random",0.5,0.25,0,"core",126,126,100,900,0.224332232959569,75.3942123986781,387.833883520216,0,1000,0.0625,5
27,100,"random",0.5,0.25,0,"core",127,127,100,900,-0.354178573191166,97.5119558162987,677.089286595583,0,1000,0.0625,5
28,100,"random",0.5,0.25,0,"core",128,128,100,900,-0.384962046053261,64.1844859626144,692.48102302663,0,1000,0.0625,5
29,100,"random",0.5,0.25,0,"core",129,129,100,900,0.216569532547146,146.669740518555,391.715233726427,0,1000,0.0625,5
30,100,"random",0.5,0.25,0,"core",130,130,100,900,-0.364290261268616,143.283504331484,682.145130634308,0,1000,0.0625,5
31,100,"random",0.5,0.25,0,"core",131,131,100,900,-0.357012409064919,108.109262073413,678.506204532459,0,1000,0.0625,5
32,100,"random",0.5,0.25,0,"core",132,132,100,900,0.456942751351744,107.50715023838,271.528624324128,0,1000,0.0625,5
33,100,"random",0.5,0.25,0,"core",133,133,100,900,-0.214374355226755,102.300924956799,607.187177613378,0,1000,0.0625,5
34,100,"random",0.5,0.25,0,"core",134,134,100,900,0.237217906583101,40.9104041568935,381.39104670845,0,1000,0.0625,5
35,100,"random",0.5,0.25,0,"core",135,135,100,900,-0.550196658819914,96.0347479768098,775.098329409957,0,1000,0.0625,5
36,100,"random",0.5,0.25,0,"core",136,136,100,900,-0.201679190061986,80.6254345551133,600.839595030993,0,1000,0.0625,5
37,100,"random",0.5,0.25,0,"core",137,137,100,900,0.263141348864883,158.747479664162,368.429325567558,0,1000,0.0625,5
38,100,"random",0.5,0.25,0,"core",138,138,100,900,0.403295155614614,124.968933779746,298.352422192693,0,1000,0.0625,5
39,100,"random",0.5,0.25,0,"core",139,139,100,900,-0.423564600851387,135.599833391607,711.782300425693,0,1000,0.0625,5
40,100,"random",0.5,0.25,0,"core",140,140,100,900,-0.334576526749879,121.862185504287,667.28826337494,0,1000,0.0625,5
41,100,"random",0.5,0.25,0,"core",141,141,100,900,-0.479317114595324,40.9326330479235,739.658557297662,0,1000,0.0625,5
42,100,"random",0.5,0.25,0,"core",142,142,100,900,0.313891942705959,84.7536083683372,343.05402864702,0,1000,0.0625,5
43,100,"random",0.5,0.25,0,"core",143,143,100,900,-0.400867501273751,78.9806502591819,700.433750636876,0,1000,0.0625,5
44,100,"random",0.5,0.25,0,"core",144,144,100,900,-0.456608872767538,130.613136747852,728.304436383769,0,1000,0.0625,5
45,100,"random",0.5,0.25,0,"core",145,145,100,900,-0.564405296929181,133.298646779731,782.20264846459,0,1000,0.0625,5
46,100,"random",0.5,0.25,0,"core",146,146,100,900,-0.22988711912185,142.933675684035,614.943559560925,0,1000,0.0625,5
47,100,"random",0.5,0.25,0,"core",147,147,100,900,0.279395297821611,71.842232150957,360.302351089194,0,1000,0.0625,5
48,100,"random",0.5,0.25,0,"core",148,148,100,900,0.455128554627299,98.2928060088307,272.43572268635,0,1000,0.0625,5
49,100,"random",0.5,0.25,0,"core",149,149,100,900,-0.468504426255822,64.4372510258108,734.252213127911,0,1000,0.0625,5
50,100,"random",0.5,0.25,0,"core",150,150,100,900,-0.222414777427912,110.015416182578,611.207388713956,0,1000,0.0625,5
51,100,"random",0.5,0.25,0,"core",151,151,100,900,0.265699032787234,66.2038345169276,367.150483606383,0,1000,0.0625,5
52,100,"random",0.5,0.25,0,"core",152,152,100,900,0.219405043777078,121.220614770427,390.297478111461,0,1000,0.0625,5
53,100,"random",0.5,0.25,0,"core",153,153,100,900,-0.593274180125445,116.653663385659,796.637090062723,0,1000,0.0625,5
54,100,"random",0.5,0.25,0,"core",154,154,100,900,0.414187322277576,147.428251262754,292.906338861212,0,1000,0.0625,5
55,100,"random",0.5,0.25,0,"core",155,155,100,900,-0.501671525090933,75.8297159988433,750.835762545466,0,1000,0.0625,5
56,100,"random",0.5,0.25,0,"core",156,156,100,900,0.495580552518368,103.101281877607,252.209723740816,0,1000,0.0625,5
57,100,"random",0.5,0.25,0,"core",157,157,100,900,-0.346264293324202,99.5350088085979,673.132146662101,0,1000,0.0625,5
58,100,"random",0.5,0.25,0,"core",158,158,100,900,0.478853132296354,135.516636492684,260.573433851823,0,1000,0.0625,5
59,100,"random",0.5,0.25,0,"core",159,159,100,900,-0.513529159221798,93.6228328198195,756.764579610899,0,1000,0.0625,5
60,100,"random",0.5,0.25,0,"core",160,160,100,900,0.210758208949119,144.873591177166,394.620895525441,0,1000,0.0625,5
61,100,"random",0.5,0.25,0,"core",161,161,100,900,-0.24957080623135,92.7760514151305,624.785403115675,0,1000,0.0625,5
62,100,"random",0.5,0.25,0,"core",162,162,100,900,-0.4021569092758,136.45195116289,701.0784546379,0,1000,0.0625,5
63,100,"random",0.5,0.25,0,"core",163,163,100,900,0.573735969047993,75.8625272382051,213.132015476003,0,1000,0.0625,5
64,100,"random",0.5,0.25,0,"core",164,164,100,900,0.245126232225448,144.656279748306,377.436883887276,0,1000,0.0625,5
65,100,"random",0.5,0.25,0,"core",165,165,100,900,-0.2495774615556,65.8499438595027,624.7887307778,0,1000,0.0625,5
66,100,"random",0.5,0.25,0,"core",166,166,100,900,0.351425002887845,104.439358366653,324.287498556077,0,1000,0.0625,5
67,100,"random",0.5,0.25,0,"core",167,167,100,900,-0.223903035186231,152.450394835323,611.951517593116,0,1000,0.0625,5
68,100,"random",0.5,0.25,0,"core",168,168,100,900,-0.379352470859885,89.8931867908687,689.676235429943,0,1000,0.0625,5
69,100,"random",0.5,0.25,0,"core",169,169,100,900,-0.391188192181289,137.480558343232,695.594096090645,0,1000,0.0625,5
70,100,"random",0.5,0.25,0,"core",170,170,100,900,0.239417515974492,105.111065311357,380.291242012754,0,1000,0.0625,5
71,100,"random",0.5,0.25,0,"core",171,171,100,900,0.520845234766602,106.441839430481,239.577382616699,0,1000,0.0625,5
72,100,"random",0.5,0.25,0,"core",172,172,100,900,-0.490705390460789,126.547358911484,745.352695230395,0,1000,0.0625,5
73,100,"random",0.5,0.25,0,"core",173,173,100,900,0.398229255527258,106.632499061525,300.885372236371,0,1000,0.0625,5
74,100,"random",0.5,0.25,0,"core",174,174,100,900,-0.513602358475328,52.8201266564429,756.801179237664,0,1000,0.0625,5
75,100,"random",0.5,0.25,0,"core",175,175,100,900,-0.289413403254002,110.855257958174,644.706701627001,0,1000,0.0625,5
76,100,"random",0.5,0.25,0,"core",176,176,100,900,-0.42835353249684,62.1123929973692,714.17676624842,0,1000,0.0625,5
77,100,"random",0.5,0.25,0,"core",177,177,100,900,-0.552064976748079,156.11553773284,776.03248837404,0,1000,0.0625,5
78,100,"random",0.5,0.25,0,"core",178,178,100,900,-0.576047339010984,132.32203964144,788.023669505492,0,1000,0.0625,5
79,100,"random",0.5,0.25,0,"core",179,179,100,900,-0.59684820137918,83.0601862911135,798.42410068959,0,1000,0.0625,5
80,100,"random",0.5,0.25,0,"core",180,180,100,900,-0.409955111704767,143.558108946308,704.977555852383,0,1000,0.0625,5
81,100,"random",0.5,0.25,0,"core",181,181,100,900,0.21003397507593,54.9328233487904,394.983012462035,0,1000,0.0625,5
82,100,"random",0.5,0.25,0,"core",182,182,100,900,-0.308326298836619,156.789673445746,654.163149418309,0,1000,0.0625,5
83,100,"random",0.5,0.25,0,"core",183,183,100,900,-0.57188159134239,103.580343769863,785.940795671195,0,1000,0.0625,5
84,100,"random",0.5,0.25,0,"core",184,184,100,900,0.451883905287832,65.6328020524234,274.058047356084,0,1000,0.0625,5
85,100,"random",0.5,0.25,0,"core",185,185,100,900,0.326973936520517,125.628685029224,336.513031739742,0,1000,0.0625,5
86,100,"random",0.5,0.25,0,"core",186,186,100,900,-0.304873017780483,152.162540555,652.436508890241,0,1000,0.0625,5
87,100,"random",0.5,0.25,0,"core",187,187,100,900,0.534698315896094,106.286251526326,232.650842051953,0,1000,0.0625,5
88,100,"random",0.5,0.25,0,"core",188,188,100,900,0.257232885528356,101.900154510513,371.383557235822,0,1000,0.0625,5
89,100,"random",0.5,0.25,0,"core",189,189,100,900,0.213619678933173,80.7104076351971,393.190160533413,0,1000,0.0625,5
90,100,"random",0.5,0.25,0,"core",190,190,100,900,-0.36448931787163,44.7908041067421,682.244658935815,0,1000,0.0625,5
91,100,"random",0.5,0.25,0,"core",191,191,100,900,-0.358878530934453,136.68980518356,679.439265467227,0,1000,0.0625,5
92,100,"random",0.5,0.25,0,"core",192,192,100,900,0.239980003330857,71.9246285222471,380.009998334572,0,1000,0.0625,5
93,100,"random",0.5,0.25,0,"core",193,193,100,900,-0.267527334205806,152.326722592115,633.763667102903,0,1000,0.0625,5
94,100,"random",0.5,0.25,0,"core",194,194,100,900,0.565724409557879,81.0895432997495,217.137795221061,0,1000,0.0625,5
95,100,"random",0.5,0.25,0,"core",195,195,100,900,-0.324784932192415,102.564482865855,662.392466096207,0,1000,0.0625,5
96,100,"random",0.5,0.25,0,"core",196,196,100,900,-0.32174867214635,92.8540873806924,660.874336073175,0,1000,0.0625,5
97,100,"random",0.5,0.25,0,"core",197,197,100,900,-0.256269545014948,156.251394804567,628.134772507474,0,1000,0.0625,5
98,100,"random",0.5,0.25,0,"core",198,198,100,900,-0.42065079882741,123.935871254653,710.325399413705,0,1000,0.0625,5
99,100,"random",0.5,0.25,0,"core",199,199,100,900,-0.457637942675501,49.5540377311409,728.818971337751,0,1000,0.0625,5
100,100,"random",0.5,0.25,0,"core",200,200,100,900,-0.277338993083686,78.4709555562586,638.669496541843,0,1000,0.0625,5
1,200,"random",0.5,0.25,0,"core",201,201,100,900,0.555223314557225,65.481769349426,222.388342721388,0,1000,0.0625,5
2,200,"random",0.5,0.25,0,"core",202,202,100,900,0.452165239769965,84.2286240123212,273.917380115017,0,1000,0.0625,5
3,200,"random",0.5,0.25,0,"core",203,203,100,900,-0.32428337726742,144.457851853222,662.14168863371,0,1000,0.0625,5
4,200,"random",0.5,0.25,0,"core",204,204,100,900,-0.585286107566208,106.116956416518,792.643053783104,0,1000,0.0625,5
5,200,"random",0.5,0.25,0,"core",205,205,100,900,0.36396271949634,74.0745513420552,318.01864025183,0,1000,0.0625,5
6,200,"random",0.5,0.25,0,"core",206,206,100,900,-0.499251980520785,157.097371434793,749.625990260392,0,1000,0.0625,5
7,200,"random",0.5,0.25,0,"core",207,207,100,900,0.253257826995105,145.120438924059,373.371086502448,0,1000,0.0625,5
8,200,"random",0.5,0.25,0,"core",208,208,100,900,-0.587728665955365,85.8365490287542,793.864332977682,0,1000,0.0625,5
9,200,"random",0.5,0.25,0,"core",209,209,100,900,0.536133749037981,70.4657452553511,231.933125481009,0,1000,0.0625,5
10,200,"random",0.5,0.25,0,"core",210,210,100,900,0.429861766751856,55.8158171735704,285.069116624072,0,1000,0.0625,5
11,200,"random",0.5,0.25,0,"core",211,211,100,900,-0.485153478570282,146.819699220359,742.576739285141,0,1000,0.0625,5
12,200,"random",0.5,0.25,0,"core",212,212,100,900,0.259008318558335,85.2582307625562,370.495840720832,0,1000,0.0625,5
13,200,"random",0.5,0.25,0,"core",213,213,100,900,0.223550435807556,82.2338267229498,388.224782096222,0,1000,0.0625,5
14,200,"random",0.5,0.25,0,"core",214,214,100,900,0.22956841122359,158.316276902333,385.215794388205,0,1000,0.0625,5
15,200,"random",0.5,0.25,0,"core",215,215,100,900,-0.572282789181918,98.4377317409962,786.141394590959,0,1000,0.0625,5
16,200,"random",0.5,0.25,0,"core",216,216,100,900,-0.422256696876138,53.5842565447092,711.128348438069,0,1000,0.0625,5
17,200,"random",0.5,0.25,0,"core",217,217,100,900,-0.248464198131114,116.743890661746,624.232099065557,0,1000,0.0625,5
18,200,"random",0.5,0.25,0,"core",218,218,100,900,-0.256673102919012,69.3800372537225,628.336551459506,0,1000,0.0625,5
19,200,"random",0.5,0.25,0,"core",219,219,100,900,0.258558668289334,52.8042769245803,370.720665855333,0,1000,0.0625,5
20,200,"random",0.5,0.25,0,"core",220,220,100,900,-0.338784086797386,114.08424070105,669.392043398693,0,1000,0.0625,5
21,200,"random",0.5,0.25,0,"core",221,221,100,900,0.228212520107627,97.9846343584359,385.893739946187,0,1000,0.0625,5
22,200,"random",0.5,0.25,0,"core",222,222,100,900,-0.45154035706073,111.381754409522,725.770178530365,0,1000,0.0625,5
23,200,"random",0.5,0.25,0,"core",223,223,100,900,0.246539659332484,101.040692264214,376.730170333758,0,1000,0.0625,5
24,200,"random",0.5,0.25,0,"core",224,224,100,900,-0.497300407849252,127.789984578267,748.650203924626,0,1000,0.0625,5
25,200,"random",0.5,0.25,0,"core",225,225,100,900,-0.3455711257644,147.134532779455,672.7855628822,0,1000,0.0625,5
26,200,"random",0.5,0.25,0,"core",226,226,100,900,-0.547209920920432,120.626615388319,773.604960460216,0,1000,0.0625,5
27,200,"random",0.5,0.25,0,"core",227,227,100,900,-0.481168714817613,57.6663069520146,740.584357408807,0,1000,0.0625,5
28,200,"random",0.5,0.25,0,"core",228,228,100,900,-0.252557406481355,96.305304216221,626.278703240678,0,1000,0.0625,5
29,200,"random",0.5,0.25,0,"core",229,229,100,900,-0.295418264064938,147.985555622727,647.709132032469,0,1000,0.0625,5
30,200,"random",0.5,0.25,0,"core",230,230,100,900,-0.273628097400069,157.441253261641,636.814048700035,0,1000,0.0625,5
31,200,"random",0.5,0.25,0,"core",231,231,100,900,0.368454250600189,95.5214572418481,315.772874699906,0,1000,0.0625,5
32,200,"random",0.5,0.25,0,"core",232,232,100,900,0.281358118541539,64.7967234160751,359.320940729231,0,1000,0.0625,5
33,200,"random",0.5,0.25,0,"core",233,233,100,900,-0.355684816092253,82.7622854616493,677.842408046126,0,1000,0.0625,5
34,200,"random",0.5,0.25,0,"core",234,234,100,900,0.398619334865361,122.792594218627,300.690332567319,0,1000,0.0625,5
35,200,"random",0.5,0.25,0,"core",235,235,100,900,0.551674317196012,138.757346579805,224.162841401994,0,1000,0.0625,5
36,200,"random",0.5,0.25,0,"core",236,236,100,900,-0.488703096937388,44.4609023444355,744.351548468694,0,1000,0.0625,5
37,200,"random",0.5,0.25,0,"core",237,237,100,900,0.595581028144807,114.292719643563,202.209485927597,0,1000,0.0625,5
38,200,"random",0.5,0.25,0,"core",238,238,100,900,0.228690467681736,115.31623987481,385.654766159132,0,1000,0.0625,5
39,200,"random",0.5,0.25,0,"core",239,239,100,900,0.257026856765151,137.376881493255,371.486571617424,0,1000,0.0625,5
40,200,"random",0.5,0.25,0,"core",240,240,100,900,-0.556969423685223,45.4359800368547,778.484711842611,0,1000,0.0625,5
41,200,"random",0.5,0.25,0,"core",241,241,100,900,0.588675254955888,153.664395129308,205.662372522056,0,1000,0.0625,5
42,200,"random",0.5,0.25,0,"core",242,242,100,900,-0.416240649670362,44.3027700297534,708.120324835181,0,1000,0.0625,5
43,200,"random",0.5,0.25,0,"core",243,243,100,900,0.593395303282887,97.4134585354477,203.302348358557,0,1000,0.0625,5
44,200,"random",0.5,0.25,0,"core",244,244,100,900,-0.527758153434843,60.7586269825697,763.879076717421,0,1000,0.0625,5
45,200,"random",0.5,0.25,0,"core",245,245,100,900,-0.436607942357659,44.7821321338415,718.30397117883,0,1000,0.0625,5
46,200,"random",0.5,0.25,0,"core",246,246,100,900,0.408531450107694,73.868530811742,295.734274946153,0,1000,0.0625,5
47,200,"random",0.5,0.25,0,"core",247,247,100,900,-0.526050425134599,76.5711155068129,763.0252125673,0,1000,0.0625,5
48,200,"random",0.5,0.25,0,"core",248,248,100,900,-0.326744168810546,138.378225276247,663.372084405273,0,1000,0.0625,5
49,200,"random",0.5,0.25,0,"core",249,249,100,900,0.216414246335626,89.7390524763614,391.792876832187,0,1000,0.0625,5
50,200,"random",0.5,0.25,0,"core",250,250,100,900,-0.230378327611834,137.545087151229,615.189163805917,0,1000,0.0625,5
51,200,"random",0.5,0.25,0,"core",251,251,100,900,0.472164333797991,103.938321415335,263.917833101004,0,1000,0.0625,5
52,200,"random",0.5,0.25,0,"core",252,252,100,900,-0.347249079588801,62.5141570903361,673.6245397944,0,1000,0.0625,5
53,200,"random",0.5,0.25,0,"core",253,253,100,900,0.317267970088869,47.232384076342,341.366014955565,0,1000,0.0625,5
54,200,"random",0.5,0.25,0,"core",254,254,100,900,-0.481163187325001,51.2850153166801,740.5815936625,0,1000,0.0625,5
55,200,"random",0.5,0.25,0,"core",255,255,100,900,-0.373723602574319,68.7196777295321,686.861801287159,0,1000,0.0625,5
56,200,"random",0.5,0.25,0,"core",256,256,100,900,0.267922928743064,112.576340679079,366.038535628468,0,1000,0.0625,5
57,200,"random",0.5,0.25,0,"core",257,257,100,900,0.483833150286227,78.3649123553187,258.083424856886,0,1000,0.0625,5
58,200,"random",0.5,0.25,0,"core",258,258,100,900,-0.562404929287732,48.0417310912162,781.202464643866,0,1000,0.0625,5
59,200,"random",0.5,0.25,0,"core",259,259,100,900,-0.539710122160614,89.575199149549,769.855061080307,0,1000,0.0625,5
60,200,"random",0.5,0.25,0,"core",260,260,100,900,-0.458536309190094,42.271591424942,729.268154595047,0,1000,0.0625,5
61,200,"random",0.5,0.25,0,"core",261,261,100,900,0.392633547820151,71.5464958921075,303.683226089925,0,1000,0.0625,5
62,200,"random",0.5,0.25,0,"core",262,262,100,900,-0.435913592483848,68.3636231161654,717.956796241924,0,1000,0.0625,5
63,200,"random",0.5,0.25,0,"core",263,263,100,900,-0.598335543461144,76.5403777547181,799.167771730572,0,1000,0.0625,5
64,200,"random",0.5,0.25,0,"core",264,264,100,900,-0.30229721525684,104.445166327059,651.14860762842,0,1000,0.0625,5
65,200,"random",0.5,0.25,0,"core",265,265,100,900,-0.488828517775983,155.362827153876,744.414258887991,0,1000,0.0625,5
66,200,"random",0.5,0.25,0,"core",266,266,100,900,0.282071408815682,159.664321877062,358.964295592159,0,1000,0.0625,5
67,200,"random",0.5,0.25,0,"core",267,267,100,900,-0.367924350406975,91.3856108020991,683.962175203487,0,1000,0.0625,5
68,200,"random",0.5,0.25,0,"core",268,268,100,900,0.437639726139605,151.622731350362,281.180136930197,0,1000,0.0625,5
69,200,"random",0.5,0.25,0,"core",269,269,100,900,0.468238492123783,51.7004432249814,265.880753938109,0,1000,0.0625,5
70,200,"random",0.5,0.25,0,"core",270,270,100,900,0.499492488615215,133.641432784498,250.253755692393,0,1000,0.0625,5
71,200,"random",0.5,0.25,0,"core",271,271,100,900,-0.38402794841677,57.0394288282841,692.013974208385,0,1000,0.0625,5
72,200,"random",0.5,0.25,0,"core",272,272,100,900,-0.390888844337314,99.8698779940605,695.444422168657,0,1000,0.0625,5
73,200,"random",0.5,0.25,0,"core",273,273,100,900,-0.254843291640282,101.205263389274,627.421645820141,0,1000,0.0625,5
74,200,"random",0.5,0.25,0,"core",274,274,100,900,-0.290998715627938,43.7286099418998,645.499357813969,0,1000,0.0625,5
75,200,"random",0.5,0.25,0,"core",275,275,100,900,0.47704192250967,156.274035135284,261.479038745165,0,1000,0.0625,5
76,200,"random",0.5,0.25,0,"core",276,276,100,900,-0.435636090952903,79.1372902039438,717.818045476452,0,1000,0.0625,5
77,200,"random",0.5,0.25,0,"core",277,277,100,900,0.531500296667218,127.441906100139,234.249851666391,0,1000,0.0625,5
78,200,"random",0.5,0.25,0,"core",278,278,100,900,-0.482464869692922,103.237010091543,741.232434846461,0,1000,0.0625,5
79,200,"random",0.5,0.25,0,"core",279,279,100,900,-0.459626693092287,51.9915392342955,729.813346546143,0,1000,0.0625,5
80,200,"random",0.5,0.25,0,"core",280,280,100,900,0.211106192227453,144.359082160518,394.446903886274,0,1000,0.0625,5
81,200,"random",0.5,0.25,0,"core",281,281,100,900,-0.45795861678198,97.4845318216831,728.97930839099,0,1000,0.0625,5
82,200,"random",0.5,0.25,0,"core",282,282,100,900,-0.504732058569789,62.3366077058017,752.366029284894,0,1000,0.0625,5
83,200,"random",0.5,0.25,0,"core",283,283,100,900,0.424985138699412,66.34426956065,287.507430650294,0,1000,0.0625,5
84,200,"random",0.5,0.25,0,"core",284,284,100,900,-0.460250241216272,139.041119823232,730.125120608136,0,1000,0.0625,5
85,200,"random",0.5,0.25,0,"core",285,285,100,900,-0.520705710910261,55.0968812499195,760.35285545513,0,1000,0.0625,5
86,200,"random",0.5,0.25,0,"core",286,286,100,900,0.413593735452741,72.8412248939276,293.203132273629,0,1000,0.0625,5
87,200,"random",0.5,0.25,0,"core",287,287,100,900,0.239870909135789,104.225127454847,380.064545432106,0,1000,0.0625,5
88,200,"random",0.5,0.25,0,"core",288,288,100,900,-0.228380849771202,145.148689374328,614.190424885601,0,1000,0.0625,5
89,200,"random",0.5,0.25,0,"core",289,289,100,900,0.550649927742779,159.119811123237,224.67503612861,0,1000,0.0625,5
90,200,"random",0.5,0.25,0,"core",290,290,100,900,-0.506766960117966,155.555563345552,753.383480058983,0,1000,0.0625,5
91,200,"random",0.5,0.25,0,"core",291,291,100,900,0.272658811416477,150.597267160192,363.670594291762,0,1000,0.0625,5
92,200,"random",0.5,0.25,0,"core",292,292,100,900,0.553424549009651,51.3417488429695,223.287725495175,0,1000,0.0625,5
93,200,"random",0.5,0.25,0,"core",293,293,100,900,0.452473580464721,49.7769445274025,273.76320976764,0,1000,0.0625,5
94,200,"random",0.5,0.25,0,"core",294,294,100,900,-0.548042081575841,129.52040610835,774.02104078792,0,1000,0.0625,5
95,200,"random",0.5,0.25,0,"core",295,295,100,900,-0.512432969361544,118.611375084147,756.216484680772,0,1000,0.0625,5
96,200,"random",0.5,0.25,0,"core",296,296,100,900,0.458217603433877,89.7230556700379,270.891198283061,0,1000,0.0625,5
97,200,"random",0.5,0.25,0,"core",297,297,100,900,-0.437490386608988,127.457776451483,718.745193304494,0,1000,0.0625,5
98,200,"random",0.5,0.25,0,"core",298,298,100,900,-0.402705426234752,131.891160532832,701.352713117376,0,1000,0.0625,5
99,200,"random",0.5,0.25,0,"core",299,299,100,900,-0.223758116085082,138.091509733349,611.879058042541,0,1000,0.0625,5
100,200,"random",0.5,0.25,0,"core",300,300,100,900,-0.373648866266012,157.566062677652,686.824433133006,0,1000,0.0625,5
1,500,"random",0.5,0.25,0,"core",301,301,100,900,-0.403881604596972,120.364185487852,701.940802298486,0,1000,0.0625,5
2,500,"random",0.5,0.25,0,"core",302,302,100,900,-0.401965177524835,150.122029902414,700.982588762417,0,1000,0.0625,5
3,500,"random",0.5,0.25,0,"core",303,303,100,900,0.452419940382242,152.226126147434,273.790029808879,0,1000,0.0625,5
4,500,"random",0.5,0.25,0,"core",304,304,100,900,-0.33718087291345,105.305959032848,668.590436456725,0,1000,0.0625,5
5,500,"random",0.5,0.25,0,"core",305,305,100,900,-0.535507582407445,52.2513445653021,767.753791203722,0,1000,0.0625,5
6,500,"random",0.5,0.25,0,"core",306,306,100,900,0.243009753990918,156.83407898061,378.495123004541,0,1000,0.0625,5
7,500,"random",0.5,0.25,0,"core",307,307,100,900,0.4766378053464,134.560033241287,261.6810973268,0,1000,0.0625,5
8,500,"random",0.5,0.25,0,"core",308,308,100,900,-0.31209708545357,60.5324149504304,656.048542726785,0,1000,0.0625,5
9,500,"random",0.5,0.25,0,"core",309,309,100,900,0.48719965852797,83.8528423383832,256.400170736015,0,1000,0.0625,5
10,500,"random",0.5,0.25,0,"core",310,310,100,900,-0.529688218794763,130.339497253299,764.844109397382,0,1000,0.0625,5
11,500,"random",0.5,0.25,0,"core",311,311,100,900,0.549366613384336,76.6971168853343,225.316693307832,0,1000,0.0625,5
12,500,"random",0.5,0.25,0,"core",312,312,100,900,-0.497545479610562,92.8090246208012,748.772739805281,0,1000,0.0625,5
13,500,"random",0.5,0.25,0,"core",313,313,100,900,0.295857644453645,143.141204705462,352.071177773178,0,1000,0.0625,5
14,500,"random",0.5,0.25,0,"core",314,314,100,900,-0.512130610272288,124.659914411604,756.065305136144,0,1000,0.0625,5
15,500,"random",0.5,0.25,0,"core",315,315,100,900,-0.307241299096495,157.930132541806,653.620649548247,0,1000,0.0625,5
16,500,"random",0.5,0.25,0,"core",316,316,100,900,0.535249014850706,65.9877328202128,232.375492574647,0,1000,0.0625,5
17,500,"random",0.5,0.25,0,"core",317,317,100,900,-0.398673260211945,118.679960649461,699.336630105972,0,1000,0.0625,5
18,500,"random",0.5,0.25,0,"core",318,318,100,900,0.377957259211689,158.129807105288,311.021370394155,0,1000,0.0625,5
19,500,"random",0.5,0.25,0,"core",319,319,100,900,0.453065959177911,133.72535075061,273.467020411044,0,1000,0.0625,5
20,500,"random",0.5,0.25,0,"core",320,320,100,900,0.444123412854969,43.7816291116178,277.938293572515,0,1000,0.0625,5
21,500,"random",0.5,0.25,0,"core",321,321,100,900,-0.56801990121603,80.1479565352202,784.009950608015,0,1000,0.0625,5
22,500,"random",0.5,0.25,0,"core",322,322,100,900,0.377079635299742,118.901580348611,311.460182350129,0,1000,0.0625,5
23,500,"random",0.5,0.25,0,"core",323,323,100,900,0.277378136664629,111.981581617147,361.310931667686,0,1000,0.0625,5
24,500,"random",0.5,0.25,0,"core",324,324,100,900,0.579013513866812,58.5494154971093,210.493243066594,0,1000,0.0625,5
25,500,"random",0.5,0.25,0,"core",325,325,100,900,-0.276428665686399,50.0196756143123,638.214332843199,0,1000,0.0625,5
26,500,"random",0.5,0.25,0,"core",326,326,100,900,0.47276928210631,91.3710905518383,263.615358946845,0,1000,0.0625,5
27,500,"random",0.5,0.25,0,"core",327,327,100,900,0.512251471728086,108.954217340797,243.874264135957,0,1000,0.0625,5
28,500,"random",0.5,0.25,0,"core",328,328,100,900,0.455688021704555,150.749064097181,272.155989147723,0,1000,0.0625,5
29,500,"random",0.5,0.25,0,"core",329,329,100,900,0.337552961241454,151.750661069527,331.223519379273,0,1000,0.0625,5
30,500,"random",0.5,0.25,0,"core",330,330,100,900,-0.499493098352104,96.2574753165245,749.746549176052,0,1000,0.0625,5
31,500,"random",0.5,0.25,0,"core",331,331,100,900,-0.365931971091777,150.472333552316,682.965985545889,0,1000,0.0625,5
32,500,"random",0.5,0.25,0,"core",332,332,100,900,0.481584310252219,120.8681906946,259.20784487389,0,1000,0.0625,5
33,500,"random",0.5,0.25,0,"core",333,333,100,900,0.490998233668506,94.1168368794024,254.500883165747,0,1000,0.0625,5
34,500,"random",0.5,0.25,0,"core",334,334,100,900,-0.543993201386183,45.5864604562521,771.996600693092,0,1000,0.0625,5
35,500,"random",0.5,0.25,0,"core",335,335,100,900,0.307768050581217,106.967061972246,346.115974709392,0,1000,0.0625,5
36,500,"random",0.5,0.25,0,"core",336,336,100,900,0.536727404594421,41.5813507232815,231.636297702789,0,1000,0.0625,5
37,500,"random",0.5,0.25,0,"core",337,337,100,900,0.293761224299669,49.7624354530126,353.119387850165,0,1000,0.0625,5
38,500,"random",0.5,0.25,0,"core",338,338,100,900,0.416401270590723,63.4718167688698,291.799364704639,0,1000,0.0625,5
39,500,"random",0.5,0.25,0,"core",339,339,100,900,0.359444610681385,42.2272585332394,320.277694659308,0,1000,0.0625,5
40,500,"random",0.5,0.25,0,"core",340,340,100,900,0.443580084480345,135.137932887301,278.209957759827,0,1000,0.0625,5
41,500,"random",0.5,0.25,0,"core",341,341,100,900,0.339000894036144,127.186430357397,330.499552981928,0,1000,0.0625,5
42,500,"random",0.5,0.25,0,"core",342,342,100,900,-0.41829527458176,43.0608357023448,709.14763729088,0,1000,0.0625,5
43,500,"random",0.5,0.25,0,"core",343,343,100,900,-0.298454112932086,65.8319844584912,649.227056466043,0,1000,0.0625,5
44,500,"random",0.5,0.25,0,"core",344,344,100,900,-0.238406517636031,116.070649409667,619.203258818015,0,1000,0.0625,5
45,500,"random",0.5,0.25,0,"core",345,345,100,900,-0.523776634223759,104.103316692635,761.88831711188,0,1000,0.0625,5
46,500,"random",0.5,0.25,0,"core",346,346,100,900,-0.224388450104743,136.609474057332,612.194225052372,0,1000,0.0625,5
47,500,"random",0.5,0.25,0,"core",347,347,100,900,0.32609505681321,128.595727235079,336.952471593395,0,1000,0.0625,5
48,500,"random",0.5,0.25,0,"core",348,348,100,900,0.323115932568908,65.4355886112899,338.442033715546,0,1000,0.0625,5
49,500,"random",0.5,0.25,0,"core",349,349,100,900,-0.41089980462566,151.235428582877,705.44990231283,0,1000,0.0625,5
50,500,"random",0.5,0.25,0,"core",350,350,100,900,-0.317538112401962,58.1151394546032,658.769056200981,0,1000,0.0625,5
51,500,"random",0.5,0.25,0,"core",351,351,100,900,-0.421797775384039,148.189829811454,710.898887692019,0,1000,0.0625,5
52,500,"random",0.5,0.25,0,"core",352,352,100,900,0.595113974623382,157.153478665277,202.443012688309,0,1000,0.0625,5
53,500,"random",0.5,0.25,0,"core",353,353,100,900,0.212611992377788,139.838651819155,393.694003811106,0,1000,0.0625,5
54,500,"random",0.5,0.25,0,"core",354,354,100,900,-0.218696360010654,111.439544083551,609.348180005327,0,1000,0.0625,5
55,500,"random",0.5,0.25,0,"core",355,355,100,900,0.454173023439944,84.103635950014,272.913488280028,0,1000,0.0625,5
56,500,"random",0.5,0.25,0,"core",356,356,100,900,0.558773591369391,86.9162779953331,220.613204315305,0,1000,0.0625,5
57,500,"random",0.5,0.25,0,"core",357,357,100,900,0.573361660633236,143.635553065687,213.319169683382,0,1000,0.0625,5
58,500,"random",0.5,0.25,0,"core",358,358,100,900,0.219199296738952,67.3350231163204,390.400351630524,0,1000,0.0625,5
59,500,"random",0.5,0.25,0,"core",359,359,100,900,0.3978077811189,63.1422947067767,301.09610944055,0,1000,0.0625,5
60,500,"random",0.5,0.25,0,"core",360,360,100,900,-0.499220637697727,92.715055635199,749.610318848863,0,1000,0.0625,5
61,500,"random",0.5,0.25,0,"core",361,361,100,900,-0.287638957798481,62.077271649614,643.81947889924,0,1000,0.0625,5
62,500,"random",0.5,0.25,0,"core",362,362,100,900,-0.305551165807992,96.1245461273939,652.775582903996,0,1000,0.0625,5
63,500,"random",0.5,0.25,0,"core",363,363,100,900,-0.562039132509381,52.9409761540592,781.01956625469,0,1000,0.0625,5
64,500,"random",0.5,0.25,0,"core",364,364,100,900,-0.265358360949904,127.927024113014,632.679180474952,0,1000,0.0625,5
65,500,"random",0.5,0.25,0,"core",365,365,100,900,-0.44110816475004,101.819329382852,720.55408237502,0,1000,0.0625,5
66,500,"random",0.5,0.25,0,"core",366,366,100,900,-0.289024847652763,111.998449387029,644.512423826382,0,1000,0.0625,5
67,500,"random",0.5,0.25,0,"core",367,367,100,900,-0.537885072547942,127.389266015962,768.942536273971,0,1000,0.0625,5
68,500,"random",0.5,0.25,0,"core",368,368,100,900,-0.572422393597662,86.2499878834933,786.211196798831,0,1000,0.0625,5
69,500,"random",0.5,0.25,0,"core",369,369,100,900,0.434139184840024,143.893642704934,282.930407579988,0,1000,0.0625,5
70,500,"random",0.5,0.25,0,"core",370,370,100,900,-0.564289254229516,88.029731605202,782.144627114758,0,1000,0.0625,5
71,500,"random",0.5,0.25,0,"core",371,371,100,900,0.492078235279769,141.982088387013,253.960882360116,0,1000,0.0625,5
72,500,"random",0.5,0.25,0,"core",372,372,100,900,0.420362306851894,74.9249984882772,289.818846574053,0,1000,0.0625,5
73,500,"random",0.5,0.25,0,"core",373,373,100,900,-0.570363913848996,107.982858447358,785.181956924498,0,1000,0.0625,5
74,500,"random",0.5,0.25,0,"core",374,374,100,900,-0.398179613333195,91.3617204781622,699.089806666598,0,1000,0.0625,5
75,500,"random",0.5,0.25,0,"core",375,375,100,900,0.497903414256871,84.8945065122098,251.048292871565,0,1000,0.0625,5
76,500,"random",0.5,0.25,0,"core",376,376,100,900,-0.252752466220409,63.3235147502273,626.376233110204,0,1000,0.0625,5
77,500,"random",0.5,0.25,0,"core",377,377,100,900,0.458502786047757,100.839027864859,270.748606976122,0,1000,0.0625,5
78,500,"random",0.5,0.25,0,"core",378,378,100,900,-0.233527124952525,98.074161298573,616.763562476262,0,1000,0.0625,5
79,500,"random",0.5,0.25,0,"core",379,379,100,900,-0.29997476702556,125.19940870814,649.98738351278,0,1000,0.0625,5
80,500,"random",0.5,0.25,0,"core",380,380,100,900,-0.278383306413889,121.046207593754,639.191653206944,0,1000,0.0625,5
81,500,"random",0.5,0.25,0,"core",381,381,100,900,0.487681883201003,144.127897955477,256.159058399498,0,1000,0.0625,5
82,500,"random",0.5,0.25,0,"core",382,382,100,900,-0.560145102161914,136.761138867587,780.072551080957,0,1000,0.0625,5
83,500,"random",0.5,0.25,0,"core",383,383,100,900,-0.335741233453155,70.6831330433488,667.870616726577,0,1000,0.0625,5
84,500,"random",0.5,0.25,0,"core",384,384,100,900,-0.411625467799604,108.29820651561,705.812733899802,0,1000,0.0625,5
85,500,"random",0.5,0.25,0,"core",385,385,100,900,-0.594155974965543,55.4181245900691,797.077987482771,0,1000,0.0625,5
86,500,"random",0.5,0.25,0,"core",386,386,100,900,-0.476004260033369,149.155742814764,738.002130016685,0,1000,0.0625,5
87,500,"random",0.5,0.25,0,"core",387,387,100,900,-0.45365888774395,43.0536430235952,726.829443871975,0,1000,0.0625,5
88,500,"random",0.5,0.25,0,"core",388,388,100,900,0.290572163462639,62.2213653940708,354.713918268681,0,1000,0.0625,5
89,500,"random",0.5,0.25,0,"core",389,389,100,900,0.28497123522684,51.4052481297404,357.51438238658,0,1000,0.0625,5
90,500,"random",0.5,0.25,0,"core",390,390,100,900,-0.406613097246736,73.6470509506762,703.306548623368,0,1000,0.0625,5
91,500,"random",0.5,0.25,0,"core",391,391,100,900,-0.579842018801719,68.2505097799003,789.921009400859,0,1000,0.0625,5
92,500,"random",0.5,0.25,0,"core",392,392,100,900,0.509190374892205,134.473178340122,245.404812553898,0,1000,0.0625,5
93,500,"random",0.5,0.25,0,"core",393,393,100,900,-0.329102511703968,74.4188987556845,664.551255851984,0,1000,0.0625,5
94,500,"random",0.5,0.25,0,"core",394,394,100,900,-0.210515646915883,93.3096910919994,605.257823457941,0,1000,0.0625,5
95,500,"random",0.5,0.25,0,"core",395,395,100,900,-0.222526500560343,111.780470004305,611.263250280172,0,1000,0.0625,5
96,500,"random",0.5,0.25,0,"core",396,396,100,900,-0.46878234744072,95.8782830741257,734.39117372036,0,1000,0.0625,5
97,500,"random",0.5,0.25,0,"core",397,397,100,900,-0.259212388005108,64.322817735374,629.606194002554,0,1000,0.0625,5
98,500,"random",0.5,0.25,0,"core",398,398,100,900,0.517825347371399,147.83242277801,241.0873263143,0,1000,0.0625,5
99,500,"random",0.5,0.25,0,"core",399,399,100,900,-0.406645043380559,86.5908306837082,703.322521690279,0,1000,0.0625,5
100,500,"random",0.5,0.25,0,"core",400,400,100,900,-0.208998105954379,114.361240193248,604.499052977189,0,1000,0.0625,5
1,50,"zero",0.5,0.25,0,"core",401,401,100,900,0,58.161310357973,500,0,1000,0.0625,5
2,50,"zero",0.5,0.25,0,"core",402,402,100,900,0,109.682324714959,500,0,1000,0.0625,5
3,50,"zero",0.5,0.25,0,"core",403,403,100,900,0,55.916238380596,500,0,1000,0.0625,5
4,50,"zero",0.5,0.25,0,"core",404,404,100,900,0,112.339439345524,500,0,1000,0.0625,5
5,50,"zero",0.5,0.25,0,"core",405,405,100,900,0,84.3018714245409,500,0,1000,0.0625,5
6,50,"zero",0.5,0.25,0,"core",406,406,100,900,0,58.5728986561298,500,0,1000,0.0625,5
7,50,"zero",0.5,0.25,0,"core",407,407,100,900,0,49.9150234181434,500,0,1000,0.0625,5
8,50,"zero",0.5,0.25,0,"core",408,408,100,900,0,138.584699099883,500,0,1000,0.0625,5
9,50,"zero",0.5,0.25,0,"core",409,409,100,900,0,68.3340161107481,500,0,1000,0.0625,5
10,50,"zero",0.5,0.25,0,"core",410,410,100,900,0,123.989498950541,500,0,1000,0.0625,5
11,50,"zero",0.5,0.25,0,"core",411,411,100,900,0,159.094535494223,500,0,1000,0.0625,5
12,50,"zero",0.5,0.25,0,"core",412,412,100,900,0,41.9126072805375,500,0,1000,0.0625,5
13,50,"zero",0.5,0.25,0,"core",413,413,100,900,0,108.832653956488,500,0,1000,0.0625,5
14,50,"zero",0.5,0.25,0,"core",414,414,100,900,0,58.2123227603734,500,0,1000,0.0625,5
15,50,"zero",0.5,0.25,0,"core",415,415,100,900,0,72.1355586126447,500,0,1000,0.0625,5
16,50,"zero",0.5,0.25,0,"core",416,416,100,900,0,90.6721515301615,500,0,1000,0.0625,5
17,50,"zero",0.5,0.25,0,"core",417,417,100,900,0,97.5226542819291,500,0,1000,0.0625,5
18,50,"zero",0.5,0.25,0,"core",418,418,100,900,0,93.4876496251673,500,0,1000,0.0625,5
19,50,"zero",0.5,0.25,0,"core",419,419,100,900,0,130.687598166987,500,0,1000,0.0625,5
20,50,"zero",0.5,0.25,0,"core",420,420,100,900,0,141.457251440734,500,0,1000,0.0625,5
21,50,"zero",0.5,0.25,0,"core",421,421,100,900,0,114.361625732854,500,0,1000,0.0625,5
22,50,"zero",0.5,0.25,0,"core",422,422,100,900,0,81.8383682239801,500,0,1000,0.0625,5
23,50,"zero",0.5,0.25,0,"core",423,423,100,900,0,90.0229639094323,500,0,1000,0.0625,5
24,50,"zero",0.5,0.25,0,"core",424,424,100,900,0,128.558807773516,500,0,1000,0.0625,5
25,50,"zero",0.5,0.25,0,"core",425,425,100,900,0,49.1722456738353,500,0,1000,0.0625,5
26,50,"zero",0.5,0.25,0,"core",426,426,100,900,0,124.086244218051,500,0,1000,0.0625,5
27,50,"zero",0.5,0.25,0,"core",427,427,100,900,0,86.591793820262,500,0,1000,0.0625,5
28,50,"zero",0.5,0.25,0,"core",428,428,100,900,0,65.7596338540316,500,0,1000,0.0625,5
29,50,"zero",0.5,0.25,0,"core",429,429,100,900,0,144.989540278912,500,0,1000,0.0625,5
30,50,"zero",0.5,0.25,0,"core",430,430,100,900,0,67.2866758797318,500,0,1000,0.0625,5
31,50,"zero",0.5,0.25,0,"core",431,431,100,900,0,104.892108626664,500,0,1000,0.0625,5
32,50,"zero",0.5,0.25,0,"core",432,432,100,900,0,122.463079253212,500,0,1000,0.0625,5
33,50,"zero",0.5,0.25,0,"core",433,433,100,900,0,117.963503170759,500,0,1000,0.0625,5
34,50,"zero",0.5,0.25,0,"core",434,434,100,900,0,134.26627907902,500,0,1000,0.0625,5
35,50,"zero",0.5,0.25,0,"core",435,435,100,900,0,103.29585946165,500,0,1000,0.0625,5
36,50,"zero",0.5,0.25,0,"core",436,436,100,900,0,113.515388229862,500,0,1000,0.0625,5
37,50,"zero",0.5,0.25,0,"core",437,437,100,900,0,126.936876988038,500,0,1000,0.0625,5
38,50,"zero",0.5,0.25,0,"core",438,438,100,900,0,111.743984054774,500,0,1000,0.0625,5
39,50,"zero",0.5,0.25,0,"core",439,439,100,900,0,156.21655148454,500,0,1000,0.0625,5
40,50,"zero",0.5,0.25,0,"core",440,440,100,900,0,77.3885438218713,500,0,1000,0.0625,5
41,50,"zero",0.5,0.25,0,"core",441,441,100,900,0,124.356064079329,500,0,1000,0.0625,5
42,50,"zero",0.5,0.25,0,"core",442,442,100,900,0,56.2088082358241,500,0,1000,0.0625,5
43,50,"zero",0.5,0.25,0,"core",443,443,100,900,0,48.2391028385609,500,0,1000,0.0625,5
44,50,"zero",0.5,0.25,0,"core",444,444,100,900,0,127.542814994231,500,0,1000,0.0625,5
45,50,"zero",0.5,0.25,0,"core",445,445,100,900,0,115.650723883882,500,0,1000,0.0625,5
46,50,"zero",0.5,0.25,0,"core",446,446,100,900,0,52.4693639855832,500,0,1000,0.0625,5
47,50,"zero",0.5,0.25,0,"core",447,447,100,900,0,80.9962058626115,500,0,1000,0.0625,5
48,50,"zero",0.5,0.25,0,"core",448,448,100,900,0,103.870966481045,500,0,1000,0.0625,5
49,50,"zero",0.5,0.25,0,"core",449,449,100,900,0,105.052703376859,500,0,1000,0.0625,5
50,50,"zero",0.5,0.25,0,"core",450,450,100,900,0,68.5115426126868,500,0,1000,0.0625,5
51,50,"zero",0.5,0.25,0,"core",451,451,100,900,0,71.2913066148758,500,0,1000,0.0625,5
52,50,"zero",0.5,0.25,0,"core",452,452,100,900,0,73.2419029716402,500,0,1000,0.0625,5
53,50,"zero",0.5,0.25,0,"core",453,453,100,900,0,147.33113322407,500,0,1000,0.0625,5
54,50,"zero",0.5,0.25,0,"core",454,454,100,900,0,101.43201935105,500,0,1000,0.0625,5
55,50,"zero",0.5,0.25,0,"core",455,455,100,900,0,99.5431029330939,500,0,1000,0.0625,5
56,50,"zero",0.5,0.25,0,"core",456,456,100,900,0,154.015840841457,500,0,1000,0.0625,5
57,50,"zero",0.5,0.25,0,"core",457,457,100,900,0,123.788972059265,500,0,1000,0.0625,5
58,50,"zero",0.5,0.25,0,"core",458,458,100,900,0,82.7206898760051,500,0,1000,0.0625,5
59,50,"zero",0.5,0.25,0,"core",459,459,100,900,0,79.6103911101818,500,0,1000,0.0625,5
60,50,"zero",0.5,0.25,0,"core",460,460,100,900,0,49.8180176410824,500,0,1000,0.0625,5
61,50,"zero",0.5,0.25,0,"core",461,461,100,900,0,159.160728277639,500,0,1000,0.0625,5
62,50,"zero",0.5,0.25,0,"core",462,462,100,900,0,63.9072434790433,500,0,1000,0.0625,5
63,50,"zero",0.5,0.25,0,"core",463,463,100,900,0,93.3962296321988,500,0,1000,0.0625,5
64,50,"zero",0.5,0.25,0,"core",464,464,100,900,0,75.7966832537204,500,0,1000,0.0625,5
65,50,"zero",0.5,0.25,0,"core",465,465,100,900,0,120.744860293344,500,0,1000,0.0625,5
66,50,"zero",0.5,0.25,0,"core",466,466,100,900,0,86.1835747677833,500,0,1000,0.0625,5
67,50,"zero",0.5,0.25,0,"core",467,467,100,900,0,84.4609367847443,500,0,1000,0.0625,5
68,50,"zero",0.5,0.25,0,"core",468,468,100,900,0,101.544825742021,500,0,1000,0.0625,5
69,50,"zero",0.5,0.25,0,"core",469,469,100,900,0,76.7110340017825,500,0,1000,0.0625,5
70,50,"zero",0.5,0.25,0,"core",470,470,100,900,0,105.961028905585,500,0,1000,0.0625,5
71,50,"zero",0.5,0.25,0,"core",471,471,100,900,0,102.651030151173,500,0,1000,0.0625,5
72,50,"zero",0.5,0.25,0,"core",472,472,100,900,0,124.146727388725,500,0,1000,0.0625,5
73,50,"zero",0.5,0.25,0,"core",473,473,100,900,0,147.266924185678,500,0,1000,0.0625,5
74,50,"zero",0.5,0.25,0,"core",474,474,100,900,0,48.3051674347371,500,0,1000,0.0625,5
75,50,"zero",0.5,0.25,0,"core",475,475,100,900,0,152.885445505381,500,0,1000,0.0625,5
76,50,"zero",0.5,0.25,0,"core",476,476,100,900,0,112.221877034754,500,0,1000,0.0625,5
77,50,"zero",0.5,0.25,0,"core",477,477,100,900,0,91.8926764652133,500,0,1000,0.0625,5
78,50,"zero",0.5,0.25,0,"core",478,478,100,900,0,98.8860507123172,500,0,1000,0.0625,5
79,50,"zero",0.5,0.25,0,"core",479,479,100,900,0,101.046349098906,500,0,1000,0.0625,5
80,50,"zero",0.5,0.25,0,"core",480,480,100,900,0,95.3230016026646,500,0,1000,0.0625,5
81,50,"zero",0.5,0.25,0,"core",481,481,100,900,0,145.185280628502,500,0,1000,0.0625,5
82,50,"zero",0.5,0.25,0,"core",482,482,100,900,0,131.639697682112,500,0,1000,0.0625,5
83,50,"zero",0.5,0.25,0,"core",483,483,100,900,0,152.505432479084,500,0,1000,0.0625,5
84,50,"zero",0.5,0.25,0,"core",484,484,100,900,0,74.0544311702251,500,0,1000,0.0625,5
85,50,"zero",0.5,0.25,0,"core",485,485,100,900,0,82.1502062585205,500,0,1000,0.0625,5
86,50,"zero",0.5,0.25,0,"core",486,486,100,900,0,153.159964177758,500,0,1000,0.0625,5
87,50,"zero",0.5,0.25,0,"core",487,487,100,900,0,92.4104191362858,500,0,1000,0.0625,5
88,50,"zero",0.5,0.25,0,"core",488,488,100,900,0,42.8941953089088,500,0,1000,0.0625,5
89,50,"zero",0.5,0.25,0,"core",489,489,100,900,0,145.709543973208,500,0,1000,0.0625,5
90,50,"zero",0.5,0.25,0,"core",490,490,100,900,0,102.011579424143,500,0,1000,0.0625,5
91,50,"zero",0.5,0.25,0,"core",491,491,100,900,0,117.557127159089,500,0,1000,0.0625,5
92,50,"zero",0.5,0.25,0,"core",492,492,100,900,0,69.2321244627237,500,0,1000,0.0625,5
93,50,"zero",0.5,0.25,0,"core",493,493,100,900,0,62.3687836527824,500,0,1000,0.0625,5
94,50,"zero",0.5,0.25,0,"core",494,494,100,900,0,92.1206307318062,500,0,1000,0.0625,5
95,50,"zero",0.5,0.25,0,"core",495,495,100,900,0,133.998874602839,500,0,1000,0.0625,5
96,50,"zero",0.5,0.25,0,"core",496,496,100,900,0,63.4449888393283,500,0,1000,0.0625,5
97,50,"zero",0.5,0.25,0,"core",497,497,100,900,0,40.3336866945028,500,0,1000,0.0625,5
98,50,"zero",0.5,0.25,0,"core",498,498,100,900,0,153.479166887701,500,0,1000,0.0625,5
99,50,"zero",0.5,0.25,0,"core",499,499,100,900,0,138.53578004986,500,0,1000,0.0625,5
100,50,"zero",0.5,0.25,0,"core",500,500,100,900,0,111.610298454762,500,0,1000,0.0625,5
1,100,"zero",0.5,0.25,0,"core",501,501,100,900,0,122.272976515815,500,0,1000,0.0625,5
2,100,"zero",0.5,0.25,0,"core",502,502,100,900,0,53.9917676337063,500,0,1000,0.0625,5
3,100,"zero",0.5,0.25,0,"core",503,503,100,900,0,123.918296778575,500,0,1000,0.0625,5
4,100,"zero",0.5,0.25,0,"core",504,504,100,900,0,66.8952672369778,500,0,1000,0.0625,5
5,100,"zero",0.5,0.25,0,"core",505,505,100,900,0,127.921378314495,500,0,1000,0.0625,5
6,100,"zero",0.5,0.25,0,"core",506,506,100,900,0,83.0480370298028,500,0,1000,0.0625,5
7,100,"zero",0.5,0.25,0,"core",507,507,100,900,0,83.4889771882445,500,0,1000,0.0625,5
8,100,"zero",0.5,0.25,0,"core",508,508,100,900,0,107.537061870098,500,0,1000,0.0625,5
9,100,"zero",0.5,0.25,0,"core",509,509,100,900,0,96.1003255844116,500,0,1000,0.0625,5
10,100,"zero",0.5,0.25,0,"core",510,510,100,900,0,86.0038227867335,500,0,1000,0.0625,5
11,100,"zero",0.5,0.25,0,"core",511,511,100,900,0,62.3002309165895,500,0,1000,0.0625,5
12,100,"zero",0.5,0.25,0,"core",512,512,100,900,0,105.846194317564,500,0,1000,0.0625,5
13,100,"zero",0.5,0.25,0,"core",513,513,100,900,0,50.2367333788425,500,0,1000,0.0625,5
14,100,"zero",0.5,0.25,0,"core",514,514,100,900,0,50.7267971616238,500,0,1000,0.0625,5
15,100,"zero",0.5,0.25,0,"core",515,515,100,900,0,128.034729110077,500,0,1000,0.0625,5
16,100,"zero",0.5,0.25,0,"core",516,516,100,900,0,137.688100747764,500,0,1000,0.0625,5
17,100,"zero",0.5,0.25,0,"core",517,517,100,900,0,57.4126335978508,500,0,1000,0.0625,5
18,100,"zero",0.5,0.25,0,"core",518,518,100,900,0,58.582827327773,500,0,1000,0.0625,5
19,100,"zero",0.5,0.25,0,"core",519,519,100,900,0,149.304174333811,500,0,1000,0.0625,5
20,100,"zero",0.5,0.25,0,"core",520,520,100,900,0,114.76251729764,500,0,1000,0.0625,5
21,100,"zero",0.5,0.25,0,"core",521,521,100,900,0,146.310539674014,500,0,1000,0.0625,5
22,100,"zero",0.5,0.25,0,"core",522,522,100,900,0,41.5523483324796,500,0,1000,0.0625,5
23,100,"zero",0.5,0.25,0,"core",523,523,100,900,0,87.5031970161945,500,0,1000,0.0625,5
24,100,"zero",0.5,0.25,0,"core",524,524,100,900,0,60.3792072553188,500,0,1000,0.0625,5
25,100,"zero",0.5,0.25,0,"core",525,525,100,900,0,108.165028607473,500,0,1000,0.0625,5
26,100,"zero",0.5,0.25,0,"core",526,526,100,900,0,98.7822112813592,500,0,1000,0.0625,5
27,100,"zero",0.5,0.25,0,"core",527,527,100,900,0,151.956772319973,500,0,1000,0.0625,5
28,100,"zero",0.5,0.25,0,"core",528,528,100,900,0,147.318120291457,500,0,1000,0.0625,5
29,100,"zero",0.5,0.25,0,"core",529,529,100,900,0,104.805600317195,500,0,1000,0.0625,5
30,100,"zero",0.5,0.25,0,"core",530,530,100,900,0,139.254317525774,500,0,1000,0.0625,5
31,100,"zero",0.5,0.25,0,"core",531,531,100,900,0,128.065665569156,500,0,1000,0.0625,5
32,100,"zero",0.5,0.25,0,"core",532,532,100,900,0,46.607447033748,500,0,1000,0.0625,5
33,100,"zero",0.5,0.25,0,"core",533,533,100,900,0,131.629105750471,500,0,1000,0.0625,5
34,100,"zero",0.5,0.25,0,"core",534,534,100,900,0,76.5629759524018,500,0,1000,0.0625,5
35,100,"zero",0.5,0.25,0,"core",535,535,100,900,0,149.863529130816,500,0,1000,0.0625,5
36,100,"zero",0.5,0.25,0,"core",536,536,100,900,0,61.4624354429543,500,0,1000,0.0625,5
37,100,"zero",0.5,0.25,0,"core",537,537,100,900,0,84.8990056104958,500,0,1000,0.0625,5
38,100,"zero",0.5,0.25,0,"core",538,538,100,900,0,67.1811054740101,500,0,1000,0.0625,5
39,100,"zero",0.5,0.25,0,"core",539,539,100,900,0,105.055464459583,500,0,1000,0.0625,5
40,100,"zero",0.5,0.25,0,"core",540,540,100,900,0,96.6628435160965,500,0,1000,0.0625,5
41,100,"zero",0.5,0.25,0,"core",541,541,100,900,0,77.5024596136063,500,0,1000,0.0625,5
42,100,"zero",0.5,0.25,0,"core",542,542,100,900,0,90.1025609765202,500,0,1000,0.0625,5
43,100,"zero",0.5,0.25,0,"core",543,543,100,900,0,49.9564961530268,500,0,1000,0.0625,5
44,100,"zero",0.5,0.25,0,"core",544,544,100,900,0,124.512991160154,500,0,1000,0.0625,5
45,100,"zero",0.5,0.25,0,"core",545,545,100,900,0,41.6085249371827,500,0,1000,0.0625,5
46,100,"zero",0.5,0.25,0,"core",546,546,100,900,0,134.08954477869,500,0,1000,0.0625,5
47,100,"zero",0.5,0.25,0,"core",547,547,100,900,0,66.5983965154737,500,0,1000,0.0625,5
48,100,"zero",0.5,0.25,0,"core",548,548,100,900,0,59.9178483337164,500,0,1000,0.0625,5
49,100,"zero",0.5,0.25,0,"core",549,549,100,900,0,102.8660176415,500,0,1000,0.0625,5
50,100,"zero",0.5,0.25,0,"core",550,550,100,900,0,95.3957459609956,500,0,1000,0.0625,5
51,100,"zero",0.5,0.25,0,"core",551,551,100,900,0,69.5821489114314,500,0,1000,0.0625,5
52,100,"zero",0.5,0.25,0,"core",552,552,100,900,0,65.2559029310942,500,0,1000,0.0625,5
53,100,"zero",0.5,0.25,0,"core",553,553,100,900,0,98.1824487820268,500,0,1000,0.0625,5
54,100,"zero",0.5,0.25,0,"core",554,554,100,900,0,119.678146969527,500,0,1000,0.0625,5
55,100,"zero",0.5,0.25,0,"core",555,555,100,900,0,108.057879470289,500,0,1000,0.0625,5
56,100,"zero",0.5,0.25,0,"core",556,556,100,900,0,40.4714022018015,500,0,1000,0.0625,5
57,100,"zero",0.5,0.25,0,"core",557,557,100,900,0,142.298941425979,500,0,1000,0.0625,5
58,100,"zero",0.5,0.25,0,"core",558,558,100,900,0,82.6215054187924,500,0,1000,0.0625,5
59,100,"zero",0.5,0.25,0,"core",559,559,100,900,0,44.1080635320395,500,0,1000,0.0625,5
60,100,"zero",0.5,0.25,0,"core",560,560,100,900,0,152.873939303681,500,0,1000,0.0625,5
61,100,"zero",0.5,0.25,0,"core",561,561,100,900,0,158.205068409443,500,0,1000,0.0625,5
62,100,"zero",0.5,0.25,0,"core",562,562,100,900,0,106.230387259275,500,0,1000,0.0625,5
63,100,"zero",0.5,0.25,0,"core",563,563,100,900,0,105.541739957407,500,0,1000,0.0625,5
64,100,"zero",0.5,0.25,0,"core",564,564,100,900,0,107.02776924707,500,0,1000,0.0625,5
65,100,"zero",0.5,0.25,0,"core",565,565,100,900,0,140.177299147472,500,0,1000,0.0625,5
66,100,"zero",0.5,0.25,0,"core",566,566,100,900,0,56.343994140625,500,0,1000,0.0625,5
67,100,"zero",0.5,0.25,0,"core",567,567,100,900,0,44.4098859746009,500,0,1000,0.0625,5
68,100,"zero",0.5,0.25,0,"core",568,568,100,900,0,87.5693731475622,500,0,1000,0.0625,5
69,100,"zero",0.5,0.25,0,"core",569,569,100,900,0,152.828316241503,500,0,1000,0.0625,5
70,100,"zero",0.5,0.25,0,"core",570,570,100,900,0,78.5513253509998,500,0,1000,0.0625,5
71,100,"zero",0.5,0.25,0,"core",571,571,100,900,0,104.62075878866,500,0,1000,0.0625,5
72,100,"zero",0.5,0.25,0,"core",572,572,100,900,0,104.560777274892,500,0,1000,0.0625,5
73,100,"zero",0.5,0.25,0,"core",573,573,100,900,0,76.8934738915414,500,0,1000,0.0625,5
74,100,"zero",0.5,0.25,0,"core",574,574,100,900,0,53.0553911998868,500,0,1000,0.0625,5
75,100,"zero",0.5,0.25,0,"core",575,575,100,900,0,72.4822840001434,500,0,1000,0.0625,5
76,100,"zero",0.5,0.25,0,"core",576,576,100,900,0,122.346339179203,500,0,1000,0.0625,5
77,100,"zero",0.5,0.25,0,"core",577,577,100,900,0,95.3483029920608,500,0,1000,0.0625,5
78,100,"zero",0.5,0.25,0,"core",578,578,100,900,0,131.516681406647,500,0,1000,0.0625,5
79,100,"zero",0.5,0.25,0,"core",579,579,100,900,0,64.7585199587047,500,0,1000,0.0625,5
80,100,"zero",0.5,0.25,0,"core",580,580,100,900,0,141.474275309593,500,0,1000,0.0625,5
81,100,"zero",0.5,0.25,0,"core",581,581,100,900,0,70.7117270678282,500,0,1000,0.0625,5
82,100,"zero",0.5,0.25,0,"core",582,582,100,900,0,123.43430054374,500,0,1000,0.0625,5
83,100,"zero",0.5,0.25,0,"core",583,583,100,900,0,44.2214939557016,500,0,1000,0.0625,5
84,100,"zero",0.5,0.25,0,"core",584,584,100,900,0,109.561747796834,500,0,1000,0.0625,5
85,100,"zero",0.5,0.25,0,"core",585,585,100,900,0,88.0868220888078,500,0,1000,0.0625,5
86,100,"zero",0.5,0.25,0,"core",586,586,100,900,0,128.089656922966,500,0,1000,0.0625,5
87,100,"zero",0.5,0.25,0,"core",587,587,100,900,0,59.9565546214581,500,0,1000,0.0625,5
88,100,"zero",0.5,0.25,0,"core",588,588,100,900,0,89.1195544786751,500,0,1000,0.0625,5
89,100,"zero",0.5,0.25,0,"core",589,589,100,900,0,53.6087538022548,500,0,1000,0.0625,5
90,100,"zero",0.5,0.25,0,"core",590,590,100,900,0,137.762834746391,500,0,1000,0.0625,5
91,100,"zero",0.5,0.25,0,"core",591,591,100,900,0,67.9466477129608,500,0,1000,0.0625,5
92,100,"zero",0.5,0.25,0,"core",592,592,100,900,0,54.5405333768576,500,0,1000,0.0625,5
93,100,"zero",0.5,0.25,0,"core",593,593,100,900,0,134.364799382165,500,0,1000,0.0625,5
94,100,"zero",0.5,0.25,0,"core",594,594,100,900,0,129.898020653054,500,0,1000,0.0625,5
95,100,"zero",0.5,0.25,0,"core",595,595,100,900,0,70.7216753251851,500,0,1000,0.0625,5
96,100,"zero",0.5,0.25,0,"core",596,596,100,900,0,40.9557792544365,500,0,1000,0.0625,5
97,100,"zero",0.5,0.25,0,"core",597,597,100,900,0,153.769997442141,500,0,1000,0.0625,5
98,100,"zero",0.5,0.25,0,"core",598,598,100,900,0,143.811287488788,500,0,1000,0.0625,5
99,100,"zero",0.5,0.25,0,"core",599,599,100,900,0,158.20380394347,500,0,1000,0.0625,5
100,100,"zero",0.5,0.25,0,"core",600,600,100,900,0,44.7890925221145,500,0,1000,0.0625,5
1,200,"zero",0.5,0.25,0,"core",601,601,100,900,0,47.0675798784942,500,0,1000,0.0625,5
2,200,"zero",0.5,0.25,0,"core",602,602,100,900,0,52.2434825915843,500,0,1000,0.0625,5
3,200,"zero",0.5,0.25,0,"core",603,603,100,900,0,73.9584448561072,500,0,1000,0.0625,5
4,200,"zero",0.5,0.25,0,"core",604,604,100,900,0,61.4178774971515,500,0,1000,0.0625,5
5,200,"zero",0.5,0.25,0,"core",605,605,100,900,0,95.4849855136126,500,0,1000,0.0625,5
6,200,"zero",0.5,0.25,0,"core",606,606,100,900,0,105.996288275346,500,0,1000,0.0625,5
7,200,"zero",0.5,0.25,0,"core",607,607,100,900,0,67.7496562805027,500,0,1000,0.0625,5
8,200,"zero",0.5,0.25,0,"core",608,608,100,900,0,57.479851404205,500,0,1000,0.0625,5
9,200,"zero",0.5,0.25,0,"core",609,609,100,900,0,149.49861805886,500,0,1000,0.0625,5
10,200,"zero",0.5,0.25,0,"core",610,610,100,900,0,153.040515966713,500,0,1000,0.0625,5
11,200,"zero",0.5,0.25,0,"core",611,611,100,900,0,107.360489647836,500,0,1000,0.0625,5
12,200,"zero",0.5,0.25,0,"core",612,612,100,900,0,94.7394351195544,500,0,1000,0.0625,5
13,200,"zero",0.5,0.25,0,"core",613,613,100,900,0,64.434125861153,500,0,1000,0.0625,5
14,200,"zero",0.5,0.25,0,"core",614,614,100,900,0,67.5755641795695,500,0,1000,0.0625,5
15,200,"zero",0.5,0.25,0,"core",615,615,100,900,0,76.5163087006658,500,0,1000,0.0625,5
16,200,"zero",0.5,0.25,0,"core",616,616,100,900,0,103.021042086184,500,0,1000,0.0625,5
17,200,"zero",0.5,0.25,0,"core",617,617,100,900,0,56.6401733551174,500,0,1000,0.0625,5
18,200,"zero",0.5,0.25,0,"core",618,618,100,900,0,117.536938423291,500,0,1000,0.0625,5
19,200,"zero",0.5,0.25,0,"core",619,619,100,900,0,77.7784687560052,500,0,1000,0.0625,5
20,200,"zero",0.5,0.25,0,"core",620,620,100,900,0,126.907631605864,500,0,1000,0.0625,5
21,200,"zero",0.5,0.25,0,"core",621,621,100,900,0,143.460278166458,500,0,1000,0.0625,5
22,200,"zero",0.5,0.25,0,"core",622,622,100,900,0,115.50875838846,500,0,1000,0.0625,5
23,200,"zero",0.5,0.25,0,"core",623,623,100,900,0,60.3727956581861,500,0,1000,0.0625,5
24,200,"zero",0.5,0.25,0,"core",624,624,100,900,0,45.2322201337665,500,0,1000,0.0625,5
25,200,"zero",0.5,0.25,0,"core",625,625,100,900,0,127.741559725255,500,0,1000,0.0625,5
26,200,"zero",0.5,0.25,0,"core",626,626,100,900,0,99.3688233848661,500,0,1000,0.0625,5
27,200,"zero",0.5,0.25,0,"core",627,627,100,900,0,87.9760658275336,500,0,1000,0.0625,5
28,200,"zero",0.5,0.25,0,"core",628,628,100,900,0,142.214871915057,500,0,1000,0.0625,5
29,200,"zero",0.5,0.25,0,"core",629,629,100,900,0,45.9889128711075,500,0,1000,0.0625,5
30,200,"zero",0.5,0.25,0,"core",630,630,100,900,0,80.0659745093435,500,0,1000,0.0625,5
31,200,"zero",0.5,0.25,0,"core",631,631,100,900,0,65.936052184552,500,0,1000,0.0625,5
32,200,"zero",0.5,0.25,0,"core",632,632,100,900,0,149.106497820467,500,0,1000,0.0625,5
33,200,"zero",0.5,0.25,0,"core",633,633,100,900,0,45.8083333726972,500,0,1000,0.0625,5
34,200,"zero",0.5,0.25,0,"core",634,634,100,900,0,125.610746107996,500,0,1000,0.0625,5
35,200,"zero",0.5,0.25,0,"core",635,635,100,900,0,156.467693615705,500,0,1000,0.0625,5
36,200,"zero",0.5,0.25,0,"core",636,636,100,900,0,74.5149728283286,500,0,1000,0.0625,5
37,200,"zero",0.5,0.25,0,"core",637,637,100,900,0,111.845725551248,500,0,1000,0.0625,5
38,200,"zero",0.5,0.25,0,"core",638,638,100,900,0,94.6544683817774,500,0,1000,0.0625,5
39,200,"zero",0.5,0.25,0,"core",639,639,100,900,0,106.828112704679,500,0,1000,0.0625,5
40,200,"zero",0.5,0.25,0,"core",640,640,100,900,0,57.486515911296,500,0,1000,0.0625,5
41,200,"zero",0.5,0.25,0,"core",641,641,100,900,0,100.691635673866,500,0,1000,0.0625,5
42,200,"zero",0.5,0.25,0,"core",642,642,100,900,0,149.121454348788,500,0,1000,0.0625,5
43,200,"zero",0.5,0.25,0,"core",643,643,100,900,0,111.500451490283,500,0,1000,0.0625,5
44,200,"zero",0.5,0.25,0,"core",644,644,100,900,0,108.18264731206,500,0,1000,0.0625,5
45,200,"zero",0.5,0.25,0,"core",645,645,100,900,0,86.2395391426981,500,0,1000,0.0625,5
46,200,"zero",0.5,0.25,0,"core",646,646,100,900,0,106.412088787183,500,0,1000,0.0625,5
47,200,"zero",0.5,0.25,0,"core",647,647,100,900,0,81.6180702112615,500,0,1000,0.0625,5
48,200,"zero",0.5,0.25,0,"core",648,648,100,900,0,74.2831794824451,500,0,1000,0.0625,5
49,200,"zero",0.5,0.25,0,"core",649,649,100,900,0,62.5444086641073,500,0,1000,0.0625,5
50,200,"zero",0.5,0.25,0,"core",650,650,100,900,0,89.906149962917,500,0,1000,0.0625,5
51,200,"zero",0.5,0.25,0,"core",651,651,100,900,0,91.4990900084376,500,0,1000,0.0625,5
52,200,"zero",0.5,0.25,0,"core",652,652,100,900,0,153.441911507398,500,0,1000,0.0625,5
53,200,"zero",0.5,0.25,0,"core",653,653,100,900,0,95.0872321613133,500,0,1000,0.0625,5
54,200,"zero",0.5,0.25,0,"core",654,654,100,900,0,41.8035382404923,500,0,1000,0.0625,5
55,200,"zero",0.5,0.25,0,"core",655,655,100,900,0,60.237372322008,500,0,1000,0.0625,5
56,200,"zero",0.5,0.25,0,"core",656,656,100,900,0,109.589877016842,500,0,1000,0.0625,5
57,200,"zero",0.5,0.25,0,"core",657,657,100,900,0,106.913095172495,500,0,1000,0.0625,5
58,200,"zero",0.5,0.25,0,"core",658,658,100,900,0,118.126775799319,500,0,1000,0.0625,5
59,200,"zero",0.5,0.25,0,"core",659,659,100,900,0,51.0376668628305,500,0,1000,0.0625,5
60,200,"zero",0.5,0.25,0,"core",660,660,100,900,0,42.5141965877265,500,0,1000,0.0625,5
61,200,"zero",0.5,0.25,0,"core",661,661,100,900,0,111.538692358881,500,0,1000,0.0625,5
62,200,"zero",0.5,0.25,0,"core",662,662,100,900,0,107.534262565896,500,0,1000,0.0625,5
63,200,"zero",0.5,0.25,0,"core",663,663,100,900,0,96.8554345052689,500,0,1000,0.0625,5
64,200,"zero",0.5,0.25,0,"core",664,664,100,900,0,53.6110533773899,500,0,1000,0.0625,5
65,200,"zero",0.5,0.25,0,"core",665,665,100,900,0,138.166231215,500,0,1000,0.0625,5
66,200,"zero",0.5,0.25,0,"core",666,666,100,900,0,58.8239275477827,500,0,1000,0.0625,5
67,200,"zero",0.5,0.25,0,"core",667,667,100,900,0,100.26849088259,500,0,1000,0.0625,5
68,200,"zero",0.5,0.25,0,"core",668,668,100,900,0,145.789429210126,500,0,1000,0.0625,5
69,200,"zero",0.5,0.25,0,"core",669,669,100,900,0,124.302316326648,500,0,1000,0.0625,5
70,200,"zero",0.5,0.25,0,"core",670,670,100,900,0,54.0995040629059,500,0,1000,0.0625,5
71,200,"zero",0.5,0.25,0,"core",671,671,100,900,0,151.014044107869,500,0,1000,0.0625,5
72,200,"zero",0.5,0.25,0,"core",672,672,100,900,0,112.974675288424,500,0,1000,0.0625,5
73,200,"zero",0.5,0.25,0,"core",673,673,100,900,0,115.337086645886,500,0,1000,0.0625,5
74,200,"zero",0.5,0.25,0,"core",674,674,100,900,0,61.0670054424554,500,0,1000,0.0625,5
75,200,"zero",0.5,0.25,0,"core",675,675,100,900,0,136.747855143622,500,0,1000,0.0625,5
76,200,"zero",0.5,0.25,0,"core",676,676,100,900,0,58.4537588153034,500,0,1000,0.0625,5
77,200,"zero",0.5,0.25,0,"core",677,677,100,900,0,83.9831628836692,500,0,1000,0.0625,5
78,200,"zero",0.5,0.25,0,"core",678,678,100,900,0,91.8766274675727,500,0,1000,0.0625,5
79,200,"zero",0.5,0.25,0,"core",679,679,100,900,0,75.2512677852064,500,0,1000,0.0625,5
80,200,"zero",0.5,0.25,0,"core",680,680,100,900,0,50.1547024026513,500,0,1000,0.0625,5
81,200,"zero",0.5,0.25,0,"core",681,681,100,900,0,86.4526199735701,500,0,1000,0.0625,5
82,200,"zero",0.5,0.25,0,"core",682,682,100,900,0,141.836713021621,500,0,1000,0.0625,5
83,200,"zero",0.5,0.25,0,"core",683,683,100,900,0,61.0767799988389,500,0,1000,0.0625,5
84,200,"zero",0.5,0.25,0,"core",684,684,100,900,0,111.915639312938,500,0,1000,0.0625,5
85,200,"zero",0.5,0.25,0,"core",685,685,100,900,0,108.381274361163,500,0,1000,0.0625,5
86,200,"zero",0.5,0.25,0,"core",686,686,100,900,0,151.807761248201,500,0,1000,0.0625,5
87,200,"zero",0.5,0.25,0,"core",687,687,100,900,0,111.90550243482,500,0,1000,0.0625,5
88,200,"zero",0.5,0.25,0,"core",688,688,100,900,0,80.9712766297162,500,0,1000,0.0625,5
89,200,"zero",0.5,0.25,0,"core",689,689,100,900,0,59.0255640912801,500,0,1000,0.0625,5
90,200,"zero",0.5,0.25,0,"core",690,690,100,900,0,103.048597564921,500,0,1000,0.0625,5
91,200,"zero",0.5,0.25,0,"core",691,691,100,900,0,97.4712685216218,500,0,1000,0.0625,5
92,200,"zero",0.5,0.25,0,"core",692,692,100,900,0,61.6589618474245,500,0,1000,0.0625,5
93,200,"zero",0.5,0.25,0,"core",693,693,100,900,0,118.581760730594,500,0,1000,0.0625,5
94,200,"zero",0.5,0.25,0,"core",694,694,100,900,0,107.207544278353,500,0,1000,0.0625,5
95,200,"zero",0.5,0.25,0,"core",695,695,100,900,0,73.3389337547123,500,0,1000,0.0625,5
96,200,"zero",0.5,0.25,0,"core",696,696,100,900,0,60.3191898949444,500,0,1000,0.0625,5
97,200,"zero",0.5,0.25,0,"core",697,697,100,900,0,57.6541369315237,500,0,1000,0.0625,5
98,200,"zero",0.5,0.25,0,"core",698,698,100,900,0,132.356808027253,500,0,1000,0.0625,5
99,200,"zero",0.5,0.25,0,"core",699,699,100,900,0,105.357030499727,500,0,1000,0.0625,5
100,200,"zero",0.5,0.25,0,"core",700,700,100,900,0,97.7635714132339,500,0,1000,0.0625,5
1,500,"zero",0.5,0.25,0,"core",701,701,100,900,0,50.4753197543323,500,0,1000,0.0625,5
2,500,"zero",0.5,0.25,0,"core",702,702,100,900,0,135.740914847702,500,0,1000,0.0625,5
3,500,"zero",0.5,0.25,0,"core",703,703,100,900,0,147.086263801903,500,0,1000,0.0625,5
4,500,"zero",0.5,0.25,0,"core",704,704,100,900,0,61.5869681164622,500,0,1000,0.0625,5
5,500,"zero",0.5,0.25,0,"core",705,705,100,900,0,93.980609299615,500,0,1000,0.0625,5
6,500,"zero",0.5,0.25,0,"core",706,706,100,900,0,86.7288994323462,500,0,1000,0.0625,5
7,500,"zero",0.5,0.25,0,"core",707,707,100,900,0,58.5736345592886,500,0,1000,0.0625,5
8,500,"zero",0.5,0.25,0,"core",708,708,100,900,0,122.942578541115,500,0,1000,0.0625,5
9,500,"zero",0.5,0.25,0,"core",709,709,100,900,0,79.038077024743,500,0,1000,0.0625,5
10,500,"zero",0.5,0.25,0,"core",710,710,100,900,0,45.4078425187618,500,0,1000,0.0625,5
11,500,"zero",0.5,0.25,0,"core",711,711,100,900,0,132.460300195962,500,0,1000,0.0625,5
12,500,"zero",0.5,0.25,0,"core",712,712,100,900,0,143.626481024548,500,0,1000,0.0625,5
13,500,"zero",0.5,0.25,0,"core",713,713,100,900,0,86.1939917970449,500,0,1000,0.0625,5
14,500,"zero",0.5,0.25,0,"core",714,714,100,900,0,139.177058758214,500,0,1000,0.0625,5
15,500,"zero",0.5,0.25,0,"core",715,715,100,900,0,95.4061707854271,500,0,1000,0.0625,5
16,500,"zero",0.5,0.25,0,"core",716,716,100,900,0,134.277916876599,500,0,1000,0.0625,5
17,500,"zero",0.5,0.25,0,"core",717,717,100,900,0,127.197369830683,500,0,1000,0.0625,5
18,500,"zero",0.5,0.25,0,"core",718,718,100,900,0,130.437877243385,500,0,1000,0.0625,5
19,500,"zero",0.5,0.25,0,"core",719,719,100,900,0,138.927778666839,500,0,1000,0.0625,5
20,500,"zero",0.5,0.25,0,"core",720,720,100,900,0,90.2534937672317,500,0,1000,0.0625,5
21,500,"zero",0.5,0.25,0,"core",721,721,100,900,0,80.9046440757811,500,0,1000,0.0625,5
22,500,"zero",0.5,0.25,0,"core",722,722,100,900,0,143.86737074703,500,0,1000,0.0625,5
23,500,"zero",0.5,0.25,0,"core",723,723,100,900,0,123.6991982162,500,0,1000,0.0625,5
24,500,"zero",0.5,0.25,0,"core",724,724,100,900,0,54.0101531986147,500,0,1000,0.0625,5
25,500,"zero",0.5,0.25,0,"core",725,725,100,900,0,98.1163081340492,500,0,1000,0.0625,5
26,500,"zero",0.5,0.25,0,"core",726,726,100,900,0,152.029577475041,500,0,1000,0.0625,5
27,500,"zero",0.5,0.25,0,"core",727,727,100,900,0,110.578256733716,500,0,1000,0.0625,5
28,500,"zero",0.5,0.25,0,"core",728,728,100,900,0,72.742859153077,500,0,1000,0.0625,5
29,500,"zero",0.5,0.25,0,"core",729,729,100,900,0,114.592686779797,500,0,1000,0.0625,5
30,500,"zero",0.5,0.25,0,"core",730,730,100,900,0,113.554413840175,500,0,1000,0.0625,5
31,500,"zero",0.5,0.25,0,"core",731,731,100,900,0,122.281804112718,500,0,1000,0.0625,5
32,500,"zero",0.5,0.25,0,"core",732,732,100,900,0,43.3869085554034,500,0,1000,0.0625,5
33,500,"zero",0.5,0.25,0,"core",733,733,100,900,0,109.93950930424,500,0,1000,0.0625,5
34,500,"zero",0.5,0.25,0,"core",734,734,100,900,0,119.991025170311,500,0,1000,0.0625,5
35,500,"zero",0.5,0.25,0,"core",735,735,100,900,0,82.1254158578813,500,0,1000,0.0625,5
36,500,"zero",0.5,0.25,0,"core",736,736,100,900,0,124.79188487865,500,0,1000,0.0625,5
37,500,"zero",0.5,0.25,0,"core",737,737,100,900,0,115.803482588381,500,0,1000,0.0625,5
38,500,"zero",0.5,0.25,0,"core",738,738,100,900,0,112.372904540971,500,0,1000,0.0625,5
39,500,"zero",0.5,0.25,0,"core",739,739,100,900,0,108.997638896108,500,0,1000,0.0625,5
40,500,"zero",0.5,0.25,0,"core",740,740,100,900,0,104.856907343492,500,0,1000,0.0625,5
41,500,"zero",0.5,0.25,0,"core",741,741,100,900,0,118.882966376841,500,0,1000,0.0625,5
42,500,"zero",0.5,0.25,0,"core",742,742,100,900,0,58.0267352703959,500,0,1000,0.0625,5
43,500,"zero",0.5,0.25,0,"core",743,743,100,900,0,85.8422658778727,500,0,1000,0.0625,5
44,500,"zero",0.5,0.25,0,"core",744,744,100,900,0,97.7213647868484,500,0,1000,0.0625,5
45,500,"zero",0.5,0.25,0,"core",745,745,100,900,0,113.922705193982,500,0,1000,0.0625,5
46,500,"zero",0.5,0.25,0,"core",746,746,100,900,0,95.8683052565903,500,0,1000,0.0625,5
47,500,"zero",0.5,0.25,0,"core",747,747,100,900,0,85.3057035710663,500,0,1000,0.0625,5
48,500,"zero",0.5,0.25,0,"core",748,748,100,900,0,81.5786179341376,500,0,1000,0.0625,5
49,500,"zero",0.5,0.25,0,"core",749,749,100,900,0,110.309335775673,500,0,1000,0.0625,5
50,500,"zero",0.5,0.25,0,"core",750,750,100,900,0,43.0354186426848,500,0,1000,0.0625,5
51,500,"zero",0.5,0.25,0,"core",751,751,100,900,0,63.5474604554474,500,0,1000,0.0625,5
52,500,"zero",0.5,0.25,0,"core",752,752,100,900,0,71.2893967982382,500,0,1000,0.0625,5
53,500,"zero",0.5,0.25,0,"core",753,753,100,900,0,156.51547415182,500,0,1000,0.0625,5
54,500,"zero",0.5,0.25,0,"core",754,754,100,900,0,143.284811712801,500,0,1000,0.0625,5
55,500,"zero",0.5,0.25,0,"core",755,755,100,900,0,107.226620456204,500,0,1000,0.0625,5
56,500,"zero",0.5,0.25,0,"core",756,756,100,900,0,113.589324019849,500,0,1000,0.0625,5
57,500,"zero",0.5,0.25,0,"core",757,757,100,900,0,94.945993097499,500,0,1000,0.0625,5
58,500,"zero",0.5,0.25,0,"core",758,758,100,900,0,91.1419560015202,500,0,1000,0.0625,5
59,500,"zero",0.5,0.25,0,"core",759,759,100,900,0,52.691189488396,500,0,1000,0.0625,5
60,500,"zero",0.5,0.25,0,"core",760,760,100,900,0,74.6915783267468,500,0,1000,0.0625,5
61,500,"zero",0.5,0.25,0,"core",761,761,100,900,0,95.921611841768,500,0,1000,0.0625,5
62,500,"zero",0.5,0.25,0,"core",762,762,100,900,0,122.605156730861,500,0,1000,0.0625,5
63,500,"zero",0.5,0.25,0,"core",763,763,100,900,0,110.230663232505,500,0,1000,0.0625,5
64,500,"zero",0.5,0.25,0,"core",764,764,100,900,0,146.087989164516,500,0,1000,0.0625,5
65,500,"zero",0.5,0.25,0,"core",765,765,100,900,0,113.158159842715,500,0,1000,0.0625,5
66,500,"zero",0.5,0.25,0,"core",766,766,100,900,0,96.1239821370691,500,0,1000,0.0625,5
67,500,"zero",0.5,0.25,0,"core",767,767,100,900,0,95.9349183365703,500,0,1000,0.0625,5
68,500,"zero",0.5,0.25,0,"core",768,768,100,900,0,43.0629538651556,500,0,1000,0.0625,5
69,500,"zero",0.5,0.25,0,"core",769,769,100,900,0,93.9181862492114,500,0,1000,0.0625,5
70,500,"zero",0.5,0.25,0,"core",770,770,100,900,0,59.6884825825691,500,0,1000,0.0625,5
71,500,"zero",0.5,0.25,0,"core",771,771,100,900,0,119.170906906947,500,0,1000,0.0625,5
72,500,"zero",0.5,0.25,0,"core",772,772,100,900,0,125.556586608291,500,0,1000,0.0625,5
73,500,"zero",0.5,0.25,0,"core",773,773,100,900,0,136.950834747404,500,0,1000,0.0625,5
74,500,"zero",0.5,0.25,0,"core",774,774,100,900,0,50.4935567919165,500,0,1000,0.0625,5
75,500,"zero",0.5,0.25,0,"core",775,775,100,900,0,71.2726862449199,500,0,1000,0.0625,5
76,500,"zero",0.5,0.25,0,"core",776,776,100,900,0,56.20206521824,500,0,1000,0.0625,5
77,500,"zero",0.5,0.25,0,"core",777,777,100,900,0,90.2295356616378,500,0,1000,0.0625,5
78,500,"zero",0.5,0.25,0,"core",778,778,100,900,0,138.259956873953,500,0,1000,0.0625,5
79,500,"zero",0.5,0.25,0,"core",779,779,100,900,0,59.2360277008265,500,0,1000,0.0625,5
80,500,"zero",0.5,0.25,0,"core",780,780,100,900,0,66.0607157833874,500,0,1000,0.0625,5
81,500,"zero",0.5,0.25,0,"core",781,781,100,900,0,77.9434263147414,500,0,1000,0.0625,5
82,500,"zero",0.5,0.25,0,"core",782,782,100,900,0,75.7061657402665,500,0,1000,0.0625,5
83,500,"zero",0.5,0.25,0,"core",783,783,100,900,0,54.5978354476392,500,0,1000,0.0625,5
84,500,"zero",0.5,0.25,0,"core",784,784,100,900,0,62.4793407320976,500,0,1000,0.0625,5
85,500,"zero",0.5,0.25,0,"core",785,785,100,900,0,70.4426339734346,500,0,1000,0.0625,5
86,500,"zero",0.5,0.25,0,"core",786,786,100,900,0,62.1846030373126,500,0,1000,0.0625,5
87,500,"zero",0.5,0.25,0,"core",787,787,100,900,0,142.595292832702,500,0,1000,0.0625,5
88,500,"zero",0.5,0.25,0,"core",788,788,100,900,0,53.914548708126,500,0,1000,0.0625,5
89,500,"zero",0.5,0.25,0,"core",789,789,100,900,0,137.584372377023,500,0,1000,0.0625,5
90,500,"zero",0.5,0.25,0,"core",790,790,100,900,0,80.4308991320431,500,0,1000,0.0625,5
91,500,"zero",0.5,0.25,0,"core",791,791,100,900,0,77.0263279508799,500,0,1000,0.0625,5
92,500,"zero",0.5,0.25,0,"core",792,792,100,900,0,65.9214428905398,500,0,1000,0.0625,5
93,500,"zero",0.5,0.25,0,"core",793,793,100,900,0,110.62423940748,500,0,1000,0.0625,5
94,500,"zero",0.5,0.25,0,"core",794,794,100,900,0,148.363918755203,500,0,1000,0.0625,5
95,500,"zero",0.5,0.25,0,"core",795,795,100,900,0,110.679354500026,500,0,1000,0.0625,5
96,500,"zero",0.5,0.25,0,"core",796,796,100,900,0,50.413419874385,500,0,1000,0.0625,5
97,500,"zero",0.5,0.25,0,"core",797,797,100,900,0,157.892336109653,500,0,1000,0.0625,5
98,500,"zero",0.5,0.25,0,"core",798,798,100,900,0,106.624061726034,500,0,1000,0.0625,5
99,500,"zero",0.5,0.25,0,"core",799,799,100,900,0,52.6201105304062,500,0,1000,0.0625,5
100,500,"zero",0.5,0.25,0,"core",800,800,100,900,0,53.5222155973315,500,0,1000,0.0625,5
1,200,"random",0,0.25,0,"prop",801,801,100,900,-0.563748459797353,85.9823486860842,781.874229898676,0,1000,0.0625,5
2,200,"random",0,0.25,0,"prop",802,802,100,900,0.331067904084921,78.5200954694301,334.46604795754,0,1000,0.0625,5
3,200,"random",0,0.25,0,"prop",803,803,100,900,0.483907654602081,111.596612539142,258.04617269896,0,1000,0.0625,5
4,200,"random",0,0.25,0,"prop",804,804,100,900,0.517739305458963,130.619752751663,241.130347270519,0,1000,0.0625,5
5,200,"random",0,0.25,0,"prop",805,805,100,900,-0.258145553059876,66.082471376285,629.072776529938,0,1000,0.0625,5
6,200,"random",0,0.25,0,"prop",806,806,100,900,-0.568804978579283,88.4721607528627,784.402489289641,0,1000,0.0625,5
7,200,"random",0,0.25,0,"prop",807,807,100,900,0.369833146501333,98.3424615766853,315.083426749334,0,1000,0.0625,5
8,200,"random",0,0.25,0,"prop",808,808,100,900,0.562608767580241,48.4374681487679,218.69561620988,0,1000,0.0625,5
9,200,"random",0,0.25,0,"prop",809,809,100,900,-0.272646359633654,59.9151466228068,636.323179816827,0,1000,0.0625,5
10,200,"random",0,0.25,0,"prop",810,810,100,900,-0.525830298289657,70.7064507715404,762.915149144828,0,1000,0.0625,5
11,200,"random",0,0.25,0,"prop",811,811,100,900,0.209080299455672,91.3088529929519,395.459850272164,0,1000,0.0625,5
12,200,"random",0,0.25,0,"prop",812,812,100,900,0.534041202627122,95.3866701480001,232.979398686439,0,1000,0.0625,5
13,200,"random",0,0.25,0,"prop",813,813,100,900,-0.58874682970345,140.534663740546,794.373414851725,0,1000,0.0625,5
14,200,"random",0,0.25,0,"prop",814,814,100,900,0.485053023695946,153.330333512276,257.473488152027,0,1000,0.0625,5
15,200,"random",0,0.25,0,"prop",815,815,100,900,0.576669488567859,99.7568581998348,211.665255716071,0,1000,0.0625,5
16,200,"random",0,0.25,0,"prop",816,816,100,900,0.516258334554732,125.039672907442,241.870832722634,0,1000,0.0625,5
17,200,"random",0,0.25,0,"prop",817,817,100,900,-0.422315602470189,103.443784406409,711.157801235095,0,1000,0.0625,5
18,200,"random",0,0.25,0,"prop",818,818,100,900,0.231814314331859,83.7870264332742,384.09284283407,0,1000,0.0625,5
19,200,"random",0,0.25,0,"prop",819,819,100,900,-0.231088974047452,95.7740117795766,615.544487023726,0,1000,0.0625,5
20,200,"random",0,0.25,0,"prop",820,820,100,900,0.450378142949194,152.796903438866,274.810928525403,0,1000,0.0625,5
21,200,"random",0,0.25,0,"prop",821,821,100,900,0.478419081307948,60.4544498678297,260.790459346026,0,1000,0.0625,5
22,200,"random",0,0.25,0,"prop",822,822,100,900,0.294478505756706,127.805021852255,352.760747121647,0,1000,0.0625,5
23,200,"random",0,0.25,0,"prop",823,823,100,900,0.264683320838958,41.2754098325968,367.658339580521,0,1000,0.0625,5
24,200,"random",0,0.25,0,"prop",824,824,100,900,0.327746970858425,144.54469602555,336.126514570788,0,1000,0.0625,5
25,200,"random",0,0.25,0,"prop",825,825,100,900,-0.48992841988802,115.909268436953,744.96420994401,0,1000,0.0625,5
26,200,"random",0,0.25,0,"prop",826,826,100,900,-0.590067975502461,147.628714814782,795.033987751231,0,1000,0.0625,5
27,200,"random",0,0.25,0,"prop",827,827,100,900,-0.522905850131065,60.4022485762835,761.452925065532,0,1000,0.0625,5
28,200,"random",0,0.25,0,"prop",828,828,100,900,-0.290029154997319,119.66541396454,645.014577498659,0,1000,0.0625,5
29,200,"random",0,0.25,0,"prop",829,829,100,900,-0.430021841824055,40.47367897816,715.010920912027,0,1000,0.0625,5
30,200,"random",0,0.25,0,"prop",830,830,100,900,0.248697965871543,56.5421090275049,375.651017064229,0,1000,0.0625,5
31,200,"random",0,0.25,0,"prop",831,831,100,900,0.388949145842344,90.9596179239452,305.525427078828,0,1000,0.0625,5
32,200,"random",0,0.25,0,"prop",832,832,100,900,0.376916366443038,90.0944819115102,311.541816778481,0,1000,0.0625,5
33,200,"random",0,0.25,0,"prop",833,833,100,900,-0.543637740984559,56.9289543665946,771.81887049228,0,1000,0.0625,5
34,200,"random",0,0.25,0,"prop",834,834,100,900,-0.442517299484462,139.285094700754,721.258649742231,0,1000,0.0625,5
35,200,"random",0,0.25,0,"prop",835,835,100,900,-0.543156339600682,100.733327288181,771.578169800341,0,1000,0.0625,5
36,200,"random",0,0.25,0,"prop",836,836,100,900,-0.571113057248294,58.3188917860389,785.556528624147,0,1000,0.0625,5
37,200,"random",0,0.25,0,"prop",837,837,100,900,-0.465341471508145,83.8401630055159,732.670735754073,0,1000,0.0625,5
38,200,"random",0,0.25,0,"prop",838,838,100,900,-0.521096464153379,52.4611986149103,760.54823207669,0,1000,0.0625,5
39,200,"random",0,0.25,0,"prop",839,839,100,900,0.38017599619925,104.913079729304,309.912001900375,0,1000,0.0625,5
40,200,"random",0,0.25,0,"prop",840,840,100,900,-0.436533056758344,115.68436219357,718.266528379172,0,1000,0.0625,5
41,200,"random",0,0.25,0,"prop",841,841,100,900,-0.530268045328558,140.71572849527,765.134022664279,0,1000,0.0625,5
42,200,"random",0,0.25,0,"prop",842,842,100,900,0.549753552209586,108.283824427053,225.123223895207,0,1000,0.0625,5
43,200,"random",0,0.25,0,"prop",843,843,100,900,0.431800718419254,58.9072598144412,284.099640790373,0,1000,0.0625,5
44,200,"random",0,0.25,0,"prop",844,844,100,900,0.548923351522535,68.2422400545329,225.538324238732,0,1000,0.0625,5
45,200,"random",0,0.25,0,"prop",845,845,100,900,0.570486592222005,130.479081086814,214.756703888997,0,1000,0.0625,5
46,200,"random",0,0.25,0,"prop",846,846,100,900,-0.433020353130996,104.285807264969,716.510176565498,0,1000,0.0625,5
47,200,"random",0,0.25,0,"prop",847,847,100,900,-0.23995572058484,93.6500994022936,619.97786029242,0,1000,0.0625,5
48,200,"random",0,0.25,0,"prop",848,848,100,900,0.446392177511007,144.564552754164,276.803911244497,0,1000,0.0625,5
49,200,"random",0,0.25,0,"prop",849,849,100,900,0.386523161362857,71.6777418833226,306.738419318572,0,1000,0.0625,5
50,200,"random",0,0.25,0,"prop",850,850,100,900,-0.243927939236164,105.513636497781,621.963969618082,0,1000,0.0625,5
51,200,"random",0,0.25,0,"prop",851,851,100,900,0.545874092914164,70.5853340309113,227.062953542918,0,1000,0.0625,5
52,200,"random",0,0.25,0,"prop",852,852,100,900,-0.212380076106638,73.340506143868,606.190038053319,0,1000,0.0625,5
53,200,"random",0,0.25,0,"prop",853,853,100,900,-0.297950870171189,76.0765727423131,648.975435085595,0,1000,0.0625,5
54,200,"random",0,0.25,0,"prop",854,854,100,900,0.396213169768453,104.731297511607,301.893415115774,0,1000,0.0625,5
55,200,"random",0,0.25,0,"prop",855,855,100,900,-0.2168905261904,71.8438408058137,608.4452630952,0,1000,0.0625,5
56,200,"random",0,0.25,0,"prop",856,856,100,900,0.490411537885666,99.6419824846089,254.794231057167,0,1000,0.0625,5
57,200,"random",0,0.25,0,"prop",857,857,100,900,0.485705703031272,51.3233128748834,257.147148484364,0,1000,0.0625,5
58,200,"random",0,0.25,0,"prop",858,858,100,900,-0.442683961708099,104.801742685959,721.341980854049,0,1000,0.0625,5
59,200,"random",0,0.25,0,"prop",859,859,100,900,0.310213880613446,73.4404067508876,344.893059693277,0,1000,0.0625,5
60,200,"random",0,0.25,0,"prop",860,860,100,900,0.417024843022227,100.640809042379,291.487578488886,0,1000,0.0625,5
61,200,"random",0,0.25,0,"prop",861,861,100,900,-0.324919489305466,121.740485941991,662.459744652733,0,1000,0.0625,5
62,200,"random",0,0.25,0,"prop",862,862,100,900,0.336698988731951,115.384099371731,331.650505634025,0,1000,0.0625,5
63,200,"random",0,0.25,0,"prop",863,863,100,900,-0.511608678009361,83.9435441698879,755.804339004681,0,1000,0.0625,5
64,200,"random",0,0.25,0,"prop",864,864,100,900,0.342899617366493,135.726594813168,328.550191316754,0,1000,0.0625,5
65,200,"random",0,0.25,0,"prop",865,865,100,900,-0.593107392452657,66.7522233258933,796.553696226329,0,1000,0.0625,5
66,200,"random",0,0.25,0,"prop",866,866,100,900,0.430003431998193,71.9259570818394,284.998284000903,0,1000,0.0625,5
67,200,"random",0,0.25,0,"prop",867,867,100,900,0.407143625430763,120.877993833274,296.428187284619,0,1000,0.0625,5
68,200,"random",0,0.25,0,"prop",868,868,100,900,0.307345965411514,65.9361345227808,346.327017294243,0,1000,0.0625,5
69,200,"random",0,0.25,0,"prop",869,869,100,900,0.531296809576452,61.866323677823,234.351595211774,0,1000,0.0625,5
70,200,"random",0,0.25,0,"prop",870,870,100,900,-0.478985531628132,141.079310644418,739.492765814066,0,1000,0.0625,5
71,200,"random",0,0.25,0,"prop",871,871,100,900,0.206725524179637,68.6195940617472,396.637237910181,0,1000,0.0625,5
72,200,"random",0,0.25,0,"prop",872,872,100,900,-0.582951244805008,131.990973604843,791.475622402504,0,1000,0.0625,5
73,200,"random",0,0.25,0,"prop",873,873,100,900,0.414410631824285,111.711218161508,292.794684087858,0,1000,0.0625,5
74,200,"random",0,0.25,0,"prop",874,874,100,900,0.280946791172028,106.809631446376,359.526604413986,0,1000,0.0625,5
75,200,"random",0,0.25,0,"prop",875,875,100,900,-0.216401719953865,76.2371574342251,608.200859976932,0,1000,0.0625,5
76,200,"random",0,0.25,0,"prop",876,876,100,900,0.432902656681836,84.4688179530203,283.548671659082,0,1000,0.0625,5
77,200,"random",0,0.25,0,"prop",877,877,100,900,-0.217740265373141,104.05877369456,608.87013268657,0,1000,0.0625,5
78,200,"random",0,0.25,0,"prop",878,878,100,900,0.432000810932368,112.617765329778,283.999594533816,0,1000,0.0625,5
79,200,"random",0,0.25,0,"prop",879,879,100,900,-0.56819133553654,55.3475522901863,784.09566776827,0,1000,0.0625,5
80,200,"random",0,0.25,0,"prop",880,880,100,900,0.317016114294529,56.1125233583152,341.491942852736,0,1000,0.0625,5
81,200,"random",0,0.25,0,"prop",881,881,100,900,-0.502985585480928,71.4861262403429,751.492792740464,0,1000,0.0625,5
82,200,"random",0,0.25,0,"prop",882,882,100,900,0.486685149185359,109.352565249428,256.65742540732,0,1000,0.0625,5
83,200,"random",0,0.25,0,"prop",883,883,100,900,-0.487088516168296,140.437352666631,743.544258084148,0,1000,0.0625,5
84,200,"random",0,0.25,0,"prop",884,884,100,900,-0.206170662585646,52.8402422461659,603.085331292823,0,1000,0.0625,5
85,200,"random",0,0.25,0,"prop",885,885,100,900,0.318621810618788,93.4549611248076,340.689094690606,0,1000,0.0625,5
86,200,"random",0,0.25,0,"prop",886,886,100,900,-0.365060443431139,125.107004120946,682.530221715569,0,1000,0.0625,5
87,200,"random",0,0.25,0,"prop",887,887,100,900,0.239969487208873,135.440913513303,380.015256395563,0,1000,0.0625,5
88,200,"random",0,0.25,0,"prop",888,888,100,900,0.316906213015318,130.081143472344,341.546893492341,0,1000,0.0625,5
89,200,"random",0,0.25,0,"prop",889,889,100,900,0.466504741925746,57.9521362483502,266.747629037127,0,1000,0.0625,5
90,200,"random",0,0.25,0,"prop",890,890,100,900,0.306405049469322,85.3622373566032,346.797475265339,0,1000,0.0625,5
91,200,"random",0,0.25,0,"prop",891,891,100,900,-0.251742651965469,60.0273406598717,625.871325982735,0,1000,0.0625,5
92,200,"random",0,0.25,0,"prop",892,892,100,900,0.204457727912813,114.027517624199,397.771136043593,0,1000,0.0625,5
93,200,"random",0,0.25,0,"prop",893,893,100,900,0.596893880609423,96.4052795059979,201.553059695289,0,1000,0.0625,5
94,200,"random",0,0.25,0,"prop",894,894,100,900,0.325048061367124,78.6443192418665,337.475969316438,0,1000,0.0625,5
95,200,"random",0,0.25,0,"prop",895,895,100,900,-0.412478314246982,137.050019931048,706.239157123491,0,1000,0.0625,5
96,200,"random",0,0.25,0,"prop",896,896,100,900,0.488782964460552,83.442971073091,255.608517769724,0,1000,0.0625,5
97,200,"random",0,0.25,0,"prop",897,897,100,900,0.449633688014001,63.1038122158498,275.183155993,0,1000,0.0625,5
98,200,"random",0,0.25,0,"prop",898,898,100,900,-0.351956740580499,117.466690363362,675.97837029025,0,1000,0.0625,5
99,200,"random",0,0.25,0,"prop",899,899,100,900,-0.222848859336227,74.5072132814676,611.424429668114,0,1000,0.0625,5
100,200,"random",0,0.25,0,"prop",900,900,100,900,0.39597002742812,152.072084760293,302.01498628594,0,1000,0.0625,5
1,200,"random",0.25,0.25,0,"prop",901,901,100,900,0.479234688449651,135.234748115763,260.382655775174,0,1000,0.0625,5
2,200,"random",0.25,0.25,0,"prop",902,902,100,900,0.443238102272153,131.348473792896,278.380948863924,0,1000,0.0625,5
3,200,"random",0.25,0.25,0,"prop",903,903,100,900,-0.548757811076939,122.747462615371,774.37890553847,0,1000,0.0625,5
4,200,"random",0.25,0.25,0,"prop",904,904,100,900,0.304171179793775,69.2614672426134,347.914410103112,0,1000,0.0625,5
5,200,"random",0.25,0.25,0,"prop",905,905,100,900,0.449053370207548,90.2613148093224,275.473314896226,0,1000,0.0625,5
6,200,"random",0.25,0.25,0,"prop",906,906,100,900,0.24891702355817,93.8440237846226,375.541488220915,0,1000,0.0625,5
7,200,"random",0.25,0.25,0,"prop",907,907,100,900,0.408859003707767,94.3806655518711,295.570498146117,0,1000,0.0625,5
8,200,"random",0.25,0.25,0,"prop",908,908,100,900,-0.564636586606503,74.1487174108624,782.318293303251,0,1000,0.0625,5
9,200,"random",0.25,0.25,0,"prop",909,909,100,900,0.576504646986723,132.123988373205,211.747676506639,0,1000,0.0625,5
10,200,"random",0.25,0.25,0,"prop",910,910,100,900,0.343002992868423,132.617187043652,328.498503565788,0,1000,0.0625,5
11,200,"random",0.25,0.25,0,"prop",911,911,100,900,0.505550962220877,155.920522585511,247.224518889561,0,1000,0.0625,5
12,200,"random",0.25,0.25,0,"prop",912,912,100,900,0.273413813021034,109.489866159856,363.293093489483,0,1000,0.0625,5
13,200,"random",0.25,0.25,0,"prop",913,913,100,900,-0.494826344959438,104.402052136138,747.413172479719,0,1000,0.0625,5
14,200,"random",0.25,0.25,0,"prop",914,914,100,900,-0.234604989457876,120.14289567247,617.302494728938,0,1000,0.0625,5
15,200,"random",0.25,0.25,0,"prop",915,915,100,900,0.542706833221018,123.740608533844,228.646583389491,0,1000,0.0625,5
16,200,"random",0.25,0.25,0,"prop",916,916,100,900,0.571157197467983,50.2712055761367,214.421401266009,0,1000,0.0625,5
17,200,"random",0.25,0.25,0,"prop",917,917,100,900,-0.453513048309833,106.787675051019,726.756524154916,0,1000,0.0625,5
18,200,"random",0.25,0.25,0,"prop",918,918,100,900,0.225028426107019,110.013579260558,387.48578694649,0,1000,0.0625,5
19,200,"random",0.25,0.25,0,"prop",919,919,100,900,0.599665966816247,122.859694147483,200.167016591877,0,1000,0.0625,5
20,200,"random",0.25,0.25,0,"prop",920,920,100,900,-0.326274669729173,105.706708664075,663.137334864587,0,1000,0.0625,5
21,200,"random",0.25,0.25,0,"prop",921,921,100,900,0.454724880773574,126.301525682211,272.637559613213,0,1000,0.0625,5
22,200,"random",0.25,0.25,0,"prop",922,922,100,900,0.533526753168553,114.739052858204,233.236623415723,0,1000,0.0625,5
23,200,"random",0.25,0.25,0,"prop",923,923,100,900,0.543375870771706,105.395445656031,228.312064614147,0,1000,0.0625,5
24,200,"random",0.25,0.25,0,"prop",924,924,100,900,0.551805371884257,145.261824196205,224.097314057872,0,1000,0.0625,5
25,200,"random",0.25,0.25,0,"prop",925,925,100,900,0.528112542815506,117.803483111784,235.943728592247,0,1000,0.0625,5
26,200,"random",0.25,0.25,0,"prop",926,926,100,900,-0.410193957854062,94.412643937394,705.096978927031,0,1000,0.0625,5
27,200,"random",0.25,0.25,0,"prop",927,927,100,900,0.505406224913895,123.88151768595,247.296887543052,0,1000,0.0625,5
28,200,"random",0.25,0.25,0,"prop",928,928,100,900,-0.581222233083099,144.308892358094,790.61111654155,0,1000,0.0625,5
29,200,"random",0.25,0.25,0,"prop",929,929,100,900,0.541759289614856,149.382171407342,229.120355192572,0,1000,0.0625,5
30,200,"random",0.25,0.25,0,"prop",930,930,100,900,-0.356932577397674,100.035453885794,678.466288698837,0,1000,0.0625,5
31,200,"random",0.25,0.25,0,"prop",931,931,100,900,0.454821136593819,144.851054335013,272.589431703091,0,1000,0.0625,5
32,200,"random",0.25,0.25,0,"prop",932,932,100,900,0.403213197272271,55.9502924047411,298.393401363865,0,1000,0.0625,5
33,200,"random",0.25,0.25,0,"prop",933,933,100,900,-0.210572599153966,45.6983996834606,605.286299576983,0,1000,0.0625,5
34,200,"random",0.25,0.25,0,"prop",934,934,100,900,0.236348671559244,72.3620395641774,381.825664220378,0,1000,0.0625,5
35,200,"random",0.25,0.25,0,"prop",935,935,100,900,0.284656211547554,73.1180291995406,357.671894226223,0,1000,0.0625,5
36,200,"random",0.25,0.25,0,"prop",936,936,100,900,0.54516115244478,134.942928105593,227.41942377761,0,1000,0.0625,5
37,200,"random",0.25,0.25,0,"prop",937,937,100,900,0.596173501200974,159.317744458094,201.913249399513,0,1000,0.0625,5
38,200,"random",0.25,0.25,0,"prop",938,938,100,900,-0.572662435658276,144.793192716315,786.331217829138,0,1000,0.0625,5
39,200,"random",0.25,0.25,0,"prop",939,939,100,900,0.589050592295825,135.727953854948,205.474703852087,0,1000,0.0625,5
40,200,"random",0.25,0.25,0,"prop",940,940,100,900,0.313461293466389,52.5722031760961,343.269353266805,0,1000,0.0625,5
41,200,"random",0.25,0.25,0,"prop",941,941,100,900,-0.382555053476244,43.8341849856079,691.277526738122,0,1000,0.0625,5
42,200,"random",0.25,0.25,0,"prop",942,942,100,900,-0.541058411356062,64.7899379301816,770.529205678031,0,1000,0.0625,5
43,200,"random",0.25,0.25,0,"prop",943,943,100,900,0.202395403012633,114.761750018224,398.802298493683,0,1000,0.0625,5
44,200,"random",0.25,0.25,0,"prop",944,944,100,900,-0.576942165568471,89.6026508603245,788.471082784235,0,1000,0.0625,5
45,200,"random",0.25,0.25,0,"prop",945,945,100,900,-0.289495915360749,89.6301977615804,644.747957680374,0,1000,0.0625,5
46,200,"random",0.25,0.25,0,"prop",946,946,100,900,-0.537154624704272,153.365767952055,768.577312352136,0,1000,0.0625,5
47,200,"random",0.25,0.25,0,"prop",947,947,100,900,-0.226441024895757,150.538205727935,613.220512447879,0,1000,0.0625,5
48,200,"random",0.25,0.25,0,"prop",948,948,100,900,0.307661472354084,118.600161019713,346.169263822958,0,1000,0.0625,5
49,200,"random",0.25,0.25,0,"prop",949,949,100,900,-0.218659828510135,73.4482424892485,609.329914255068,0,1000,0.0625,5
50,200,"random",0.25,0.25,0,"prop",950,950,100,900,-0.371791692730039,50.8421216160059,685.89584636502,0,1000,0.0625,5
51,200,"random",0.25,0.25,0,"prop",951,951,100,900,-0.531587571371347,81.1098045948893,765.793785685673,0,1000,0.0625,5
52,200,"random",0.25,0.25,0,"prop",952,952,100,900,-0.316549146175385,92.1235599275678,658.274573087692,0,1000,0.0625,5
53,200,"random",0.25,0.25,0,"prop",953,953,100,900,-0.419887942355126,152.923864014447,709.943971177563,0,1000,0.0625,5
54,200,"random",0.25,0.25,0,"prop",954,954,100,900,-0.203985914681107,70.2015689294785,601.992957340553,0,1000,0.0625,5
55,200,"random",0.25,0.25,0,"prop",955,955,100,900,-0.569935427047312,70.628223195672,784.967713523656,0,1000,0.0625,5
56,200,"random",0.25,0.25,0,"prop",956,956,100,900,0.207241736352444,139.349314942956,396.379131823778,0,1000,0.0625,5
57,200,"random",0.25,0.25,0,"prop",957,957,100,900,-0.237010934948921,75.3692307788879,618.505467474461,0,1000,0.0625,5
58,200,"random",0.25,0.25,0,"prop",958,958,100,900,-0.591642630007118,141.252625854686,795.821315003559,0,1000,0.0625,5
59,200,"random",0.25,0.25,0,"prop",959,959,100,900,-0.263082029484212,56.2464406341314,631.541014742106,0,1000,0.0625,5
60,200,"random",0.25,0.25,0,"prop",960,960,100,900,-0.304944817442447,71.701996261254,652.472408721223,0,1000,0.0625,5
61,200,"random",0.25,0.25,0,"prop",961,961,100,900,0.495852443855256,61.3411394134164,252.073778072372,0,1000,0.0625,5
62,200,"random",0.25,0.25,0,"prop",962,962,100,900,-0.470682354830205,148.387070354074,735.341177415103,0,1000,0.0625,5
63,200,"random",0.25,0.25,0,"prop",963,963,100,900,0.550508836098015,51.2735470291227,224.745581950992,0,1000,0.0625,5
64,200,"random",0.25,0.25,0,"prop",964,964,100,900,-0.246542941499501,159.782750234008,623.271470749751,0,1000,0.0625,5
65,200,"random",0.25,0.25,0,"prop",965,965,100,900,-0.372440132964402,120.682295672596,686.220066482201,0,1000,0.0625,5
66,200,"random",0.25,0.25,0,"prop",966,966,100,900,-0.54928261814639,148.71498725377,774.641309073195,0,1000,0.0625,5
67,200,"random",0.25,0.25,0,"prop",967,967,100,900,-0.266952137928456,77.8978318627924,633.476068964228,0,1000,0.0625,5
68,200,"random",0.25,0.25,0,"prop",968,968,100,900,-0.266408929228783,40.9606413450092,633.204464614391,0,1000,0.0625,5
69,200,"random",0.25,0.25,0,"prop",969,969,100,900,0.587246417161077,141.932816905901,206.376791419461,0,1000,0.0625,5
70,200,"random",0.25,0.25,0,"prop",970,970,100,900,-0.350945468619466,120.088124433532,675.472734309733,0,1000,0.0625,5
71,200,"random",0.25,0.25,0,"prop",971,971,100,900,-0.581577773205936,80.8871075697243,790.788886602968,0,1000,0.0625,5
72,200,"random",0.25,0.25,0,"prop",972,972,100,900,-0.50440254593268,68.3603451773524,752.20127296634,0,1000,0.0625,5
73,200,"random",0.25,0.25,0,"prop",973,973,100,900,-0.541926169209182,101.994672622532,770.963084604591,0,1000,0.0625,5
74,200,"random",0.25,0.25,0,"prop",974,974,100,900,0.56742838267237,138.68735967204,216.285808663815,0,1000,0.0625,5
75,200,"random",0.25,0.25,0,"prop",975,975,100,900,0.51693534469232,67.8949709050357,241.53232765384,0,1000,0.0625,5
76,200,"random",0.25,0.25,0,"prop",976,976,100,900,0.307992907706648,140.484624449164,346.003546146676,0,1000,0.0625,5
77,200,"random",0.25,0.25,0,"prop",977,977,100,900,-0.246448907442391,121.197414109483,623.224453721195,0,1000,0.0625,5
78,200,"random",0.25,0.25,0,"prop",978,978,100,900,-0.506204731017351,60.1668058056384,753.102365508676,0,1000,0.0625,5
79,200,"random",0.25,0.25,0,"prop",979,979,100,900,0.208494581654668,153.172564748675,395.752709172666,0,1000,0.0625,5
80,200,"random",0.25,0.25,0,"prop",980,980,100,900,0.221434506028891,109.551073219627,389.282746985555,0,1000,0.0625,5
81,200,"random",0.25,0.25,0,"prop",981,981,100,900,0.593267419561744,112.999842120335,203.366290219128,0,1000,0.0625,5
82,200,"random",0.25,0.25,0,"prop",982,982,100,900,-0.39856002740562,63.6640647705644,699.28001370281,0,1000,0.0625,5
83,200,"random",0.25,0.25,0,"prop",983,983,100,900,0.447045420203358,134.429052453488,276.477289898321,0,1000,0.0625,5
84,200,"random",0.25,0.25,0,"prop",984,984,100,900,-0.245600576885045,145.966708306223,622.800288442522,0,1000,0.0625,5
85,200,"random",0.25,0.25,0,"prop",985,985,100,900,0.281914855912328,97.8900437708944,359.042572043836,0,1000,0.0625,5
86,200,"random",0.25,0.25,0,"prop",986,986,100,900,0.252706700656563,81.6568437498063,373.646649671718,0,1000,0.0625,5
87,200,"random",0.25,0.25,0,"prop",987,987,100,900,-0.574515521805733,100.069204149768,787.257760902867,0,1000,0.0625,5
88,200,"random",0.25,0.25,0,"prop",988,988,100,900,-0.470950170140713,113.763452582061,735.475085070357,0,1000,0.0625,5
89,200,"random",0.25,0.25,0,"prop",989,989,100,900,0.30773466611281,65.2634591888636,346.132666943595,0,1000,0.0625,5
90,200,"random",0.25,0.25,0,"prop",990,990,100,900,-0.343218811135739,137.696474939585,671.60940556787,0,1000,0.0625,5
91,200,"random",0.25,0.25,0,"prop",991,991,100,900,0.329137603286654,60.3405285999179,335.431198356673,0,1000,0.0625,5
92,200,"random",0.25,0.25,0,"prop",992,992,100,900,-0.43669765945524,97.0379758439958,718.34882972762,0,1000,0.0625,5
93,200,"random",0.25,0.25,0,"prop",993,993,100,900,0.468539567571133,46.6913786623627,265.730216214433,0,1000,0.0625,5
94,200,"random",0.25,0.25,0,"prop",994,994,100,900,0.303917104844004,142.604072093964,348.041447577998,0,1000,0.0625,5
95,200,"random",0.25,0.25,0,"prop",995,995,100,900,0.232544013857841,61.4088826533407,383.727993071079,0,1000,0.0625,5
96,200,"random",0.25,0.25,0,"prop",996,996,100,900,-0.323716424591839,84.3016995955259,661.85821229592,0,1000,0.0625,5
97,200,"random",0.25,0.25,0,"prop",997,997,100,900,-0.323066283017397,127.871918855235,661.533141508698,0,1000,0.0625,5
98,200,"random",0.25,0.25,0,"prop",998,998,100,900,0.465891768876463,110.315242921934,267.054115561768,0,1000,0.0625,5
99,200,"random",0.25,0.25,0,"prop",999,999,100,900,0.257774454727769,123.897217996418,371.112772636116,0,1000,0.0625,5
100,200,"random",0.25,0.25,0,"prop",1000,1000,100,900,0.319422776717693,72.2762518748641,340.288611641154,0,1000,0.0625,5
1,200,"random",0.75,0.25,0,"prop",1001,1001,100,900,-0.551969616208225,109.459374556318,775.984808104113,0,1000,0.0625,5
2,200,"random",0.75,0.25,0,"prop",1002,1002,100,900,0.427799150813371,75.8035292569548,286.100424593315,0,1000,0.0625,5
3,200,"random",0.75,0.25,0,"prop",1003,1003,100,900,-0.451776140648872,107.832548795268,725.888070324436,0,1000,0.0625,5
4,200,"random",0.75,0.25,0,"prop",1004,1004,100,900,-0.370500196143985,86.0530887357891,685.250098071992,0,1000,0.0625,5
5,200,"random",0.75,0.25,0,"prop",1005,1005,100,900,-0.354603027366102,103.846637280658,677.301513683051,0,1000,0.0625,5
6,200,"random",0.75,0.25,0,"prop",1006,1006,100,900,0.597304232511669,95.3273990005255,201.347883744165,0,1000,0.0625,5
7,200,"random",0.75,0.25,0,"prop",1007,1007,100,900,0.562737198732793,64.5523622166365,218.631400633603,0,1000,0.0625,5
8,200,"random",0.75,0.25,0,"prop",1008,1008,100,900,0.37803449826315,133.642042204738,310.982750868425,0,1000,0.0625,5
9,200,"random",0.75,0.25,0,"prop",1009,1009,100,900,0.392745896149427,72.1375438664109,303.627051925287,0,1000,0.0625,5
10,200,"random",0.75,0.25,0,"prop",1010,1010,100,900,0.352403010427952,147.770381690934,323.798494786024,0,1000,0.0625,5
11,200,"random",0.75,0.25,0,"prop",1011,1011,100,900,-0.36598560065031,127.245850339532,682.992800325155,0,1000,0.0625,5
12,200,"random",0.75,0.25,0,"prop",1012,1012,100,900,0.520469473674893,56.2388661038131,239.765263162553,0,1000,0.0625,5
13,200,"random",0.75,0.25,0,"prop",1013,1013,100,900,-0.421446712594479,85.170845175162,710.72335629724,0,1000,0.0625,5
14,200,"random",0.75,0.25,0,"prop",1014,1014,100,900,-0.411036958359182,158.196753785014,705.518479179591,0,1000,0.0625,5
15,200,"random",0.75,0.25,0,"prop",1015,1015,100,900,0.303785761911422,110.638656923547,348.107119044289,0,1000,0.0625,5
16,200,"random",0.75,0.25,0,"prop",1016,1016,100,900,0.460413492750376,114.599662926048,269.793253624812,0,1000,0.0625,5
17,200,"random",0.75,0.25,0,"prop",1017,1017,100,900,-0.409102418925613,76.708527058363,704.551209462807,0,1000,0.0625,5
18,200,"random",0.75,0.25,0,"prop",1018,1018,100,900,-0.514041127450764,50.223126616329,757.020563725382,0,1000,0.0625,5
19,200,"random",0.75,0.25,0,"prop",1019,1019,100,900,-0.529648391529918,48.564311824739,764.824195764959,0,1000,0.0625,5
20,200,"random",0.75,0.25,0,"prop",1020,1020,100,900,-0.263644612580538,64.0735567826778,631.822306290269,0,1000,0.0625,5
21,200,"random",0.75,0.25,0,"prop",1021,1021,100,900,0.432276701368392,142.61687098071,283.861649315804,0,1000,0.0625,5
22,200,"random",0.75,0.25,0,"prop",1022,1022,100,900,0.22312885010615,74.6762021724135,388.435574946925,0,1000,0.0625,5
23,200,"random",0.75,0.25,0,"prop",1023,1023,100,900,0.579201393853873,95.2810701262206,210.399303073063,0,1000,0.0625,5
24,200,"random",0.75,0.25,0,"prop",1024,1024,100,900,0.468461090885103,83.8959683477879,265.769454557449,0,1000,0.0625,5
25,200,"random",0.75,0.25,0,"prop",1025,1025,100,900,0.310588590428233,87.4767678137869,344.705704785883,0,1000,0.0625,5
26,200,"random",0.75,0.25,0,"prop",1026,1026,100,900,-0.463677883800119,145.016575297341,731.83894190006,0,1000,0.0625,5
27,200,"random",0.75,0.25,0,"prop",1027,1027,100,900,-0.351529869344085,119.572755685076,675.764934672043,0,1000,0.0625,5
28,200,"random",0.75,0.25,0,"prop",1028,1028,100,900,0.481995540950447,58.7102954555303,259.002229524776,0,1000,0.0625,5
29,200,"random",0.75,0.25,0,"prop",1029,1029,100,900,0.56371944276616,157.90943633765,218.14027861692,0,1000,0.0625,5
30,200,"random",0.75,0.25,0,"prop",1030,1030,100,900,-0.433418324775994,155.725124720484,716.709162387997,0,1000,0.0625,5
31,200,"random",0.75,0.25,0,"prop",1031,1031,100,900,-0.245527718681842,101.622663196176,622.763859340921,0,1000,0.0625,5
32,200,"random",0.75,0.25,0,"prop",1032,1032,100,900,0.416833564266562,159.972676057369,291.583217866719,0,1000,0.0625,5
33,200,"random",0.75,0.25,0,"prop",1033,1033,100,900,-0.231774025503546,150.658480841666,615.887012751773,0,1000,0.0625,5
34,200,"random",0.75,0.25,0,"prop",1034,1034,100,900,0.303658826556057,101.7155880481,348.170586721972,0,1000,0.0625,5
35,200,"random",0.75,0.25,0,"prop",1035,1035,100,900,-0.496139975450933,136.51616550982,748.069987725466,0,1000,0.0625,5
36,200,"random",0.75,0.25,0,"prop",1036,1036,100,900,-0.512804520037025,60.5694581568241,756.402260018513,0,1000,0.0625,5
37,200,"random",0.75,0.25,0,"prop",1037,1037,100,900,-0.336527391895652,76.6957552731037,668.263695947826,0,1000,0.0625,5
38,200,"random",0.75,0.25,0,"prop",1038,1038,100,900,-0.372131829615682,48.5891921911389,686.065914807841,0,1000,0.0625,5
39,200,"random",0.75,0.25,0,"prop",1039,1039,100,900,-0.265492640435696,128.621556181461,632.746320217848,0,1000,0.0625,5
40,200,"random",0.75,0.25,0,"prop",1040,1040,100,900,0.396462712623179,71.8286439403892,301.768643688411,0,1000,0.0625,5
41,200,"random",0.75,0.25,0,"prop",1041,1041,100,900,0.270761300530285,107.802718970925,364.619349734858,0,1000,0.0625,5
42,200,"random",0.75,0.25,0,"prop",1042,1042,100,900,-0.272082454990596,50.30971089378,636.041227495298,0,1000,0.0625,5
43,200,"random",0.75,0.25,0,"prop",1043,1043,100,900,-0.514409954659641,135.96047190018,757.20497732982,0,1000,0.0625,5
44,200,"random",0.75,0.25,0,"prop",1044,1044,100,900,0.281190122105181,68.949268758297,359.404938947409,0,1000,0.0625,5
45,200,"random",0.75,0.25,0,"prop",1045,1045,100,900,-0.298152188770473,129.618231188506,649.076094385237,0,1000,0.0625,5
46,200,"random",0.75,0.25,0,"prop",1046,1046,100,900,-0.449920837208629,92.5382467918098,724.960418604314,0,1000,0.0625,5
47,200,"random",0.75,0.25,0,"prop",1047,1047,100,900,-0.39335528081283,82.0044951699674,696.677640406415,0,1000,0.0625,5
48,200,"random",0.75,0.25,0,"prop",1048,1048,100,900,0.334880759287626,125.52189941518,332.559620356187,0,1000,0.0625,5
49,200,"random",0.75,0.25,0,"prop",1049,1049,100,900,-0.286418171320111,48.1103185843676,643.209085660055,0,1000,0.0625,5
50,200,"random",0.75,0.25,0,"prop",1050,1050,100,900,0.518739911261946,104.504329292104,240.630044369027,0,1000,0.0625,5
51,200,"random",0.75,0.25,0,"prop",1051,1051,100,900,0.467208451684564,120.144753158092,266.395774157718,0,1000,0.0625,5
52,200,"random",0.75,0.25,0,"prop",1052,1052,100,900,-0.524613788723946,136.010702271014,762.306894361973,0,1000,0.0625,5
53,200,"random",0.75,0.25,0,"prop",1053,1053,100,900,-0.301137594226748,111.854233266786,650.568797113374,0,1000,0.0625,5
54,200,"random",0.75,0.25,0,"prop",1054,1054,100,900,0.227026368211955,56.161838285625,386.486815894023,0,1000,0.0625,5
55,200,"random",0.75,0.25,0,"prop",1055,1055,100,900,-0.469448702968657,74.5051852520555,734.724351484329,0,1000,0.0625,5
56,200,"random",0.75,0.25,0,"prop",1056,1056,100,900,0.263416431378573,114.981096098199,368.291784310713,0,1000,0.0625,5
57,200,"random",0.75,0.25,0,"prop",1057,1057,100,900,-0.316732824128121,126.599099338055,658.366412064061,0,1000,0.0625,5
58,200,"random",0.75,0.25,0,"prop",1058,1058,100,900,-0.200661138631403,89.7201638296247,600.330569315702,0,1000,0.0625,5
59,200,"random",0.75,0.25,0,"prop",1059,1059,100,900,0.587335973512381,88.9300858322531,206.332013243809,0,1000,0.0625,5
60,200,"random",0.75,0.25,0,"prop",1060,1060,100,900,-0.596468585636467,90.7071851752699,798.234292818233,0,1000,0.0625,5
61,200,"random",0.75,0.25,0,"prop",1061,1061,100,900,0.46247469317168,153.123148176819,268.76265341416,0,1000,0.0625,5
62,200,"random",0.75,0.25,0,"prop",1062,1062,100,900,-0.379952669236809,143.045144937932,689.976334618405,0,1000,0.0625,5
63,200,"random",0.75,0.25,0,"prop",1063,1063,100,900,0.212447410542518,107.163207447156,393.776294728741,0,1000,0.0625,5
64,200,"random",0.75,0.25,0,"prop",1064,1064,100,900,0.382872874196619,55.3561555314809,308.563562901691,0,1000,0.0625,5
65,200,"random",0.75,0.25,0,"prop",1065,1065,100,900,-0.566169402934611,81.412605708465,783.084701467305,0,1000,0.0625,5
66,200,"random",0.75,0.25,0,"prop",1066,1066,100,900,-0.304530638549477,96.5287199057639,652.265319274738,0,1000,0.0625,5
67,200,"random",0.75,0.25,0,"prop",1067,1067,100,900,-0.38810603749007,148.180348062888,694.053018745035,0,1000,0.0625,5
68,200,"random",0.75,0.25,0,"prop",1068,1068,100,900,0.306025441270322,93.2397368177772,346.987279364839,0,1000,0.0625,5
69,200,"random",0.75,0.25,0,"prop",1069,1069,100,900,-0.436038705799729,41.4799667708576,718.019352899864,0,1000,0.0625,5
70,200,"random",0.75,0.25,0,"prop",1070,1070,100,900,-0.256596485804766,119.243885539472,628.298242902383,0,1000,0.0625,5
71,200,"random",0.75,0.25,0,"prop",1071,1071,100,900,-0.567012536432594,91.8851877935231,783.506268216297,0,1000,0.0625,5
72,200,"random",0.75,0.25,0,"prop",1072,1072,100,900,0.500124978180975,77.0564173348248,249.937510909513,0,1000,0.0625,5
73,200,"random",0.75,0.25,0,"prop",1073,1073,100,900,0.463025340158492,136.202869974077,268.487329920754,0,1000,0.0625,5
74,200,"random",0.75,0.25,0,"prop",1074,1074,100,900,-0.565311022195965,147.861868236214,782.655511097983,0,1000,0.0625,5
75,200,"random",0.75,0.25,0,"prop",1075,1075,100,900,0.597914779838175,101.807442698628,201.042610080913,0,1000,0.0625,5
76,200,"random",0.75,0.25,0,"prop",1076,1076,100,900,-0.380652419757098,93.0626105517149,690.326209878549,0,1000,0.0625,5
77,200,"random",0.75,0.25,0,"prop",1077,1077,100,900,0.319731154665351,100.718126427382,340.134422667325,0,1000,0.0625,5
78,200,"random",0.75,0.25,0,"prop",1078,1078,100,900,0.40430215569213,41.1927421670407,297.848922153935,0,1000,0.0625,5
79,200,"random",0.75,0.25,0,"prop",1079,1079,100,900,-0.455093448143452,128.482373896986,727.546724071726,0,1000,0.0625,5
80,200,"random",0.75,0.25,0,"prop",1080,1080,100,900,-0.477718539629132,96.8029927648604,738.859269814566,0,1000,0.0625,5
81,200,"random",0.75,0.25,0,"prop",1081,1081,100,900,-0.473065573722124,51.7811780516058,736.532786861062,0,1000,0.0625,5
82,200,"random",0.75,0.25,0,"prop",1082,1082,100,900,-0.556182517204434,124.417246971279,778.091258602217,0,1000,0.0625,5
83,200,"random",0.75,0.25,0,"prop",1083,1083,100,900,0.514316797442734,78.0528672318906,242.841601278633,0,1000,0.0625,5
84,200,"random",0.75,0.25,0,"prop",1084,1084,100,900,0.351895737741143,128.771114228293,324.052131129429,0,1000,0.0625,5
85,200,"random",0.75,0.25,0,"prop",1085,1085,100,900,-0.518835891503841,80.2522549591959,759.41794575192,0,1000,0.0625,5
86,200,"random",0.75,0.25,0,"prop",1086,1086,100,900,0.520110374130309,67.3613711260259,239.944812934846,0,1000,0.0625,5
87,200,"random",0.75,0.25,0,"prop",1087,1087,100,900,-0.483357445057482,83.0388867575675,741.678722528741,0,1000,0.0625,5
88,200,"random",0.75,0.25,0,"prop",1088,1088,100,900,0.491876588668674,119.80211048387,254.061705665663,0,1000,0.0625,5
89,200,"random",0.75,0.25,0,"prop",1089,1089,100,900,0.242827022448182,138.822859954089,378.586488775909,0,1000,0.0625,5
90,200,"random",0.75,0.25,0,"prop",1090,1090,100,900,-0.540155244898051,147.67503041774,770.077622449026,0,1000,0.0625,5
91,200,"random",0.75,0.25,0,"prop",1091,1091,100,900,0.335867060255259,76.1314634233713,332.06646987237,0,1000,0.0625,5
92,200,"random",0.75,0.25,0,"prop",1092,1092,100,900,-0.512439190410078,138.897624658421,756.219595205039,0,1000,0.0625,5
93,200,"random",0.75,0.25,0,"prop",1093,1093,100,900,0.411326605919749,91.3945666421205,294.336697040126,0,1000,0.0625,5
94,200,"random",0.75,0.25,0,"prop",1094,1094,100,900,0.40962933851406,127.316382937133,295.18533074297,0,1000,0.0625,5
95,200,"random",0.75,0.25,0,"prop",1095,1095,100,900,0.324222845770419,65.6378482375294,337.888577114791,0,1000,0.0625,5
96,200,"random",0.75,0.25,0,"prop",1096,1096,100,900,0.230886499024928,97.4210770707578,384.556750487536,0,1000,0.0625,5
97,200,"random",0.75,0.25,0,"prop",1097,1097,100,900,-0.450531168375164,46.0609290096909,725.265584187582,0,1000,0.0625,5
98,200,"random",0.75,0.25,0,"prop",1098,1098,100,900,-0.339732302166522,159.436394153163,669.866151083261,0,1000,0.0625,5
99,200,"random",0.75,0.25,0,"prop",1099,1099,100,900,-0.285156529117376,155.973154623061,642.578264558688,0,1000,0.0625,5
100,200,"random",0.75,0.25,0,"prop",1100,1100,100,900,0.578166307508945,123.460056288168,210.916846245527,0,1000,0.0625,5
1,200,"random",1,0.25,0,"prop",1101,1101,100,900,-0.5271309399046,127.805802626535,763.5654699523,0,1000,0.0625,5
2,200,"random",1,0.25,0,"prop",1102,1102,100,900,-0.281468411628157,44.5261773932725,640.734205814078,0,1000,0.0625,5
3,200,"random",1,0.25,0,"prop",1103,1103,100,900,0.432882234733552,86.4584438316524,283.558882633224,0,1000,0.0625,5
4,200,"random",1,0.25,0,"prop",1104,1104,100,900,0.390443210303783,140.368848489597,304.778394848108,0,1000,0.0625,5
5,200,"random",1,0.25,0,"prop",1105,1105,100,900,0.483239977248013,121.530118333176,258.380011375993,0,1000,0.0625,5
6,200,"random",1,0.25,0,"prop",1106,1106,100,900,0.291634493973106,66.8355796206743,354.182753013447,0,1000,0.0625,5
7,200,"random",1,0.25,0,"prop",1107,1107,100,900,0.364910220261663,102.198379104957,317.544889869168,0,1000,0.0625,5
8,200,"random",1,0.25,0,"prop",1108,1108,100,900,0.48886284166947,66.4858494885266,255.568579165265,0,1000,0.0625,5
9,200,"random",1,0.25,0,"prop",1109,1109,100,900,0.299073442071676,80.9622649941594,350.463278964162,0,1000,0.0625,5
10,200,"random",1,0.25,0,"prop",1110,1110,100,900,-0.391286278609186,42.7657717559487,695.643139304593,0,1000,0.0625,5
11,200,"random",1,0.25,0,"prop",1111,1111,100,900,0.571134128142148,61.3335655257106,214.432935928926,0,1000,0.0625,5
12,200,"random",1,0.25,0,"prop",1112,1112,100,900,-0.44357656147331,48.4262562636286,721.788280736655,0,1000,0.0625,5
13,200,"random",1,0.25,0,"prop",1113,1113,100,900,-0.277681617252529,79.3117916211486,638.840808626264,0,1000,0.0625,5
14,200,"random",1,0.25,0,"prop",1114,1114,100,900,-0.596860313601792,56.1068288050592,798.430156800896,0,1000,0.0625,5
15,200,"random",1,0.25,0,"prop",1115,1115,100,900,-0.284697686973959,48.5715934634209,642.34884348698,0,1000,0.0625,5
16,200,"random",1,0.25,0,"prop",1116,1116,100,900,0.438766574207693,64.0764073841274,280.616712896153,0,1000,0.0625,5
17,200,"random",1,0.25,0,"prop",1117,1117,100,900,0.298650868143886,45.5595002043992,350.674565928057,0,1000,0.0625,5
18,200,"random",1,0.25,0,"prop",1118,1118,100,900,0.390339718200266,42.2630651295185,304.830140899867,0,1000,0.0625,5
19,200,"random",1,0.25,0,"prop",1119,1119,100,900,-0.586288434825838,45.7757810503244,793.144217412919,0,1000,0.0625,5
20,200,"random",1,0.25,0,"prop",1120,1120,100,900,-0.223155245371163,48.5309214517474,611.577622685581,0,1000,0.0625,5
21,200,"random",1,0.25,0,"prop",1121,1121,100,900,-0.383315755333751,64.1151966527104,691.657877666876,0,1000,0.0625,5
22,200,"random",1,0.25,0,"prop",1122,1122,100,900,0.261416505090892,56.9383336603642,369.291747454554,0,1000,0.0625,5
23,200,"random",1,0.25,0,"prop",1123,1123,100,900,-0.546727170422673,94.3231130857021,773.363585211337,0,1000,0.0625,5
24,200,"random",1,0.25,0,"prop",1124,1124,100,900,-0.426768666505814,79.4081241078675,713.384333252907,0,1000,0.0625,5
25,200,"random",1,0.25,0,"prop",1125,1125,100,900,-0.260834935400635,57.8676111530513,630.417467700318,0,1000,0.0625,5
26,200,"random",1,0.25,0,"prop",1126,1126,100,900,0.485884658526629,76.9378018938005,257.057670736685,0,1000,0.0625,5
27,200,"random",1,0.25,0,"prop",1127,1127,100,900,0.334295137319714,140.002244273201,332.852431340143,0,1000,0.0625,5
28,200,"random",1,0.25,0,"prop",1128,1128,100,900,-0.431602932885289,86.3253905903548,715.801466442645,0,1000,0.0625,5
29,200,"random",1,0.25,0,"prop",1129,1129,100,900,-0.374710229970515,73.3669654093683,687.355114985257,0,1000,0.0625,5
30,200,"random",1,0.25,0,"prop",1130,1130,100,900,-0.44356137001887,44.299798393622,721.780685009435,0,1000,0.0625,5
31,200,"random",1,0.25,0,"prop",1131,1131,100,900,0.497914327960461,66.6495764162391,251.042836019769,0,1000,0.0625,5
32,200,"random",1,0.25,0,"prop",1132,1132,100,900,0.477115328982472,42.585169877857,261.442335508764,0,1000,0.0625,5
33,200,"random",1,0.25,0,"prop",1133,1133,100,900,0.352307172678411,105.991551801562,323.846413660794,0,1000,0.0625,5
34,200,"random",1,0.25,0,"prop",1134,1134,100,900,0.237091457657516,73.7665388081223,381.454271171242,0,1000,0.0625,5
35,200,"random",1,0.25,0,"prop",1135,1135,100,900,0.502784711960703,96.2797980569303,248.607644019648,0,1000,0.0625,5
36,200,"random",1,0.25,0,"prop",1136,1136,100,900,0.266829162836075,80.0828091707081,366.585418581963,0,1000,0.0625,5
37,200,"random",1,0.25,0,"prop",1137,1137,100,900,0.41795777734369,56.6044553834945,291.021111328155,0,1000,0.0625,5
38,200,"random",1,0.25,0,"prop",1138,1138,100,900,-0.359092528838664,68.4469789359719,679.546264419332,0,1000,0.0625,5
39,200,"random",1,0.25,0,"prop",1139,1139,100,900,0.428609769791365,144.613694148138,285.695115104318,0,1000,0.0625,5
40,200,"random",1,0.25,0,"prop",1140,1140,100,900,0.36698657060042,86.8726140912622,316.50671469979,0,1000,0.0625,5
41,200,"random",1,0.25,0,"prop",1141,1141,100,900,0.593219078425318,102.159121120349,203.390460787341,0,1000,0.0625,5
42,200,"random",1,0.25,0,"prop",1142,1142,100,900,0.454658960737288,122.406133469194,272.670519631356,0,1000,0.0625,5
43,200,"random",1,0.25,0,"prop",1143,1143,100,900,0.299650084413588,143.024987382814,350.174957793206,0,1000,0.0625,5
44,200,"random",1,0.25,0,"prop",1144,1144,100,900,0.48601321047172,80.372664462775,256.99339476414,0,1000,0.0625,5
45,200,"random",1,0.25,0,"prop",1145,1145,100,900,-0.534115684311837,125.729423183948,767.057842155918,0,1000,0.0625,5
46,200,"random",1,0.25,0,"prop",1146,1146,100,900,0.504256642889231,123.279476454481,247.871678555384,0,1000,0.0625,5
47,200,"random",1,0.25,0,"prop",1147,1147,100,900,-0.545501318760216,135.701460922137,772.750659380108,0,1000,0.0625,5
48,200,"random",1,0.25,0,"prop",1148,1148,100,900,-0.527580514922738,117.268924191594,763.790257461369,0,1000,0.0625,5
49,200,"random",1,0.25,0,"prop",1149,1149,100,900,-0.580912458803505,56.2903954740614,790.456229401752,0,1000,0.0625,5
50,200,"random",1,0.25,0,"prop",1150,1150,100,900,0.349312082305551,150.799066117033,325.343958847225,0,1000,0.0625,5
51,200,"random",1,0.25,0,"prop",1151,1151,100,900,0.450830542296171,68.2817133981735,274.584728851914,0,1000,0.0625,5
52,200,"random",1,0.25,0,"prop",1152,1152,100,900,-0.280737769883126,158.153604250401,640.368884941563,0,1000,0.0625,5
53,200,"random",1,0.25,0,"prop",1153,1153,100,900,0.439603926148266,86.1276365723461,280.198036925867,0,1000,0.0625,5
54,200,"random",1,0.25,0,"prop",1154,1154,100,900,-0.250357682444155,51.2561501655728,625.178841222078,0,1000,0.0625,5
55,200,"random",1,0.25,0,"prop",1155,1155,100,900,-0.424369101785123,48.1288644112647,712.184550892562,0,1000,0.0625,5
56,200,"random",1,0.25,0,"prop",1156,1156,100,900,-0.495699675939977,151.074668848887,747.849837969989,0,1000,0.0625,5
57,200,"random",1,0.25,0,"prop",1157,1157,100,900,-0.505106529127806,121.937482962385,752.553264563903,0,1000,0.0625,5
58,200,"random",1,0.25,0,"prop",1158,1158,100,900,-0.300022197514772,96.9834407791495,650.011098757386,0,1000,0.0625,5
59,200,"random",1,0.25,0,"prop",1159,1159,100,900,0.491699384339154,115.372308129445,254.150307830423,0,1000,0.0625,5
60,200,"random",1,0.25,0,"prop",1160,1160,100,900,-0.314749109651893,144.72641909495,657.374554825947,0,1000,0.0625,5
61,200,"random",1,0.25,0,"prop",1161,1161,100,900,-0.355616782512516,100.694424081594,677.808391256258,0,1000,0.0625,5
62,200,"random",1,0.25,0,"prop",1162,1162,100,900,0.543068791273981,134.704018691555,228.465604363009,0,1000,0.0625,5
63,200,"random",1,0.25,0,"prop",1163,1163,100,900,-0.524876292981207,46.9154063984752,762.438146490604,0,1000,0.0625,5
64,200,"random",1,0.25,0,"prop",1164,1164,100,900,0.592326944135129,126.59342286177,203.836527932435,0,1000,0.0625,5
65,200,"random",1,0.25,0,"prop",1165,1165,100,900,0.48951455457136,77.5111480429769,255.24272271432,0,1000,0.0625,5
66,200,"random",1,0.25,0,"prop",1166,1166,100,900,0.471585831511766,154.860412636772,264.207084244117,0,1000,0.0625,5
67,200,"random",1,0.25,0,"prop",1167,1167,100,900,-0.503229312971234,126.308433404192,751.614656485617,0,1000,0.0625,5
68,200,"random",1,0.25,0,"prop",1168,1168,100,900,0.327198712900281,141.312032761052,336.40064354986,0,1000,0.0625,5
69,200,"random",1,0.25,0,"prop",1169,1169,100,900,-0.599024190101773,72.4968975130469,799.512095050886,0,1000,0.0625,5
70,200,"random",1,0.25,0,"prop",1170,1170,100,900,0.475221996102482,131.588163059205,262.389001948759,0,1000,0.0625,5
71,200,"random",1,0.25,0,"prop",1171,1171,100,900,0.443655972182751,95.8505852147937,278.172013908625,0,1000,0.0625,5
72,200,"random",1,0.25,0,"prop",1172,1172,100,900,0.427610057406127,139.309825729579,286.194971296936,0,1000,0.0625,5
73,200,"random",1,0.25,0,"prop",1173,1173,100,900,0.321486581210047,106.11552445218,339.256709394976,0,1000,0.0625,5
74,200,"random",1,0.25,0,"prop",1174,1174,100,900,-0.46497698109597,112.09454880096,732.488490547985,0,1000,0.0625,5
75,200,"random",1,0.25,0,"prop",1175,1175,100,900,0.465426258556545,145.147644234821,267.286870721728,0,1000,0.0625,5
76,200,"random",1,0.25,0,"prop",1176,1176,100,900,0.242766561545432,153.284880239516,378.616719227284,0,1000,0.0625,5
77,200,"random",1,0.25,0,"prop",1177,1177,100,900,-0.358114948961884,101.126937130466,679.057474480942,0,1000,0.0625,5
78,200,"random",1,0.25,0,"prop",1178,1178,100,900,0.392896341439337,134.487037006766,303.551829280332,0,1000,0.0625,5
79,200,"random",1,0.25,0,"prop",1179,1179,100,900,0.288217958807945,82.3269537463784,355.891020596027,0,1000,0.0625,5
80,200,"random",1,0.25,0,"prop",1180,1180,100,900,-0.372846394591033,70.2692630514503,686.423197295517,0,1000,0.0625,5
81,200,"random",1,0.25,0,"prop",1181,1181,100,900,-0.341308947652578,117.872213181108,670.654473826289,0,1000,0.0625,5
82,200,"random",1,0.25,0,"prop",1182,1182,100,900,-0.42871260792017,77.3549420293421,714.356303960085,0,1000,0.0625,5
83,200,"random",1,0.25,0,"prop",1183,1183,100,900,-0.417553484905511,61.0423223581165,708.776742452756,0,1000,0.0625,5
84,200,"random",1,0.25,0,"prop",1184,1184,100,900,0.223204605467618,81.4876801241189,388.397697266191,0,1000,0.0625,5
85,200,"random",1,0.25,0,"prop",1185,1185,100,900,-0.533845734689385,40.4742598440498,766.922867344692,0,1000,0.0625,5
86,200,"random",1,0.25,0,"prop",1186,1186,100,900,-0.350645131710917,95.8150039799512,675.322565855458,0,1000,0.0625,5
87,200,"random",1,0.25,0,"prop",1187,1187,100,900,-0.455780743714422,96.7086487449706,727.890371857211,0,1000,0.0625,5
88,200,"random",1,0.25,0,"prop",1188,1188,100,900,-0.39771136790514,54.952631406486,698.85568395257,0,1000,0.0625,5
89,200,"random",1,0.25,0,"prop",1189,1189,100,900,-0.281968898046762,64.7155169676989,640.984449023381,0,1000,0.0625,5
90,200,"random",1,0.25,0,"prop",1190,1190,100,900,-0.396576758287847,95.3532114624977,698.288379143924,0,1000,0.0625,5
91,200,"random",1,0.25,0,"prop",1191,1191,100,900,-0.375264828745276,65.6065335310996,687.632414372638,0,1000,0.0625,5
92,200,"random",1,0.25,0,"prop",1192,1192,100,900,0.445931754354388,77.2444174718112,277.034122822806,0,1000,0.0625,5
93,200,"random",1,0.25,0,"prop",1193,1193,100,900,-0.225217380002141,150.237736012787,612.60869000107,0,1000,0.0625,5
94,200,"random",1,0.25,0,"prop",1194,1194,100,900,-0.248042693082243,52.045634360984,624.021346541122,0,1000,0.0625,5
95,200,"random",1,0.25,0,"prop",1195,1195,100,900,-0.367947774846107,125.585660105571,683.973887423053,0,1000,0.0625,5
96,200,"random",1,0.25,0,"prop",1196,1196,100,900,0.365254151076078,149.745210101828,317.372924461961,0,1000,0.0625,5
97,200,"random",1,0.25,0,"prop",1197,1197,100,900,0.237936614081264,137.171184280887,381.031692959368,0,1000,0.0625,5
98,200,"random",1,0.25,0,"prop",1198,1198,100,900,-0.531126046180725,154.815419558436,765.563023090363,0,1000,0.0625,5
99,200,"random",1,0.25,0,"prop",1199,1199,100,900,-0.232900980766863,153.208951093256,616.450490383431,0,1000,0.0625,5
100,200,"random",1,0.25,0,"prop",1200,1200,100,900,0.399713984038681,71.9396800734103,300.14300798066,0,1000,0.0625,5
1,200,"random",0.5,0.1,0,"width",1201,1201,100,900,-0.532803956791759,58.6106931325048,766.401978395879,0,1000,0.0625,5
2,200,"random",0.5,0.1,0,"width",1202,1202,100,900,0.326453877985477,136.134444950148,336.773061007261,0,1000,0.0625,5
3,200,"random",0.5,0.1,0,"width",1203,1203,100,900,-0.37172342762351,98.2982743624598,685.861713811755,0,1000,0.0625,5
4,200,"random",0.5,0.1,0,"width",1204,1204,100,900,-0.258309467695653,114.038355564699,629.154733847827,0,1000,0.0625,5
5,200,"random",0.5,0.1,0,"width",1205,1205,100,900,-0.400524941366166,142.090742802247,700.262470683083,0,1000,0.0625,5
6,200,"random",0.5,0.1,0,"width",1206,1206,100,900,-0.517319016996771,79.6343255508691,758.659508498386,0,1000,0.0625,5
7,200,"random",0.5,0.1,0,"width",1207,1207,100,900,0.478215924929827,115.43617663905,260.892037535086,0,1000,0.0625,5
8,200,"random",0.5,0.1,0,"width",1208,1208,100,900,0.494978200644255,79.4879429601133,252.510899677873,0,1000,0.0625,5
9,200,"random",0.5,0.1,0,"width",1209,1209,100,900,-0.329669268708676,77.0990953873843,664.834634354338,0,1000,0.0625,5
10,200,"random",0.5,0.1,0,"width",1210,1210,100,900,0.291465616039932,158.629356352612,354.267191980034,0,1000,0.0625,5
11,200,"random",0.5,0.1,0,"width",1211,1211,100,900,0.366592416726053,96.865927586332,316.703791636974,0,1000,0.0625,5
12,200,"random",0.5,0.1,0,"width",1212,1212,100,900,-0.440426399279386,88.2128993235528,720.213199639693,0,1000,0.0625,5
13,200,"random",0.5,0.1,0,"width",1213,1213,100,900,-0.313389226328582,53.3616536762565,656.694613164291,0,1000,0.0625,5
14,200,"random",0.5,0.1,0,"width",1214,1214,100,900,-0.359340725839138,140.904936436564,679.670362919569,0,1000,0.0625,5
15,200,"random",0.5,0.1,0,"width",1215,1215,100,900,-0.344767281226814,138.829795029014,672.383640613407,0,1000,0.0625,5
16,200,"random",0.5,0.1,0,"width",1216,1216,100,900,0.214081057533622,135.347543722019,392.959471233189,0,1000,0.0625,5
17,200,"random",0.5,0.1,0,"width",1217,1217,100,900,-0.258775256201625,135.355624882504,629.387628100812,0,1000,0.0625,5
18,200,"random",0.5,0.1,0,"width",1218,1218,100,900,0.568042366858572,133.528753714636,215.978816570714,0,1000,0.0625,5
19,200,"random",0.5,0.1,0,"width",1219,1219,100,900,-0.513905752263963,68.7386778555811,756.952876131982,0,1000,0.0625,5
20,200,"random",0.5,0.1,0,"width",1220,1220,100,900,0.309101657755673,103.223181851208,345.449171122164,0,1000,0.0625,5
21,200,"random",0.5,0.1,0,"width",1221,1221,100,900,-0.492847238667309,151.350042587146,746.423619333655,0,1000,0.0625,5
22,200,"random",0.5,0.1,0,"width",1222,1222,100,900,-0.324646492488682,103.787864660844,662.323246244341,0,1000,0.0625,5
23,200,"random",0.5,0.1,0,"width",1223,1223,100,900,-0.286400625389069,148.43203753233,643.200312694535,0,1000,0.0625,5
24,200,"random",0.5,0.1,0,"width",1224,1224,100,900,0.282810696773231,127.841441864148,358.594651613384,0,1000,0.0625,5
25,200,"random",0.5,0.1,0,"width",1225,1225,100,900,0.585037235543132,48.2727953791618,207.481382228434,0,1000,0.0625,5
26,200,"random",0.5,0.1,0,"width",1226,1226,100,900,0.325114968791604,40.8275769837201,337.442515604198,0,1000,0.0625,5
27,200,"random",0.5,0.1,0,"width",1227,1227,100,900,0.360528519470245,154.993668692187,319.735740264878,0,1000,0.0625,5
28,200,"random",0.5,0.1,0,"width",1228,1228,100,900,-0.586862372700125,53.326172074303,793.431186350062,0,1000,0.0625,5
29,200,"random",0.5,0.1,0,"width",1229,1229,100,900,0.352668044436723,87.4649824108929,323.665977781639,0,1000,0.0625,5
30,200,"random",0.5,0.1,0,"width",1230,1230,100,900,0.370023220404983,104.250908931717,314.988389797509,0,1000,0.0625,5
31,200,"random",0.5,0.1,0,"width",1231,1231,100,900,0.22675749855116,149.935792787001,386.62125072442,0,1000,0.0625,5
32,200,"random",0.5,0.1,0,"width",1232,1232,100,900,-0.55631600888446,116.187882004306,778.15800444223,0,1000,0.0625,5
33,200,"random",0.5,0.1,0,"width",1233,1233,100,900,-0.405457319505513,45.0010306481272,702.728659752756,0,1000,0.0625,5
34,200,"random",0.5,0.1,0,"width",1234,1234,100,900,-0.434933582413942,64.5838760770857,717.466791206971,0,1000,0.0625,5
35,200,"random",0.5,0.1,0,"width",1235,1235,100,900,-0.272454100195318,100.240581296384,636.227050097659,0,1000,0.0625,5
36,200,"random",0.5,0.1,0,"width",1236,1236,100,900,-0.299016258493066,142.659526513889,649.508129246533,0,1000,0.0625,5
37,200,"random",0.5,0.1,0,"width",1237,1237,100,900,-0.454940180666745,106.235493877903,727.470090333372,0,1000,0.0625,5
38,200,"random",0.5,0.1,0,"width",1238,1238,100,900,0.50858375094831,47.2321717627347,245.708124525845,0,1000,0.0625,5
39,200,"random",0.5,0.1,0,"width",1239,1239,100,900,-0.430986286234111,82.934789750725,715.493143117055,0,1000,0.0625,5
40,200,"random",0.5,0.1,0,"width",1240,1240,100,900,-0.200640048645437,124.055682178587,600.320024322718,0,1000,0.0625,5
41,200,"random",0.5,0.1,0,"width",1241,1241,100,900,-0.522001384291798,121.829772768542,761.000692145899,0,1000,0.0625,5
42,200,"random",0.5,0.1,0,"width",1242,1242,100,900,-0.564842349756509,86.2286713067442,782.421174878255,0,1000,0.0625,5
43,200,"random",0.5,0.1,0,"width",1243,1243,100,900,-0.300042538624257,61.6735376417637,650.021269312128,0,1000,0.0625,5
44,200,"random",0.5,0.1,0,"width",1244,1244,100,900,-0.285397880803794,81.2657926790416,642.698940401897,0,1000,0.0625,5
45,200,"random",0.5,0.1,0,"width",1245,1245,100,900,0.219279080908746,85.1492416020483,390.360459545627,0,1000,0.0625,5
46,200,"random",0.5,0.1,0,"width",1246,1246,100,900,-0.256287980731577,106.811434924603,628.143990365788,0,1000,0.0625,5
47,200,"random",0.5,0.1,0,"width",1247,1247,100,900,0.460699461121112,57.8774536866695,269.650269439444,0,1000,0.0625,5
48,200,"random",0.5,0.1,0,"width",1248,1248,100,900,0.36393643990159,45.3477951232344,318.031780049205,0,1000,0.0625,5
49,200,"random",0.5,0.1,0,"width",1249,1249,100,900,-0.468210344854742,107.310886159539,734.105172427371,0,1000,0.0625,5
50,200,"random",0.5,0.1,0,"width",1250,1250,100,900,-0.336755294073373,154.721287544817,668.377647036687,0,1000,0.0625,5
51,200,"random",0.5,0.1,0,"width",1251,1251,100,900,-0.560169224906713,90.6826098263264,780.084612453356,0,1000,0.0625,5
52,200,"random",0.5,0.1,0,"width",1252,1252,100,900,0.377922733593732,93.9928401727229,311.038633203134,0,1000,0.0625,5
53,200,"random",0.5,0.1,0,"width",1253,1253,100,900,-0.374074429087341,96.895235972479,687.03721454367,0,1000,0.0625,5
54,200,"random",0.5,0.1,0,"width",1254,1254,100,900,0.56218345342204,40.9783643204719,218.90827328898,0,1000,0.0625,5
55,200,"random",0.5,0.1,0,"width",1255,1255,100,900,-0.476524287834764,131.122673368081,738.262143917382,0,1000,0.0625,5
56,200,"random",0.5,0.1,0,"width",1256,1256,100,900,0.269848798774183,46.1314120143652,365.075600612909,0,1000,0.0625,5
57,200,"random",0.5,0.1,0,"width",1257,1257,100,900,-0.470917438250035,77.2964754607528,735.458719125018,0,1000,0.0625,5
58,200,"random",0.5,0.1,0,"width",1258,1258,100,900,0.259359936229885,131.206855196506,370.320031885058,0,1000,0.0625,5
59,200,"random",0.5,0.1,0,"width",1259,1259,100,900,-0.326774690765887,85.3427363280207,663.387345382944,0,1000,0.0625,5
60,200,"random",0.5,0.1,0,"width",1260,1260,100,900,0.49518438372761,110.849143136293,252.407808136195,0,1000,0.0625,5
61,200,"random",0.5,0.1,0,"width",1261,1261,100,900,0.223911081347615,98.3301761653274,388.044459326193,0,1000,0.0625,5
62,200,"random",0.5,0.1,0,"width",1262,1262,100,900,0.5930887802504,115.042035216466,203.4556098748,0,1000,0.0625,5
63,200,"random",0.5,0.1,0,"width",1263,1263,100,900,0.298161818366498,88.70929739438,350.919090816751,0,1000,0.0625,5
64,200,"random",0.5,0.1,0,"width",1264,1264,100,900,0.223971332423389,86.732844458893,388.014333788306,0,1000,0.0625,5
65,200,"random",0.5,0.1,0,"width",1265,1265,100,900,-0.423595746792853,136.956101013348,711.797873396426,0,1000,0.0625,5
66,200,"random",0.5,0.1,0,"width",1266,1266,100,900,-0.445445343572646,85.2872323431075,722.722671786323,0,1000,0.0625,5
67,200,"random",0.5,0.1,0,"width",1267,1267,100,900,-0.421545538119972,140.177810359746,710.772769059986,0,1000,0.0625,5
68,200,"random",0.5,0.1,0,"width",1268,1268,100,900,0.597841777745634,48.5305424500257,201.079111127183,0,1000,0.0625,5
69,200,"random",0.5,0.1,0,"width",1269,1269,100,900,0.233991409279406,156.908896351233,383.004295360297,0,1000,0.0625,5
70,200,"random",0.5,0.1,0,"width",1270,1270,100,900,0.320952458120883,46.0571049898863,339.523770939559,0,1000,0.0625,5
71,200,"random",0.5,0.1,0,"width",1271,1271,100,900,0.385164237581193,84.7202158160508,307.417881209403,0,1000,0.0625,5
72,200,"random",0.5,0.1,0,"width",1272,1272,100,900,-0.492569905333221,119.351634792984,746.28495266661,0,1000,0.0625,5
73,200,"random",0.5,0.1,0,"width",1273,1273,100,900,0.252695638872683,154.752211989835,373.652180563658,0,1000,0.0625,5
74,200,"random",0.5,0.1,0,"width",1274,1274,100,900,-0.378381722606719,89.015740333125,689.190861303359,0,1000,0.0625,5
75,200,"random",0.5,0.1,0,"width",1275,1275,100,900,-0.508724781498313,108.280819542706,754.362390749156,0,1000,0.0625,5
76,200,"random",0.5,0.1,0,"width",1276,1276,100,900,-0.505946647003293,106.785845253617,752.973323501647,0,1000,0.0625,5
77,200,"random",0.5,0.1,0,"width",1277,1277,100,900,-0.412383891455829,42.8155723027885,706.191945727915,0,1000,0.0625,5
78,200,"random",0.5,0.1,0,"width",1278,1278,100,900,0.269974627811462,131.969958553091,365.012686094269,0,1000,0.0625,5
79,200,"random",0.5,0.1,0,"width",1279,1279,100,900,0.323425044119358,48.8223980553448,338.287477940321,0,1000,0.0625,5
80,200,"random",0.5,0.1,0,"width",1280,1280,100,900,-0.323481704201549,87.6313841715455,661.740852100775,0,1000,0.0625,5
81,200,"random",0.5,0.1,0,"width",1281,1281,100,900,0.491858502756804,53.9768571499735,254.070748621598,0,1000,0.0625,5
82,200,"random",0.5,0.1,0,"width",1282,1282,100,900,-0.424116755556315,66.0425465274602,712.058377778158,0,1000,0.0625,5
83,200,"random",0.5,0.1,0,"width",1283,1283,100,900,-0.276965623348951,54.7831228934228,638.482811674476,0,1000,0.0625,5
84,200,"random",0.5,0.1,0,"width",1284,1284,100,900,-0.321451134886593,94.2697081528604,660.725567443296,0,1000,0.0625,5
85,200,"random",0.5,0.1,0,"width",1285,1285,100,900,-0.551289884001017,110.426516123116,775.644942000508,0,1000,0.0625,5
86,200,"random",0.5,0.1,0,"width",1286,1286,100,900,-0.4601691856049,158.596364762634,730.08459280245,0,1000,0.0625,5
87,200,"random",0.5,0.1,0,"width",1287,1287,100,900,-0.288291820790619,153.899636538699,644.145910395309,0,1000,0.0625,5
88,200,"random",0.5,0.1,0,"width",1288,1288,100,900,0.431643988098949,82.0560592692346,284.178005950525,0,1000,0.0625,5
89,200,"random",0.5,0.1,0,"width",1289,1289,100,900,0.214144837576896,112.399850264192,392.927581211552,0,1000,0.0625,5
90,200,"random",0.5,0.1,0,"width",1290,1290,100,900,-0.513637140300125,68.4861188475043,756.818570150062,0,1000,0.0625,5
91,200,"random",0.5,0.1,0,"width",1291,1291,100,900,-0.271779725048691,83.0117323249578,635.889862524346,0,1000,0.0625,5
92,200,"random",0.5,0.1,0,"width",1292,1292,100,900,0.537960932590067,138.241397831589,231.019533704966,0,1000,0.0625,5
93,200,"random",0.5,0.1,0,"width",1293,1293,100,900,-0.344299719855189,67.1055534575135,672.149859927595,0,1000,0.0625,5
94,200,"random",0.5,0.1,0,"width",1294,1294,100,900,0.373596424795687,41.1159544344991,313.201787602156,0,1000,0.0625,5
95,200,"random",0.5,0.1,0,"width",1295,1295,100,900,0.371971789840609,150.902531826869,314.014105079696,0,1000,0.0625,5
96,200,"random",0.5,0.1,0,"width",1296,1296,100,900,-0.585150850564241,87.2168864309788,792.575425282121,0,1000,0.0625,5
97,200,"random",0.5,0.1,0,"width",1297,1297,100,900,-0.284821987338364,74.2469954770058,642.410993669182,0,1000,0.0625,5
98,200,"random",0.5,0.1,0,"width",1298,1298,100,900,-0.365733125712723,69.4395691342652,682.866562856361,0,1000,0.0625,5
99,200,"random",0.5,0.1,0,"width",1299,1299,100,900,0.33889396796003,134.464544812217,330.553016019985,0,1000,0.0625,5
100,200,"random",0.5,0.1,0,"width",1300,1300,100,900,0.344544737227261,89.9583202693612,327.727631386369,0,1000,0.0625,5
1,200,"random",0.5,0.45,0,"width",1301,1301,100,900,-0.443140821810812,53.1500816997141,721.570410905406,0,1000,0.0625,5
2,200,"random",0.5,0.45,0,"width",1302,1302,100,900,0.22422204753384,119.511538147926,387.88897623308,0,1000,0.0625,5
3,200,"random",0.5,0.45,0,"width",1303,1303,100,900,0.440740531869233,74.5097629725933,279.629734065384,0,1000,0.0625,5
4,200,"random",0.5,0.45,0,"width",1304,1304,100,900,0.459818535018712,113.383710179478,270.090732490644,0,1000,0.0625,5
5,200,"random",0.5,0.45,0,"width",1305,1305,100,900,-0.417583482712507,48.7665491551161,708.791741356254,0,1000,0.0625,5
6,200,"random",0.5,0.45,0,"width",1306,1306,100,900,0.506754267029464,69.5539156999439,246.622866485268,0,1000,0.0625,5
7,200,"random",0.5,0.45,0,"width",1307,1307,100,900,-0.272021412383765,73.344761999324,636.010706191882,0,1000,0.0625,5
8,200,"random",0.5,0.45,0,"width",1308,1308,100,900,-0.244388388842344,66.033918056637,622.194194421172,0,1000,0.0625,5
9,200,"random",0.5,0.45,0,"width",1309,1309,100,900,0.433724724221975,144.810380032286,283.137637889013,0,1000,0.0625,5
10,200,"random",0.5,0.45,0,"width",1310,1310,100,900,-0.556798188667744,60.0561112072319,778.399094333872,0,1000,0.0625,5
11,200,"random",0.5,0.45,0,"width",1311,1311,100,900,-0.56789662707597,83.2388828229159,783.948313537985,0,1000,0.0625,5
12,200,"random",0.5,0.45,0,"width",1312,1312,100,900,-0.436161596886814,154.807121055201,718.080798443407,0,1000,0.0625,5
13,200,"random",0.5,0.45,0,"width",1313,1313,100,900,0.283768064249307,128.894198508933,358.115967875347,0,1000,0.0625,5
14,200,"random",0.5,0.45,0,"width",1314,1314,100,900,-0.239163163490593,55.3042135480791,619.581581745297,0,1000,0.0625,5
15,200,"random",0.5,0.45,0,"width",1315,1315,100,900,0.589016631804407,44.7492415457964,205.491684097797,0,1000,0.0625,5
16,200,"random",0.5,0.45,0,"width",1316,1316,100,900,0.221207408420742,126.916853263974,389.396295789629,0,1000,0.0625,5
17,200,"random",0.5,0.45,0,"width",1317,1317,100,900,-0.522665643785149,84.4199953507632,761.332821892574,0,1000,0.0625,5
18,200,"random",0.5,0.45,0,"width",1318,1318,100,900,-0.557744116336107,155.174792511389,778.872058168054,0,1000,0.0625,5
19,200,"random",0.5,0.45,0,"width",1319,1319,100,900,0.241252630855888,97.1670339908451,379.373684572056,0,1000,0.0625,5
20,200,"random",0.5,0.45,0,"width",1320,1320,100,900,-0.477108536381274,125.32634165138,738.554268190637,0,1000,0.0625,5
21,200,"random",0.5,0.45,0,"width",1321,1321,100,900,0.267751223221421,69.9618228897452,366.124388389289,0,1000,0.0625,5
22,200,"random",0.5,0.45,0,"width",1322,1322,100,900,-0.428217104822397,88.5704441834241,714.108552411199,0,1000,0.0625,5
23,200,"random",0.5,0.45,0,"width",1323,1323,100,900,-0.352321572136134,125.211818730459,676.160786068067,0,1000,0.0625,5
24,200,"random",0.5,0.45,0,"width",1324,1324,100,900,0.291199551895261,130.91053603217,354.40022405237,0,1000,0.0625,5
25,200,"random",0.5,0.45,0,"width",1325,1325,100,900,0.399648356158286,56.5762992296368,300.175821920857,0,1000,0.0625,5
26,200,"random",0.5,0.45,0,"width",1326,1326,100,900,-0.516953186970204,70.5381837580353,758.476593485102,0,1000,0.0625,5
27,200,"random",0.5,0.45,0,"width",1327,1327,100,900,-0.272241004183888,115.388770690188,636.120502091944,0,1000,0.0625,5
28,200,"random",0.5,0.45,0,"width",1328,1328,100,900,0.28080248599872,142.562735117972,359.59875700064,0,1000,0.0625,5
29,200,"random",0.5,0.45,0,"width",1329,1329,100,900,-0.303184545226395,111.903047403321,651.592272613198,0,1000,0.0625,5
30,200,"random",0.5,0.45,0,"width",1330,1330,100,900,0.506813910510391,155.227921735495,246.593044744804,0,1000,0.0625,5
31,200,"random",0.5,0.45,0,"width",1331,1331,100,900,-0.458662872202694,130.080789867789,729.331436101347,0,1000,0.0625,5
32,200,"random",0.5,0.45,0,"width",1332,1332,100,900,0.268089861795306,137.008772864938,365.955069102347,0,1000,0.0625,5
33,200,"random",0.5,0.45,0,"width",1333,1333,100,900,-0.443796972930431,143.026286996901,721.898486465216,0,1000,0.0625,5
34,200,"random",0.5,0.45,0,"width",1334,1334,100,900,0.393747411575168,107.820643726736,303.126294212416,0,1000,0.0625,5
35,200,"random",0.5,0.45,0,"width",1335,1335,100,900,-0.29008329231292,139.72417762503,645.04164615646,0,1000,0.0625,5
36,200,"random",0.5,0.45,0,"width",1336,1336,100,900,-0.432286728266627,124.418517164886,716.143364133313,0,1000,0.0625,5
37,200,"random",0.5,0.45,0,"width",1337,1337,100,900,-0.327230546995997,146.552894245833,663.615273497999,0,1000,0.0625,5
38,200,"random",0.5,0.45,0,"width",1338,1338,100,900,-0.466345964837819,108.316544555128,733.17298241891,0,1000,0.0625,5
39,200,"random",0.5,0.45,0,"width",1339,1339,100,900,0.272148576751351,113.575693285093,363.925711624324,0,1000,0.0625,5
40,200,"random",0.5,0.45,0,"width",1340,1340,100,900,-0.542462673876435,46.612452538684,771.231336938217,0,1000,0.0625,5
41,200,"random",0.5,0.45,0,"width",1341,1341,100,900,-0.201846623793244,55.87631191127,600.923311896622,0,1000,0.0625,5
42,200,"random",0.5,0.45,0,"width",1342,1342,100,900,-0.275844560563564,157.513939142227,637.922280281782,0,1000,0.0625,5
43,200,"random",0.5,0.45,0,"width",1343,1343,100,900,0.310573665238917,140.78302805312,344.713167380542,0,1000,0.0625,5
44,200,"random",0.5,0.45,0,"width",1344,1344,100,900,-0.378055122122169,142.750504221767,689.027561061084,0,1000,0.0625,5
45,200,"random",0.5,0.45,0,"width",1345,1345,100,900,0.304567201994359,154.71362114884,347.71639900282,0,1000,0.0625,5
46,200,"random",0.5,0.45,0,"width",1346,1346,100,900,-0.512437892891467,80.6807889509946,756.218946445733,0,1000,0.0625,5
47,200,"random",0.5,0.45,0,"width",1347,1347,100,900,-0.383129649423063,119.034596066922,691.564824711531,0,1000,0.0625,5
48,200,"random",0.5,0.45,0,"width",1348,1348,100,900,-0.298760216124356,77.0617046393454,649.380108062178,0,1000,0.0625,5
49,200,"random",0.5,0.45,0,"width",1349,1349,100,900,0.265388483460993,69.9894985929132,367.305758269504,0,1000,0.0625,5
50,200,"random",0.5,0.45,0,"width",1350,1350,100,900,-0.353329714015126,141.720360722393,676.664857007563,0,1000,0.0625,5
51,200,"random",0.5,0.45,0,"width",1351,1351,100,900,-0.473218671791255,112.297588111833,736.609335895628,0,1000,0.0625,5
52,200,"random",0.5,0.45,0,"width",1352,1352,100,900,-0.409533115569502,92.7819029055536,704.766557784751,0,1000,0.0625,5
53,200,"random",0.5,0.45,0,"width",1353,1353,100,900,-0.231566955335438,76.9180062692612,615.783477667719,0,1000,0.0625,5
54,200,"random",0.5,0.45,0,"width",1354,1354,100,900,0.549241680838168,84.6912304405123,225.379159580916,0,1000,0.0625,5
55,200,"random",0.5,0.45,0,"width",1355,1355,100,900,-0.579422071389854,108.581070378423,789.711035694927,0,1000,0.0625,5
56,200,"random",0.5,0.45,0,"width",1356,1356,100,900,0.271928521711379,132.558627687395,364.03573914431,0,1000,0.0625,5
57,200,"random",0.5,0.45,0,"width",1357,1357,100,900,0.251865176204592,111.180564342067,374.067411897704,0,1000,0.0625,5
58,200,"random",0.5,0.45,0,"width",1358,1358,100,900,0.323621936980635,62.613224061206,338.189031509683,0,1000,0.0625,5
59,200,"random",0.5,0.45,0,"width",1359,1359,100,900,0.46778813758865,42.66153591685,266.105931205675,0,1000,0.0625,5
60,200,"random",0.5,0.45,0,"width",1360,1360,100,900,-0.245949371531606,109.57634982653,622.974685765803,0,1000,0.0625,5
61,200,"random",0.5,0.45,0,"width",1361,1361,100,900,-0.588530431222171,154.548786720261,794.265215611085,0,1000,0.0625,5
62,200,"random",0.5,0.45,0,"width",1362,1362,100,900,-0.414780240133405,112.451038630679,707.390120066702,0,1000,0.0625,5
63,200,"random",0.5,0.45,0,"width",1363,1363,100,900,0.296690506953746,128.277224218473,351.654746523127,0,1000,0.0625,5
64,200,"random",0.5,0.45,0,"width",1364,1364,100,900,-0.502015874907374,138.764412496239,751.007937453687,0,1000,0.0625,5
65,200,"random",0.5,0.45,0,"width",1365,1365,100,900,-0.342017381545156,127.403238872066,671.008690772578,0,1000,0.0625,5
66,200,"random",0.5,0.45,0,"width",1366,1366,100,900,-0.258203808311373,159.477034593001,629.101904155686,0,1000,0.0625,5
67,200,"random",0.5,0.45,0,"width",1367,1367,100,900,-0.29949053293094,77.1738001890481,649.74526646547,0,1000,0.0625,5
68,200,"random",0.5,0.45,0,"width",1368,1368,100,900,0.300114079099149,124.091385928914,349.942960450426,0,1000,0.0625,5
69,200,"random",0.5,0.45,0,"width",1369,1369,100,900,0.416161554865539,63.4699458722025,291.91922256723,0,1000,0.0625,5
70,200,"random",0.5,0.45,0,"width",1370,1370,100,900,0.530628798808902,131.279571112245,234.685600595549,0,1000,0.0625,5
71,200,"random",0.5,0.45,0,"width",1371,1371,100,900,-0.483985636942089,143.697373010218,741.992818471044,0,1000,0.0625,5
72,200,"random",0.5,0.45,0,"width",1372,1372,100,900,-0.582684098277241,110.992332976311,791.34204913862,0,1000,0.0625,5
73,200,"random",0.5,0.45,0,"width",1373,1373,100,900,-0.225590743031353,48.368037994951,612.795371515676,0,1000,0.0625,5
74,200,"random",0.5,0.45,0,"width",1374,1374,100,900,-0.409815247729421,137.376313591376,704.90762386471,0,1000,0.0625,5
75,200,"random",0.5,0.45,0,"width",1375,1375,100,900,-0.261398852523416,145.578333772719,630.699426261708,0,1000,0.0625,5
76,200,"random",0.5,0.45,0,"width",1376,1376,100,900,-0.308031639177352,135.321517800912,654.015819588676,0,1000,0.0625,5
77,200,"random",0.5,0.45,0,"width",1377,1377,100,900,-0.232864365633577,43.2531472109258,616.432182816789,0,1000,0.0625,5
78,200,"random",0.5,0.45,0,"width",1378,1378,100,900,0.511901566572487,135.679068025202,244.049216713756,0,1000,0.0625,5
79,200,"random",0.5,0.45,0,"width",1379,1379,100,900,0.467046414595097,121.565149463713,266.476792702451,0,1000,0.0625,5
80,200,"random",0.5,0.45,0,"width",1380,1380,100,900,0.331917774211615,155.404764218256,334.041112894192,0,1000,0.0625,5
81,200,"random",0.5,0.45,0,"width",1381,1381,100,900,0.457678584754467,57.5219164043665,271.160707622766,0,1000,0.0625,5
82,200,"random",0.5,0.45,0,"width",1382,1382,100,900,0.274502906482667,146.320600975305,362.748546758667,0,1000,0.0625,5
83,200,"random",0.5,0.45,0,"width",1383,1383,100,900,-0.295603637211025,61.9239732064307,647.801818605512,0,1000,0.0625,5
84,200,"random",0.5,0.45,0,"width",1384,1384,100,900,-0.571588550321758,44.1916848625988,785.794275160879,0,1000,0.0625,5
85,200,"random",0.5,0.45,0,"width",1385,1385,100,900,0.261645399685949,63.08334056288,369.177300157025,0,1000,0.0625,5
86,200,"random",0.5,0.45,0,"width",1386,1386,100,900,0.210353419836611,40.814001429826,394.823290081695,0,1000,0.0625,5
87,200,"random",0.5,0.45,0,"width",1387,1387,100,900,-0.220170018356293,110.251980787143,610.085009178147,0,1000,0.0625,5
88,200,"random",0.5,0.45,0,"width",1388,1388,100,900,-0.437827945593744,56.3557719718665,718.913972796872,0,1000,0.0625,5
89,200,"random",0.5,0.45,0,"width",1389,1389,100,900,0.50104204332456,149.329680548981,249.47897833772,0,1000,0.0625,5
90,200,"random",0.5,0.45,0,"width",1390,1390,100,900,0.421050015278161,45.5758938100189,289.47499236092,0,1000,0.0625,5
91,200,"random",0.5,0.45,0,"width",1391,1391,100,900,-0.290425041038543,111.259201485664,645.212520519271,0,1000,0.0625,5
92,200,"random",0.5,0.45,0,"width",1392,1392,100,900,-0.506762351561338,47.9570657666773,753.381175780669,0,1000,0.0625,5
93,200,"random",0.5,0.45,0,"width",1393,1393,100,900,0.505230984371156,145.261728251353,247.384507814422,0,1000,0.0625,5
94,200,"random",0.5,0.45,0,"width",1394,1394,100,900,0.331814473215491,98.9594615995884,334.092763392255,0,1000,0.0625,5
95,200,"random",0.5,0.45,0,"width",1395,1395,100,900,0.590791453700513,122.479171948507,204.604273149744,0,1000,0.0625,5
96,200,"random",0.5,0.45,0,"width",1396,1396,100,900,-0.578306975774467,49.2787978518754,789.153487887233,0,1000,0.0625,5
97,200,"random",0.5,0.45,0,"width",1397,1397,100,900,-0.564348291419446,40.8097497653216,782.174145709723,0,1000,0.0625,5
98,200,"random",0.5,0.45,0,"width",1398,1398,100,900,-0.594930642936379,135.881897034124,797.465321468189,0,1000,0.0625,5
99,200,"random",0.5,0.45,0,"width",1399,1399,100,900,0.281657942198217,109.734549140558,359.171028900892,0,1000,0.0625,5
100,200,"random",0.5,0.45,0,"width",1400,1400,100,900,-0.39643868105486,56.364052509889,698.21934052743,0,1000,0.0625,5
1,200,"random",0.5,0.25,0.6,"precision",1401,1401,100,900,-0.549014740809798,69.2951510939747,774.507370404899,0,1000,0.0625,5
2,200,"random",0.5,0.25,0.6,"precision",1402,1402,100,900,-0.555633548274636,50.1522360555828,777.816774137318,0,1000,0.0625,5
3,200,"random",0.5,0.25,0.6,"precision",1403,1403,100,900,0.300476791150868,143.803490726277,349.761604424566,0,1000,0.0625,5
4,200,"random",0.5,0.25,0.6,"precision",1404,1404,100,900,0.355581746716052,143.996910713613,322.209126641974,0,1000,0.0625,5
5,200,"random",0.5,0.25,0.6,"precision",1405,1405,100,900,-0.445377395767719,52.2817206103355,722.688697883859,0,1000,0.0625,5
6,200,"random",0.5,0.25,0.6,"precision",1406,1406,100,900,0.344287209119648,59.8043000325561,327.856395440176,0,1000,0.0625,5
7,200,"random",0.5,0.25,0.6,"precision",1407,1407,100,900,-0.426028619240969,66.6046347189695,713.014309620485,0,1000,0.0625,5
8,200,"random",0.5,0.25,0.6,"precision",1408,1408,100,900,0.300873405765742,74.7359159123152,349.563297117129,0,1000,0.0625,5
9,200,"random",0.5,0.25,0.6,"precision",1409,1409,100,900,0.482671216037124,91.9276683684439,258.664391981438,0,1000,0.0625,5
10,200,"random",0.5,0.25,0.6,"precision",1410,1410,100,900,-0.297048735804856,124.488346576691,648.524367902428,0,1000,0.0625,5
11,200,"random",0.5,0.25,0.6,"precision",1411,1411,100,900,-0.401429914869368,139.934862488881,700.714957434684,0,1000,0.0625,5
12,200,"random",0.5,0.25,0.6,"precision",1412,1412,100,900,-0.528742444142699,85.3974508494139,764.37122207135,0,1000,0.0625,5
13,200,"random",0.5,0.25,0.6,"precision",1413,1413,100,900,0.445856993552297,87.8030956722796,277.071503223851,0,1000,0.0625,5
14,200,"random",0.5,0.25,0.6,"precision",1414,1414,100,900,-0.462766196858138,140.253729335964,731.383098429069,0,1000,0.0625,5
15,200,"random",0.5,0.25,0.6,"precision",1415,1415,100,900,-0.494535721372813,142.557199541479,747.267860686406,0,1000,0.0625,5
16,200,"random",0.5,0.25,0.6,"precision",1416,1416,100,900,0.435040554776788,118.087680451572,282.479722611606,0,1000,0.0625,5
17,200,"random",0.5,0.25,0.6,"precision",1417,1417,100,900,-0.206762599013746,133.566328166053,603.381299506873,0,1000,0.0625,5
18,200,"random",0.5,0.25,0.6,"precision",1418,1418,100,900,-0.505758440122008,67.1119200158864,752.879220061004,0,1000,0.0625,5
19,200,"random",0.5,0.25,0.6,"precision",1419,1419,100,900,0.356952784210444,129.161458564922,321.523607894778,0,1000,0.0625,5
20,200,"random",0.5,0.25,0.6,"precision",1420,1420,100,900,-0.223688703868538,99.8692627064884,611.844351934269,0,1000,0.0625,5
21,200,"random",0.5,0.25,0.6,"precision",1421,1421,100,900,0.459102474804968,40.9719869494438,270.448762597516,0,1000,0.0625,5
22,200,"random",0.5,0.25,0.6,"precision",1422,1422,100,900,-0.263167762942612,126.84603350237,631.583881471306,0,1000,0.0625,5
23,200,"random",0.5,0.25,0.6,"precision",1423,1423,100,900,0.432862312346697,89.5162510685623,283.568843826652,0,1000,0.0625,5
24,200,"random",0.5,0.25,0.6,"precision",1424,1424,100,900,-0.31815229235217,156.807112721726,659.076146176085,0,1000,0.0625,5
25,200,"random",0.5,0.25,0.6,"precision",1425,1425,100,900,0.420698658749461,103.490906795487,289.650670625269,0,1000,0.0625,5
26,200,"random",0.5,0.25,0.6,"precision",1426,1426,100,900,-0.321511116996407,56.1520523019135,660.755558498204,0,1000,0.0625,5
27,200,"random",0.5,0.25,0.6,"precision",1427,1427,100,900,-0.583238724898547,145.420839684084,791.619362449273,0,1000,0.0625,5
28,200,"random",0.5,0.25,0.6,"precision",1428,1428,100,900,-0.502532606106252,72.2657727915794,751.266303053126,0,1000,0.0625,5
29,200,"random",0.5,0.25,0.6,"precision",1429,1429,100,900,0.379032074194401,108.474023332819,310.483962902799,0,1000,0.0625,5
30,200,"random",0.5,0.25,0.6,"precision",1430,1430,100,900,0.565147623512894,76.503589944914,217.426188243553,0,1000,0.0625,5
31,200,"random",0.5,0.25,0.6,"precision",1431,1431,100,900,0.414371169451624,117.745648119599,292.814415274188,0,1000,0.0625,5
32,200,"random",0.5,0.25,0.6,"precision",1432,1432,100,900,-0.486436496768147,95.6704369653016,743.218248384073,0,1000,0.0625,5
33,200,"random",0.5,0.25,0.6,"precision",1433,1433,100,900,0.380475910939276,134.509133743122,309.762044530362,0,1000,0.0625,5
34,200,"random",0.5,0.25,0.6,"precision",1434,1434,100,900,-0.432226081285626,68.5706794261932,716.113040642813,0,1000,0.0625,5
35,200,"random",0.5,0.25,0.6,"precision",1435,1435,100,900,0.596224954351783,119.861355898902,201.887522824109,0,1000,0.0625,5
36,200,"random",0.5,0.25,0.6,"precision",1436,1436,100,900,-0.445168063510209,63.727263007313,722.584031755105,0,1000,0.0625,5
37,200,"random",0.5,0.25,0.6,"precision",1437,1437,100,900,0.306740747857839,61.4409098494798,346.629626071081,0,1000,0.0625,5
38,200,"random",0.5,0.25,0.6,"precision",1438,1438,100,900,0.29714433234185,50.5640059057623,351.427833829075,0,1000,0.0625,5
39,200,"random",0.5,0.25,0.6,"precision",1439,1439,100,900,-0.545391257107258,46.0378152132034,772.695628553629,0,1000,0.0625,5
40,200,"random",0.5,0.25,0.6,"precision",1440,1440,100,900,0.536346494127065,110.922739850357,231.826752936468,0,1000,0.0625,5
41,200,"random",0.5,0.25,0.6,"precision",1441,1441,100,900,-0.548972454480827,66.7752421554178,774.486227240413,0,1000,0.0625,5
42,200,"random",0.5,0.25,0.6,"precision",1442,1442,100,900,0.560648452863097,123.957000635564,219.675773568451,0,1000,0.0625,5
43,200,"random",0.5,0.25,0.6,"precision",1443,1443,100,900,-0.291773266158998,44.7637019492686,645.886633079499,0,1000,0.0625,5
44,200,"random",0.5,0.25,0.6,"precision",1444,1444,100,900,0.298124376963824,98.1852739304304,350.937811518088,0,1000,0.0625,5
45,200,"random",0.5,0.25,0.6,"precision",1445,1445,100,900,0.556833233125508,48.7616110127419,221.583383437246,0,1000,0.0625,5
46,200,"random",0.5,0.25,0.6,"precision",1446,1446,100,900,-0.46635605096817,46.2183344457299,733.178025484085,0,1000,0.0625,5
47,200,"random",0.5,0.25,0.6,"precision",1447,1447,100,900,0.488910856842995,105.839288886636,255.544571578503,0,1000,0.0625,5
48,200,"random",0.5,0.25,0.6,"precision",1448,1448,100,900,0.356746713537723,126.002249466255,321.626643231139,0,1000,0.0625,5
49,200,"random",0.5,0.25,0.6,"precision",1449,1449,100,900,-0.537253247387707,103.775667510927,768.626623693854,0,1000,0.0625,5
50,200,"random",0.5,0.25,0.6,"precision",1450,1450,100,900,0.232697371393442,113.193112043664,383.651314303279,0,1000,0.0625,5
51,200,"random",0.5,0.25,0.6,"precision",1451,1451,100,900,0.215920178405941,58.477152204141,392.03991079703,0,1000,0.0625,5
52,200,"random",0.5,0.25,0.6,"precision",1452,1452,100,900,0.327164396736771,106.705003865063,336.417801631615,0,1000,0.0625,5
53,200,"random",0.5,0.25,0.6,"precision",1453,1453,100,900,0.28785338010639,115.020594224334,356.073309946805,0,1000,0.0625,5
54,200,"random",0.5,0.25,0.6,"precision",1454,1454,100,900,-0.557245225924998,64.7555691096932,778.622612962499,0,1000,0.0625,5
55,200,"random",0.5,0.25,0.6,"precision",1455,1455,100,900,-0.339790438860655,68.934294488281,669.895219430327,0,1000,0.0625,5
56,200,"random",0.5,0.25,0.6,"precision",1456,1456,100,900,-0.20255908574909,145.136640081182,601.279542874545,0,1000,0.0625,5
57,200,"random",0.5,0.25,0.6,"precision",1457,1457,100,900,-0.429879153240472,136.431041946635,714.939576620236,0,1000,0.0625,5
58,200,"random",0.5,0.25,0.6,"precision",1458,1458,100,900,0.438338381052017,57.420152137056,280.830809473991,0,1000,0.0625,5
59,200,"random",0.5,0.25,0.6,"precision",1459,1459,100,900,0.390121517516673,58.1227942556143,304.939241241664,0,1000,0.0625,5
60,200,"random",0.5,0.25,0.6,"precision",1460,1460,100,900,0.593008766695857,60.0544614810497,203.495616652071,0,1000,0.0625,5
61,200,"random",0.5,0.25,0.6,"precision",1461,1461,100,900,0.376407279167324,123.410076592118,311.796360416338,0,1000,0.0625,5
62,200,"random",0.5,0.25,0.6,"precision",1462,1462,100,900,-0.293424098566175,65.6659206002951,646.712049283087,0,1000,0.0625,5
63,200,"random",0.5,0.25,0.6,"precision",1463,1463,100,900,-0.490179479960352,61.6264892928302,745.089739980176,0,1000,0.0625,5
64,200,"random",0.5,0.25,0.6,"precision",1464,1464,100,900,-0.316427560243756,109.654573211446,658.213780121878,0,1000,0.0625,5
65,200,"random",0.5,0.25,0.6,"precision",1465,1465,100,900,-0.527840640489012,88.9117165002972,763.920320244506,0,1000,0.0625,5
66,200,"random",0.5,0.25,0.6,"precision",1466,1466,100,900,-0.221632437128574,80.1603877637535,610.816218564287,0,1000,0.0625,5
67,200,"random",0.5,0.25,0.6,"precision",1467,1467,100,900,-0.580881210323423,47.493263296783,790.440605161712,0,1000,0.0625,5
68,200,"random",0.5,0.25,0.6,"precision",1468,1468,100,900,0.257452335581183,65.1768276933581,371.273832209408,0,1000,0.0625,5
69,200,"random",0.5,0.25,0.6,"precision",1469,1469,100,900,-0.49078312581405,63.7613351922482,745.391562907025,0,1000,0.0625,5
70,200,"random",0.5,0.25,0.6,"precision",1470,1470,100,900,-0.548515729792416,144.350053174421,774.257864896208,0,1000,0.0625,5
71,200,"random",0.5,0.25,0.6,"precision",1471,1471,100,900,-0.249046165309846,154.204874271527,624.523082654923,0,1000,0.0625,5
72,200,"random",0.5,0.25,0.6,"precision",1472,1472,100,900,0.379553138744086,83.1856318376959,310.223430627957,0,1000,0.0625,5
73,200,"random",0.5,0.25,0.6,"precision",1473,1473,100,900,0.233998246863484,76.9145893584937,383.000876568258,0,1000,0.0625,5
74,200,"random",0.5,0.25,0.6,"precision",1474,1474,100,900,-0.348072892148048,95.0484386179596,674.036446074024,0,1000,0.0625,5
75,200,"random",0.5,0.25,0.6,"precision",1475,1475,100,900,-0.563561941497028,59.4242114014924,781.780970748514,0,1000,0.0625,5
76,200,"random",0.5,0.25,0.6,"precision",1476,1476,100,900,-0.391978360991925,151.810247180983,695.989180495963,0,1000,0.0625,5
77,200,"random",0.5,0.25,0.6,"precision",1477,1477,100,900,-0.338783759623766,85.9363462589681,669.391879811883,0,1000,0.0625,5
78,200,"random",0.5,0.25,0.6,"precision",1478,1478,100,900,-0.28605167362839,60.6657936889678,643.025836814195,0,1000,0.0625,5
79,200,"random",0.5,0.25,0.6,"precision",1479,1479,100,900,-0.455270038358867,146.945908665657,727.635019179434,0,1000,0.0625,5
80,200,"random",0.5,0.25,0.6,"precision",1480,1480,100,900,0.231260023545474,136.23691894114,384.369988227263,0,1000,0.0625,5
81,200,"random",0.5,0.25,0.6,"precision",1481,1481,100,900,-0.462176871206611,125.531736975536,731.088435603306,0,1000,0.0625,5
82,200,"random",0.5,0.25,0.6,"precision",1482,1482,100,900,-0.352049485873431,112.514619249851,676.024742936715,0,1000,0.0625,5
83,200,"random",0.5,0.25,0.6,"precision",1483,1483,100,900,-0.499012364353985,93.4138453193009,749.506182176992,0,1000,0.0625,5
84,200,"random",0.5,0.25,0.6,"precision",1484,1484,100,900,0.434798659849912,156.973625151441,282.600670075044,0,1000,0.0625,5
85,200,"random",0.5,0.25,0.6,"precision",1485,1485,100,900,0.334861844591796,158.311810661107,332.569077704102,0,1000,0.0625,5
86,200,"random",0.5,0.25,0.6,"precision",1486,1486,100,900,0.468146686255932,66.9950040336698,265.926656872034,0,1000,0.0625,5
87,200,"random",0.5,0.25,0.6,"precision",1487,1487,100,900,0.348555924464017,103.324260869995,325.722037767991,0,1000,0.0625,5
88,200,"random",0.5,0.25,0.6,"precision",1488,1488,100,900,0.582613489497453,156.655723480508,208.693255251274,0,1000,0.0625,5
89,200,"random",0.5,0.25,0.6,"precision",1489,1489,100,900,0.467711648531258,132.068518195301,266.144175734371,0,1000,0.0625,5
90,200,"random",0.5,0.25,0.6,"precision",1490,1490,100,900,0.241907928045839,123.497897619382,379.04603597708,0,1000,0.0625,5
91,200,"random",0.5,0.25,0.6,"precision",1491,1491,100,900,-0.286602820456028,55.7502257078886,643.301410228014,0,1000,0.0625,5
92,200,"random",0.5,0.25,0.6,"precision",1492,1492,100,900,0.36546130310744,100.813143597916,317.26934844628,0,1000,0.0625,5
93,200,"random",0.5,0.25,0.6,"precision",1493,1493,100,900,-0.364110061526299,139.720214186236,682.055030763149,0,1000,0.0625,5
94,200,"random",0.5,0.25,0.6,"precision",1494,1494,100,900,0.295285050198436,45.0121672917157,352.357474900782,0,1000,0.0625,5
95,200,"random",0.5,0.25,0.6,"precision",1495,1495,100,900,0.312085002940148,101.853185286745,343.957498529926,0,1000,0.0625,5
96,200,"random",0.5,0.25,0.6,"precision",1496,1496,100,900,0.546362528670579,109.999200245366,226.81873566471,0,1000,0.0625,5
97,200,"random",0.5,0.25,0.6,"precision",1497,1497,100,900,-0.254431261587888,99.0541120618582,627.215630793944,0,1000,0.0625,5
98,200,"random",0.5,0.25,0.6,"precision",1498,1498,100,900,0.45113121131435,47.8219539299607,274.434394342825,0,1000,0.0625,5
99,200,"random",0.5,0.25,0.6,"precision",1499,1499,100,900,-0.425794333219528,151.873250929639,712.897166609764,0,1000,0.0625,5
100,200,"random",0.5,0.25,0.6,"precision",1500,1500,100,900,0.596740070078522,102.735790722072,201.629964960739,0,1000,0.0625,5
